sample_id,category,difficulty,macro_family,correct_baseline,target_letter,prob_original_target,prob_original_correct,baseline_above_chance,feature_source,n_positive_available,minimal_sufficient_k,minimal_necessary_k,auc_sufficiency,auc_necessity
q100_1247352,Instrumentation,High,percettiva,True,A,0.8926721432251137,0.8926721432251137,True,MI,17,,8.0,-0.0075947342673056435,0.4008084574454636
q100_1247352,Instrumentation,High,percettiva,True,A,0.8926721432251137,0.8926721432251137,True,MI_balanced,17,,7.0,0.22045834780366697,0.44612419758246047
q100_1247352,Instrumentation,High,percettiva,True,A,0.8926721432251137,0.8926721432251137,True,UC_audio,14,7.0,,0.629922594066711,0.16697676473299247
q100_1247352,Instrumentation,High,percettiva,True,A,0.8926721432251137,0.8926721432251137,True,UC_text,5,1.0,3.0,0.8768576098267512,0.736118326540245
q101_1247352,Melody,High,analitica,False,B,0.8643542420504464,0.06068719298864371,True,MI,13,10.0,11.0,0.5215451517553734,0.30943606114148015
q101_1247352,Melody,High,analitica,False,B,0.8643542420504464,0.06068719298864371,True,MI_balanced,13,2.0,2.0,0.8315050134101786,0.49713478851907406
q101_1247352,Melody,High,analitica,False,B,0.8643542420504464,0.06068719298864371,True,UC_audio,8,1.0,,1.0220534202821232,0.02133812342668851
q101_1247352,Melody,High,analitica,False,B,0.8643542420504464,0.06068719298864371,True,UC_text,5,4.0,5.0,0.6349448070354645,0.5097368250763434
q102_1247352,Instrumentation,Medium,percettiva,True,A,0.6553479317558064,0.6553479317558064,True,MI,13,1.0,6.0,0.9017279295747377,0.4817979127229649
q102_1247352,Instrumentation,Medium,percettiva,True,A,0.6553479317558064,0.6553479317558064,True,MI_balanced,13,4.0,4.0,1.104327891269544,0.596493792401695
q102_1247352,Instrumentation,Medium,percettiva,True,A,0.6553479317558064,0.6553479317558064,True,UC_audio,10,3.0,,0.8830727481453697,-0.18298411838942755
q102_1247352,Instrumentation,Medium,percettiva,True,A,0.6553479317558064,0.6553479317558064,True,UC_text,3,1.0,2.0,0.8533295190029969,0.8835780967276397
q103_625206,Metre and Rhythm,Medium,percettiva,False,B,0.7555273815934902,0.1397585127154639,True,MI,8,1.0,,0.8818895057443448,0.06035958043184668
q103_625206,Metre and Rhythm,Medium,percettiva,False,B,0.7555273815934902,0.1397585127154639,True,MI_balanced,8,3.0,,0.7639042690030143,0.09236880880260771
q103_625206,Metre and Rhythm,Medium,percettiva,False,B,0.7555273815934902,0.1397585127154639,True,UC_audio,10,1.0,,1.0951280079874632,-0.014644908099022746
q103_625206,Metre and Rhythm,Medium,percettiva,False,B,0.7555273815934902,0.1397585127154639,True,UC_text,8,1.0,,0.9886705918048821,0.04996965469240795
q104_625206,Instrumentation,Medium,percettiva,True,A,0.4557241306096894,0.4557241306096894,True,MI,12,1.0,2.0,1.1274535634198553,0.39375512699345894
q104_625206,Instrumentation,Medium,percettiva,True,A,0.4557241306096894,0.4557241306096894,True,MI_balanced,12,1.0,1.0,1.5121686473340288,0.7626471561158102
q104_625206,Instrumentation,Medium,percettiva,True,A,0.4557241306096894,0.4557241306096894,True,UC_audio,8,1.0,,1.5688942188622552,-0.5057590164155491
q104_625206,Instrumentation,Medium,percettiva,True,A,0.4557241306096894,0.4557241306096894,True,UC_text,7,2.0,1.0,0.8413546868326514,1.4699313340693492
q105_625206,Instrumentation,Medium,percettiva,True,A,0.548405168503821,0.548405168503821,True,MI,12,3.0,1.0,1.147443824446854,1.0577655075950207
q105_625206,Instrumentation,Medium,percettiva,True,A,0.548405168503821,0.548405168503821,True,MI_balanced,12,3.0,1.0,1.5938038153669962,0.9166640694123175
q105_625206,Instrumentation,Medium,percettiva,True,A,0.548405168503821,0.548405168503821,True,UC_audio,13,1.0,,1.4936513430924865,0.09842890964458473
q105_625206,Instrumentation,Medium,percettiva,True,A,0.548405168503821,0.548405168503821,True,UC_text,5,3.0,1.0,1.0482245015408362,1.2084178279627393
q106_395289,Instrumentation,Low,percettiva,True,A,0.9179322519818054,0.9179322519818054,True,MI,22,13.0,10.0,0.2810388554486521,0.4319789207939716
q106_395289,Instrumentation,Low,percettiva,True,A,0.9179322519818054,0.9179322519818054,True,MI_balanced,22,7.0,5.0,0.6630914212454859,0.5235397274895423
q106_395289,Instrumentation,Low,percettiva,True,A,0.9179322519818054,0.9179322519818054,True,UC_audio,12,2.0,,0.49582787433461795,0.0037287272666562425
q106_395289,Instrumentation,Low,percettiva,True,A,0.9179322519818054,0.9179322519818054,True,UC_text,3,1.0,,0.8426414896220147,0.17307291967650104
q107_2083,Metre and Rhythm,Medium,percettiva,False,C,0.6459742688015959,0.07024644285478973,True,MI,14,13.0,3.0,0.05065210435792141,0.15770551666960503
q107_2083,Metre and Rhythm,Medium,percettiva,False,C,0.6459742688015959,0.07024644285478973,True,MI_balanced,14,9.0,2.0,0.26620834728442516,0.13911993363041864
q107_2083,Metre and Rhythm,Medium,percettiva,False,C,0.6459742688015959,0.07024644285478973,True,UC_audio,7,1.0,,0.41674121503456424,0.039556729303913095
q107_2083,Metre and Rhythm,Medium,percettiva,False,C,0.6459742688015959,0.07024644285478973,True,UC_text,4,1.0,3.0,1.5275345076784819,0.9079491440855665
q108_2083,Genre and Style,Low,knowledge,True,A,0.970374472539407,0.970374472539407,True,MI,24,15.0,2.0,0.17202274349756058,1.010574773987529
q108_2083,Genre and Style,Low,knowledge,True,A,0.970374472539407,0.970374472539407,True,MI_balanced,24,12.0,1.0,0.2574841558099791,1.1352765591512688
q108_2083,Genre and Style,Low,knowledge,True,A,0.970374472539407,0.970374472539407,True,UC_audio,13,4.0,,0.5950519131654024,0.011167392144646852
q108_2083,Genre and Style,Low,knowledge,True,A,0.970374472539407,0.970374472539407,True,UC_text,8,1.0,1.0,0.8526567165716974,1.1233144422596684
q109_2083,Instrumentation,Low,percettiva,True,A,0.8429000366269433,0.8429000366269433,True,MI,14,1.0,1.0,1.0282944825544338,0.7652740758025441
q109_2083,Instrumentation,Low,percettiva,True,A,0.8429000366269433,0.8429000366269433,True,MI_balanced,14,1.0,1.0,1.1265428098285082,0.8920688850249253
q109_2083,Instrumentation,Low,percettiva,True,A,0.8429000366269433,0.8429000366269433,True,UC_audio,9,1.0,7.0,1.1875932902458795,0.6403641217363959
q109_2083,Instrumentation,Low,percettiva,True,A,0.8429000366269433,0.8429000366269433,True,UC_text,3,1.0,1.0,0.9117202968883883,0.780125105972886
q10_1093606,Sound Texture,Low,percettiva,True,A,0.6831102359483342,0.6831102359483342,True,MI,22,2.0,2.0,0.8896830699885802,1.0668238957326464
q10_1093606,Sound Texture,Low,percettiva,True,A,0.6831102359483342,0.6831102359483342,True,MI_balanced,22,1.0,1.0,0.7806945637550873,1.0649763233255887
q10_1093606,Sound Texture,Low,percettiva,True,A,0.6831102359483342,0.6831102359483342,True,UC_audio,7,,,-0.013896238277953357,0.13610812503687184
q10_1093606,Sound Texture,Low,percettiva,True,A,0.6831102359483342,0.6831102359483342,True,UC_text,4,1.0,1.0,1.2172791784347035,1.1813166070526342
q110_1336202,Performance,Medium,analitica,True,A,0.9713067933806337,0.9713067933806337,True,MI,17,1.0,,0.6184941496737028,0.2722811969013277
q110_1336202,Performance,Medium,analitica,True,A,0.9713067933806337,0.9713067933806337,True,MI_balanced,17,1.0,,0.593431216936168,0.27463027049878913
q110_1336202,Performance,Medium,analitica,True,A,0.9713067933806337,0.9713067933806337,True,UC_audio,13,1.0,,0.9067185056620412,0.033216114307042355
q110_1336202,Performance,Medium,analitica,True,A,0.9713067933806337,0.9713067933806337,True,UC_text,6,1.0,,0.9544056671845187,0.3699124071645095
q111_1336202,Functional Context,Low,knowledge,True,A,0.860341626759717,0.860341626759717,True,MI,14,8.0,8.0,0.5688991131787783,0.7958264475964879
q111_1336202,Functional Context,Low,knowledge,True,A,0.860341626759717,0.860341626759717,True,MI_balanced,14,3.0,2.0,0.7809761169346773,1.0875181831160488
q111_1336202,Functional Context,Low,knowledge,True,A,0.860341626759717,0.860341626759717,True,UC_audio,7,,,0.1611199581292893,0.27935192011768506
q111_1336202,Functional Context,Low,knowledge,True,A,0.860341626759717,0.860341626759717,True,UC_text,5,1.0,1.0,1.0053793896459597,0.6569734609033325
q112_1336202,Instrumentation,Medium,percettiva,True,A,0.3843241428735636,0.3843241428735636,True,MI,14,,5.0,-0.10217761293010087,0.6077320101993832
q112_1336202,Instrumentation,Medium,percettiva,True,A,0.3843241428735636,0.3843241428735636,True,MI_balanced,14,,4.0,-0.006605543648097156,0.9863023962342932
q112_1336202,Instrumentation,Medium,percettiva,True,A,0.3843241428735636,0.3843241428735636,True,UC_audio,12,11.0,11.0,0.21662481549574555,0.4440647299393949
q112_1336202,Instrumentation,Medium,percettiva,True,A,0.3843241428735636,0.3843241428735636,True,UC_text,5,,5.0,0.28039426946007917,0.6222193617063747
q113_1327741,Historical and Cultural Context,Low,knowledge,True,A,0.974396051251631,0.974396051251631,True,MI,18,1.0,,0.7442092555668841,0.0934203040321397
q113_1327741,Historical and Cultural Context,Low,knowledge,True,A,0.974396051251631,0.974396051251631,True,MI_balanced,18,4.0,,0.8671687913349568,0.1501576010187168
q113_1327741,Historical and Cultural Context,Low,knowledge,True,A,0.974396051251631,0.974396051251631,True,UC_audio,10,5.0,,0.7570615947474739,-0.005639190428044702
q113_1327741,Historical and Cultural Context,Low,knowledge,True,A,0.974396051251631,0.974396051251631,True,UC_text,8,1.0,5.0,0.9889669457417548,0.30800332623806714
q114_1327741,Melody,High,analitica,False,B,0.44055834665550353,0.1430283542570244,True,MI,12,1.0,2.0,2.237326472554319,0.46225894606287193
q114_1327741,Melody,High,analitica,False,B,0.44055834665550353,0.1430283542570244,True,MI_balanced,12,1.0,2.0,2.2364138423122504,0.3855205010617494
q114_1327741,Melody,High,analitica,False,B,0.44055834665550353,0.1430283542570244,True,UC_audio,6,1.0,,2.1637063122930256,0.037744813118408
q114_1327741,Melody,High,analitica,False,B,0.44055834665550353,0.1430283542570244,True,UC_text,5,1.0,3.0,1.535237315472695,0.3264909022568314
q115_1327741,Musical Texture,Medium,percettiva,False,D,0.4678910278416221,0.3020931526547751,True,MI,10,1.0,1.0,1.9521746160790865,1.5930503209561158
q115_1327741,Musical Texture,Medium,percettiva,False,D,0.4678910278416221,0.3020931526547751,True,MI_balanced,10,1.0,1.0,1.8072715485033062,1.6320436208981879
q115_1327741,Musical Texture,Medium,percettiva,False,D,0.4678910278416221,0.3020931526547751,True,UC_audio,5,1.0,,1.9170196038085585,-0.2060993001525175
q115_1327741,Musical Texture,Medium,percettiva,False,D,0.4678910278416221,0.3020931526547751,True,UC_text,4,1.0,1.0,1.6133408399566067,1.734895816973883
q116_1162034,Harmony,High,analitica,True,A,0.8913306863453399,0.8913306863453399,True,MI,15,1.0,,0.4898240028170568,-0.06592035282339473
q116_1162034,Harmony,High,analitica,True,A,0.8913306863453399,0.8913306863453399,True,MI_balanced,15,7.0,,0.5103758763267449,-0.06743346253673496
q116_1162034,Harmony,High,analitica,True,A,0.8913306863453399,0.8913306863453399,True,UC_audio,13,2.0,,0.7799494488879524,0.01886978313334605
q116_1162034,Harmony,High,analitica,True,A,0.8913306863453399,0.8913306863453399,True,UC_text,4,1.0,,1.1072629963865874,0.2915528500797876
q117_1162034,Melody,High,analitica,False,D,0.7912802147671955,0.09450494478037354,True,MI,19,1.0,11.0,0.9566881683510812,0.3278793105304876
q117_1162034,Melody,High,analitica,False,D,0.7912802147671955,0.09450494478037354,True,MI_balanced,19,1.0,6.0,0.9771625332252708,0.4453263034860771
q117_1162034,Melody,High,analitica,False,D,0.7912802147671955,0.09450494478037354,True,UC_audio,7,1.0,,0.9811810123381594,0.14727533220601977
q117_1162034,Melody,High,analitica,False,D,0.7912802147671955,0.09450494478037354,True,UC_text,7,1.0,,0.9653888170427636,0.051263656664764914
q118_1162034,Instrumentation,Low,percettiva,False,B,0.6817631085921116,0.20792600046348078,True,MI,17,1.0,,0.6628711360514321,0.22964737296723095
q118_1162034,Instrumentation,Low,percettiva,False,B,0.6817631085921116,0.20792600046348078,True,MI_balanced,17,1.0,,0.6561826320450223,0.3618204615424405
q118_1162034,Instrumentation,Low,percettiva,False,B,0.6817631085921116,0.20792600046348078,True,UC_audio,13,1.0,,0.8965063565403277,0.08918820464408488
q118_1162034,Instrumentation,Low,percettiva,False,B,0.6817631085921116,0.20792600046348078,True,UC_text,3,1.0,,0.633870082544374,0.15855512225672494
q119_1227239,Mood and Expression,Low,knowledge,True,A,0.9821433481701327,0.9821433481701327,True,MI,13,1.0,,0.10681295448797151,0.24062401655081517
q119_1227239,Mood and Expression,Low,knowledge,True,A,0.9821433481701327,0.9821433481701327,True,MI_balanced,13,,,0.1253346935890239,0.22696116773155098
q119_1227239,Mood and Expression,Low,knowledge,True,A,0.9821433481701327,0.9821433481701327,True,UC_audio,11,1.0,,0.9888387046868087,0.009363262480018258
q119_1227239,Mood and Expression,Low,knowledge,True,A,0.9821433481701327,0.9821433481701327,True,UC_text,9,5.0,5.0,0.649944419701609,0.8396308489782474
q11_1093606,Harmony,High,analitica,False,B,0.4026710828604312,0.1153671967964006,True,MI,18,,7.0,-0.3281928741964582,0.3654379011495418
q11_1093606,Harmony,High,analitica,False,B,0.4026710828604312,0.1153671967964006,True,MI_balanced,18,,4.0,-0.09252473830583031,0.5116015471379798
q11_1093606,Harmony,High,analitica,False,B,0.4026710828604312,0.1153671967964006,True,UC_audio,8,8.0,,0.4900306854958191,0.07026595862787449
q11_1093606,Harmony,High,analitica,False,B,0.4026710828604312,0.1153671967964006,True,UC_text,5,3.0,1.0,0.6296541098011168,1.7432760055127543
q120_1227239,Harmony,Medium,analitica,False,C,0.49145919809703353,0.2180836971701632,True,MI,17,1.0,,1.815537429857289,-0.19587634149032052
q120_1227239,Harmony,Medium,analitica,False,C,0.49145919809703353,0.2180836971701632,True,MI_balanced,17,1.0,,1.3480761325196045,-0.20977111626870443
q120_1227239,Harmony,Medium,analitica,False,C,0.49145919809703353,0.2180836971701632,True,UC_audio,4,1.0,,1.1453510883453246,-0.13435994312605906
q120_1227239,Harmony,Medium,analitica,False,C,0.49145919809703353,0.2180836971701632,True,UC_text,6,1.0,,1.4886910829473932,-0.19820082417964077
q121_1227239,Instrumentation,Low,percettiva,True,A,0.9744651276794712,0.9744651276794712,True,MI,22,7.0,2.0,0.5234102099754877,0.970453940921941
q121_1227239,Instrumentation,Low,percettiva,True,A,0.9744651276794712,0.9744651276794712,True,MI_balanced,22,2.0,1.0,0.8872444093699159,0.9011031436855431
q121_1227239,Instrumentation,Low,percettiva,True,A,0.9744651276794712,0.9744651276794712,True,UC_audio,13,2.0,,0.9296353480655669,0.029555080780620305
q121_1227239,Instrumentation,Low,percettiva,True,A,0.9744651276794712,0.9744651276794712,True,UC_text,9,1.0,1.0,0.9081754757655265,1.0039102366587167
q122_114772,Structure,Medium,analitica,True,A,0.5356688034361117,0.5356688034361117,True,MI,15,15.0,2.0,-0.11706396622576251,0.552366909338214
q122_114772,Structure,Medium,analitica,True,A,0.5356688034361117,0.5356688034361117,True,MI_balanced,15,7.0,1.0,0.5854885171999514,0.5366031363052582
q122_114772,Structure,Medium,analitica,True,A,0.5356688034361117,0.5356688034361117,True,UC_audio,10,7.0,,0.942567896441145,0.1549240601383637
q122_114772,Structure,Medium,analitica,True,A,0.5356688034361117,0.5356688034361117,True,UC_text,3,1.0,,1.7159627188594582,-0.042301229798039124
q123_114772,Harmony,Medium,analitica,True,A,0.9309392347855223,0.9309392347855223,True,MI,15,1.0,11.0,0.7546962046895149,0.3631791608361328
q123_114772,Harmony,Medium,analitica,True,A,0.9309392347855223,0.9309392347855223,True,MI_balanced,15,4.0,4.0,0.8400365004509253,0.8252444417437464
q123_114772,Harmony,Medium,analitica,True,A,0.9309392347855223,0.9309392347855223,True,UC_audio,7,1.0,,0.9853162529004404,-0.018258638661543983
q123_114772,Harmony,Medium,analitica,True,A,0.9309392347855223,0.9309392347855223,True,UC_text,5,1.0,2.0,1.0077512159064574,1.1561454330264993
q124_114772,Musical Texture,Low,percettiva,False,C,0.9293360976359615,0.05941046906405498,True,MI,13,,1.0,-0.15959381183773788,1.2255579535194203
q124_114772,Musical Texture,Low,percettiva,False,C,0.9293360976359615,0.05941046906405498,True,MI_balanced,13,,1.0,-0.13410095442566808,1.186975476080374
q124_114772,Musical Texture,Low,percettiva,False,C,0.9293360976359615,0.05941046906405498,True,UC_audio,12,1.0,,0.9756405183916111,-0.019798860538566856
q124_114772,Musical Texture,Low,percettiva,False,C,0.9293360976359615,0.05941046906405498,True,UC_text,9,6.0,1.0,0.639811104549048,1.2599487257000215
q125_187621,Functional Context,Low,knowledge,True,A,0.5568221640048548,0.5568221640048548,True,MI,8,1.0,,1.2897569506461124,0.34264988047962885
q125_187621,Functional Context,Low,knowledge,True,A,0.5568221640048548,0.5568221640048548,True,MI_balanced,8,1.0,,1.4199536619527697,0.34622704427431
q125_187621,Functional Context,Low,knowledge,True,A,0.5568221640048548,0.5568221640048548,True,UC_audio,11,1.0,4.0,0.4295234772138825,0.3970836809640852
q125_187621,Functional Context,Low,knowledge,True,A,0.5568221640048548,0.5568221640048548,True,UC_text,6,1.0,,1.5976669964968855,-0.5840836931561152
q126_187621,Mood and Expression,Low,knowledge,True,A,0.7396860260055141,0.7396860260055141,True,MI,14,1.0,6.0,1.2254204815746532,0.6710938474950197
q126_187621,Mood and Expression,Low,knowledge,True,A,0.7396860260055141,0.7396860260055141,True,MI_balanced,14,1.0,2.0,1.110333420293248,0.8953281257666633
q126_187621,Mood and Expression,Low,knowledge,True,A,0.7396860260055141,0.7396860260055141,True,UC_audio,11,1.0,4.0,0.9514741727979633,0.37950923476842713
q126_187621,Mood and Expression,Low,knowledge,True,A,0.7396860260055141,0.7396860260055141,True,UC_text,6,1.0,,1.0262591101002572,0.09804845913834018
q127_187621,Instrumentation,Low,percettiva,True,A,0.9952228706499157,0.9952228706499157,True,MI,21,10.0,,0.3964858493163005,0.06558809731570668
q127_187621,Instrumentation,Low,percettiva,True,A,0.9952228706499157,0.9952228706499157,True,MI_balanced,21,6.0,12.0,0.6684439855685402,0.27707010322287223
q127_187621,Instrumentation,Low,percettiva,True,A,0.9952228706499157,0.9952228706499157,True,UC_audio,13,13.0,,0.352275541423098,0.023750303361798907
q127_187621,Instrumentation,Low,percettiva,True,A,0.9952228706499157,0.9952228706499157,True,UC_text,5,1.0,,0.9802868652300298,0.08350628991715293
q128_332470,Metre and Rhythm,Medium,percettiva,True,A,0.8974236104311758,0.8974236104311758,True,MI,17,3.0,1.0,0.381750966422439,1.1525842282650267
q128_332470,Metre and Rhythm,Medium,percettiva,True,A,0.8974236104311758,0.8974236104311758,True,MI_balanced,17,2.0,1.0,0.9224135832347329,1.182773827527556
q128_332470,Metre and Rhythm,Medium,percettiva,True,A,0.8974236104311758,0.8974236104311758,True,UC_audio,8,1.0,,0.8807442196643063,0.019745031682024104
q128_332470,Metre and Rhythm,Medium,percettiva,True,A,0.8974236104311758,0.8974236104311758,True,UC_text,8,5.0,1.0,0.7443320352518071,1.183202052986979
q129_332470,Historical and Cultural Context,Low,knowledge,True,A,0.9779536164012994,0.9779536164012994,True,MI,16,1.0,,0.19104738995146534,0.036683227224063565
q129_332470,Historical and Cultural Context,Low,knowledge,True,A,0.9779536164012994,0.9779536164012994,True,MI_balanced,16,7.0,,0.5341968259028226,0.041530924715091684
q129_332470,Historical and Cultural Context,Low,knowledge,True,A,0.9779536164012994,0.9779536164012994,True,UC_audio,13,6.0,,0.5739598241948047,-0.002151078244777696
q129_332470,Historical and Cultural Context,Low,knowledge,True,A,0.9779536164012994,0.9779536164012994,True,UC_text,9,1.0,,0.9889883341522182,0.09507658131729725
q12_1093606,Instrumentation,Low,percettiva,True,A,0.5616082500117128,0.5616082500117128,True,MI,9,1.0,4.0,1.1229527821100938,0.0887765726274862
q12_1093606,Instrumentation,Low,percettiva,True,A,0.5616082500117128,0.5616082500117128,True,MI_balanced,9,1.0,,0.6692442988236732,-0.010737392254170608
q12_1093606,Instrumentation,Low,percettiva,True,A,0.5616082500117128,0.5616082500117128,True,UC_audio,7,1.0,,1.2291216177440956,0.15901179800096768
q12_1093606,Instrumentation,Low,percettiva,True,A,0.5616082500117128,0.5616082500117128,True,UC_text,7,1.0,,1.7684555482269093,-0.5967557741630402
q130_332470,Melody,Medium,analitica,False,B,0.6722344270528827,0.2473012253604192,True,MI,14,1.0,10.0,0.6915374422913619,0.3211555201286369
q130_332470,Melody,Medium,analitica,False,B,0.6722344270528827,0.2473012253604192,True,MI_balanced,14,2.0,2.0,0.7919775847517767,0.6167356146022765
q130_332470,Melody,Medium,analitica,False,B,0.6722344270528827,0.2473012253604192,True,UC_audio,7,1.0,,1.2314283101444015,-0.031054470998516086
q130_332470,Melody,Medium,analitica,False,B,0.6722344270528827,0.2473012253604192,True,UC_text,7,3.0,3.0,0.799692343474754,0.8814720504780031
q131_182074,Sound Texture,Low,percettiva,False,B,0.4904262253891052,0.3370646867478569,True,MI,14,1.0,7.0,1.066173155140695,0.7001112995325033
q131_182074,Sound Texture,Low,percettiva,False,B,0.4904262253891052,0.3370646867478569,True,MI_balanced,14,1.0,3.0,1.689863488341282,1.175080853970978
q131_182074,Sound Texture,Low,percettiva,False,B,0.4904262253891052,0.3370646867478569,True,UC_audio,9,1.0,8.0,0.49175990427348437,0.40007017601158706
q131_182074,Sound Texture,Low,percettiva,False,B,0.4904262253891052,0.3370646867478569,True,UC_text,2,1.0,1.0,0.7554534528171918,0.7616043255586932
q132_182074,Instrumentation,Medium,percettiva,True,A,0.6015465292728857,0.6015465292728857,True,MI,17,1.0,4.0,0.7867789338011889,0.6196999634143902
q132_182074,Instrumentation,Medium,percettiva,True,A,0.6015465292728857,0.6015465292728857,True,MI_balanced,17,2.0,1.0,1.2985414007712341,0.9833335574621104
q132_182074,Instrumentation,Medium,percettiva,True,A,0.6015465292728857,0.6015465292728857,True,UC_audio,7,1.0,,0.9643614796116425,0.008642899854282087
q132_182074,Instrumentation,Medium,percettiva,True,A,0.6015465292728857,0.6015465292728857,True,UC_text,4,3.0,,0.8547147602033528,-0.14777607555238553
q133_182074,Sound Texture,Low,percettiva,True,A,0.9751021728511681,0.9751021728511681,True,MI,15,1.0,9.0,0.7981796832667548,0.5228251429489092
q133_182074,Sound Texture,Low,percettiva,True,A,0.9751021728511681,0.9751021728511681,True,MI_balanced,15,3.0,5.0,0.8427376465600196,0.5870406247599284
q133_182074,Sound Texture,Low,percettiva,True,A,0.9751021728511681,0.9751021728511681,True,UC_audio,5,1.0,,1.0001537590703549,-0.011340723547999514
q133_182074,Sound Texture,Low,percettiva,True,A,0.9751021728511681,0.9751021728511681,True,UC_text,8,1.0,3.0,0.9664132342532535,0.7241195587233803
q134_172015,Metre and Rhythm,High,percettiva,True,A,0.47321646225849495,0.47321646225849495,True,MI,8,1.0,2.0,0.9334235251064923,0.7720139590641815
q134_172015,Metre and Rhythm,High,percettiva,True,A,0.47321646225849495,0.47321646225849495,True,MI_balanced,8,2.0,1.0,0.961289628882665,0.8281916307948161
q134_172015,Metre and Rhythm,High,percettiva,True,A,0.47321646225849495,0.47321646225849495,True,UC_audio,8,1.0,,1.1971126475778202,0.05835357406009264
q134_172015,Metre and Rhythm,High,percettiva,True,A,0.47321646225849495,0.47321646225849495,True,UC_text,6,2.0,3.0,0.7880022669522335,0.9057765854413201
q135_172015,Metre and Rhythm,Low,percettiva,False,C,0.4435193272384143,0.3914044325243042,True,MI,13,,10.0,-0.7135402717310237,0.797419844162928
q135_172015,Metre and Rhythm,Low,percettiva,False,C,0.4435193272384143,0.3914044325243042,True,MI_balanced,13,,5.0,-0.7713977291089764,1.435803756531166
q135_172015,Metre and Rhythm,Low,percettiva,False,C,0.4435193272384143,0.3914044325243042,True,UC_audio,5,,,-1.2209961383352392,-0.8530663818453067
q135_172015,Metre and Rhythm,Low,percettiva,False,C,0.4435193272384143,0.3914044325243042,True,UC_text,8,1.0,6.0,2.392283331994086,1.0892940756417886
q136_172015,Instrumentation,Low,percettiva,True,A,0.8914440110726757,0.8914440110726757,True,MI,12,1.0,,1.021816506488725,0.2747142178459247
q136_172015,Instrumentation,Low,percettiva,True,A,0.8914440110726757,0.8914440110726757,True,MI_balanced,12,1.0,,1.069949446277034,0.2667613293961372
q136_172015,Instrumentation,Low,percettiva,True,A,0.8914440110726757,0.8914440110726757,True,UC_audio,7,1.0,,0.9757136351363144,0.06918598197844034
q136_172015,Instrumentation,Low,percettiva,True,A,0.8914440110726757,0.8914440110726757,True,UC_text,0,,,,
q137_250001,Functional Context,Low,knowledge,True,A,0.9230071337617715,0.9230071337617715,True,MI,15,13.0,,0.261225936299824,0.016809560501240568
q137_250001,Functional Context,Low,knowledge,True,A,0.9230071337617715,0.9230071337617715,True,MI_balanced,15,13.0,,0.31190574947226685,0.24017878217990468
q137_250001,Functional Context,Low,knowledge,True,A,0.9230071337617715,0.9230071337617715,True,UC_audio,8,4.0,,0.8421245242785091,0.06729233697440647
q137_250001,Functional Context,Low,knowledge,True,A,0.9230071337617715,0.9230071337617715,True,UC_text,7,1.0,,0.9037685610998768,0.2140535962234168
q138_250001,Instrumentation,Medium,percettiva,True,A,0.8875712224597498,0.8875712224597498,True,MI,15,,7.0,-0.02503650677753418,0.46531459789790314
q138_250001,Instrumentation,Medium,percettiva,True,A,0.8875712224597498,0.8875712224597498,True,MI_balanced,15,,7.0,0.101999256785079,0.46998116856818345
q138_250001,Instrumentation,Medium,percettiva,True,A,0.8875712224597498,0.8875712224597498,True,UC_audio,12,,,-0.104716945331415,0.004258208643659197
q138_250001,Instrumentation,Medium,percettiva,True,A,0.8875712224597498,0.8875712224597498,True,UC_text,4,1.0,2.0,0.9311931820487449,0.38280654072955966
q139_250001,Performance,Medium,analitica,False,D,0.742761862930488,0.10371279432175218,True,MI,16,4.0,,0.5580882026870098,-0.182218967928272
q139_250001,Performance,Medium,analitica,False,D,0.742761862930488,0.10371279432175218,True,MI_balanced,16,3.0,,0.8161380850798039,-0.19835086002077193
q139_250001,Performance,Medium,analitica,False,D,0.742761862930488,0.10371279432175218,True,UC_audio,2,,,0.16142564555000596,-0.04256498111799303
q139_250001,Performance,Medium,analitica,False,D,0.742761862930488,0.10371279432175218,True,UC_text,7,1.0,,0.9741557288389977,0.3197612703001129
q13_1045016,Metre and Rhythm,Medium,percettiva,True,A,0.9900946506000697,0.9900946506000697,True,MI,22,1.0,14.0,0.6877886515302873,0.1730378504632202
q13_1045016,Metre and Rhythm,Medium,percettiva,True,A,0.9900946506000697,0.9900946506000697,True,MI_balanced,22,2.0,6.0,0.8776183044302329,0.28265334886681465
q13_1045016,Metre and Rhythm,Medium,percettiva,True,A,0.9900946506000697,0.9900946506000697,True,UC_audio,7,1.0,,0.9428703854260181,-0.0008465611107479488
q13_1045016,Metre and Rhythm,Medium,percettiva,True,A,0.9900946506000697,0.9900946506000697,True,UC_text,9,1.0,,0.983811556476887,0.17217710294316851
q140_1138688,Instrumentation,Medium,percettiva,True,A,0.8862585648550216,0.8862585648550216,True,MI,15,6.0,,0.5479359880167837,0.29398649782781244
q140_1138688,Instrumentation,Medium,percettiva,True,A,0.8862585648550216,0.8862585648550216,True,MI_balanced,15,4.0,,0.6772188828486627,0.1958036351257292
q140_1138688,Instrumentation,Medium,percettiva,True,A,0.8862585648550216,0.8862585648550216,True,UC_audio,7,2.0,,0.51634329311597,-0.014381263727463432
q140_1138688,Instrumentation,Medium,percettiva,True,A,0.8862585648550216,0.8862585648550216,True,UC_text,6,1.0,,0.9723597005421439,0.2077653675365103
q141_1138688,Historical and Cultural Context,Low,knowledge,False,B,0.5636241686225679,0.2501067087229495,True,MI,15,8.0,7.0,0.6194082428200921,0.767499368496321
q141_1138688,Historical and Cultural Context,Low,knowledge,False,B,0.5636241686225679,0.2501067087229495,True,MI_balanced,15,3.0,3.0,1.3379811051053254,1.2061143287280265
q141_1138688,Historical and Cultural Context,Low,knowledge,False,B,0.5636241686225679,0.2501067087229495,True,UC_audio,8,3.0,3.0,0.4000625060897011,1.1620186736540845
q141_1138688,Historical and Cultural Context,Low,knowledge,False,B,0.5636241686225679,0.2501067087229495,True,UC_text,5,1.0,4.0,1.6923044662927222,0.18502864976335476
q142_1138688,Mood and Expression,Low,knowledge,True,A,0.9918892729842846,0.9918892729842846,True,MI,18,1.0,,0.8981591366486508,0.016239232332010727
q142_1138688,Mood and Expression,Low,knowledge,True,A,0.9918892729842846,0.9918892729842846,True,MI_balanced,18,2.0,,0.9277704542587559,0.02749227590590821
q142_1138688,Mood and Expression,Low,knowledge,True,A,0.9918892729842846,0.9918892729842846,True,UC_audio,7,1.0,,0.9715759226279249,0.0006804809263035778
q142_1138688,Mood and Expression,Low,knowledge,True,A,0.9918892729842846,0.9918892729842846,True,UC_text,7,1.0,,0.9931880348569957,0.10344751759944738
q143_14458,Harmony,High,analitica,True,A,0.39919504951933327,0.39919504951933327,True,MI,13,3.0,5.0,0.5898562696081959,0.28885011337573874
q143_14458,Harmony,High,analitica,True,A,0.39919504951933327,0.39919504951933327,True,MI_balanced,13,2.0,,0.6928075316668549,0.11029878604383977
q143_14458,Harmony,High,analitica,True,A,0.39919504951933327,0.39919504951933327,True,UC_audio,6,2.0,,0.9174607834547656,-0.028161775880045172
q143_14458,Harmony,High,analitica,True,A,0.39919504951933327,0.39919504951933327,True,UC_text,5,1.0,1.0,2.1801953257789264,0.5068526095991144
q144_14458,Melody,High,analitica,False,B,0.7126384928702746,0.19180404831990294,True,MI,18,,,0.22796185522954399,0.13965761581884356
q144_14458,Melody,High,analitica,False,B,0.7126384928702746,0.19180404831990294,True,MI_balanced,18,13.0,,0.3123765053622318,0.20763809545367862
q144_14458,Melody,High,analitica,False,B,0.7126384928702746,0.19180404831990294,True,UC_audio,9,1.0,,0.7512097316096058,0.22415962297578199
q144_14458,Melody,High,analitica,False,B,0.7126384928702746,0.19180404831990294,True,UC_text,6,1.0,,0.837640921178591,0.37416913917428735
q145_14458,Instrumentation,Low,percettiva,True,A,0.41618333190982737,0.41618333190982737,True,MI,12,1.0,1.0,0.5568130826618425,1.2779718898341799
q145_14458,Instrumentation,Low,percettiva,True,A,0.41618333190982737,0.41618333190982737,True,MI_balanced,12,2.0,1.0,0.6323308710265853,1.2494616167962571
q145_14458,Instrumentation,Low,percettiva,True,A,0.41618333190982737,0.41618333190982737,True,UC_audio,9,,,-0.9052560565554163,-0.42123648521713164
q145_14458,Instrumentation,Low,percettiva,True,A,0.41618333190982737,0.41618333190982737,True,UC_text,5,1.0,1.0,1.6578031410573744,1.3163231327911298
q146_179608,Musical Texture,Low,percettiva,False,D,0.34162576580196846,0.16137258531938506,True,MI,16,1.0,2.0,1.1904982642627162,0.6494069654147122
q146_179608,Musical Texture,Low,percettiva,False,D,0.34162576580196846,0.16137258531938506,True,MI_balanced,16,1.0,1.0,0.9877325858979836,0.31302885726459173
q146_179608,Musical Texture,Low,percettiva,False,D,0.34162576580196846,0.16137258531938506,True,UC_audio,10,1.0,,1.364000420490811,-2.046515474204346
q146_179608,Musical Texture,Low,percettiva,False,D,0.34162576580196846,0.16137258531938506,True,UC_text,2,,,-1.417198717964768,-3.853253555189989
q147_179608,Performance,Low,analitica,True,A,0.5901990529965114,0.5901990529965114,True,MI,16,,2.0,-0.1288168499076171,0.1257356408971697
q147_179608,Performance,Low,analitica,True,A,0.5901990529965114,0.5901990529965114,True,MI_balanced,16,,1.0,-0.3893435884862229,-0.12483585878923581
q147_179608,Performance,Low,analitica,True,A,0.5901990529965114,0.5901990529965114,True,UC_audio,8,3.0,8.0,1.026557789547985,0.39634755663008836
q147_179608,Performance,Low,analitica,True,A,0.5901990529965114,0.5901990529965114,True,UC_text,4,1.0,1.0,1.1754867685840833,1.298187113955079
q148_179608,Instrumentation,Low,percettiva,True,A,0.8514718395523779,0.8514718395523779,True,MI,17,2.0,8.0,0.48468707692208984,0.688798928824708
q148_179608,Instrumentation,Low,percettiva,True,A,0.8514718395523779,0.8514718395523779,True,MI_balanced,17,1.0,3.0,0.5649344007509043,0.8485121573775116
q148_179608,Instrumentation,Low,percettiva,True,A,0.8514718395523779,0.8514718395523779,True,UC_audio,9,4.0,,0.7099208027222571,0.05036767052305417
q148_179608,Instrumentation,Low,percettiva,True,A,0.8514718395523779,0.8514718395523779,True,UC_text,7,1.0,3.0,1.0442258416496588,0.8520690447473355
q149_150794,Structure,Medium,analitica,False,D,0.3726144648397645,0.19944615073697142,True,MI,15,2.0,3.0,1.4481953082433923,1.1350446377808485
q149_150794,Structure,Medium,analitica,False,D,0.3726144648397645,0.19944615073697142,True,MI_balanced,15,1.0,2.0,1.7694891271099138,0.9338254078376796
q149_150794,Structure,Medium,analitica,False,D,0.3726144648397645,0.19944615073697142,True,UC_audio,8,,1.0,-0.4577644299424641,0.835824051531122
q149_150794,Structure,Medium,analitica,False,D,0.3726144648397645,0.19944615073697142,True,UC_text,3,1.0,2.0,2.0133876347247432,2.6404144354627364
q14_1045016,Instrumentation,Low,percettiva,False,C,0.41844115878958515,0.19765760770239188,True,MI,10,1.0,9.0,1.7175184155938226,0.37972992685748963
q14_1045016,Instrumentation,Low,percettiva,False,C,0.41844115878958515,0.19765760770239188,True,MI_balanced,10,1.0,9.0,1.7175184155938226,0.37972992685748963
q14_1045016,Instrumentation,Low,percettiva,False,C,0.41844115878958515,0.19765760770239188,True,UC_audio,9,1.0,9.0,0.3733118414857652,1.020255352237882
q14_1045016,Instrumentation,Low,percettiva,False,C,0.41844115878958515,0.19765760770239188,True,UC_text,7,1.0,,1.1784387006239097,-0.49450402900227325
q150_150794,Instrumentation,Low,percettiva,True,A,0.9481215916521831,0.9481215916521831,True,MI,19,5.0,7.0,0.7233534538728738,0.39009315896223085
q150_150794,Instrumentation,Low,percettiva,True,A,0.9481215916521831,0.9481215916521831,True,MI_balanced,19,3.0,4.0,0.8464615226045424,0.33878807887596
q150_150794,Instrumentation,Low,percettiva,True,A,0.9481215916521831,0.9481215916521831,True,UC_audio,6,1.0,,1.052637750392895,0.06600404912277072
q150_150794,Instrumentation,Low,percettiva,True,A,0.9481215916521831,0.9481215916521831,True,UC_text,8,1.0,,0.9693530096911925,0.28418798436371434
q151_150794,Instrumentation,Low,percettiva,True,A,0.8478003421157932,0.8478003421157932,True,MI,16,1.0,,1.0724677918286296,0.07629502438119952
q151_150794,Instrumentation,Low,percettiva,True,A,0.8478003421157932,0.8478003421157932,True,MI_balanced,16,1.0,,1.1084139251048242,-0.06155960591738985
q151_150794,Instrumentation,Low,percettiva,True,A,0.8478003421157932,0.8478003421157932,True,UC_audio,7,1.0,,0.9655731238551603,0.18533962541884316
q151_150794,Instrumentation,Low,percettiva,True,A,0.8478003421157932,0.8478003421157932,True,UC_text,2,1.0,,1.2271635971866968,0.1022359372251702
q152_1051378,Functional Context,Low,knowledge,True,A,0.9533543296956091,0.9533543296956091,True,MI,16,1.0,6.0,0.5943828411034456,0.49687235341392794
q152_1051378,Functional Context,Low,knowledge,True,A,0.9533543296956091,0.9533543296956091,True,MI_balanced,16,1.0,3.0,0.7795217476533907,0.5502573186047978
q152_1051378,Functional Context,Low,knowledge,True,A,0.9533543296956091,0.9533543296956091,True,UC_audio,8,1.0,,1.0208382977332398,-0.0010951897136032228
q152_1051378,Functional Context,Low,knowledge,True,A,0.9533543296956091,0.9533543296956091,True,UC_text,6,1.0,,0.9166104503275693,0.372659755603136
q153_1051378,Instrumentation,Low,percettiva,True,A,0.9875038551270228,0.9875038551270228,True,MI,18,1.0,,0.9716908090942955,0.04124984020094332
q153_1051378,Instrumentation,Low,percettiva,True,A,0.9875038551270228,0.9875038551270228,True,MI_balanced,18,2.0,,0.9450862531777635,0.07348848305329841
q153_1051378,Instrumentation,Low,percettiva,True,A,0.9875038551270228,0.9875038551270228,True,UC_audio,9,1.0,,0.9886177670303462,0.006949597794594438
q153_1051378,Instrumentation,Low,percettiva,True,A,0.9875038551270228,0.9875038551270228,True,UC_text,1,1.0,,0.9728663609707285,0.02409651733670928
q154_1051378,Harmony,Medium,analitica,False,C,0.613628222712977,0.24030026470208574,True,MI,12,7.0,,0.5689037401130103,-0.10395548453506645
q154_1051378,Harmony,Medium,analitica,False,C,0.613628222712977,0.24030026470208574,True,MI_balanced,12,7.0,,0.5322819620452822,-0.23019360239655384
q154_1051378,Harmony,Medium,analitica,False,C,0.613628222712977,0.24030026470208574,True,UC_audio,7,6.0,,0.5489942265792398,-0.010384853088199576
q154_1051378,Harmony,Medium,analitica,False,C,0.613628222712977,0.24030026470208574,True,UC_text,7,1.0,,1.0670013916043373,-0.35226976691629475
q155_1199044,Mood and Expression,Low,knowledge,True,A,0.753192495742744,0.753192495742744,True,MI,18,,6.0,0.2156866715645773,0.5961997700870437
q155_1199044,Mood and Expression,Low,knowledge,True,A,0.753192495742744,0.753192495742744,True,MI_balanced,18,6.0,3.0,0.465179641153547,0.6782509518958514
q155_1199044,Mood and Expression,Low,knowledge,True,A,0.753192495742744,0.753192495742744,True,UC_audio,10,5.0,,0.5551106846213573,0.006655575251008628
q155_1199044,Mood and Expression,Low,knowledge,True,A,0.753192495742744,0.753192495742744,True,UC_text,7,1.0,3.0,0.9850739375334997,0.5821118175639647
q156_1199044,Sound Texture,Medium,percettiva,False,B,0.8322055333716462,0.0214951955122562,True,MI,12,1.0,,0.2534084871788719,0.13532674285693094
q156_1199044,Sound Texture,Medium,percettiva,False,B,0.8322055333716462,0.0214951955122562,True,MI_balanced,12,,,0.29837070889737205,0.14270817685578896
q156_1199044,Sound Texture,Medium,percettiva,False,B,0.8322055333716462,0.0214951955122562,True,UC_audio,8,1.0,,0.8193368041024552,0.006861019961662252
q156_1199044,Sound Texture,Medium,percettiva,False,B,0.8322055333716462,0.0214951955122562,True,UC_text,9,1.0,3.0,0.8601240942301848,0.5680644510031926
q157_1199044,Metre and Rhythm,Medium,percettiva,False,C,0.6676833657651595,0.18540897444565585,True,MI,11,1.0,,1.3269570815892577,-0.4497618772886137
q157_1199044,Metre and Rhythm,Medium,percettiva,False,C,0.6676833657651595,0.18540897444565585,True,MI_balanced,11,1.0,,1.2128652016846737,-0.5016533008538938
q157_1199044,Metre and Rhythm,Medium,percettiva,False,C,0.6676833657651595,0.18540897444565585,True,UC_audio,3,1.0,,1.5809071810852842,0.012563094511598056
q157_1199044,Metre and Rhythm,Medium,percettiva,False,C,0.6676833657651595,0.18540897444565585,True,UC_text,6,1.0,,1.2789412912637022,0.03581880404886711
q158_14014,Genre and Style,Medium,knowledge,False,D,0.535966448000886,0.148832507377572,True,MI,8,1.0,,0.28410479379881254,0.11647941513279948
q158_14014,Genre and Style,Medium,knowledge,False,D,0.535966448000886,0.148832507377572,True,MI_balanced,8,,,0.00406429957127116,0.17319367802058408
q158_14014,Genre and Style,Medium,knowledge,False,D,0.535966448000886,0.148832507377572,True,UC_audio,5,1.0,,1.2278390469207212,0.014205818742788688
q158_14014,Genre and Style,Medium,knowledge,False,D,0.535966448000886,0.148832507377572,True,UC_text,7,1.0,1.0,1.0592050983769437,1.2846126120098047
q159_14014,Harmony,Medium,analitica,True,A,0.789641019178228,0.789641019178228,True,MI,15,,5.0,-0.20855030756378345,0.5576835598713686
q159_14014,Harmony,Medium,analitica,True,A,0.789641019178228,0.789641019178228,True,MI_balanced,15,,2.0,-0.19928392647655668,0.6523076574895174
q159_14014,Harmony,Medium,analitica,True,A,0.789641019178228,0.789641019178228,True,UC_audio,9,9.0,,0.4273854997291059,0.08284052700662517
q159_14014,Harmony,Medium,analitica,True,A,0.789641019178228,0.789641019178228,True,UC_text,6,1.0,1.0,0.9698407641766734,0.7378918003956354
q15_1045016,Sound Texture,Low,percettiva,True,A,0.609048893148385,0.609048893148385,True,MI,12,1.0,11.0,0.09160303046043176,0.45173886714198624
q15_1045016,Sound Texture,Low,percettiva,True,A,0.609048893148385,0.609048893148385,True,MI_balanced,12,,2.0,0.06334257584994236,0.5784067130221316
q15_1045016,Sound Texture,Low,percettiva,True,A,0.609048893148385,0.609048893148385,True,UC_audio,7,1.0,,0.8978593814846433,-0.0032283552429763426
q15_1045016,Sound Texture,Low,percettiva,True,A,0.609048893148385,0.609048893148385,True,UC_text,7,1.0,1.0,0.9900471709669674,1.1447421869038021
q160_14014,Melody,Medium,analitica,False,B,0.6408315405805531,0.04642168109954033,True,MI,7,3.0,7.0,1.2042866452907466,0.7638842495906519
q160_14014,Melody,Medium,analitica,False,B,0.6408315405805531,0.04642168109954033,True,MI_balanced,7,1.0,4.0,1.2683380938619568,0.994940944663438
q160_14014,Melody,Medium,analitica,False,B,0.6408315405805531,0.04642168109954033,True,UC_audio,9,1.0,,1.0836925078810051,-0.09007660005889749
q160_14014,Melody,Medium,analitica,False,B,0.6408315405805531,0.04642168109954033,True,UC_text,7,1.0,1.0,0.9237442248325402,0.8151154035168973
q161_1177896,Sound Texture,High,percettiva,False,C,0.5226587351697641,0.037861271787526886,True,MI,20,1.0,2.0,2.0166509492544034,1.1758053796906893
q161_1177896,Sound Texture,High,percettiva,False,C,0.5226587351697641,0.037861271787526886,True,MI_balanced,20,1.0,1.0,0.6015661849864545,-0.11176985468613566
q161_1177896,Sound Texture,High,percettiva,False,C,0.5226587351697641,0.037861271787526886,True,UC_audio,6,1.0,,0.7448086556444974,0.3182319778198332
q161_1177896,Sound Texture,High,percettiva,False,C,0.5226587351697641,0.037861271787526886,True,UC_text,2,1.0,1.0,1.7095611403180322,1.25725098276356
q162_1177896,Harmony,Medium,analitica,True,A,0.5468679340016802,0.5468679340016802,True,MI,15,2.0,1.0,1.1526265147901342,0.49148472149845973
q162_1177896,Harmony,Medium,analitica,True,A,0.5468679340016802,0.5468679340016802,True,MI_balanced,15,2.0,2.0,1.074928590094422,-0.04615091057632821
q162_1177896,Harmony,Medium,analitica,True,A,0.5468679340016802,0.5468679340016802,True,UC_audio,7,5.0,,0.7716486353202606,0.051845203174855754
q162_1177896,Harmony,Medium,analitica,True,A,0.5468679340016802,0.5468679340016802,True,UC_text,5,2.0,1.0,1.3340083747210836,1.1229601897725772
q163_1177896,Functional Context,Low,knowledge,False,D,0.5164239684773929,0.15265463349725847,True,MI,16,,2.0,-0.6933395815808722,0.9810951079025964
q163_1177896,Functional Context,Low,knowledge,False,D,0.5164239684773929,0.15265463349725847,True,MI_balanced,16,,1.0,-0.651267239566179,0.87238666650943
q163_1177896,Functional Context,Low,knowledge,False,D,0.5164239684773929,0.15265463349725847,True,UC_audio,6,,,-0.5493258511886052,-0.0902761098148516
q163_1177896,Functional Context,Low,knowledge,False,D,0.5164239684773929,0.15265463349725847,True,UC_text,10,10.0,3.0,0.37843449830787645,1.0235664224736933
q164_1227240,Sound Texture,Medium,percettiva,True,A,0.7853508801813002,0.7853508801813002,True,MI,8,,3.0,-0.18051492900157076,0.8506197348114615
q164_1227240,Sound Texture,Medium,percettiva,True,A,0.7853508801813002,0.7853508801813002,True,MI_balanced,8,,3.0,-0.18250152632641423,0.9410440989538494
q164_1227240,Sound Texture,Medium,percettiva,True,A,0.7853508801813002,0.7853508801813002,True,UC_audio,3,1.0,,1.2589372795501765,0.01785562476059239
q164_1227240,Sound Texture,Medium,percettiva,True,A,0.7853508801813002,0.7853508801813002,True,UC_text,9,2.0,1.0,0.9618292154644706,1.060873081117409
q165_1227240,Melody,High,analitica,False,D,0.39923589160275885,0.20074841335725074,True,MI,17,1.0,10.0,0.6223030124786781,0.3497065531594719
q165_1227240,Melody,High,analitica,False,D,0.39923589160275885,0.20074841335725074,True,MI_balanced,17,1.0,5.0,0.7804859689497993,0.48673845605842264
q165_1227240,Melody,High,analitica,False,D,0.39923589160275885,0.20074841335725074,True,UC_audio,9,1.0,,0.5266274291960131,0.06294226944472038
q165_1227240,Melody,High,analitica,False,D,0.39923589160275885,0.20074841335725074,True,UC_text,5,1.0,2.0,0.4533094615005335,1.0050734318576882
q166_1227240,Mood and Expression,Low,knowledge,True,A,0.8339723139630664,0.8339723139630664,True,MI,16,4.0,3.0,0.4407501290673591,1.0258194773983145
q166_1227240,Mood and Expression,Low,knowledge,True,A,0.8339723139630664,0.8339723139630664,True,MI_balanced,16,2.0,2.0,0.5322063414447793,1.1584042432553368
q166_1227240,Mood and Expression,Low,knowledge,True,A,0.8339723139630664,0.8339723139630664,True,UC_audio,7,1.0,,0.8356585075595241,-0.0664702997432131
q166_1227240,Mood and Expression,Low,knowledge,True,A,0.8339723139630664,0.8339723139630664,True,UC_text,7,2.0,1.0,1.0485103413761405,1.1375655548722834
q167_7096,Metre and Rhythm,Medium,percettiva,True,A,0.44269252441281337,0.44269252441281337,True,MI,13,1.0,1.0,-0.0720552852761216,1.8525391976495618
q167_7096,Metre and Rhythm,Medium,percettiva,True,A,0.44269252441281337,0.44269252441281337,True,MI_balanced,13,1.0,1.0,-0.46521771663913264,2.036248306537069
q167_7096,Metre and Rhythm,Medium,percettiva,True,A,0.44269252441281337,0.44269252441281337,True,UC_audio,7,1.0,3.0,1.8384682163851471,1.2567517832905863
q167_7096,Metre and Rhythm,Medium,percettiva,True,A,0.44269252441281337,0.44269252441281337,True,UC_text,4,,1.0,-0.9569324312458025,2.1920676076424486
q168_7096,Genre and Style,High,knowledge,True,A,0.8203806771826582,0.8203806771826582,True,MI,13,1.0,,1.0165332456699574,0.10676096803889955
q168_7096,Genre and Style,High,knowledge,True,A,0.8203806771826582,0.8203806771826582,True,MI_balanced,13,1.0,,0.988225341768524,0.12301443939853633
q168_7096,Genre and Style,High,knowledge,True,A,0.8203806771826582,0.8203806771826582,True,UC_audio,5,1.0,,0.8830748053371612,-0.006958397075069908
q168_7096,Genre and Style,High,knowledge,True,A,0.8203806771826582,0.8203806771826582,True,UC_text,7,1.0,,1.0340840157952964,0.2363313340671816
q169_7096,Melody,Medium,analitica,False,B,0.70378591016537,0.27560652239661104,True,MI,13,1.0,1.0,-0.10238606797036515,0.4547153756097265
q169_7096,Melody,Medium,analitica,False,B,0.70378591016537,0.27560652239661104,True,MI_balanced,13,,1.0,-0.36758209972317574,0.47495092867386124
q169_7096,Melody,Medium,analitica,False,B,0.70378591016537,0.27560652239661104,True,UC_audio,6,1.0,,0.5416979146982952,0.001407831426255898
q169_7096,Melody,Medium,analitica,False,B,0.70378591016537,0.27560652239661104,True,UC_text,10,2.0,2.0,0.6510049728566896,0.7680656712788474
q16_1100505,Sound Texture,Medium,percettiva,True,A,0.6332588411306965,0.6332588411306965,True,MI,12,1.0,5.0,0.22246529508880242,0.7994712591126066
q16_1100505,Sound Texture,Medium,percettiva,True,A,0.6332588411306965,0.6332588411306965,True,MI_balanced,12,,1.0,-0.006976290630948912,1.2624625830102356
q16_1100505,Sound Texture,Medium,percettiva,True,A,0.6332588411306965,0.6332588411306965,True,UC_audio,1,1.0,,1.3315047605003827,-0.09530922825024551
q16_1100505,Sound Texture,Medium,percettiva,True,A,0.6332588411306965,0.6332588411306965,True,UC_text,8,7.0,1.0,0.6982948374428027,1.3858628187187887
q170_1103980,Harmony,High,analitica,False,B,0.5239706099921047,0.0645658475275985,True,MI,8,1.0,,-0.11913041168890146,0.10023937782839223
q170_1103980,Harmony,High,analitica,False,B,0.5239706099921047,0.0645658475275985,True,MI_balanced,8,,,-0.46305928083452463,0.14171095852531815
q170_1103980,Harmony,High,analitica,False,B,0.5239706099921047,0.0645658475275985,True,UC_audio,9,1.0,,1.1197809075621887,-0.016820283098788646
q170_1103980,Harmony,High,analitica,False,B,0.5239706099921047,0.0645658475275985,True,UC_text,7,,1.0,0.1334666895485946,1.4770854978720689
q171_1103980,Harmony,High,analitica,False,B,0.6492183712414957,0.19800041635931573,True,MI,7,,,0.20676399832056078,0.3839958953737142
q171_1103980,Harmony,High,analitica,False,B,0.6492183712414957,0.19800041635931573,True,MI_balanced,7,,,0.18548752433330465,0.3886467775203544
q171_1103980,Harmony,High,analitica,False,B,0.6492183712414957,0.19800041635931573,True,UC_audio,10,1.0,,1.2490776232236707,0.0052642195797337485
q171_1103980,Harmony,High,analitica,False,B,0.6492183712414957,0.19800041635931573,True,UC_text,6,5.0,2.0,0.6137950468522442,1.2718131218791469
q172_1103980,Instrumentation,Low,percettiva,False,D,0.6290512472975408,0.29714276918337484,True,MI,9,1.0,,1.5566960412820627,-0.047234474808069554
q172_1103980,Instrumentation,Low,percettiva,False,D,0.6290512472975408,0.29714276918337484,True,MI_balanced,9,1.0,,1.5695610797098078,-0.07068928338082557
q172_1103980,Instrumentation,Low,percettiva,False,D,0.6290512472975408,0.29714276918337484,True,UC_audio,8,1.0,,1.0073331102208498,-0.03356099961350179
q172_1103980,Instrumentation,Low,percettiva,False,D,0.6290512472975408,0.29714276918337484,True,UC_text,5,1.0,,1.40443168374233,0.0335278883133212
q173_121123,Melody,High,analitica,True,A,0.7686856491749641,0.7686856491749641,True,MI,21,,12.0,0.06224695622296136,0.39881925966640186
q173_121123,Melody,High,analitica,True,A,0.7686856491749641,0.7686856491749641,True,MI_balanced,21,,3.0,0.3365592836440155,0.6526858220495043
q173_121123,Melody,High,analitica,True,A,0.7686856491749641,0.7686856491749641,True,UC_audio,10,1.0,,0.7061927011014598,0.048295463956455086
q173_121123,Melody,High,analitica,True,A,0.7686856491749641,0.7686856491749641,True,UC_text,6,3.0,2.0,0.8429682508738148,0.9858086476858297
q174_121123,Metre and Rhythm,Medium,percettiva,False,C,0.3513793355834775,0.22686755023668403,True,MI,17,1.0,9.0,0.23144034173536754,0.7530796018044625
q174_121123,Metre and Rhythm,Medium,percettiva,False,C,0.3513793355834775,0.22686755023668403,True,MI_balanced,17,8.0,1.0,0.28354837249359355,2.262126046994335
q174_121123,Metre and Rhythm,Medium,percettiva,False,C,0.3513793355834775,0.22686755023668403,True,UC_audio,6,1.0,,1.4490260597601752,-0.6429275065379703
q174_121123,Metre and Rhythm,Medium,percettiva,False,C,0.3513793355834775,0.22686755023668403,True,UC_text,3,,2.0,-1.1580008501571986,1.3802915054584426
q175_121123,Metre and Rhythm,High,percettiva,False,D,0.68822505228675,0.23784421376210557,True,MI,8,1.0,,1.076133079816395,0.030907406097876216
q175_121123,Metre and Rhythm,High,percettiva,False,D,0.68822505228675,0.23784421376210557,True,MI_balanced,8,1.0,,1.076133079816395,0.030907406097876216
q175_121123,Metre and Rhythm,High,percettiva,False,D,0.68822505228675,0.23784421376210557,True,UC_audio,13,1.0,,1.0537599014337733,0.0708069664393282
q175_121123,Metre and Rhythm,High,percettiva,False,D,0.68822505228675,0.23784421376210557,True,UC_text,7,1.0,1.0,0.9548394068219549,0.36079958034139176
q176_1076450,Metre and Rhythm,Medium,percettiva,False,D,0.4325438067878461,0.14042641411424756,True,MI,12,1.0,2.0,1.4166319258388065,1.2634569180861108
q176_1076450,Metre and Rhythm,Medium,percettiva,False,D,0.4325438067878461,0.14042641411424756,True,MI_balanced,12,1.0,1.0,1.508862408818477,1.0152216385175405
q176_1076450,Metre and Rhythm,Medium,percettiva,False,D,0.4325438067878461,0.14042641411424756,True,UC_audio,8,1.0,,1.1201462832541245,-0.17454070807315147
q176_1076450,Metre and Rhythm,Medium,percettiva,False,D,0.4325438067878461,0.14042641411424756,True,UC_text,7,1.0,1.0,1.8589001333444128,0.9907351669791763
q177_1076450,Instrumentation,Medium,percettiva,True,A,0.714196671966584,0.714196671966584,True,MI,13,2.0,,1.3577906424405422,-0.3443180678608838
q177_1076450,Instrumentation,Medium,percettiva,True,A,0.714196671966584,0.714196671966584,True,MI_balanced,13,1.0,,1.4470964682128076,-0.3947541782448944
q177_1076450,Instrumentation,Medium,percettiva,True,A,0.714196671966584,0.714196671966584,True,UC_audio,6,1.0,,0.9715459069834227,-0.1740346352584367
q177_1076450,Instrumentation,Medium,percettiva,True,A,0.714196671966584,0.714196671966584,True,UC_text,3,1.0,,1.5481052325773885,-0.26162600085014776
q178_1076450,Melody,Medium,analitica,True,A,0.5630085639377638,0.5630085639377638,True,MI,15,,3.0,-0.6150557229702885,0.6079909107437156
q178_1076450,Melody,Medium,analitica,True,A,0.5630085639377638,0.5630085639377638,True,MI_balanced,15,,2.0,-0.6816278231942025,0.6296414094542404
q178_1076450,Melody,Medium,analitica,True,A,0.5630085639377638,0.5630085639377638,True,UC_audio,9,,,-0.7250794244623612,-0.1091188295806095
q178_1076450,Melody,Medium,analitica,True,A,0.5630085639377638,0.5630085639377638,True,UC_text,6,1.0,,1.0962995637073785,0.15554527143877392
q179_1407836,Metre and Rhythm,Medium,percettiva,True,A,0.34271491991243974,0.34271491991243974,True,MI,11,1.0,2.0,1.4116619229850973,-1.356607588557225
q179_1407836,Metre and Rhythm,Medium,percettiva,True,A,0.34271491991243974,0.34271491991243974,True,MI_balanced,11,1.0,1.0,1.6070924631978907,-1.8234919686881164
q179_1407836,Metre and Rhythm,Medium,percettiva,True,A,0.34271491991243974,0.34271491991243974,True,UC_audio,8,1.0,,1.5873273392383183,-0.07710507415455577
q179_1407836,Metre and Rhythm,Medium,percettiva,True,A,0.34271491991243974,0.34271491991243974,True,UC_text,4,4.0,1.0,1.0086208089688307,2.642396447210944
q17_1100505,Performance,Medium,analitica,False,B,0.5453927756003962,0.33079743998741257,True,MI,13,6.0,2.0,0.42257923688393756,1.3230087926561735
q17_1100505,Performance,Medium,analitica,False,B,0.5453927756003962,0.33079743998741257,True,MI_balanced,13,4.0,2.0,0.4528825559215691,1.4748042003589492
q17_1100505,Performance,Medium,analitica,False,B,0.5453927756003962,0.33079743998741257,True,UC_audio,8,1.0,,1.4277153416688768,0.2215208116254476
q17_1100505,Performance,Medium,analitica,False,B,0.5453927756003962,0.33079743998741257,True,UC_text,3,2.0,1.0,0.5206541309975602,0.7246878593033181
q180_1407836,Functional Context,Low,knowledge,True,A,0.7963508095245296,0.7963508095245296,True,MI,22,16.0,3.0,-0.01689132273168379,0.8111393543255514
q180_1407836,Functional Context,Low,knowledge,True,A,0.7963508095245296,0.7963508095245296,True,MI_balanced,22,9.0,2.0,0.4293162929305971,0.7704412217478613
q180_1407836,Functional Context,Low,knowledge,True,A,0.7963508095245296,0.7963508095245296,True,UC_audio,11,,8.0,-0.005719985567408415,0.4949683452248039
q180_1407836,Functional Context,Low,knowledge,True,A,0.7963508095245296,0.7963508095245296,True,UC_text,6,1.0,3.0,0.5679052503453401,1.0814068871781275
q181_1407836,Functional Context,Low,knowledge,True,A,0.3411433253900843,0.3411433253900843,True,MI,16,2.0,4.0,2.150388822491938,0.6996928725656468
q181_1407836,Functional Context,Low,knowledge,True,A,0.3411433253900843,0.3411433253900843,True,MI_balanced,16,1.0,3.0,1.9606965026254428,0.9142976368108201
q181_1407836,Functional Context,Low,knowledge,True,A,0.3411433253900843,0.3411433253900843,True,UC_audio,8,8.0,1.0,0.34136603942358235,1.4436531212963786
q181_1407836,Functional Context,Low,knowledge,True,A,0.3411433253900843,0.3411433253900843,True,UC_text,4,2.0,,2.2049945799303012,-0.8611262487660308
q182_357330,Lyrics,Low,knowledge,False,B,0.6850512606497569,0.07686062129194422,True,MI,14,1.0,2.0,0.43851192634078834,0.55594904303829
q182_357330,Lyrics,Low,knowledge,False,B,0.6850512606497569,0.07686062129194422,True,MI_balanced,14,2.0,1.0,0.5635128238406588,0.5398267761702746
q182_357330,Lyrics,Low,knowledge,False,B,0.6850512606497569,0.07686062129194422,True,UC_audio,4,1.0,,0.5225868880441453,-0.07124393977031071
q182_357330,Lyrics,Low,knowledge,False,B,0.6850512606497569,0.07686062129194422,True,UC_text,6,5.0,1.0,0.509247293709974,1.2870699149229758
q183_357330,Metre and Rhythm,Medium,percettiva,True,A,0.9778604249219841,0.9778604249219841,True,MI,16,1.0,,0.8802761223692935,0.04266123900535127
q183_357330,Metre and Rhythm,Medium,percettiva,True,A,0.9778604249219841,0.9778604249219841,True,MI_balanced,16,2.0,,0.9223350084266372,0.07552838755264717
q183_357330,Metre and Rhythm,Medium,percettiva,True,A,0.9778604249219841,0.9778604249219841,True,UC_audio,5,1.0,,0.9651435144108723,0.006230938010473674
q183_357330,Metre and Rhythm,Medium,percettiva,True,A,0.9778604249219841,0.9778604249219841,True,UC_text,6,1.0,,0.9979651053195684,0.014718571253969664
q184_357330,Lyrics,Low,knowledge,False,B,0.4526263860329765,0.3752404536781,True,MI,4,,,-0.8583357648616218,-1.065127973176172
q184_357330,Lyrics,Low,knowledge,False,B,0.4526263860329765,0.3752404536781,True,MI_balanced,4,,,-0.864138840596506,-1.1542894737328628
q184_357330,Lyrics,Low,knowledge,False,B,0.4526263860329765,0.3752404536781,True,UC_audio,2,1.0,,2.8755902586378763,-0.5248412937297233
q184_357330,Lyrics,Low,knowledge,False,B,0.4526263860329765,0.3752404536781,True,UC_text,8,1.0,1.0,1.9330321413392864,1.261897938598928
q185_661634,Harmony,High,analitica,True,A,0.4835984998827934,0.4835984998827934,True,MI,13,1.0,6.0,0.6393433768308788,0.5775180605945346
q185_661634,Harmony,High,analitica,True,A,0.4835984998827934,0.4835984998827934,True,MI_balanced,13,3.0,2.0,0.7289620099554901,1.0246810197832332
q185_661634,Harmony,High,analitica,True,A,0.4835984998827934,0.4835984998827934,True,UC_audio,9,1.0,,0.9314972291196882,-0.028802109948014607
q185_661634,Harmony,High,analitica,True,A,0.4835984998827934,0.4835984998827934,True,UC_text,4,2.0,2.0,1.1315989509599151,1.0212284471787951
q186_661634,Harmony,Medium,analitica,True,A,0.43018154749911486,0.43018154749911486,True,MI,16,2.0,2.0,0.3188473683717179,0.6027762989421763
q186_661634,Harmony,Medium,analitica,True,A,0.43018154749911486,0.43018154749911486,True,MI_balanced,16,1.0,1.0,0.2134805659372962,0.655107772620553
q186_661634,Harmony,Medium,analitica,True,A,0.43018154749911486,0.43018154749911486,True,UC_audio,9,,,-0.11494182912870841,0.2719438954848385
q186_661634,Harmony,Medium,analitica,True,A,0.43018154749911486,0.43018154749911486,True,UC_text,1,1.0,,1.2123785614848193,0.13538409706463111
q187_661634,Harmony,High,analitica,False,B,0.6144540318461976,0.32889354284524885,True,MI,9,1.0,4.0,0.8785243839848472,0.47003717284992746
q187_661634,Harmony,High,analitica,False,B,0.6144540318461976,0.32889354284524885,True,MI_balanced,9,1.0,3.0,1.0154942614073739,0.5094710018375016
q187_661634,Harmony,High,analitica,False,B,0.6144540318461976,0.32889354284524885,True,UC_audio,9,1.0,,0.9344669383580038,0.006298359533643321
q187_661634,Harmony,High,analitica,False,B,0.6144540318461976,0.32889354284524885,True,UC_text,6,1.0,2.0,1.247269707811964,0.8821784318318486
q188_312915,Instrumentation,Medium,percettiva,True,A,0.7167640260109283,0.7167640260109283,True,MI,8,1.0,4.0,0.4525366117434254,0.2879556330702034
q188_312915,Instrumentation,Medium,percettiva,True,A,0.7167640260109283,0.7167640260109283,True,MI_balanced,8,3.0,,0.4023055320146882,0.28249235560585906
q188_312915,Instrumentation,Medium,percettiva,True,A,0.7167640260109283,0.7167640260109283,True,UC_audio,5,1.0,,1.4827406255450613,0.20743639971437539
q188_312915,Instrumentation,Medium,percettiva,True,A,0.7167640260109283,0.7167640260109283,True,UC_text,4,1.0,2.0,1.3101026584232904,1.0156084080678782
q189_312915,Instrumentation,Medium,percettiva,True,A,0.7436171026211994,0.7436171026211994,True,MI,16,1.0,8.0,0.4269317514560028,0.46077757124276914
q189_312915,Instrumentation,Medium,percettiva,True,A,0.7436171026211994,0.7436171026211994,True,MI_balanced,16,,4.0,0.35202498810239086,0.675985626746169
q189_312915,Instrumentation,Medium,percettiva,True,A,0.7436171026211994,0.7436171026211994,True,UC_audio,5,1.0,,1.2566038521166873,-0.08522984834156637
q189_312915,Instrumentation,Medium,percettiva,True,A,0.7436171026211994,0.7436171026211994,True,UC_text,7,4.0,2.0,0.98957344447883,1.1098096725169309
q18_1100505,Sound Texture,Medium,percettiva,False,B,0.5098626105233176,0.35042310586905334,True,MI,13,1.0,,0.0991920106336993,-0.13189524047759468
q18_1100505,Sound Texture,Medium,percettiva,False,B,0.5098626105233176,0.35042310586905334,True,MI_balanced,13,,,-0.0009391342379627364,-0.1680981557799635
q18_1100505,Sound Texture,Medium,percettiva,False,B,0.5098626105233176,0.35042310586905334,True,UC_audio,6,1.0,,1.1547832610262327,0.00908922867699979
q18_1100505,Sound Texture,Medium,percettiva,False,B,0.5098626105233176,0.35042310586905334,True,UC_text,5,1.0,1.0,1.5131581237457121,0.8140537106942181
q190_312915,Metre and Rhythm,Low,percettiva,True,A,0.9664202795015187,0.9664202795015187,True,MI,16,8.0,6.0,0.6437171286889537,0.44686533137415335
q190_312915,Metre and Rhythm,Low,percettiva,True,A,0.9664202795015187,0.9664202795015187,True,MI_balanced,16,3.0,9.0,0.9063582876898031,0.48821539967154126
q190_312915,Metre and Rhythm,Low,percettiva,True,A,0.9664202795015187,0.9664202795015187,True,UC_audio,6,4.0,,0.680320356333912,-0.015658846318548837
q190_312915,Metre and Rhythm,Low,percettiva,True,A,0.9664202795015187,0.9664202795015187,True,UC_text,8,1.0,8.0,0.9656553904267942,0.38992497987663277
q191_1381590,Instrumentation,Low,percettiva,False,C,0.7020268547385724,0.0263830473461079,True,MI,20,1.0,3.0,0.06262037515679879,0.8987828584649513
q191_1381590,Instrumentation,Low,percettiva,False,C,0.7020268547385724,0.0263830473461079,True,MI_balanced,20,3.0,2.0,0.19573467014508533,1.1894618617228958
q191_1381590,Instrumentation,Low,percettiva,False,C,0.7020268547385724,0.0263830473461079,True,UC_audio,10,1.0,4.0,0.46653794024450507,0.606628253288894
q191_1381590,Instrumentation,Low,percettiva,False,C,0.7020268547385724,0.0263830473461079,True,UC_text,6,3.0,2.0,0.09879954414780677,1.4344836595035433
q192_1381590,Musical Texture,Medium,percettiva,True,A,0.6848944210386116,0.6848944210386116,True,MI,17,3.0,,0.990199646550433,-0.2691548268087474
q192_1381590,Musical Texture,Medium,percettiva,True,A,0.6848944210386116,0.6848944210386116,True,MI_balanced,17,2.0,,1.2703828094936793,-0.3402158513692243
q192_1381590,Musical Texture,Medium,percettiva,True,A,0.6848944210386116,0.6848944210386116,True,UC_audio,8,3.0,,0.40742292249052015,-0.00926551810444095
q192_1381590,Musical Texture,Medium,percettiva,True,A,0.6848944210386116,0.6848944210386116,True,UC_text,3,1.0,,1.455609570019378,-0.15746379908122987
q193_1381590,Instrumentation,Medium,percettiva,True,A,0.9260857042894742,0.9260857042894742,True,MI,14,6.0,,0.3685910119426619,0.14931728294751415
q193_1381590,Instrumentation,Medium,percettiva,True,A,0.9260857042894742,0.9260857042894742,True,MI_balanced,14,3.0,,0.4844718541331648,0.17131581344242258
q193_1381590,Instrumentation,Medium,percettiva,True,A,0.9260857042894742,0.9260857042894742,True,UC_audio,4,,,0.13362735556853397,-0.05942568495775368
q193_1381590,Instrumentation,Medium,percettiva,True,A,0.9260857042894742,0.9260857042894742,True,UC_text,4,1.0,3.0,0.7920153351301863,0.633032855491921
q194_1268901,Performance,Low,analitica,True,A,0.6790947127636277,0.6790947127636277,True,MI,17,5.0,8.0,0.9040104382591408,0.36736373542911205
q194_1268901,Performance,Low,analitica,True,A,0.6790947127636277,0.6790947127636277,True,MI_balanced,17,3.0,3.0,1.0050942898778028,0.325159244054429
q194_1268901,Performance,Low,analitica,True,A,0.6790947127636277,0.6790947127636277,True,UC_audio,6,3.0,,0.42046175408656283,0.05898939823704279
q194_1268901,Performance,Low,analitica,True,A,0.6790947127636277,0.6790947127636277,True,UC_text,2,1.0,,1.4626091633907916,0.12881655302675238
q195_1268901,Melody,High,analitica,True,A,0.7400520876087187,0.7400520876087187,True,MI,15,4.0,,0.6665048156495386,0.02222469993878134
q195_1268901,Melody,High,analitica,True,A,0.7400520876087187,0.7400520876087187,True,MI_balanced,15,3.0,,0.8501311839738688,0.0849881546591608
q195_1268901,Melody,High,analitica,True,A,0.7400520876087187,0.7400520876087187,True,UC_audio,5,3.0,,0.6742226870937025,0.07811793655612352
q195_1268901,Melody,High,analitica,True,A,0.7400520876087187,0.7400520876087187,True,UC_text,5,1.0,,1.210507702126567,0.2881446650638141
q196_1268901,Harmony,High,analitica,True,A,0.868002588038268,0.868002588038268,True,MI,17,,15.0,0.12771346048017415,0.42293723098367303
q196_1268901,Harmony,High,analitica,True,A,0.868002588038268,0.868002588038268,True,MI_balanced,17,,5.0,0.17201506123163343,0.5559110731172351
q196_1268901,Harmony,High,analitica,True,A,0.868002588038268,0.868002588038268,True,UC_audio,11,3.0,,0.8149399348580169,0.28709979214246745
q196_1268901,Harmony,High,analitica,True,A,0.868002588038268,0.868002588038268,True,UC_text,8,1.0,6.0,0.7941852629139453,0.45156608613111293
q197_1078326,Metre and Rhythm,Medium,percettiva,False,B,0.6939391134476688,0.058770158870167906,True,MI,17,6.0,,0.4921565748172269,0.16186453757837446
q197_1078326,Metre and Rhythm,Medium,percettiva,False,B,0.6939391134476688,0.058770158870167906,True,MI_balanced,17,6.0,,0.4862517532116365,-0.15551746477797898
q197_1078326,Metre and Rhythm,Medium,percettiva,False,B,0.6939391134476688,0.058770158870167906,True,UC_audio,7,2.0,4.0,0.7275254861331376,0.4429616819212129
q197_1078326,Metre and Rhythm,Medium,percettiva,False,B,0.6939391134476688,0.058770158870167906,True,UC_text,3,1.0,2.0,1.3711113523087468,0.4379573163453258
q198_1078326,Instrumentation,Medium,percettiva,False,D,0.4608882877226519,0.15927873020798444,True,MI,16,1.0,2.0,-0.3497578130582811,1.7751960404957747
q198_1078326,Instrumentation,Medium,percettiva,False,D,0.4608882877226519,0.15927873020798444,True,MI_balanced,16,,1.0,-0.1107978845567335,1.6552223742104046
q198_1078326,Instrumentation,Medium,percettiva,False,D,0.4608882877226519,0.15927873020798444,True,UC_audio,0,,,,
q198_1078326,Instrumentation,Medium,percettiva,False,D,0.4608882877226519,0.15927873020798444,True,UC_text,9,9.0,1.0,0.31110096055166464,1.87358515871546
q199_1078326,Sound Texture,Medium,percettiva,True,A,0.8778365563047316,0.8778365563047316,True,MI,15,5.0,3.0,0.5912861573113251,0.9411228015014744
q199_1078326,Sound Texture,Medium,percettiva,True,A,0.8778365563047316,0.8778365563047316,True,MI_balanced,15,3.0,2.0,0.627791596555781,1.0017744520736445
q199_1078326,Sound Texture,Medium,percettiva,True,A,0.8778365563047316,0.8778365563047316,True,UC_audio,13,1.0,,0.5958433300916843,-0.002893789976847729
q199_1078326,Sound Texture,Medium,percettiva,True,A,0.8778365563047316,0.8778365563047316,True,UC_text,6,2.0,2.0,0.784925119200213,1.0001110747230828
q19_435883,Metre and Rhythm,Medium,percettiva,True,A,0.5224315547162168,0.5224315547162168,True,MI,16,1.0,6.0,-0.1713804706285464,0.5602666646948902
q19_435883,Metre and Rhythm,Medium,percettiva,True,A,0.5224315547162168,0.5224315547162168,True,MI_balanced,16,,3.0,-0.2503607131636557,0.7173589187403484
q19_435883,Metre and Rhythm,Medium,percettiva,True,A,0.5224315547162168,0.5224315547162168,True,UC_audio,10,1.0,,0.9739893474305111,0.38154365304118415
q19_435883,Metre and Rhythm,Medium,percettiva,True,A,0.5224315547162168,0.5224315547162168,True,UC_text,8,,1.0,0.15389570458223256,1.0858248791707485
q1_1204663,Melody,Low,analitica,True,A,0.5286779849834734,0.5286779849834734,True,MI,15,1.0,12.0,0.8565244562322548,0.24336535282265698
q1_1204663,Melody,Low,analitica,True,A,0.5286779849834734,0.5286779849834734,True,MI_balanced,15,1.0,3.0,1.2652259915764648,0.5352605644292702
q1_1204663,Melody,Low,analitica,True,A,0.5286779849834734,0.5286779849834734,True,UC_audio,8,1.0,,2.2889562533259933,-0.08133363913238756
q1_1204663,Melody,Low,analitica,True,A,0.5286779849834734,0.5286779849834734,True,UC_text,7,1.0,3.0,2.1047537015690936,1.281173516197478
q200_1121398,Instrumentation,Medium,percettiva,True,A,0.9807087756127004,0.9807087756127004,True,MI,20,1.0,12.0,0.5349790387100399,0.3302796969175001
q200_1121398,Instrumentation,Medium,percettiva,True,A,0.9807087756127004,0.9807087756127004,True,MI_balanced,20,4.0,5.0,0.6935278123702908,0.5301926326633244
q200_1121398,Instrumentation,Medium,percettiva,True,A,0.9807087756127004,0.9807087756127004,True,UC_audio,11,1.0,,0.9136901756872339,0.05597412069013859
q200_1121398,Instrumentation,Medium,percettiva,True,A,0.9807087756127004,0.9807087756127004,True,UC_text,5,1.0,,0.9766701233253071,0.2792976648524897
q201_1121398,Performance,Low,analitica,True,A,0.6264816513380771,0.6264816513380771,True,MI,15,1.0,2.0,0.16188644814931732,1.4362184725521598
q201_1121398,Performance,Low,analitica,True,A,0.6264816513380771,0.6264816513380771,True,MI_balanced,15,5.0,1.0,0.5254860364314082,1.529954628808675
q201_1121398,Performance,Low,analitica,True,A,0.6264816513380771,0.6264816513380771,True,UC_audio,9,5.0,,0.56746611409908,0.10843187577193962
q201_1121398,Performance,Low,analitica,True,A,0.6264816513380771,0.6264816513380771,True,UC_text,9,9.0,1.0,0.48663571961103685,1.3347331024883327
q202_1121398,Sound Texture,Medium,percettiva,False,C,0.7038954657348866,0.2589486705776622,True,MI,19,1.0,3.0,-0.05969191328646609,1.3245174613831836
q202_1121398,Sound Texture,Medium,percettiva,False,C,0.7038954657348866,0.2589486705776622,True,MI_balanced,19,,2.0,0.004948734334269883,1.4341012041331516
q202_1121398,Sound Texture,Medium,percettiva,False,C,0.7038954657348866,0.2589486705776622,True,UC_audio,8,1.0,,0.848528558841411,0.02430676766550048
q202_1121398,Sound Texture,Medium,percettiva,False,C,0.7038954657348866,0.2589486705776622,True,UC_text,8,,2.0,0.22353020488521536,1.3841662572407112
q203_962064,Sound Texture,Low,percettiva,False,B,0.46114433297193896,0.3823020797176155,True,MI,16,1.0,1.0,-0.46397247460205665,1.4708172017854304
q203_962064,Sound Texture,Low,percettiva,False,B,0.46114433297193896,0.3823020797176155,True,MI_balanced,16,,1.0,-0.5241047864692706,1.660279925214118
q203_962064,Sound Texture,Low,percettiva,False,B,0.46114433297193896,0.3823020797176155,True,UC_audio,9,,3.0,0.21734137130112846,0.7815808884218107
q203_962064,Sound Texture,Low,percettiva,False,B,0.46114433297193896,0.3823020797176155,True,UC_text,9,8.0,1.0,0.40179360445626966,1.5195133922686686
q204_962064,Melody,High,analitica,False,D,0.32003097067324165,0.2824263403502772,True,MI,17,,,-0.8531826034097109,-1.515586863617981
q204_962064,Melody,High,analitica,False,D,0.32003097067324165,0.2824263403502772,True,MI_balanced,17,,,-0.6120723596924589,-1.210237688472002
q204_962064,Melody,High,analitica,False,D,0.32003097067324165,0.2824263403502772,True,UC_audio,7,,,-1.1166753359021557,0.10545823494368695
q204_962064,Melody,High,analitica,False,D,0.32003097067324165,0.2824263403502772,True,UC_text,4,1.0,,2.9664296379744926,-0.34995429457256255
q205_1221864,Musical Texture,Medium,percettiva,True,A,0.6835564818217653,0.6835564818217653,True,MI,17,1.0,2.0,0.3609090552379412,0.9119334832914039
q205_1221864,Musical Texture,Medium,percettiva,True,A,0.6835564818217653,0.6835564818217653,True,MI_balanced,17,5.0,1.0,0.265436521232463,0.9274261397864555
q205_1221864,Musical Texture,Medium,percettiva,True,A,0.6835564818217653,0.6835564818217653,True,UC_audio,6,2.0,,0.7123240548919053,0.10844618106208294
q205_1221864,Musical Texture,Medium,percettiva,True,A,0.6835564818217653,0.6835564818217653,True,UC_text,6,1.0,1.0,0.7033810657248696,0.9394860606995857
q206_1221864,Harmony,High,analitica,True,A,0.8971306875601684,0.8971306875601684,True,MI,18,11.0,11.0,0.27588718388571903,0.6063154750654846
q206_1221864,Harmony,High,analitica,True,A,0.8971306875601684,0.8971306875601684,True,MI_balanced,18,3.0,2.0,0.7120652957826366,1.049778754481712
q206_1221864,Harmony,High,analitica,True,A,0.8971306875601684,0.8971306875601684,True,UC_audio,6,4.0,,0.5107103903362206,0.013291082414873487
q206_1221864,Harmony,High,analitica,True,A,0.8971306875601684,0.8971306875601684,True,UC_text,7,3.0,2.0,0.7611185969920897,1.0679875636399767
q207_1221864,Instrumentation,Medium,percettiva,True,A,0.747345721852386,0.747345721852386,True,MI,21,5.0,4.0,0.4078988264987192,0.7740046151716089
q207_1221864,Instrumentation,Medium,percettiva,True,A,0.747345721852386,0.747345721852386,True,MI_balanced,21,3.0,2.0,0.45848697130666693,1.1291932472704749
q207_1221864,Instrumentation,Medium,percettiva,True,A,0.747345721852386,0.747345721852386,True,UC_audio,8,3.0,,0.6999879606477385,0.0001215591312988947
q207_1221864,Instrumentation,Medium,percettiva,True,A,0.747345721852386,0.747345721852386,True,UC_text,6,2.0,3.0,1.1038768330704942,0.7516492796977184
q208_1374348,Performance,High,analitica,True,A,0.5971902273940463,0.5971902273940463,True,MI,14,,,-0.04813570816861796,0.02436312248478215
q208_1374348,Performance,High,analitica,True,A,0.5971902273940463,0.5971902273940463,True,MI_balanced,14,,,-0.13049659140893935,0.15310873365901795
q208_1374348,Performance,High,analitica,True,A,0.5971902273940463,0.5971902273940463,True,UC_audio,8,1.0,,0.978695274104035,0.015189600462863658
q208_1374348,Performance,High,analitica,True,A,0.5971902273940463,0.5971902273940463,True,UC_text,8,6.0,1.0,0.7868783455548197,1.0233865754032927
q209_1374348,Instrumentation,Low,percettiva,True,A,0.6060780166714316,0.6060780166714316,True,MI,14,1.0,5.0,0.6026655722733639,0.6236984884864605
q209_1374348,Instrumentation,Low,percettiva,True,A,0.6060780166714316,0.6060780166714316,True,MI_balanced,14,1.0,2.0,0.6602985772529502,0.8110130366615008
q209_1374348,Instrumentation,Low,percettiva,True,A,0.6060780166714316,0.6060780166714316,True,UC_audio,8,,,0.11673595558313057,0.03638100000250043
q209_1374348,Instrumentation,Low,percettiva,True,A,0.6060780166714316,0.6060780166714316,True,UC_text,7,5.0,2.0,0.7767455113111772,0.8286052729629422
q20_435883,Melody,High,analitica,True,A,0.4807535743136719,0.4807535743136719,True,MI,14,2.0,13.0,1.0445376623403981,0.13204260477947266
q20_435883,Melody,High,analitica,True,A,0.4807535743136719,0.4807535743136719,True,MI_balanced,14,1.0,3.0,0.4723624434864991,1.3489523791531777
q20_435883,Melody,High,analitica,True,A,0.4807535743136719,0.4807535743136719,True,UC_audio,9,,,0.04678337958287108,-0.0006551408812544364
q20_435883,Melody,High,analitica,True,A,0.4807535743136719,0.4807535743136719,True,UC_text,3,1.0,1.0,1.8824500651890572,1.6507949786880827
q210_1374348,Mood and Expression,Low,knowledge,True,A,0.8311174163334916,0.8311174163334916,True,MI,15,1.0,,0.8583998280874041,0.15785917230812482
q210_1374348,Mood and Expression,Low,knowledge,True,A,0.8311174163334916,0.8311174163334916,True,MI_balanced,15,3.0,2.0,0.9080111590757715,0.3057539229484883
q210_1374348,Mood and Expression,Low,knowledge,True,A,0.8311174163334916,0.8311174163334916,True,UC_audio,9,1.0,,0.9508713899397893,0.11390888611859983
q210_1374348,Mood and Expression,Low,knowledge,True,A,0.8311174163334916,0.8311174163334916,True,UC_text,6,1.0,2.0,1.1534383177286291,0.603860554757876
q211_336086,Instrumentation,Medium,percettiva,False,D,0.7707753221910725,0.1425790981129081,True,MI,15,1.0,15.0,0.3714174436726144,0.13676908714896743
q211_336086,Instrumentation,Medium,percettiva,False,D,0.7707753221910725,0.1425790981129081,True,MI_balanced,15,,8.0,0.31007799717392254,0.34591343327959656
q211_336086,Instrumentation,Medium,percettiva,False,D,0.7707753221910725,0.1425790981129081,True,UC_audio,7,1.0,,0.8801196073815238,0.10273245939715041
q211_336086,Instrumentation,Medium,percettiva,False,D,0.7707753221910725,0.1425790981129081,True,UC_text,7,1.0,4.0,0.9930160327150077,0.7655859516166288
q212_336086,Instrumentation,Medium,percettiva,True,A,0.7483815149634032,0.7483815149634032,True,MI,22,3.0,4.0,0.5501644298833231,0.7505121863121905
q212_336086,Instrumentation,Medium,percettiva,True,A,0.7483815149634032,0.7483815149634032,True,MI_balanced,22,2.0,2.0,0.6397080320224977,0.8306660227021551
q212_336086,Instrumentation,Medium,percettiva,True,A,0.7483815149634032,0.7483815149634032,True,UC_audio,4,,,0.10031436358645207,0.061633189794818445
q212_336086,Instrumentation,Medium,percettiva,True,A,0.7483815149634032,0.7483815149634032,True,UC_text,5,2.0,2.0,1.1224341910323237,0.8270568617755854
q213_336086,Instrumentation,Low,percettiva,True,A,0.8738657591105429,0.8738657591105429,True,MI,17,11.0,11.0,0.413343204889397,0.4429820310152012
q213_336086,Instrumentation,Low,percettiva,True,A,0.8738657591105429,0.8738657591105429,True,MI_balanced,17,7.0,5.0,0.7444825916828884,0.5787233286696298
q213_336086,Instrumentation,Low,percettiva,True,A,0.8738657591105429,0.8738657591105429,True,UC_audio,5,1.0,,1.0285346957960295,-0.0606418593085156
q213_336086,Instrumentation,Low,percettiva,True,A,0.8738657591105429,0.8738657591105429,True,UC_text,5,1.0,2.0,0.9218714282776196,0.5243857388141636
q214_1298301,Genre and Style,Low,knowledge,False,B,0.8364673161827051,0.08816300649700091,True,MI,13,1.0,,0.7444539170077876,0.042059817067824794
q214_1298301,Genre and Style,Low,knowledge,False,B,0.8364673161827051,0.08816300649700091,True,MI_balanced,13,2.0,,0.9243737916520718,0.09380986180583636
q214_1298301,Genre and Style,Low,knowledge,False,B,0.8364673161827051,0.08816300649700091,True,UC_audio,8,1.0,,0.8008193730560632,0.03401453486682671
q214_1298301,Genre and Style,Low,knowledge,False,B,0.8364673161827051,0.08816300649700091,True,UC_text,4,1.0,,1.0569795226382634,0.18282495984702463
q215_1298301,Performance,Medium,analitica,False,C,0.5283079045462385,0.07149869989790654,True,MI,17,1.0,2.0,-0.20878034798439055,1.0573049987847691
q215_1298301,Performance,Medium,analitica,False,C,0.5283079045462385,0.07149869989790654,True,MI_balanced,17,2.0,1.0,-0.274150203196891,1.1335398379301869
q215_1298301,Performance,Medium,analitica,False,C,0.5283079045462385,0.07149869989790654,True,UC_audio,6,,,0.1303083048560353,0.012142895150732124
q215_1298301,Performance,Medium,analitica,False,C,0.5283079045462385,0.07149869989790654,True,UC_text,6,1.0,,0.7317521060298016,0.04591915211968168
q216_1298301,Metre and Rhythm,Medium,percettiva,True,A,0.7996130473766685,0.7996130473766685,True,MI,15,1.0,2.0,0.779596783761939,0.8715951952172545
q216_1298301,Metre and Rhythm,Medium,percettiva,True,A,0.7996130473766685,0.7996130473766685,True,MI_balanced,15,2.0,1.0,0.8110316529225782,0.8743100171994713
q216_1298301,Metre and Rhythm,Medium,percettiva,True,A,0.7996130473766685,0.7996130473766685,True,UC_audio,7,1.0,,1.0741663012689253,-0.03780973631708708
q216_1298301,Metre and Rhythm,Medium,percettiva,True,A,0.7996130473766685,0.7996130473766685,True,UC_text,7,2.0,1.0,0.9513886472772278,1.0857591877378145
q217_770629,Metre and Rhythm,Medium,percettiva,True,A,0.9124644878811814,0.9124644878811814,True,MI,12,,,0.15678812519724866,0.13884960757854872
q217_770629,Metre and Rhythm,Medium,percettiva,True,A,0.9124644878811814,0.9124644878811814,True,MI_balanced,12,,,0.14517070998610404,0.2102458697703034
q217_770629,Metre and Rhythm,Medium,percettiva,True,A,0.9124644878811814,0.9124644878811814,True,UC_audio,7,1.0,,0.7801617843832738,-0.02009710414160086
q217_770629,Metre and Rhythm,Medium,percettiva,True,A,0.9124644878811814,0.9124644878811814,True,UC_text,10,1.0,,0.9358860384958975,0.26843502493287
q218_770629,Functional Context,Low,knowledge,True,A,0.9527507673209793,0.9527507673209793,True,MI,22,9.0,,0.43674856229646725,0.10261371794510753
q218_770629,Functional Context,Low,knowledge,True,A,0.9527507673209793,0.9527507673209793,True,MI_balanced,22,5.0,,0.6724720113900708,0.24335585003359678
q218_770629,Functional Context,Low,knowledge,True,A,0.9527507673209793,0.9527507673209793,True,UC_audio,9,7.0,,0.6933185161582682,0.045160733859201115
q218_770629,Functional Context,Low,knowledge,True,A,0.9527507673209793,0.9527507673209793,True,UC_text,3,1.0,,0.8870716059321165,0.11617950643242621
q219_1133179,Structure,Medium,analitica,True,A,0.3404063390756642,0.3404063390756642,True,MI,15,,3.0,-0.4921047975661667,1.6205733537461573
q219_1133179,Structure,Medium,analitica,True,A,0.3404063390756642,0.3404063390756642,True,MI_balanced,15,,2.0,-0.6084273380762776,1.8082911769668233
q219_1133179,Structure,Medium,analitica,True,A,0.3404063390756642,0.3404063390756642,True,UC_audio,9,,,-0.42091897884163276,-0.07656686008781582
q219_1133179,Structure,Medium,analitica,True,A,0.3404063390756642,0.3404063390756642,True,UC_text,8,8.0,2.0,0.2153441632572465,1.6067743854104166
q21_435883,Performance,Medium,analitica,True,A,0.9044159505464817,0.9044159505464817,True,MI,13,1.0,,1.0585295910024806,0.20894517539705976
q21_435883,Performance,Medium,analitica,True,A,0.9044159505464817,0.9044159505464817,True,MI_balanced,13,1.0,,1.0608546480915484,0.1300640151449304
q21_435883,Performance,Medium,analitica,True,A,0.9044159505464817,0.9044159505464817,True,UC_audio,10,1.0,,1.034586197447827,0.1621792128546902
q21_435883,Performance,Medium,analitica,True,A,0.9044159505464817,0.9044159505464817,True,UC_text,5,1.0,,1.0367471253445186,-0.04508599695305981
q220_1133179,Instrumentation,Medium,percettiva,False,C,0.614158368729951,0.18154486702886058,True,MI,11,1.0,,0.06789551895845207,0.09321079041333565
q220_1133179,Instrumentation,Medium,percettiva,False,C,0.614158368729951,0.18154486702886058,True,MI_balanced,11,,,-0.18037513084902812,0.07760823204157895
q220_1133179,Instrumentation,Medium,percettiva,False,C,0.614158368729951,0.18154486702886058,True,UC_audio,5,1.0,,0.6906012514270794,0.0024461231066464626
q220_1133179,Instrumentation,Medium,percettiva,False,C,0.614158368729951,0.18154486702886058,True,UC_text,8,1.0,4.0,0.9137470508366301,0.5813938353741522
q221_1133179,Performance,Low,analitica,True,A,0.7166549138467453,0.7166549138467453,True,MI,17,11.0,2.0,0.17454807258958666,1.0432408077357616
q221_1133179,Performance,Low,analitica,True,A,0.7166549138467453,0.7166549138467453,True,MI_balanced,17,,1.0,0.20933175540877585,1.1420025349097604
q221_1133179,Performance,Low,analitica,True,A,0.7166549138467453,0.7166549138467453,True,UC_audio,5,4.0,,0.5192347692039315,0.10580333049254316
q221_1133179,Performance,Low,analitica,True,A,0.7166549138467453,0.7166549138467453,True,UC_text,6,2.0,2.0,0.8476164307299131,1.078130261948678
q222_1227366,Harmony,High,analitica,True,A,0.8249172755732995,0.8249172755732995,True,MI,15,5.0,6.0,0.5048482509178592,0.20016001228866412
q222_1227366,Harmony,High,analitica,True,A,0.8249172755732995,0.8249172755732995,True,MI_balanced,15,3.0,3.0,0.5253302830403349,0.2008403470224582
q222_1227366,Harmony,High,analitica,True,A,0.8249172755732995,0.8249172755732995,True,UC_audio,8,2.0,,0.6471524586636066,0.01709736781493324
q222_1227366,Harmony,High,analitica,True,A,0.8249172755732995,0.8249172755732995,True,UC_text,5,1.0,3.0,0.7543200018019938,0.48955501624170367
q223_1227366,Performance,High,analitica,True,A,0.8461361410131903,0.8461361410131903,True,MI,11,1.0,,0.16483407562149346,0.180540073353654
q223_1227366,Performance,High,analitica,True,A,0.8461361410131903,0.8461361410131903,True,MI_balanced,11,,,0.04296387775565159,0.30655323573298715
q223_1227366,Performance,High,analitica,True,A,0.8461361410131903,0.8461361410131903,True,UC_audio,7,1.0,,1.0966115891616082,-0.05163131405444175
q223_1227366,Performance,High,analitica,True,A,0.8461361410131903,0.8461361410131903,True,UC_text,8,2.0,1.0,0.7105670561848833,0.7856873065480813
q224_1227366,Instrumentation,Low,percettiva,True,A,0.9521992080781749,0.9521992080781749,True,MI,10,1.0,,0.8227257738761399,-0.02754193149016464
q224_1227366,Instrumentation,Low,percettiva,True,A,0.9521992080781749,0.9521992080781749,True,MI_balanced,10,1.0,,0.8053399878551567,-0.03176883116264036
q224_1227366,Instrumentation,Low,percettiva,True,A,0.9521992080781749,0.9521992080781749,True,UC_audio,9,1.0,,1.0287672712871267,-0.0057245861628628224
q224_1227366,Instrumentation,Low,percettiva,True,A,0.9521992080781749,0.9521992080781749,True,UC_text,5,1.0,,1.0428300087586386,0.005572842134746543
q225_26435,Metre and Rhythm,High,percettiva,False,B,0.9144176638454253,0.015249358395014418,True,MI,8,1.0,1.0,0.4806222683143109,1.164187765949913
q225_26435,Metre and Rhythm,High,percettiva,False,B,0.9144176638454253,0.015249358395014418,True,MI_balanced,8,1.0,1.0,0.3285537406085485,1.205243779631574
q225_26435,Metre and Rhythm,High,percettiva,False,B,0.9144176638454253,0.015249358395014418,True,UC_audio,10,1.0,,0.9881189352933243,0.003732991064863835
q225_26435,Metre and Rhythm,High,percettiva,False,B,0.9144176638454253,0.015249358395014418,True,UC_text,4,1.0,1.0,0.9741518734927521,1.2032946361225771
q226_26435,Functional Context,Low,knowledge,True,A,0.9915301501092285,0.9915301501092285,True,MI,20,1.0,,0.8207629409501265,0.09997590935379451
q226_26435,Functional Context,Low,knowledge,True,A,0.9915301501092285,0.9915301501092285,True,MI_balanced,20,1.0,,0.8415923842724122,0.10458453526874043
q226_26435,Functional Context,Low,knowledge,True,A,0.9915301501092285,0.9915301501092285,True,UC_audio,11,1.0,,0.9528980215733857,-0.0036119828586852042
q226_26435,Functional Context,Low,knowledge,True,A,0.9915301501092285,0.9915301501092285,True,UC_text,6,1.0,3.0,0.9917375703961981,0.49396617194217607
q227_26435,Functional Context,Medium,knowledge,True,A,0.9749233727473463,0.9749233727473463,True,MI,23,5.0,11.0,0.5649460977032841,0.4503041963460525
q227_26435,Functional Context,Medium,knowledge,True,A,0.9749233727473463,0.9749233727473463,True,MI_balanced,23,4.0,3.0,0.7577748084929307,0.6126581335178368
q227_26435,Functional Context,Medium,knowledge,True,A,0.9749233727473463,0.9749233727473463,True,UC_audio,9,1.0,,0.9691678655400874,-0.003398905738201412
q227_26435,Functional Context,Medium,knowledge,True,A,0.9749233727473463,0.9749233727473463,True,UC_text,9,1.0,2.0,0.9376789182249133,0.7124004522176385
q228_7360,Instrumentation,Low,percettiva,False,C,0.8771744902494882,0.0742884831677795,True,MI,12,1.0,,0.7838909337689276,0.17589313649946672
q228_7360,Instrumentation,Low,percettiva,False,C,0.8771744902494882,0.0742884831677795,True,MI_balanced,12,1.0,,0.6626885144826582,0.32637610573544035
q228_7360,Instrumentation,Low,percettiva,False,C,0.8771744902494882,0.0742884831677795,True,UC_audio,4,1.0,,0.964170252947812,-0.013345242790053816
q228_7360,Instrumentation,Low,percettiva,False,C,0.8771744902494882,0.0742884831677795,True,UC_text,6,1.0,3.0,0.9681237049302048,0.5520359804955673
q229_7360,Instrumentation,Medium,percettiva,True,A,0.9733424684152708,0.9733424684152708,True,MI,11,1.0,,0.22479439351553174,0.1455772445248054
q229_7360,Instrumentation,Medium,percettiva,True,A,0.9733424684152708,0.9733424684152708,True,MI_balanced,11,2.0,,0.020052288085685942,0.2765358515624254
q229_7360,Instrumentation,Medium,percettiva,True,A,0.9733424684152708,0.9733424684152708,True,UC_audio,4,1.0,,1.0231919553253603,0.00047976564442888243
q229_7360,Instrumentation,Medium,percettiva,True,A,0.9733424684152708,0.9733424684152708,True,UC_text,4,1.0,1.0,0.9905711492571535,1.025339907385897
q22_1215874,Melody,Medium,analitica,True,A,0.5726118355194665,0.5726118355194665,True,MI,16,1.0,4.0,0.9214256097923257,0.7661307062566675
q22_1215874,Melody,Medium,analitica,True,A,0.5726118355194665,0.5726118355194665,True,MI_balanced,16,1.0,3.0,0.9641256736815758,0.8130624016078712
q22_1215874,Melody,Medium,analitica,True,A,0.5726118355194665,0.5726118355194665,True,UC_audio,4,1.0,,0.9102910692589232,-0.01764486141262504
q22_1215874,Melody,Medium,analitica,True,A,0.5726118355194665,0.5726118355194665,True,UC_text,6,1.0,5.0,1.0942893050919458,0.6178419800604988
q230_7360,Harmony,High,analitica,True,A,0.4546005070086604,0.4546005070086604,True,MI,16,1.0,9.0,0.5635569904768846,0.5794608753993475
q230_7360,Harmony,High,analitica,True,A,0.4546005070086604,0.4546005070086604,True,MI_balanced,16,3.0,1.0,0.8619638613215294,1.295149097366687
q230_7360,Harmony,High,analitica,True,A,0.4546005070086604,0.4546005070086604,True,UC_audio,3,1.0,,1.2573694212270552,0.33128948719590773
q230_7360,Harmony,High,analitica,True,A,0.4546005070086604,0.4546005070086604,True,UC_text,3,1.0,1.0,1.7434832557246303,1.1038724752033235
q231_1321293,Historical and Cultural Context,Low,knowledge,True,A,0.9891339982221595,0.9891339982221595,True,MI,10,2.0,,0.7074609990623626,0.1692238291061193
q231_1321293,Historical and Cultural Context,Low,knowledge,True,A,0.9891339982221595,0.9891339982221595,True,MI_balanced,10,8.0,,0.5192484651199106,0.21063071552596335
q231_1321293,Historical and Cultural Context,Low,knowledge,True,A,0.9891339982221595,0.9891339982221595,True,UC_audio,6,1.0,,0.9872414089745291,-0.001727294924376086
q231_1321293,Historical and Cultural Context,Low,knowledge,True,A,0.9891339982221595,0.9891339982221595,True,UC_text,2,1.0,,0.9855273897073519,0.17708593660642258
q232_1321293,Lyrics,Low,knowledge,True,A,0.9648362708065388,0.9648362708065388,True,MI,13,5.0,,0.6393061926373408,0.25110070019732195
q232_1321293,Lyrics,Low,knowledge,True,A,0.9648362708065388,0.9648362708065388,True,MI_balanced,13,3.0,,0.7376810748495722,0.18819637463854172
q232_1321293,Lyrics,Low,knowledge,True,A,0.9648362708065388,0.9648362708065388,True,UC_audio,9,1.0,,0.822720132918778,0.036371701784318124
q232_1321293,Lyrics,Low,knowledge,True,A,0.9648362708065388,0.9648362708065388,True,UC_text,1,1.0,,0.7956632678897063,0.009863124704766368
q233_1321293,Lyrics,Low,knowledge,True,A,0.9535146642351096,0.9535146642351096,True,MI,13,5.0,,0.7881649930480192,0.06784203277732076
q233_1321293,Lyrics,Low,knowledge,True,A,0.9535146642351096,0.9535146642351096,True,MI_balanced,13,3.0,,0.8818331615080098,0.06635868099642063
q233_1321293,Lyrics,Low,knowledge,True,A,0.9535146642351096,0.9535146642351096,True,UC_audio,6,2.0,,0.6681196752229481,-0.025029609756777607
q233_1321293,Lyrics,Low,knowledge,True,A,0.9535146642351096,0.9535146642351096,True,UC_text,5,1.0,5.0,1.041677771303352,0.5189317587275307
q234_156528,Mood and Expression,Low,knowledge,True,A,0.9897222665782608,0.9897222665782608,True,MI,20,3.0,6.0,0.7623761647916012,0.5007409860067842
q234_156528,Mood and Expression,Low,knowledge,True,A,0.9897222665782608,0.9897222665782608,True,MI_balanced,20,2.0,3.0,0.8370505983525418,0.5645368750122687
q234_156528,Mood and Expression,Low,knowledge,True,A,0.9897222665782608,0.9897222665782608,True,UC_audio,9,2.0,,0.9625403579925187,0.0011411989002414824
q234_156528,Mood and Expression,Low,knowledge,True,A,0.9897222665782608,0.9897222665782608,True,UC_text,4,1.0,,0.9843496100029648,0.1623422165939056
q235_156528,Harmony,High,analitica,False,C,0.5367873864330726,0.28732158327314167,True,MI,15,15.0,6.0,0.004501223561133738,0.9155468130240946
q235_156528,Harmony,High,analitica,False,C,0.5367873864330726,0.28732158327314167,True,MI_balanced,15,5.0,2.0,0.4926103863992264,1.3838214198305883
q235_156528,Harmony,High,analitica,False,C,0.5367873864330726,0.28732158327314167,True,UC_audio,6,5.0,,0.46982643799658946,0.06176828369665088
q235_156528,Harmony,High,analitica,False,C,0.5367873864330726,0.28732158327314167,True,UC_text,5,4.0,2.0,0.9458797205722566,1.1757531306961808
q236_156528,Performance,Low,analitica,False,B,0.4538634527022882,0.3762660179680898,True,MI,13,1.0,4.0,-0.06669088001531784,0.6185436255818723
q236_156528,Performance,Low,analitica,False,B,0.4538634527022882,0.3762660179680898,True,MI_balanced,13,,2.0,-0.19781625257921887,0.687997696103384
q236_156528,Performance,Low,analitica,False,B,0.4538634527022882,0.3762660179680898,True,UC_audio,7,,,0.3655488175276564,0.32283583312532455
q236_156528,Performance,Low,analitica,False,B,0.4538634527022882,0.3762660179680898,True,UC_text,4,3.0,4.0,0.572509672080004,0.8586429758985349
q237_270070,Mood and Expression,Low,knowledge,True,A,0.9800603546712151,0.9800603546712151,True,MI,15,4.0,,0.859941661000569,0.03509116451866422
q237_270070,Mood and Expression,Low,knowledge,True,A,0.9800603546712151,0.9800603546712151,True,MI_balanced,15,3.0,,0.9307337961807887,0.0712102464599909
q237_270070,Mood and Expression,Low,knowledge,True,A,0.9800603546712151,0.9800603546712151,True,UC_audio,10,1.0,,0.8142548829087416,0.004288445620137288
q237_270070,Mood and Expression,Low,knowledge,True,A,0.9800603546712151,0.9800603546712151,True,UC_text,7,1.0,,1.0037041490798764,0.12396366369061815
q238_270070,Melody,Medium,analitica,True,A,0.46138903775894957,0.46138903775894957,True,MI,12,2.0,,0.891117178172774,-0.288850302677543
q238_270070,Melody,Medium,analitica,True,A,0.46138903775894957,0.46138903775894957,True,MI_balanced,12,1.0,,0.5267040554545975,-0.1325740690208977
q238_270070,Melody,Medium,analitica,True,A,0.46138903775894957,0.46138903775894957,True,UC_audio,8,4.0,,0.6903796895051708,0.18282905345393438
q238_270070,Melody,Medium,analitica,True,A,0.46138903775894957,0.46138903775894957,True,UC_text,3,1.0,2.0,2.2100078857707115,-0.29571572971306564
q239_270070,Lyrics,Low,knowledge,False,B,0.8275216444988658,0.0819357385166713,True,MI,9,7.0,2.0,0.4981144249085707,0.6466232120331761
q239_270070,Lyrics,Low,knowledge,False,B,0.8275216444988658,0.0819357385166713,True,MI_balanced,9,6.0,1.0,0.5734838836171512,0.6681095949914003
q239_270070,Lyrics,Low,knowledge,False,B,0.8275216444988658,0.0819357385166713,True,UC_audio,7,,,-0.14000946864963784,0.3406264610446337
q239_270070,Lyrics,Low,knowledge,False,B,0.8275216444988658,0.0819357385166713,True,UC_text,1,1.0,,0.8636857944364797,0.1146512490465987
q23_1215874,Sound Texture,Medium,percettiva,True,A,0.9279331258009481,0.9279331258009481,True,MI,16,1.0,,0.36375880378076225,0.03630956533830623
q23_1215874,Sound Texture,Medium,percettiva,True,A,0.9279331258009481,0.9279331258009481,True,MI_balanced,16,,,0.21820099499357673,0.03118139059888896
q23_1215874,Sound Texture,Medium,percettiva,True,A,0.9279331258009481,0.9279331258009481,True,UC_audio,5,1.0,,1.015050340143792,0.01066474719070024
q23_1215874,Sound Texture,Medium,percettiva,True,A,0.9279331258009481,0.9279331258009481,True,UC_text,8,1.0,1.0,0.9046251171638567,0.890071580817574
q240_1163315,Genre and Style,Medium,knowledge,False,B,0.5032821008939811,0.4172355163001164,True,MI,10,1.0,1.0,1.3616854255672668,-0.026693492509506176
q240_1163315,Genre and Style,Medium,knowledge,False,B,0.5032821008939811,0.4172355163001164,True,MI_balanced,10,1.0,1.0,1.4322740741178008,0.07958017950643077
q240_1163315,Genre and Style,Medium,knowledge,False,B,0.5032821008939811,0.4172355163001164,True,UC_audio,11,1.0,,1.2533707874354725,-0.053221170244640584
q240_1163315,Genre and Style,Medium,knowledge,False,B,0.5032821008939811,0.4172355163001164,True,UC_text,5,1.0,1.0,1.1303724689622106,0.9095196311058612
q241_1163315,Metre and Rhythm,Medium,percettiva,True,A,0.7627973736645489,0.7627973736645489,True,MI,11,1.0,5.0,0.7884798181381995,0.4412497146288966
q241_1163315,Metre and Rhythm,Medium,percettiva,True,A,0.7627973736645489,0.7627973736645489,True,MI_balanced,11,1.0,2.0,0.7576306671176171,0.5925660673199179
q241_1163315,Metre and Rhythm,Medium,percettiva,True,A,0.7627973736645489,0.7627973736645489,True,UC_audio,7,1.0,,0.9737430454982864,0.026605958393483845
q241_1163315,Metre and Rhythm,Medium,percettiva,True,A,0.7627973736645489,0.7627973736645489,True,UC_text,2,1.0,2.0,1.2128130874612921,0.7498335606434562
q242_1163315,Metre and Rhythm,Medium,percettiva,False,D,0.893046012540012,0.040483241783200376,True,MI,11,1.0,7.0,0.30400867302219386,0.5592035915643291
q242_1163315,Metre and Rhythm,Medium,percettiva,False,D,0.893046012540012,0.040483241783200376,True,MI_balanced,11,5.0,1.0,-0.017971182641789082,0.7746340266952572
q242_1163315,Metre and Rhythm,Medium,percettiva,False,D,0.893046012540012,0.040483241783200376,True,UC_audio,3,1.0,,1.1030132120982892,-0.00468196133612972
q242_1163315,Metre and Rhythm,Medium,percettiva,False,D,0.893046012540012,0.040483241783200376,True,UC_text,10,6.0,1.0,0.39950657240534126,1.2866446137144791
q243_78733,Melody,High,analitica,False,D,0.6679582061545313,0.2964046572276567,True,MI,16,1.0,,0.4083127796928293,0.1583948387781779
q243_78733,Melody,High,analitica,False,D,0.6679582061545313,0.2964046572276567,True,MI_balanced,16,1.0,,0.5026889123332919,0.1888554339930165
q243_78733,Melody,High,analitica,False,D,0.6679582061545313,0.2964046572276567,True,UC_audio,9,1.0,,0.4462213904246799,0.008135065800093957
q243_78733,Melody,High,analitica,False,D,0.6679582061545313,0.2964046572276567,True,UC_text,1,1.0,,1.1808090599778125,0.480944967390859
q244_78733,Instrumentation,Medium,percettiva,True,A,0.7207378875551719,0.7207378875551719,True,MI,16,12.0,3.0,0.031483762880736496,0.6602160294084799
q244_78733,Instrumentation,Medium,percettiva,True,A,0.7207378875551719,0.7207378875551719,True,MI_balanced,16,,1.0,0.03811791385836845,0.539071354578757
q244_78733,Instrumentation,Medium,percettiva,True,A,0.7207378875551719,0.7207378875551719,True,UC_audio,8,7.0,,0.6368402742599424,-0.008697542226998789
q244_78733,Instrumentation,Medium,percettiva,True,A,0.7207378875551719,0.7207378875551719,True,UC_text,6,2.0,1.0,1.2396396028133303,0.857409186356638
q245_78733,Harmony,High,analitica,False,B,0.5272267227764956,0.1292024649882594,True,MI,18,1.0,1.0,0.6229624524120437,1.273771080780341
q245_78733,Harmony,High,analitica,False,B,0.5272267227764956,0.1292024649882594,True,MI_balanced,18,1.0,1.0,1.0876062838644327,1.1468295995123312
q245_78733,Harmony,High,analitica,False,B,0.5272267227764956,0.1292024649882594,True,UC_audio,7,1.0,,0.6585421666301355,-0.017869530438049352
q245_78733,Harmony,High,analitica,False,B,0.5272267227764956,0.1292024649882594,True,UC_text,6,1.0,1.0,1.5271927848181526,1.4707699905191156
q246_785425,Melody,High,analitica,False,C,0.3121480846626213,0.21453603198375631,True,MI,20,16.0,2.0,-0.8159314376460969,1.9049880348064152
q246_785425,Melody,High,analitica,False,C,0.3121480846626213,0.21453603198375631,True,MI_balanced,20,9.0,1.0,0.032536232999163105,2.2085693423150343
q246_785425,Melody,High,analitica,False,C,0.3121480846626213,0.21453603198375631,True,UC_audio,7,7.0,,0.6134462338152493,-0.17586490138508706
q246_785425,Melody,High,analitica,False,C,0.3121480846626213,0.21453603198375631,True,UC_text,6,5.0,1.0,1.5356577798294373,2.4240981650020927
q247_785425,Historical and Cultural Context,Medium,knowledge,False,B,0.48309197735671394,0.11838678047622371,True,MI,12,8.0,2.0,0.10233517428415789,0.8021275816372178
q247_785425,Historical and Cultural Context,Medium,knowledge,False,B,0.48309197735671394,0.11838678047622371,True,MI_balanced,12,,1.0,-0.10113791578089555,1.0236915394524824
q247_785425,Historical and Cultural Context,Medium,knowledge,False,B,0.48309197735671394,0.11838678047622371,True,UC_audio,5,,,-0.6910903595327225,0.30298574763107644
q247_785425,Historical and Cultural Context,Medium,knowledge,False,B,0.48309197735671394,0.11838678047622371,True,UC_text,5,1.0,1.0,1.5098178326570253,1.276465735932433
q248_785425,Musical Texture,Medium,percettiva,False,B,0.6907487100657714,0.270501081481497,True,MI,9,1.0,,0.6611198670384696,0.02535682868136115
q248_785425,Musical Texture,Medium,percettiva,False,B,0.6907487100657714,0.270501081481497,True,MI_balanced,9,7.0,,0.39952136634570573,0.06014349252667344
q248_785425,Musical Texture,Medium,percettiva,False,B,0.6907487100657714,0.270501081481497,True,UC_audio,6,1.0,,0.8469794293959725,-0.04067882605575416
q248_785425,Musical Texture,Medium,percettiva,False,B,0.6907487100657714,0.270501081481497,True,UC_text,5,1.0,,0.8266345895180022,0.310796764116704
q249_6730,Lyrics,Low,knowledge,True,A,0.4294735476224624,0.4294735476224624,True,MI,17,5.0,1.0,0.6280546375978043,1.9741134222434757
q249_6730,Lyrics,Low,knowledge,True,A,0.4294735476224624,0.4294735476224624,True,MI_balanced,17,2.0,1.0,0.11692249938972363,2.129867226136098
q249_6730,Lyrics,Low,knowledge,True,A,0.4294735476224624,0.4294735476224624,True,UC_audio,5,,1.0,-1.1650521568312062,0.1131065552292008
q249_6730,Lyrics,Low,knowledge,True,A,0.4294735476224624,0.4294735476224624,True,UC_text,4,4.0,1.0,0.43618983595836236,1.9211184048080827
q24_1215874,Metre and Rhythm,Medium,percettiva,True,A,0.8106406173469854,0.8106406173469854,True,MI,18,10.0,14.0,0.301861468222485,0.2408508892408526
q24_1215874,Metre and Rhythm,Medium,percettiva,True,A,0.8106406173469854,0.8106406173469854,True,MI_balanced,18,,6.0,0.13886871965499006,0.40332360877654333
q24_1215874,Metre and Rhythm,Medium,percettiva,True,A,0.8106406173469854,0.8106406173469854,True,UC_audio,6,1.0,,0.8034823886713454,-0.06515127405167985
q24_1215874,Metre and Rhythm,Medium,percettiva,True,A,0.8106406173469854,0.8106406173469854,True,UC_text,9,1.0,2.0,0.8515566560314397,0.5906118997687163
q250_6730,Harmony,High,analitica,False,B,0.7107760860344444,0.19130278832019096,True,MI,14,1.0,,0.8307160315716301,0.07536224372381871
q250_6730,Harmony,High,analitica,False,B,0.7107760860344444,0.19130278832019096,True,MI_balanced,14,1.0,,0.80380239258988,0.09654189988318741
q250_6730,Harmony,High,analitica,False,B,0.7107760860344444,0.19130278832019096,True,UC_audio,10,1.0,,1.0645370497709463,0.06265209054267719
q250_6730,Harmony,High,analitica,False,B,0.7107760860344444,0.19130278832019096,True,UC_text,6,1.0,4.0,1.0132346396680867,0.5805369349121027
q251_6730,Lyrics,Low,knowledge,True,A,0.997470108744565,0.997470108744565,True,MI,16,,2.0,-0.04457289955590815,0.565750012797866
q251_6730,Lyrics,Low,knowledge,True,A,0.997470108744565,0.997470108744565,True,MI_balanced,16,,1.0,-0.12430031903042828,0.5365138044456351
q251_6730,Lyrics,Low,knowledge,True,A,0.997470108744565,0.997470108744565,True,UC_audio,5,,,-0.23355212597952643,0.00022424580212967063
q251_6730,Lyrics,Low,knowledge,True,A,0.997470108744565,0.997470108744565,True,UC_text,3,1.0,1.0,0.9621202950272134,0.9759682930444924
q252_231013,Genre and Style,Low,knowledge,True,A,0.9923190369028182,0.9923190369028182,True,MI,21,1.0,,0.5824038589853597,0.20272807779377638
q252_231013,Genre and Style,Low,knowledge,True,A,0.9923190369028182,0.9923190369028182,True,MI_balanced,21,1.0,,0.6362314477111191,0.2824771444802788
q252_231013,Genre and Style,Low,knowledge,True,A,0.9923190369028182,0.9923190369028182,True,UC_audio,7,1.0,,0.9731308964495153,-0.004239989554187516
q252_231013,Genre and Style,Low,knowledge,True,A,0.9923190369028182,0.9923190369028182,True,UC_text,7,2.0,6.0,0.9186530786066889,0.4160718620631021
q253_231013,Instrumentation,Low,percettiva,True,A,0.9329256495271177,0.9329256495271177,True,MI,18,1.0,3.0,0.2580589367902667,0.982431444759959
q253_231013,Instrumentation,Low,percettiva,True,A,0.9329256495271177,0.9329256495271177,True,MI_balanced,18,5.0,2.0,0.5593405323141065,1.0878754947200768
q253_231013,Instrumentation,Low,percettiva,True,A,0.9329256495271177,0.9329256495271177,True,UC_audio,10,1.0,8.0,0.46397148825368684,0.40382110017237316
q253_231013,Instrumentation,Low,percettiva,True,A,0.9329256495271177,0.9329256495271177,True,UC_text,5,3.0,1.0,0.8911090640544136,1.0917493342143385
q254_231013,Mood and Expression,Low,knowledge,True,A,0.8630840833724186,0.8630840833724186,True,MI,23,1.0,11.0,0.223622617802065,0.5652583872974021
q254_231013,Mood and Expression,Low,knowledge,True,A,0.8630840833724186,0.8630840833724186,True,MI_balanced,23,4.0,3.0,0.7639961368213927,1.0388734627419622
q254_231013,Mood and Expression,Low,knowledge,True,A,0.8630840833724186,0.8630840833724186,True,UC_audio,7,2.0,,0.6327147247044382,-0.09854730392339085
q254_231013,Mood and Expression,Low,knowledge,True,A,0.8630840833724186,0.8630840833724186,True,UC_text,8,2.0,3.0,1.043090326091445,0.7039750141414637
q255_266919,Sound Texture,Low,percettiva,False,B,0.9277347794878404,0.04205574053443029,True,MI,18,1.0,,0.591023094914295,0.021836083013646642
q255_266919,Sound Texture,Low,percettiva,False,B,0.9277347794878404,0.04205574053443029,True,MI_balanced,18,1.0,,0.6418382511726684,0.2684733018956484
q255_266919,Sound Texture,Low,percettiva,False,B,0.9277347794878404,0.04205574053443029,True,UC_audio,8,1.0,,0.8286547373204132,0.05471031868238084
q255_266919,Sound Texture,Low,percettiva,False,B,0.9277347794878404,0.04205574053443029,True,UC_text,8,1.0,,1.0203092599035304,0.3420246760206738
q256_266919,Melody,High,analitica,False,D,0.44357843937003977,0.32452891890688146,True,MI,10,1.0,1.0,0.26067290344511984,1.4500129568439737
q256_266919,Melody,High,analitica,False,D,0.44357843937003977,0.32452891890688146,True,MI_balanced,10,1.0,1.0,-0.047885999293356823,1.4256423592830343
q256_266919,Melody,High,analitica,False,D,0.44357843937003977,0.32452891890688146,True,UC_audio,9,3.0,,0.7937679548468429,-0.022144610890553685
q256_266919,Melody,High,analitica,False,D,0.44357843937003977,0.32452891890688146,True,UC_text,5,,1.0,-0.40308714612572377,1.0524938406813564
q257_266919,Genre and Style,Medium,knowledge,True,A,0.9511593454004394,0.9511593454004394,True,MI,15,1.0,,0.7996156671417949,0.11163033123544788
q257_266919,Genre and Style,Medium,knowledge,True,A,0.9511593454004394,0.9511593454004394,True,MI_balanced,15,1.0,,0.8597174267732829,0.12733462043118812
q257_266919,Genre and Style,Medium,knowledge,True,A,0.9511593454004394,0.9511593454004394,True,UC_audio,11,1.0,,0.9947065269519896,0.00021504909738900662
q257_266919,Genre and Style,Medium,knowledge,True,A,0.9511593454004394,0.9511593454004394,True,UC_text,4,1.0,,0.9079460796199528,0.3446057256642819
q258_349850,Historical and Cultural Context,Low,knowledge,False,C,0.5550895411952719,0.33667882562075124,True,MI,13,1.0,,1.6240172318839659,-0.36816800974756336
q258_349850,Historical and Cultural Context,Low,knowledge,False,C,0.5550895411952719,0.33667882562075124,True,MI_balanced,13,1.0,,1.6923059651026782,-0.6265802865292931
q258_349850,Historical and Cultural Context,Low,knowledge,False,C,0.5550895411952719,0.33667882562075124,True,UC_audio,10,1.0,5.0,1.4583740573531376,0.6390640006305571
q258_349850,Historical and Cultural Context,Low,knowledge,False,C,0.5550895411952719,0.33667882562075124,True,UC_text,3,1.0,,1.6435522885562563,0.09804870743004927
q259_349850,Sound Texture,Medium,percettiva,True,A,0.8573722725273258,0.8573722725273258,True,MI,12,7.0,,0.7922750685143641,-0.029366435452285126
q259_349850,Sound Texture,Medium,percettiva,True,A,0.8573722725273258,0.8573722725273258,True,MI_balanced,12,1.0,,0.906782483400526,-0.032561860524395296
q259_349850,Sound Texture,Medium,percettiva,True,A,0.8573722725273258,0.8573722725273258,True,UC_audio,7,2.0,,0.6585386060884842,0.06719100548869808
q259_349850,Sound Texture,Medium,percettiva,True,A,0.8573722725273258,0.8573722725273258,True,UC_text,3,1.0,,1.1957404521938713,-0.04136005878992689
q25_135660,Metre and Rhythm,High,percettiva,False,C,0.45216856329172755,0.1422811511734008,True,MI,15,3.0,1.0,0.2158795589365514,1.041211175796146
q25_135660,Metre and Rhythm,High,percettiva,False,C,0.45216856329172755,0.1422811511734008,True,MI_balanced,15,2.0,1.0,0.7566131018914393,0.7927184713887943
q25_135660,Metre and Rhythm,High,percettiva,False,C,0.45216856329172755,0.1422811511734008,True,UC_audio,5,1.0,,1.2281606615874303,-0.04979473555839607
q25_135660,Metre and Rhythm,High,percettiva,False,C,0.45216856329172755,0.1422811511734008,True,UC_text,6,3.0,1.0,1.7398084764394601,1.8988501298194793
q260_349850,Melody,Medium,analitica,False,D,0.467244959125546,0.1075658972987623,True,MI,16,1.0,9.0,0.44076364644943095,0.751418654356158
q260_349850,Melody,Medium,analitica,False,D,0.467244959125546,0.1075658972987623,True,MI_balanced,16,,1.0,-0.011704912127541855,1.1191134574853516
q260_349850,Melody,Medium,analitica,False,D,0.467244959125546,0.1075658972987623,True,UC_audio,7,7.0,,0.46675892654335327,0.21774710682896092
q260_349850,Melody,Medium,analitica,False,D,0.467244959125546,0.1075658972987623,True,UC_text,8,7.0,1.0,0.8337837317913118,1.234753695017506
q261_924963,Mood and Expression,Low,knowledge,True,A,0.9078180046526836,0.9078180046526836,True,MI,10,1.0,,0.6622250887773566,0.24034622672879533
q261_924963,Mood and Expression,Low,knowledge,True,A,0.9078180046526836,0.9078180046526836,True,MI_balanced,10,1.0,,0.6557217063021245,0.2668146455312764
q261_924963,Mood and Expression,Low,knowledge,True,A,0.9078180046526836,0.9078180046526836,True,UC_audio,5,1.0,,0.8677139859386193,0.006233797620240444
q261_924963,Mood and Expression,Low,knowledge,True,A,0.9078180046526836,0.9078180046526836,True,UC_text,7,1.0,3.0,0.8387917245105744,0.3712721718316223
q262_924963,Mood and Expression,Medium,knowledge,False,D,0.9082704798584189,0.05286768166440334,True,MI,13,8.0,1.0,0.6060977902448356,1.1679027097414505
q262_924963,Mood and Expression,Medium,knowledge,False,D,0.9082704798584189,0.05286768166440334,True,MI_balanced,13,4.0,1.0,0.8829868610391376,1.1514306634844655
q262_924963,Mood and Expression,Medium,knowledge,False,D,0.9082704798584189,0.05286768166440334,True,UC_audio,6,1.0,,1.0254169752260407,-0.008053479911598832
q262_924963,Mood and Expression,Medium,knowledge,False,D,0.9082704798584189,0.05286768166440334,True,UC_text,6,2.0,1.0,1.0462832628408163,1.1006638357975356
q263_924963,Genre and Style,Medium,knowledge,True,A,0.716333027286387,0.716333027286387,True,MI,14,13.0,2.0,0.2142559022355481,1.1832612158208546
q263_924963,Genre and Style,Medium,knowledge,True,A,0.716333027286387,0.716333027286387,True,MI_balanced,14,8.0,1.0,0.3403054474932046,1.2447447238087979
q263_924963,Genre and Style,Medium,knowledge,True,A,0.716333027286387,0.716333027286387,True,UC_audio,7,3.0,,0.5610297722557148,0.07055797496427724
q263_924963,Genre and Style,Medium,knowledge,True,A,0.716333027286387,0.716333027286387,True,UC_text,8,,1.0,0.24066336085604317,1.3093331593245927
q264_1138775,Genre and Style,Low,knowledge,True,A,0.9733069081912228,0.9733069081912228,True,MI,22,,1.0,-0.08591599479965868,1.3232089473746422
q264_1138775,Genre and Style,Low,knowledge,True,A,0.9733069081912228,0.9733069081912228,True,MI_balanced,22,6.0,1.0,0.5960294399147973,1.3153596709030435
q264_1138775,Genre and Style,Low,knowledge,True,A,0.9733069081912228,0.9733069081912228,True,UC_audio,7,1.0,,1.0087386296218879,-0.021526080696306134
q264_1138775,Genre and Style,Low,knowledge,True,A,0.9733069081912228,0.9733069081912228,True,UC_text,10,8.0,1.0,0.5471964482551539,1.3195607030365326
q265_1138775,Instrumentation,Low,percettiva,False,B,0.470369090047271,0.27651572321294476,True,MI,16,,,-0.4045654730415885,-0.011254882374210044
q265_1138775,Instrumentation,Low,percettiva,False,B,0.470369090047271,0.27651572321294476,True,MI_balanced,16,,4.0,-0.7217234299470487,0.23514455828913128
q265_1138775,Instrumentation,Low,percettiva,False,B,0.470369090047271,0.27651572321294476,True,UC_audio,5,,,-0.17101819117097705,0.387696939474451
q265_1138775,Instrumentation,Low,percettiva,False,B,0.470369090047271,0.27651572321294476,True,UC_text,7,3.0,1.0,1.1952707353968202,0.9951526713055702
q266_1138775,Functional Context,Low,knowledge,True,A,0.9559565434860985,0.9559565434860985,True,MI,16,1.0,,0.7657944980109479,0.10275516684975912
q266_1138775,Functional Context,Low,knowledge,True,A,0.9559565434860985,0.9559565434860985,True,MI_balanced,16,4.0,,0.8708301934650609,0.22786826070192343
q266_1138775,Functional Context,Low,knowledge,True,A,0.9559565434860985,0.9559565434860985,True,UC_audio,5,1.0,,0.9568881678948353,-0.01572365757760664
q266_1138775,Functional Context,Low,knowledge,True,A,0.9559565434860985,0.9559565434860985,True,UC_text,7,1.0,,0.9629414786983214,0.3264767497285693
q267_1070646,Instrumentation,Medium,percettiva,True,A,0.9833237986793776,0.9833237986793776,True,MI,19,16.0,2.0,-0.1502936022652847,1.2693029231555337
q267_1070646,Instrumentation,Medium,percettiva,True,A,0.9833237986793776,0.9833237986793776,True,MI_balanced,19,7.0,1.0,0.3365989900679771,1.316217418630997
q267_1070646,Instrumentation,Medium,percettiva,True,A,0.9833237986793776,0.9833237986793776,True,UC_audio,9,7.0,,0.533346971458039,-0.004945429281274765
q267_1070646,Instrumentation,Medium,percettiva,True,A,0.9833237986793776,0.9833237986793776,True,UC_text,8,4.0,1.0,0.7885467287601533,1.3182363772370371
q268_1070646,Historical and Cultural Context,Medium,knowledge,True,A,0.9652967286482131,0.9652967286482131,True,MI,16,9.0,,0.38393148415596356,0.36672667357349364
q268_1070646,Historical and Cultural Context,Medium,knowledge,True,A,0.9652967286482131,0.9652967286482131,True,MI_balanced,16,5.0,,0.6149075386325169,0.3570832073530156
q268_1070646,Historical and Cultural Context,Medium,knowledge,True,A,0.9652967286482131,0.9652967286482131,True,UC_audio,8,1.0,,0.7681538205165062,0.005260889812627077
q268_1070646,Historical and Cultural Context,Medium,knowledge,True,A,0.9652967286482131,0.9652967286482131,True,UC_text,7,1.0,,0.9738046015239673,0.19967891993988773
q269_1070646,Melody,High,analitica,True,A,0.9073524607782962,0.9073524607782962,True,MI,18,2.0,3.0,0.40412411583830743,0.8123083370571914
q269_1070646,Melody,High,analitica,True,A,0.9073524607782962,0.9073524607782962,True,MI_balanced,18,4.0,1.0,0.4275770012113444,0.9309172891815416
q269_1070646,Melody,High,analitica,True,A,0.9073524607782962,0.9073524607782962,True,UC_audio,9,1.0,,0.9267891728332226,-0.0005344289985726623
q269_1070646,Melody,High,analitica,True,A,0.9073524607782962,0.9073524607782962,True,UC_text,7,1.0,3.0,0.6512768440688269,0.5203775289635345
q26_135660,Melody,High,analitica,False,D,0.6607552373657111,0.032897066177150824,True,MI,14,2.0,8.0,0.35439827476954616,0.5434177584833095
q26_135660,Melody,High,analitica,False,D,0.6607552373657111,0.032897066177150824,True,MI_balanced,14,,4.0,0.2856339659322334,0.5951948046487477
q26_135660,Melody,High,analitica,False,D,0.6607552373657111,0.032897066177150824,True,UC_audio,9,1.0,,0.9642239878152061,0.0073701976658209324
q26_135660,Melody,High,analitica,False,D,0.6607552373657111,0.032897066177150824,True,UC_text,6,4.0,2.0,0.8153042821189502,0.799172115803488
q270_17954,Instrumentation,Low,percettiva,True,A,0.4735242418423999,0.4735242418423999,True,MI,8,2.0,1.0,0.7475490429425495,1.0936854267568878
q270_17954,Instrumentation,Low,percettiva,True,A,0.4735242418423999,0.4735242418423999,True,MI_balanced,8,1.0,2.0,0.7780776066624971,1.252745705052621
q270_17954,Instrumentation,Low,percettiva,True,A,0.4735242418423999,0.4735242418423999,True,UC_audio,8,1.0,,1.3669763786196993,-0.14276916661991548
q270_17954,Instrumentation,Low,percettiva,True,A,0.4735242418423999,0.4735242418423999,True,UC_text,6,,1.0,-0.5178220818653857,1.6956784360340529
q271_17954,Performance,High,analitica,False,B,0.41559399041214495,0.1050786165546884,True,MI,10,1.0,1.0,1.5252638772712024,1.9561441975848723
q271_17954,Performance,High,analitica,False,B,0.41559399041214495,0.1050786165546884,True,MI_balanced,10,1.0,1.0,1.62727241360777,2.1450321355088238
q271_17954,Performance,High,analitica,False,B,0.41559399041214495,0.1050786165546884,True,UC_audio,9,1.0,,1.2737632675902764,-0.1548217126201065
q271_17954,Performance,High,analitica,False,B,0.41559399041214495,0.1050786165546884,True,UC_text,5,1.0,1.0,1.0638370546153715,2.1250183894695125
q272_17954,Harmony,High,analitica,True,A,0.9963364491463589,0.9963364491463589,True,MI,18,1.0,,0.4934884034068673,0.0017561584966542573
q272_17954,Harmony,High,analitica,True,A,0.9963364491463589,0.9963364491463589,True,MI_balanced,18,7.0,,0.49822440796806744,0.002288394381145679
q272_17954,Harmony,High,analitica,True,A,0.9963364491463589,0.9963364491463589,True,UC_audio,8,1.0,,0.9960004558525875,0.0011343420904407478
q272_17954,Harmony,High,analitica,True,A,0.9963364491463589,0.9963364491463589,True,UC_text,6,1.0,5.0,0.9931616684697867,0.47461942585351097
q273_1131366,Melody,Low,analitica,False,D,0.6845983029560776,0.03516608933887084,True,MI,13,1.0,,0.7894051628889951,-0.17947635769942544
q273_1131366,Melody,Low,analitica,False,D,0.6845983029560776,0.03516608933887084,True,MI_balanced,13,1.0,,0.7373791352317519,-0.2894316471486069
q273_1131366,Melody,Low,analitica,False,D,0.6845983029560776,0.03516608933887084,True,UC_audio,7,1.0,,1.0279912808855003,0.05682326315895995
q273_1131366,Melody,Low,analitica,False,D,0.6845983029560776,0.03516608933887084,True,UC_text,5,1.0,,1.3533327520215865,-0.028874087674910096
q274_1131366,Harmony,High,analitica,False,C,0.3931465641626191,0.3259299494033903,True,MI,14,1.0,10.0,-0.8706173234935096,0.5287457224087991
q274_1131366,Harmony,High,analitica,False,C,0.3931465641626191,0.3259299494033903,True,MI_balanced,14,,4.0,-1.2133031850974723,1.814766487356016
q274_1131366,Harmony,High,analitica,False,C,0.3931465641626191,0.3259299494033903,True,UC_audio,8,1.0,,0.6231058762467991,-0.5431591520483496
q274_1131366,Harmony,High,analitica,False,C,0.3931465641626191,0.3259299494033903,True,UC_text,6,2.0,1.0,0.7145046422056595,2.2427289089076967
q275_1131366,Mood and Expression,Low,knowledge,False,C,0.9527894244365019,0.019166115812821675,True,MI,12,1.0,9.0,0.5343195273105488,0.544011036216386
q275_1131366,Mood and Expression,Low,knowledge,False,C,0.9527894244365019,0.019166115812821675,True,MI_balanced,12,4.0,4.0,0.7124087575189473,0.6191881570102029
q275_1131366,Mood and Expression,Low,knowledge,False,C,0.9527894244365019,0.019166115812821675,True,UC_audio,4,1.0,,1.0385357562882487,0.0010273379944731793
q275_1131366,Mood and Expression,Low,knowledge,False,C,0.9527894244365019,0.019166115812821675,True,UC_text,8,1.0,4.0,0.9609305372284801,0.4995397008214536
q276_30259,Melody,High,analitica,False,C,0.37595539918491455,0.11113220372613478,True,MI,23,,2.0,-0.6868036654901393,2.2716767110263576
q276_30259,Melody,High,analitica,False,C,0.37595539918491455,0.11113220372613478,True,MI_balanced,23,,1.0,-0.45328734842635515,2.137606723173794
q276_30259,Melody,High,analitica,False,C,0.37595539918491455,0.11113220372613478,True,UC_audio,5,,5.0,-0.6530604661661901,0.610648716604285
q276_30259,Melody,High,analitica,False,C,0.37595539918491455,0.11113220372613478,True,UC_text,7,1.0,3.0,1.0164158436540913,1.6491820401610262
q277_30259,Functional Context,Low,knowledge,True,A,0.9622174874898297,0.9622174874898297,True,MI,9,1.0,2.0,0.8898005683172349,0.5323376209093761
q277_30259,Functional Context,Low,knowledge,True,A,0.9622174874898297,0.9622174874898297,True,MI_balanced,9,3.0,2.0,0.8969929132600896,0.5102913569912579
q277_30259,Functional Context,Low,knowledge,True,A,0.9622174874898297,0.9622174874898297,True,UC_audio,8,1.0,,1.0345414982019048,0.0031373839424414752
q277_30259,Functional Context,Low,knowledge,True,A,0.9622174874898297,0.9622174874898297,True,UC_text,6,1.0,3.0,0.9386181430233411,0.7150205804371589
q278_30259,Lyrics,Low,knowledge,True,A,0.6779524394033445,0.6779524394033445,True,MI,15,,2.0,0.053617469771573854,1.481033764150743
q278_30259,Lyrics,Low,knowledge,True,A,0.6779524394033445,0.6779524394033445,True,MI_balanced,15,,1.0,0.015637930994031664,1.542291192112554
q278_30259,Lyrics,Low,knowledge,True,A,0.6779524394033445,0.6779524394033445,True,UC_audio,11,11.0,,0.4631637542244519,-0.4461761664101281
q278_30259,Lyrics,Low,knowledge,True,A,0.6779524394033445,0.6779524394033445,True,UC_text,2,,1.0,-0.18491679049406415,0.7817201670165708
q279_617329,Instrumentation,Low,percettiva,False,B,0.854635205208685,0.011815647558642494,True,MI,20,1.0,2.0,-0.02388226614326814,1.3027991861817925
q279_617329,Instrumentation,Low,percettiva,False,B,0.854635205208685,0.011815647558642494,True,MI_balanced,20,5.0,1.0,0.6640465499762892,1.345673572249085
q279_617329,Instrumentation,Low,percettiva,False,B,0.854635205208685,0.011815647558642494,True,UC_audio,4,1.0,,0.9464796960466582,-0.010238713236918325
q279_617329,Instrumentation,Low,percettiva,False,B,0.854635205208685,0.011815647558642494,True,UC_text,9,6.0,1.0,0.6518720317839274,1.3353586244695643
q27_135660,Sound Texture,Low,percettiva,True,A,0.637033281539453,0.637033281539453,True,MI,12,6.0,1.0,0.5386297077122375,1.1760712035167964
q27_135660,Sound Texture,Low,percettiva,True,A,0.637033281539453,0.637033281539453,True,MI_balanced,12,4.0,1.0,0.6550816088811323,1.3269317594929548
q27_135660,Sound Texture,Low,percettiva,True,A,0.637033281539453,0.637033281539453,True,UC_audio,4,1.0,,1.3556970182321813,-0.14815789683527372
q27_135660,Sound Texture,Low,percettiva,True,A,0.637033281539453,0.637033281539453,True,UC_text,6,3.0,1.0,1.2562702410392539,1.426317645743992
q280_617329,Lyrics,Low,knowledge,False,B,0.3261040605744806,0.23124240547130406,True,MI,18,,2.0,-2.2956868746998906,1.9506868441659235
q280_617329,Lyrics,Low,knowledge,False,B,0.3261040605744806,0.23124240547130406,True,MI_balanced,18,,1.0,-2.2024815810344602,1.4564325655983512
q280_617329,Lyrics,Low,knowledge,False,B,0.3261040605744806,0.23124240547130406,True,UC_audio,10,,9.0,-2.5749376268744943,0.05542334180613649
q280_617329,Lyrics,Low,knowledge,False,B,0.3261040605744806,0.23124240547130406,True,UC_text,1,,1.0,0.34091530972122086,0.9657580155384337
q281_617329,Performance,Medium,analitica,False,B,0.4439665824886221,0.18507280624597208,True,MI,11,2.0,,0.9808920681341243,-0.23203856775798748
q281_617329,Performance,Medium,analitica,False,B,0.4439665824886221,0.18507280624597208,True,MI_balanced,11,2.0,,1.0247293953558425,-0.0816425687809966
q281_617329,Performance,Medium,analitica,False,B,0.4439665824886221,0.18507280624597208,True,UC_audio,4,1.0,,1.9891092239379875,0.07906905645052802
q281_617329,Performance,Medium,analitica,False,B,0.4439665824886221,0.18507280624597208,True,UC_text,4,1.0,3.0,2.005925843071099,0.5077638767385974
q282_852,Sound Texture,Low,percettiva,False,B,0.3849451764169901,0.23348105180539305,True,MI,14,6.0,1.0,0.8638362897524406,0.7648451675177259
q282_852,Sound Texture,Low,percettiva,False,B,0.3849451764169901,0.23348105180539305,True,MI_balanced,14,3.0,3.0,1.550339942211128,0.9041582222941548
q282_852,Sound Texture,Low,percettiva,False,B,0.3849451764169901,0.23348105180539305,True,UC_audio,6,4.0,5.0,0.34691696219143847,0.5624723680279735
q282_852,Sound Texture,Low,percettiva,False,B,0.3849451764169901,0.23348105180539305,True,UC_text,5,1.0,2.0,0.8425176766897445,0.7745147100990085
q283_852,Sound Texture,Low,percettiva,True,A,0.989179028153276,0.989179028153276,True,MI,15,1.0,,0.569084385361957,0.09530193089500265
q283_852,Sound Texture,Low,percettiva,True,A,0.989179028153276,0.989179028153276,True,MI_balanced,15,4.0,,0.5676119329738961,0.28114482943244623
q283_852,Sound Texture,Low,percettiva,True,A,0.989179028153276,0.989179028153276,True,UC_audio,9,1.0,,0.982630361158137,0.0011402037053102293
q283_852,Sound Texture,Low,percettiva,True,A,0.989179028153276,0.989179028153276,True,UC_text,8,1.0,4.0,0.9596852484323717,0.4728699553328078
q284_852,Performance,Low,analitica,False,B,0.6788368470900336,0.1422919331678196,True,MI,16,8.0,11.0,0.5434366652426414,0.42238998213645085
q284_852,Performance,Low,analitica,False,B,0.6788368470900336,0.1422919331678196,True,MI_balanced,16,4.0,6.0,0.7664389945619478,0.7716258557356513
q284_852,Performance,Low,analitica,False,B,0.6788368470900336,0.1422919331678196,True,UC_audio,6,,,0.2609352275841482,0.013604318318384153
q284_852,Performance,Low,analitica,False,B,0.6788368470900336,0.1422919331678196,True,UC_text,4,1.0,,1.0426297327582768,0.3154211210921185
q285_1222340,Functional Context,Low,knowledge,True,A,0.9483204951329163,0.9483204951329163,True,MI,23,,2.0,-0.15823466493069302,1.2999748712242876
q285_1222340,Functional Context,Low,knowledge,True,A,0.9483204951329163,0.9483204951329163,True,MI_balanced,23,9.0,1.0,0.4072715381062438,1.3421783708328334
q285_1222340,Functional Context,Low,knowledge,True,A,0.9483204951329163,0.9483204951329163,True,UC_audio,8,3.0,,0.6237373166217453,0.029040575691082173
q285_1222340,Functional Context,Low,knowledge,True,A,0.9483204951329163,0.9483204951329163,True,UC_text,8,,2.0,-0.34222992587863416,1.1845429365755888
q286_1222340,Melody,Low,analitica,False,C,0.6667253038716047,0.17944668114239798,True,MI,15,1.0,4.0,0.715242585235607,0.5240798252359339
q286_1222340,Melody,Low,analitica,False,C,0.6667253038716047,0.17944668114239798,True,MI_balanced,15,2.0,2.0,0.9204600953180879,0.8103359784815711
q286_1222340,Melody,Low,analitica,False,C,0.6667253038716047,0.17944668114239798,True,UC_audio,8,1.0,,1.2619836434860057,-0.12969551174703634
q286_1222340,Melody,Low,analitica,False,C,0.6667253038716047,0.17944668114239798,True,UC_text,7,,3.0,0.26414874754007794,0.7930265059284554
q287_1222340,Melody,Low,analitica,True,A,0.9903939997973176,0.9903939997973176,True,MI,15,1.0,2.0,0.7035237879914021,0.38929317768646127
q287_1222340,Melody,Low,analitica,True,A,0.9903939997973176,0.9903939997973176,True,MI_balanced,15,1.0,1.0,0.6122188925458794,0.22838830492545367
q287_1222340,Melody,Low,analitica,True,A,0.9903939997973176,0.9903939997973176,True,UC_audio,5,1.0,,0.9851825441917533,0.006764440314884491
q287_1222340,Melody,Low,analitica,True,A,0.9903939997973176,0.9903939997973176,True,UC_text,5,1.0,2.0,0.9273276425334596,0.8334141986241518
q288_1222369,Genre and Style,Low,knowledge,True,A,0.9356480662096291,0.9356480662096291,True,MI,16,1.0,,0.5515376935564099,0.07512384225872776
q288_1222369,Genre and Style,Low,knowledge,True,A,0.9356480662096291,0.9356480662096291,True,MI_balanced,16,2.0,,0.7495619475398405,0.12706715093623688
q288_1222369,Genre and Style,Low,knowledge,True,A,0.9356480662096291,0.9356480662096291,True,UC_audio,10,2.0,,0.9575906249808183,0.04214707881646531
q288_1222369,Genre and Style,Low,knowledge,True,A,0.9356480662096291,0.9356480662096291,True,UC_text,3,1.0,,0.854042982074176,0.12671262700173502
q289_1222369,Mood and Expression,Low,knowledge,True,A,0.8292787991496811,0.8292787991496811,True,MI,16,8.0,9.0,0.5202923085386973,0.2564903771858976
q289_1222369,Mood and Expression,Low,knowledge,True,A,0.8292787991496811,0.8292787991496811,True,MI_balanced,16,4.0,5.0,0.7799490655605539,0.1445867666984976
q289_1222369,Mood and Expression,Low,knowledge,True,A,0.8292787991496811,0.8292787991496811,True,UC_audio,11,2.0,,0.9705817537281762,-0.08664392389251273
q289_1222369,Mood and Expression,Low,knowledge,True,A,0.8292787991496811,0.8292787991496811,True,UC_text,3,1.0,,0.7363042793346517,0.18106324561893528
q28_14013,Performance,Low,analitica,True,A,0.7895922403595624,0.7895922403595624,True,MI,9,1.0,,0.7518637342868458,0.01125725843982431
q28_14013,Performance,Low,analitica,True,A,0.7895922403595624,0.7895922403595624,True,MI_balanced,9,1.0,,0.711823587169754,-0.026012720974471812
q28_14013,Performance,Low,analitica,True,A,0.7895922403595624,0.7895922403595624,True,UC_audio,8,1.0,,1.1324275729377302,-0.013028013704660578
q28_14013,Performance,Low,analitica,True,A,0.7895922403595624,0.7895922403595624,True,UC_text,6,1.0,,1.1810900783931035,0.26188797344448883
q290_1222369,Mood and Expression,Low,knowledge,True,A,0.9783190229508719,0.9783190229508719,True,MI,18,,4.0,-0.23799151328070298,1.0976973573392632
q290_1222369,Mood and Expression,Low,knowledge,True,A,0.9783190229508719,0.9783190229508719,True,MI_balanced,18,9.0,2.0,0.2165302644279791,1.2560877629527278
q290_1222369,Mood and Expression,Low,knowledge,True,A,0.9783190229508719,0.9783190229508719,True,UC_audio,13,1.0,,0.945302282572198,0.006496666413187789
q290_1222369,Mood and Expression,Low,knowledge,True,A,0.9783190229508719,0.9783190229508719,True,UC_text,9,6.0,1.0,0.5468025069120376,1.3122650155597697
q291_1352257,Metre and Rhythm,Medium,percettiva,False,C,0.7883020176944666,0.17589395545349668,True,MI,7,1.0,,1.0874199386677064,0.14673699013314165
q291_1352257,Metre and Rhythm,Medium,percettiva,False,C,0.7883020176944666,0.17589395545349668,True,MI_balanced,7,1.0,,1.0874199386677064,0.14673699013314165
q291_1352257,Metre and Rhythm,Medium,percettiva,False,C,0.7883020176944666,0.17589395545349668,True,UC_audio,7,1.0,,1.053110288390667,0.02279884211932161
q291_1352257,Metre and Rhythm,Medium,percettiva,False,C,0.7883020176944666,0.17589395545349668,True,UC_text,6,1.0,4.0,0.9575633815140346,0.48504021226952887
q292_1352257,Historical and Cultural Context,Low,knowledge,True,A,0.6450526096241782,0.6450526096241782,True,MI,16,1.0,2.0,0.12924049150495456,1.150008856873135
q292_1352257,Historical and Cultural Context,Low,knowledge,True,A,0.6450526096241782,0.6450526096241782,True,MI_balanced,16,6.0,1.0,0.5974131131349091,1.4154467072766805
q292_1352257,Historical and Cultural Context,Low,knowledge,True,A,0.6450526096241782,0.6450526096241782,True,UC_audio,9,2.0,,0.941392981227672,0.23546478915593685
q292_1352257,Historical and Cultural Context,Low,knowledge,True,A,0.6450526096241782,0.6450526096241782,True,UC_text,6,2.0,1.0,1.1347539187430333,1.395086271964563
q293_1352257,Harmony,High,analitica,False,D,0.48615827444538423,0.31388737350638907,True,MI,14,1.0,,0.28352188821700375,0.07603404990125484
q293_1352257,Harmony,High,analitica,False,D,0.48615827444538423,0.31388737350638907,True,MI_balanced,14,1.0,,0.2505517636477727,0.028844672529855526
q293_1352257,Harmony,High,analitica,False,D,0.48615827444538423,0.31388737350638907,True,UC_audio,9,1.0,,0.9814776853279673,-0.10003666597787793
q293_1352257,Harmony,High,analitica,False,D,0.48615827444538423,0.31388737350638907,True,UC_text,1,1.0,,0.9614293692487371,0.403237641429558
q294_1936726,Sound Texture,Medium,percettiva,True,A,0.5648264190336411,0.5648264190336411,True,MI,15,3.0,2.0,1.0311417269615055,0.5800436825152104
q294_1936726,Sound Texture,Medium,percettiva,True,A,0.5648264190336411,0.5648264190336411,True,MI_balanced,15,2.0,1.0,1.3909204962931596,0.7182115255774354
q294_1936726,Sound Texture,Medium,percettiva,True,A,0.5648264190336411,0.5648264190336411,True,UC_audio,10,7.0,,0.4329584413789621,0.16073084644979263
q294_1936726,Sound Texture,Medium,percettiva,True,A,0.5648264190336411,0.5648264190336411,True,UC_text,1,,,0.39199201105768744,0.4035942603169867
q295_1936726,Sound Texture,Medium,percettiva,True,A,0.7512897675536893,0.7512897675536893,True,MI,17,1.0,,0.17451760347913822,0.18981712770336517
q295_1936726,Sound Texture,Medium,percettiva,True,A,0.7512897675536893,0.7512897675536893,True,MI_balanced,17,,,0.12567711006479218,0.24145219175917962
q295_1936726,Sound Texture,Medium,percettiva,True,A,0.7512897675536893,0.7512897675536893,True,UC_audio,8,1.0,,0.8838342558180804,-0.033476401898838236
q295_1936726,Sound Texture,Medium,percettiva,True,A,0.7512897675536893,0.7512897675536893,True,UC_text,6,1.0,2.0,0.7710042857122651,0.34305319427978426
q296_1936726,Sound Texture,Medium,percettiva,True,A,0.7611514745339013,0.7611514745339013,True,MI,17,1.0,2.0,0.4805239655271011,0.9446027011674969
q296_1936726,Sound Texture,Medium,percettiva,True,A,0.7611514745339013,0.7611514745339013,True,MI_balanced,17,1.0,1.0,0.6236815141228248,1.0326209538347855
q296_1936726,Sound Texture,Medium,percettiva,True,A,0.7611514745339013,0.7611514745339013,True,UC_audio,9,1.0,,0.8776213531311403,-0.0019088584595069612
q296_1936726,Sound Texture,Medium,percettiva,True,A,0.7611514745339013,0.7611514745339013,True,UC_text,6,4.0,1.0,0.542557129085704,0.9464379138659711
q297_1320579,Sound Texture,High,percettiva,False,B,0.31353378057144876,0.22938621406879883,True,MI,13,1.0,4.0,3.968744687363385,1.7043976231554645
q297_1320579,Sound Texture,High,percettiva,False,B,0.31353378057144876,0.22938621406879883,True,MI_balanced,13,1.0,3.0,5.094661594921595,2.034420727203574
q297_1320579,Sound Texture,High,percettiva,False,B,0.31353378057144876,0.22938621406879883,True,UC_audio,8,1.0,,2.242620205988727,-0.26407933757067925
q297_1320579,Sound Texture,High,percettiva,False,B,0.31353378057144876,0.22938621406879883,True,UC_text,4,1.0,1.0,4.687014006902802,1.5639344223238894
q298_1320579,Instrumentation,Low,percettiva,True,A,0.655220765308867,0.655220765308867,True,MI,13,,2.0,-0.21463644735649984,0.9216664487215727
q298_1320579,Instrumentation,Low,percettiva,True,A,0.655220765308867,0.655220765308867,True,MI_balanced,13,,1.0,0.1788708864373816,1.0578554131602946
q298_1320579,Instrumentation,Low,percettiva,True,A,0.655220765308867,0.655220765308867,True,UC_audio,6,1.0,,0.20976449324658109,0.20499164508660597
q298_1320579,Instrumentation,Low,percettiva,True,A,0.655220765308867,0.655220765308867,True,UC_text,6,5.0,1.0,0.7687947079873265,1.5300262560961644
q299_1320579,Historical and Cultural Context,Low,knowledge,False,C,0.7084730161280662,0.14850401166972604,True,MI,19,,,-0.41988325300655294,0.31483774949447785
q299_1320579,Historical and Cultural Context,Low,knowledge,False,C,0.7084730161280662,0.14850401166972604,True,MI_balanced,19,,14.0,-0.39682594731350496,0.3993237765937822
q299_1320579,Historical and Cultural Context,Low,knowledge,False,C,0.7084730161280662,0.14850401166972604,True,UC_audio,10,,,-0.4928008171096353,0.09813954753762882
q299_1320579,Historical and Cultural Context,Low,knowledge,False,C,0.7084730161280662,0.14850401166972604,True,UC_text,6,1.0,3.0,1.1700639971948552,0.44330650841975305
q29_14013,Melody,Medium,analitica,True,A,0.6397682388354983,0.6397682388354983,True,MI,11,8.0,,0.28091878257478936,0.19429666807038456
q29_14013,Melody,Medium,analitica,True,A,0.6397682388354983,0.6397682388354983,True,MI_balanced,11,,,0.25869079465602407,0.17676662547018704
q29_14013,Melody,Medium,analitica,True,A,0.6397682388354983,0.6397682388354983,True,UC_audio,10,2.0,,0.5313065820012075,0.045569899529255865
q29_14013,Melody,Medium,analitica,True,A,0.6397682388354983,0.6397682388354983,True,UC_text,7,2.0,4.0,0.784902267984095,0.6549502140512945
q2_1204663,Structure,High,analitica,True,A,0.49608622462160273,0.49608622462160273,True,MI,12,1.0,12.0,0.47562492911933835,0.506492361369156
q2_1204663,Structure,High,analitica,True,A,0.49608622462160273,0.49608622462160273,True,MI_balanced,12,3.0,4.0,0.47313639267199875,0.6436884810902292
q2_1204663,Structure,High,analitica,True,A,0.49608622462160273,0.49608622462160273,True,UC_audio,8,1.0,,1.4013511025927385,0.05740490299076991
q2_1204663,Structure,High,analitica,True,A,0.49608622462160273,0.49608622462160273,True,UC_text,6,5.0,1.0,0.2925812565217715,0.8763188426116513
q300_1079319,Instrumentation,Low,percettiva,True,A,0.8714173107491843,0.8714173107491843,True,MI,15,1.0,10.0,0.5953052095311328,0.26418247293375635
q300_1079319,Instrumentation,Low,percettiva,True,A,0.8714173107491843,0.8714173107491843,True,MI_balanced,15,6.0,7.0,0.6574165775843605,0.44703561127060804
q300_1079319,Instrumentation,Low,percettiva,True,A,0.8714173107491843,0.8714173107491843,True,UC_audio,10,5.0,,0.6330559298975417,0.13796208047836406
q300_1079319,Instrumentation,Low,percettiva,True,A,0.8714173107491843,0.8714173107491843,True,UC_text,1,1.0,,0.7993127907332569,0.1696303368289937
q301_1079319,Lyrics,Low,knowledge,True,A,0.9966429391599213,0.9966429391599213,True,MI,13,1.0,,0.8767278018375327,0.026613075135125754
q301_1079319,Lyrics,Low,knowledge,True,A,0.9966429391599213,0.9966429391599213,True,MI_balanced,13,1.0,,0.8957703399983645,0.02776097810850058
q301_1079319,Lyrics,Low,knowledge,True,A,0.9966429391599213,0.9966429391599213,True,UC_audio,5,1.0,,0.8436083605824743,-0.0011500343966528868
q301_1079319,Lyrics,Low,knowledge,True,A,0.9966429391599213,0.9966429391599213,True,UC_text,3,1.0,,0.9846402004851094,0.015899683657119863
q302_1079319,Genre and Style,High,knowledge,True,A,0.7701998924126086,0.7701998924126086,True,MI,15,1.0,2.0,0.7160000732151277,1.0179043159042263
q302_1079319,Genre and Style,High,knowledge,True,A,0.7701998924126086,0.7701998924126086,True,MI_balanced,15,2.0,1.0,0.6337066076717605,0.9051676761427544
q302_1079319,Genre and Style,High,knowledge,True,A,0.7701998924126086,0.7701998924126086,True,UC_audio,5,1.0,,1.3273269741026728,-0.008514376871232578
q302_1079319,Genre and Style,High,knowledge,True,A,0.7701998924126086,0.7701998924126086,True,UC_text,2,1.0,1.0,0.6658952831432805,0.5368577622100872
q303_498814,Genre and Style,Low,knowledge,True,A,0.4933953795956106,0.4933953795956106,True,MI,9,1.0,,1.314595889916491,0.07208182603573357
q303_498814,Genre and Style,Low,knowledge,True,A,0.4933953795956106,0.4933953795956106,True,MI_balanced,9,1.0,,1.3920001744881916,-0.05848755205138837
q303_498814,Genre and Style,Low,knowledge,True,A,0.4933953795956106,0.4933953795956106,True,UC_audio,10,1.0,,0.7149531974934945,0.07602013245709593
q303_498814,Genre and Style,Low,knowledge,True,A,0.4933953795956106,0.4933953795956106,True,UC_text,1,1.0,,0.7956274764326211,0.4043794310571712
q304_498814,Harmony,High,analitica,True,A,0.9514317919232795,0.9514317919232795,True,MI,19,5.0,7.0,0.15191853965681199,0.7395149945059399
q304_498814,Harmony,High,analitica,True,A,0.9514317919232795,0.9514317919232795,True,MI_balanced,19,4.0,2.0,0.3847724484041887,0.9409613359268747
q304_498814,Harmony,High,analitica,True,A,0.9514317919232795,0.9514317919232795,True,UC_audio,13,2.0,,0.4336010074298072,0.024358428170042055
q304_498814,Harmony,High,analitica,True,A,0.9514317919232795,0.9514317919232795,True,UC_text,6,6.0,,0.4846195398995362,0.32064675173022544
q305_498814,Melody,High,analitica,True,A,0.8309228113773625,0.8309228113773625,True,MI,16,7.0,7.0,0.5478114642000731,0.4375583733967595
q305_498814,Melody,High,analitica,True,A,0.8309228113773625,0.8309228113773625,True,MI_balanced,16,4.0,4.0,0.76400664434614,0.5413822200298306
q305_498814,Melody,High,analitica,True,A,0.8309228113773625,0.8309228113773625,True,UC_audio,10,,,0.23831801473086553,-0.11417616158489263
q305_498814,Melody,High,analitica,True,A,0.8309228113773625,0.8309228113773625,True,UC_text,6,1.0,2.0,1.0173760428380365,0.6848330514934957
q306_785413,Instrumentation,Medium,percettiva,False,B,0.881255188797276,0.07463408020548393,True,MI,17,8.0,9.0,0.5596147976189619,0.42181099191637694
q306_785413,Instrumentation,Medium,percettiva,False,B,0.881255188797276,0.07463408020548393,True,MI_balanced,17,5.0,4.0,0.730387883048971,0.6548669057103734
q306_785413,Instrumentation,Medium,percettiva,False,B,0.881255188797276,0.07463408020548393,True,UC_audio,10,3.0,,0.7559347847594436,0.044986255510696634
q306_785413,Instrumentation,Medium,percettiva,False,B,0.881255188797276,0.07463408020548393,True,UC_text,5,1.0,2.0,1.1228642705453822,0.8101550629307382
q307_785413,Instrumentation,Low,percettiva,True,A,0.997015511741331,0.997015511741331,True,MI,13,1.0,,0.9025154401979391,0.004461704513790904
q307_785413,Instrumentation,Low,percettiva,True,A,0.997015511741331,0.997015511741331,True,MI_balanced,13,1.0,,0.9080043717656003,0.004384297127908665
q307_785413,Instrumentation,Low,percettiva,True,A,0.997015511741331,0.997015511741331,True,UC_audio,6,1.0,,0.9820751477756918,0.0012814839149707885
q307_785413,Instrumentation,Low,percettiva,True,A,0.997015511741331,0.997015511741331,True,UC_text,2,1.0,,0.9919967320783013,0.027615594223664053
q308_785413,Instrumentation,Medium,percettiva,True,A,0.7380765938265089,0.7380765938265089,True,MI,16,4.0,,0.4852955104944538,-0.12283713862366957
q308_785413,Instrumentation,Medium,percettiva,True,A,0.7380765938265089,0.7380765938265089,True,MI_balanced,16,2.0,,0.4300530557843401,-0.18790044493750452
q308_785413,Instrumentation,Medium,percettiva,True,A,0.7380765938265089,0.7380765938265089,True,UC_audio,7,1.0,,0.4431356636911938,-0.20814394567732153
q308_785413,Instrumentation,Medium,percettiva,True,A,0.7380765938265089,0.7380765938265089,True,UC_text,3,1.0,,1.039601776495818,-0.2510165632351113
q309_964594,Instrumentation,Medium,percettiva,True,A,0.5360879705941439,0.5360879705941439,True,MI,14,1.0,14.0,1.0923498161265186,0.23266198123186932
q309_964594,Instrumentation,Medium,percettiva,True,A,0.5360879705941439,0.5360879705941439,True,MI_balanced,14,1.0,5.0,0.7808489839853817,0.495423417982244
q309_964594,Instrumentation,Medium,percettiva,True,A,0.5360879705941439,0.5360879705941439,True,UC_audio,7,1.0,,0.7545661763217747,-0.053365798932294206
q309_964594,Instrumentation,Medium,percettiva,True,A,0.5360879705941439,0.5360879705941439,True,UC_text,4,1.0,,1.070703184091683,-0.42571095189902775
q30_14013,Melody,Medium,analitica,True,A,0.5171993068479788,0.5171993068479788,True,MI,13,1.0,2.0,-0.08182911239639593,1.0980614040439138
q30_14013,Melody,Medium,analitica,True,A,0.5171993068479788,0.5171993068479788,True,MI_balanced,13,,1.0,-0.1798323044418406,1.1070207314387979
q30_14013,Melody,Medium,analitica,True,A,0.5171993068479788,0.5171993068479788,True,UC_audio,5,1.0,,0.7770422824970694,-0.03325361189076926
q30_14013,Melody,Medium,analitica,True,A,0.5171993068479788,0.5171993068479788,True,UC_text,4,,2.0,0.06137096770257076,0.9475460624953571
q310_964594,Genre and Style,Medium,knowledge,True,A,0.6538556834167655,0.6538556834167655,True,MI,16,1.0,2.0,0.5057950351498254,0.36048850845042474
q310_964594,Genre and Style,Medium,knowledge,True,A,0.6538556834167655,0.6538556834167655,True,MI_balanced,16,7.0,2.0,0.49128199203396333,0.36220312454965753
q310_964594,Genre and Style,Medium,knowledge,True,A,0.6538556834167655,0.6538556834167655,True,UC_audio,6,,,-0.19736265611599488,-0.5317332520633227
q310_964594,Genre and Style,Medium,knowledge,True,A,0.6538556834167655,0.6538556834167655,True,UC_text,4,1.0,2.0,0.9914002847236962,0.27397899243298957
q311_964594,Instrumentation,Medium,percettiva,False,D,0.5314395999726553,0.12234434275789399,True,MI,10,,8.0,-0.5206920163774026,0.3037434275028472
q311_964594,Instrumentation,Medium,percettiva,False,D,0.5314395999726553,0.12234434275789399,True,MI_balanced,10,,8.0,-0.520595019563289,0.30993613861911423
q311_964594,Instrumentation,Medium,percettiva,False,D,0.5314395999726553,0.12234434275789399,True,UC_audio,7,,,-0.7356664285134041,-0.28030043997436327
q311_964594,Instrumentation,Medium,percettiva,False,D,0.5314395999726553,0.12234434275789399,True,UC_text,5,1.0,1.0,2.395089156302868,1.0962148147611555
q312_1051203,Musical Texture,Medium,percettiva,False,D,0.38434732046192494,0.31863512015754936,True,MI,15,1.0,,0.9964925102323013,-0.2676396303530472
q312_1051203,Musical Texture,Medium,percettiva,False,D,0.38434732046192494,0.31863512015754936,True,MI_balanced,15,1.0,,0.7331731802103209,-0.5737944191264133
q312_1051203,Musical Texture,Medium,percettiva,False,D,0.38434732046192494,0.31863512015754936,True,UC_audio,8,1.0,,1.8405157777365975,-0.1403775788431034
q312_1051203,Musical Texture,Medium,percettiva,False,D,0.38434732046192494,0.31863512015754936,True,UC_text,4,,,0.23669055297248093,0.20299151321413494
q313_1051203,Mood and Expression,Low,knowledge,True,A,0.81437624067161,0.81437624067161,True,MI,15,13.0,2.0,0.11311697146851356,0.32828545459366076
q313_1051203,Mood and Expression,Low,knowledge,True,A,0.81437624067161,0.81437624067161,True,MI_balanced,15,10.0,1.0,0.2739245426496456,0.28130395405430714
q313_1051203,Mood and Expression,Low,knowledge,True,A,0.81437624067161,0.81437624067161,True,UC_audio,6,4.0,,0.5833478790994173,0.15787763455687862
q313_1051203,Mood and Expression,Low,knowledge,True,A,0.81437624067161,0.81437624067161,True,UC_text,1,1.0,1.0,0.828371052565699,0.5836276035250751
q314_1051203,Performance,Medium,analitica,False,D,0.46045098731600426,0.29728950145284616,True,MI,17,,2.0,-0.13699442980571028,1.6696718657310157
q314_1051203,Performance,Medium,analitica,False,D,0.46045098731600426,0.29728950145284616,True,MI_balanced,17,,1.0,-0.12437579116824153,1.7750140010359035
q314_1051203,Performance,Medium,analitica,False,D,0.46045098731600426,0.29728950145284616,True,UC_audio,4,3.0,,0.555084557357206,0.0594261087686705
q314_1051203,Performance,Medium,analitica,False,D,0.46045098731600426,0.29728950145284616,True,UC_text,6,1.0,1.0,0.22536220930020084,1.1793207156580914
q315_1351134,Metre and Rhythm,Medium,percettiva,False,C,0.4394417052282726,0.27499559228522724,True,MI,19,,2.0,-0.07376637264236224,0.5508502667715928
q315_1351134,Metre and Rhythm,Medium,percettiva,False,C,0.4394417052282726,0.27499559228522724,True,MI_balanced,19,5.0,1.0,1.063159157745443,0.7621957493692643
q315_1351134,Metre and Rhythm,Medium,percettiva,False,C,0.4394417052282726,0.27499559228522724,True,UC_audio,3,3.0,,0.6675157433909498,0.2813764030465337
q315_1351134,Metre and Rhythm,Medium,percettiva,False,C,0.4394417052282726,0.27499559228522724,True,UC_text,5,3.0,3.0,0.7223435242653644,1.1880280671511627
q316_1351134,Functional Context,Low,knowledge,True,A,0.8580402198639994,0.8580402198639994,True,MI,17,6.0,,0.6733328979836807,0.05435227041974381
q316_1351134,Functional Context,Low,knowledge,True,A,0.8580402198639994,0.8580402198639994,True,MI_balanced,17,4.0,,0.7581299941096292,0.22490460355317912
q316_1351134,Functional Context,Low,knowledge,True,A,0.8580402198639994,0.8580402198639994,True,UC_audio,6,1.0,,0.9871753841070908,0.22452121188132546
q316_1351134,Functional Context,Low,knowledge,True,A,0.8580402198639994,0.8580402198639994,True,UC_text,2,1.0,,1.025012616171895,0.0683968328945042
q317_1351134,Metre and Rhythm,Low,percettiva,True,A,0.5448906284852126,0.5448906284852126,True,MI,14,11.0,7.0,0.2024666771491349,0.4597413576377816
q317_1351134,Metre and Rhythm,Low,percettiva,True,A,0.5448906284852126,0.5448906284852126,True,MI_balanced,14,8.0,3.0,0.6762355331832851,0.6976661264240828
q317_1351134,Metre and Rhythm,Low,percettiva,True,A,0.5448906284852126,0.5448906284852126,True,UC_audio,2,1.0,,1.952440380344625,0.04140716771771474
q317_1351134,Metre and Rhythm,Low,percettiva,True,A,0.5448906284852126,0.5448906284852126,True,UC_text,6,5.0,2.0,0.7213643971388566,0.4164839840048934
q318_307395,Performance,Medium,analitica,True,A,0.690544040061034,0.690544040061034,True,MI,17,,13.0,-0.09042205660734212,0.32628756750303706
q318_307395,Performance,Medium,analitica,True,A,0.690544040061034,0.690544040061034,True,MI_balanced,17,,5.0,-0.17146160826547555,0.5263150874009906
q318_307395,Performance,Medium,analitica,True,A,0.690544040061034,0.690544040061034,True,UC_audio,7,1.0,,0.36672006696975273,0.02898837085800505
q318_307395,Performance,Medium,analitica,True,A,0.690544040061034,0.690544040061034,True,UC_text,3,1.0,,0.7334218642476188,0.08063627066563682
q319_307395,Metre and Rhythm,High,percettiva,True,A,0.44057749667001017,0.44057749667001017,True,MI,17,1.0,2.0,0.8681518080318692,1.582927194807443
q319_307395,Metre and Rhythm,High,percettiva,True,A,0.44057749667001017,0.44057749667001017,True,MI_balanced,17,3.0,1.0,1.0652536524381697,1.6116985347373662
q319_307395,Metre and Rhythm,High,percettiva,True,A,0.44057749667001017,0.44057749667001017,True,UC_audio,8,1.0,,1.714960820613449,0.05949510390400514
q319_307395,Metre and Rhythm,High,percettiva,True,A,0.44057749667001017,0.44057749667001017,True,UC_text,7,5.0,1.0,1.361964575355637,1.4004638089329429
q31_644172,Melody,Medium,analitica,False,D,0.538961635596677,0.08265244375761682,True,MI,20,4.0,2.0,0.8825257135305484,0.8150803236587222
q31_644172,Melody,Medium,analitica,False,D,0.538961635596677,0.08265244375761682,True,MI_balanced,20,1.0,2.0,1.2279678279872241,0.9395811792844845
q31_644172,Melody,Medium,analitica,False,D,0.538961635596677,0.08265244375761682,True,UC_audio,7,1.0,,1.0634285733462079,-0.03161545163262259
q31_644172,Melody,Medium,analitica,False,D,0.538961635596677,0.08265244375761682,True,UC_text,9,1.0,2.0,0.6449840644007687,0.7764286554285819
q320_307395,Genre and Style,High,knowledge,True,A,0.6215308747773234,0.6215308747773234,True,MI,14,1.0,2.0,1.487251413184384,0.6843895506188765
q320_307395,Genre and Style,High,knowledge,True,A,0.6215308747773234,0.6215308747773234,True,MI_balanced,14,1.0,1.0,1.582110425034225,0.6861627644984425
q320_307395,Genre and Style,High,knowledge,True,A,0.6215308747773234,0.6215308747773234,True,UC_audio,6,3.0,,1.6020531930508712,0.2730944075399704
q320_307395,Genre and Style,High,knowledge,True,A,0.6215308747773234,0.6215308747773234,True,UC_text,2,1.0,1.0,0.825028653787927,0.9019384860907912
q32_644172,Harmony,Low,analitica,True,A,0.8580402198639994,0.8580402198639994,True,MI,21,14.0,10.0,0.17512624897143558,0.43286385760255375
q32_644172,Harmony,Low,analitica,True,A,0.8580402198639994,0.8580402198639994,True,MI_balanced,21,7.0,4.0,0.5025237713388948,0.21050040176179705
q32_644172,Harmony,Low,analitica,True,A,0.8580402198639994,0.8580402198639994,True,UC_audio,8,,,0.27767021053807006,0.034935786137964824
q32_644172,Harmony,Low,analitica,True,A,0.8580402198639994,0.8580402198639994,True,UC_text,4,1.0,3.0,0.9118289403401645,0.48906055200256626
q33_644172,Metre and Rhythm,Medium,percettiva,True,A,0.9727681437444863,0.9727681437444863,True,MI,17,,,0.28694887952616893,0.14370004084647775
q33_644172,Metre and Rhythm,Medium,percettiva,True,A,0.9727681437444863,0.9727681437444863,True,MI_balanced,17,,,0.3315228977274503,0.377071680785097
q33_644172,Metre and Rhythm,Medium,percettiva,True,A,0.9727681437444863,0.9727681437444863,True,UC_audio,8,1.0,,0.9205539549043904,0.014413272706329586
q33_644172,Metre and Rhythm,Medium,percettiva,True,A,0.9727681437444863,0.9727681437444863,True,UC_text,8,1.0,5.0,0.9454537423993575,0.25022808249298295
q34_355486,Musical Texture,Medium,percettiva,True,A,0.7464909508314338,0.7464909508314338,True,MI,16,1.0,4.0,-0.01849352409515762,0.587711146785982
q34_355486,Musical Texture,Medium,percettiva,True,A,0.7464909508314338,0.7464909508314338,True,MI_balanced,16,9.0,2.0,0.2971527863661695,0.7213561715957163
q34_355486,Musical Texture,Medium,percettiva,True,A,0.7464909508314338,0.7464909508314338,True,UC_audio,11,1.0,,0.991296930884704,-0.017795212479067655
q34_355486,Musical Texture,Medium,percettiva,True,A,0.7464909508314338,0.7464909508314338,True,UC_text,6,5.0,2.0,0.7355311662177701,1.2627478494786495
q35_355486,Melody,High,analitica,True,A,0.5088974156778556,0.5088974156778556,True,MI,10,7.0,3.0,0.5506852626439672,0.7818872335806943
q35_355486,Melody,High,analitica,True,A,0.5088974156778556,0.5088974156778556,True,MI_balanced,10,4.0,2.0,0.6585789353977906,0.8930584313009633
q35_355486,Melody,High,analitica,True,A,0.5088974156778556,0.5088974156778556,True,UC_audio,10,7.0,8.0,0.6056989965395875,0.27693375652117697
q35_355486,Melody,High,analitica,True,A,0.5088974156778556,0.5088974156778556,True,UC_text,6,2.0,4.0,1.1142393172717509,0.6778501481274034
q36_355486,Harmony,High,analitica,True,A,0.8895152141340282,0.8895152141340282,True,MI,14,1.0,,0.886910778514051,0.05205648780532116
q36_355486,Harmony,High,analitica,True,A,0.8895152141340282,0.8895152141340282,True,MI_balanced,14,1.0,,0.9370282001470923,0.08406621796735682
q36_355486,Harmony,High,analitica,True,A,0.8895152141340282,0.8895152141340282,True,UC_audio,10,1.0,,0.9110026851514027,-0.034006564307780596
q36_355486,Harmony,High,analitica,True,A,0.8895152141340282,0.8895152141340282,True,UC_text,5,1.0,,1.0345584458108905,0.33498587134450347
q37_337998,Instrumentation,Medium,percettiva,False,C,0.9139764930513371,0.04550421014616744,True,MI,15,,,0.052667282919196014,0.0650642374396897
q37_337998,Instrumentation,Medium,percettiva,False,C,0.9139764930513371,0.04550421014616744,True,MI_balanced,15,,,0.05084677006122473,0.058923220439304126
q37_337998,Instrumentation,Medium,percettiva,False,C,0.9139764930513371,0.04550421014616744,True,UC_audio,7,,7.0,0.2354015639258211,0.47062386005182716
q37_337998,Instrumentation,Medium,percettiva,False,C,0.9139764930513371,0.04550421014616744,True,UC_text,4,1.0,,1.0065026193208717,0.045031233662759476
q38_337998,Performance,Low,analitica,True,A,0.5954389874499406,0.5954389874499406,True,MI,12,1.0,2.0,0.25740564510997455,0.9667715962653698
q38_337998,Performance,Low,analitica,True,A,0.5954389874499406,0.5954389874499406,True,MI_balanced,12,3.0,1.0,0.2998682259646494,1.0874574015656906
q38_337998,Performance,Low,analitica,True,A,0.5954389874499406,0.5954389874499406,True,UC_audio,10,1.0,,1.0685154063802593,-0.10825949399507996
q38_337998,Performance,Low,analitica,True,A,0.5954389874499406,0.5954389874499406,True,UC_text,9,3.0,1.0,1.1207054050498941,1.0612403848772394
q39_337998,Instrumentation,Low,percettiva,True,A,0.974825459464703,0.974825459464703,True,MI,14,8.0,,0.4336278648550158,0.16259948405194938
q39_337998,Instrumentation,Low,percettiva,True,A,0.974825459464703,0.974825459464703,True,MI_balanced,14,5.0,,0.62147418889035,0.2026421443570396
q39_337998,Instrumentation,Low,percettiva,True,A,0.974825459464703,0.974825459464703,True,UC_audio,10,8.0,,0.6105496953758347,0.02618271737668778
q39_337998,Instrumentation,Low,percettiva,True,A,0.974825459464703,0.974825459464703,True,UC_text,4,1.0,,1.0102950077297326,0.20167839298783366
q3_1204663,Metre and Rhythm,Low,percettiva,True,A,0.9864321482475515,0.9864321482475515,True,MI,23,1.0,,0.5367490675466101,0.17920577010007607
q3_1204663,Metre and Rhythm,Low,percettiva,True,A,0.9864321482475515,0.9864321482475515,True,MI_balanced,23,4.0,7.0,0.7479918386119142,0.31557713974542695
q3_1204663,Metre and Rhythm,Low,percettiva,True,A,0.9864321482475515,0.9864321482475515,True,UC_audio,9,3.0,,0.8756803803167529,0.016434258566719994
q3_1204663,Metre and Rhythm,Low,percettiva,True,A,0.9864321482475515,0.9864321482475515,True,UC_text,7,1.0,,0.9706770016585755,0.316842077562638
q40_457120,Genre and Style,Medium,knowledge,True,A,0.5945729986177098,0.5945729986177098,True,MI,17,7.0,7.0,0.45675516426050405,0.25281977030516634
q40_457120,Genre and Style,Medium,knowledge,True,A,0.5945729986177098,0.5945729986177098,True,MI_balanced,17,4.0,5.0,0.8597857676595013,0.4221610767777753
q40_457120,Genre and Style,Medium,knowledge,True,A,0.5945729986177098,0.5945729986177098,True,UC_audio,7,2.0,,0.49123388980712623,0.31410817252877543
q40_457120,Genre and Style,Medium,knowledge,True,A,0.5945729986177098,0.5945729986177098,True,UC_text,7,1.0,5.0,0.9450164700609692,0.6649161509656796
q41_457120,Instrumentation,Medium,percettiva,False,B,0.5964005923872137,0.21940351664172533,True,MI,16,1.0,1.0,0.6833817740749895,-0.04153479214041396
q41_457120,Instrumentation,Medium,percettiva,False,B,0.5964005923872137,0.21940351664172533,True,MI_balanced,16,3.0,,0.9681678720352962,0.009565335862245762
q41_457120,Instrumentation,Medium,percettiva,False,B,0.5964005923872137,0.21940351664172533,True,UC_audio,10,1.0,,0.1877516731713159,0.3874893199674284
q41_457120,Instrumentation,Medium,percettiva,False,B,0.5964005923872137,0.21940351664172533,True,UC_text,5,1.0,,1.0609022160029482,-0.04577802412061141
q42_457120,Mood and Expression,Low,knowledge,True,A,0.8731634961261597,0.8731634961261597,True,MI,13,2.0,8.0,0.8104756145371639,0.2403720773053384
q42_457120,Mood and Expression,Low,knowledge,True,A,0.8731634961261597,0.8731634961261597,True,MI_balanced,13,1.0,4.0,0.8436748872490231,0.2514317039555966
q42_457120,Mood and Expression,Low,knowledge,True,A,0.8731634961261597,0.8731634961261597,True,UC_audio,9,3.0,,0.8114978331928183,0.18063499126655147
q42_457120,Mood and Expression,Low,knowledge,True,A,0.8731634961261597,0.8731634961261597,True,UC_text,6,1.0,2.0,1.0514765438472247,0.29801741517505476
q43_1235672,Harmony,Medium,analitica,True,A,0.7466485276062774,0.7466485276062774,True,MI,20,1.0,2.0,0.8856445177492842,0.7604593977574334
q43_1235672,Harmony,Medium,analitica,True,A,0.7466485276062774,0.7466485276062774,True,MI_balanced,20,1.0,1.0,0.6228400997031829,0.6115871203000804
q43_1235672,Harmony,Medium,analitica,True,A,0.7466485276062774,0.7466485276062774,True,UC_audio,5,1.0,,0.9213331407667696,0.11375443547568254
q43_1235672,Harmony,Medium,analitica,True,A,0.7466485276062774,0.7466485276062774,True,UC_text,8,1.0,1.0,1.398539283367831,1.1300248633841008
q44_1235672,Structure,Medium,analitica,True,A,0.5480215772670762,0.5480215772670762,True,MI,9,1.0,8.0,0.7209007028074714,0.41467379045612696
q44_1235672,Structure,Medium,analitica,True,A,0.5480215772670762,0.5480215772670762,True,MI_balanced,9,2.0,2.0,0.7557141376232902,1.0390771435732793
q44_1235672,Structure,Medium,analitica,True,A,0.5480215772670762,0.5480215772670762,True,UC_audio,8,1.0,,1.8620767942444651,-0.2937821446561447
q44_1235672,Structure,Medium,analitica,True,A,0.5480215772670762,0.5480215772670762,True,UC_text,4,3.0,1.0,1.032179654069626,1.6665135211382667
q45_1235672,Historical and Cultural Context,Low,knowledge,True,A,0.942877839152332,0.942877839152332,True,MI,15,1.0,6.0,0.399363150829247,0.6341071469520263
q45_1235672,Historical and Cultural Context,Low,knowledge,True,A,0.942877839152332,0.942877839152332,True,MI_balanced,15,2.0,3.0,0.526050840396098,0.8378467040698269
q45_1235672,Historical and Cultural Context,Low,knowledge,True,A,0.942877839152332,0.942877839152332,True,UC_audio,5,1.0,,0.9971483259831527,0.11393966363384789
q45_1235672,Historical and Cultural Context,Low,knowledge,True,A,0.942877839152332,0.942877839152332,True,UC_text,8,1.0,3.0,0.9812300243122603,0.39106367864827524
q46_510027,Performance,Medium,analitica,False,B,0.49250050863519385,0.16496700651215684,True,MI,16,1.0,13.0,0.7599139946885753,0.37182234506690004
q46_510027,Performance,Medium,analitica,False,B,0.49250050863519385,0.16496700651215684,True,MI_balanced,16,2.0,7.0,0.874803511929649,0.7082357582367703
q46_510027,Performance,Medium,analitica,False,B,0.49250050863519385,0.16496700651215684,True,UC_audio,11,1.0,,0.9022985148107847,0.25152638110434106
q46_510027,Performance,Medium,analitica,False,B,0.49250050863519385,0.16496700651215684,True,UC_text,6,1.0,2.0,1.0990882932665411,0.8450081106479554
q47_510027,Musical Texture,Low,percettiva,False,D,0.7165730413360913,0.19286301767337552,True,MI,9,1.0,2.0,0.373227502200577,0.9022596122270367
q47_510027,Musical Texture,Low,percettiva,False,D,0.7165730413360913,0.19286301767337552,True,MI_balanced,9,,1.0,0.3718002579611116,0.9230281730010722
q47_510027,Musical Texture,Low,percettiva,False,D,0.7165730413360913,0.19286301767337552,True,UC_audio,3,1.0,,0.8289252339227553,-0.01876617908969856
q47_510027,Musical Texture,Low,percettiva,False,D,0.7165730413360913,0.19286301767337552,True,UC_text,5,1.0,2.0,1.1854992176044932,0.7495207256389005
q48_510027,Structure,Medium,analitica,False,B,0.6928278314966331,0.1364258889280911,True,MI,7,1.0,,0.7703979905966255,-0.08779790547782058
q48_510027,Structure,Medium,analitica,False,B,0.6928278314966331,0.1364258889280911,True,MI_balanced,7,1.0,,0.6652319997588614,-0.188927495037944
q48_510027,Structure,Medium,analitica,False,B,0.6928278314966331,0.1364258889280911,True,UC_audio,11,1.0,,1.0981833510994634,-0.051986943605922674
q48_510027,Structure,Medium,analitica,False,B,0.6928278314966331,0.1364258889280911,True,UC_text,5,1.0,3.0,1.3782257919824237,0.6636031665102288
q49_1149194,Sound Texture,Low,percettiva,True,A,0.480060833802595,0.480060833802595,True,MI,15,8.0,11.0,0.38253762399150415,0.1840820366935098
q49_1149194,Sound Texture,Low,percettiva,True,A,0.480060833802595,0.480060833802595,True,MI_balanced,15,6.0,8.0,1.0000244246437633,0.6219983791321044
q49_1149194,Sound Texture,Low,percettiva,True,A,0.480060833802595,0.480060833802595,True,UC_audio,2,,,-0.8458310915874752,-0.1148041461387666
q49_1149194,Sound Texture,Low,percettiva,True,A,0.480060833802595,0.480060833802595,True,UC_text,5,1.0,,1.587403307407413,0.1981608154166901
q4_196219,Musical Texture,Medium,percettiva,True,A,0.9085891836769958,0.9085891836769958,True,MI,18,6.0,6.0,0.43563102899805456,0.6461295358933853
q4_196219,Musical Texture,Medium,percettiva,True,A,0.9085891836769958,0.9085891836769958,True,MI_balanced,18,4.0,4.0,0.7324865754334542,0.7691944021711602
q4_196219,Musical Texture,Medium,percettiva,True,A,0.9085891836769958,0.9085891836769958,True,UC_audio,10,3.0,,0.5117311822326679,0.014139949315073537
q4_196219,Musical Texture,Medium,percettiva,True,A,0.9085891836769958,0.9085891836769958,True,UC_text,10,1.0,4.0,0.8424991676952857,0.7378514784934784
q50_1149194,Functional Context,Low,knowledge,True,A,0.651889564128793,0.651889564128793,True,MI,17,2.0,2.0,1.3195088647260822,1.1479540400288795
q50_1149194,Functional Context,Low,knowledge,True,A,0.651889564128793,0.651889564128793,True,MI_balanced,17,1.0,2.0,1.5744902904841396,1.2217316209967979
q50_1149194,Functional Context,Low,knowledge,True,A,0.651889564128793,0.651889564128793,True,UC_audio,2,1.0,,0.21571481789568786,-0.16181509886488202
q50_1149194,Functional Context,Low,knowledge,True,A,0.651889564128793,0.651889564128793,True,UC_text,6,3.0,2.0,0.8159363496179904,1.2085018077160175
q51_1149194,Mood and Expression,Low,knowledge,False,B,0.8937984302204834,0.03927076230130312,True,MI,18,1.0,16.0,0.06261634212234278,0.3465987728299575
q51_1149194,Mood and Expression,Low,knowledge,False,B,0.8937984302204834,0.03927076230130312,True,MI_balanced,18,,2.0,0.1993599551897433,0.9397835525977918
q51_1149194,Mood and Expression,Low,knowledge,False,B,0.8937984302204834,0.03927076230130312,True,UC_audio,4,1.0,,1.0227153667735605,-0.020395683294188904
q51_1149194,Mood and Expression,Low,knowledge,False,B,0.8937984302204834,0.03927076230130312,True,UC_text,8,2.0,3.0,0.7191703873706919,0.6625404365670274
q52_1107251,Melody,Low,analitica,True,A,0.839133765788027,0.839133765788027,True,MI,13,1.0,,0.5829861036053002,0.11265320975981029
q52_1107251,Melody,Low,analitica,True,A,0.839133765788027,0.839133765788027,True,MI_balanced,13,1.0,,0.6539298626266379,0.14996738149761082
q52_1107251,Melody,Low,analitica,True,A,0.839133765788027,0.839133765788027,True,UC_audio,9,1.0,,0.9614823941195325,0.01031133908676708
q52_1107251,Melody,Low,analitica,True,A,0.839133765788027,0.839133765788027,True,UC_text,2,1.0,,1.1211183682234531,0.34075425455232256
q53_1107251,Lyrics,Low,knowledge,True,A,0.6032820801401093,0.6032820801401093,True,MI,13,2.0,3.0,1.2529427792181385,1.0981451098454784
q53_1107251,Lyrics,Low,knowledge,True,A,0.6032820801401093,0.6032820801401093,True,MI_balanced,13,2.0,3.0,1.786756272551263,1.1930475544484982
q53_1107251,Lyrics,Low,knowledge,True,A,0.6032820801401093,0.6032820801401093,True,UC_audio,8,,2.0,-0.23445822698694682,-0.5186247569029437
q53_1107251,Lyrics,Low,knowledge,True,A,0.6032820801401093,0.6032820801401093,True,UC_text,8,3.0,3.0,1.4604643570360776,1.1937385755396406
q54_1107251,Mood and Expression,Low,knowledge,True,A,0.914219612538522,0.914219612538522,True,MI,22,,2.0,-0.07867429408809541,0.6067889418971857
q54_1107251,Mood and Expression,Low,knowledge,True,A,0.914219612538522,0.914219612538522,True,MI_balanced,22,9.0,1.0,0.24201183547855626,0.6263025211368276
q54_1107251,Mood and Expression,Low,knowledge,True,A,0.914219612538522,0.914219612538522,True,UC_audio,11,2.0,,0.7005397532724892,0.1443032804745186
q54_1107251,Mood and Expression,Low,knowledge,True,A,0.914219612538522,0.914219612538522,True,UC_text,8,3.0,4.0,0.8572314882869326,0.3797981988047398
q55_189585,Harmony,High,analitica,False,C,0.4347759564177044,0.15994513588172446,True,MI,17,1.0,1.0,1.2725167798827195,1.3209952099777262
q55_189585,Harmony,High,analitica,False,C,0.4347759564177044,0.15994513588172446,True,MI_balanced,17,1.0,1.0,0.8216315312572059,0.8527835680745198
q55_189585,Harmony,High,analitica,False,C,0.4347759564177044,0.15994513588172446,True,UC_audio,6,1.0,,1.6269885333436964,-0.027927819917263032
q55_189585,Harmony,High,analitica,False,C,0.4347759564177044,0.15994513588172446,True,UC_text,4,1.0,1.0,2.3716526329436216,1.822635743610355
q56_189585,Harmony,High,analitica,True,A,0.5254535836550316,0.5254535836550316,True,MI,18,1.0,2.0,1.250340244259634,1.3084748754278652
q56_189585,Harmony,High,analitica,True,A,0.5254535836550316,0.5254535836550316,True,MI_balanced,18,1.0,1.0,1.7883530938402752,1.4139777477411017
q56_189585,Harmony,High,analitica,True,A,0.5254535836550316,0.5254535836550316,True,UC_audio,8,1.0,,0.6354381429108807,0.05050805296838561
q56_189585,Harmony,High,analitica,True,A,0.5254535836550316,0.5254535836550316,True,UC_text,4,1.0,1.0,1.521423635153058,1.5404845708498607
q57_189585,Genre and Style,Low,knowledge,True,A,0.9775919635141282,0.9775919635141282,True,MI,21,,5.0,0.1285800184782083,0.6732396419557563
q57_189585,Genre and Style,Low,knowledge,True,A,0.9775919635141282,0.9775919635141282,True,MI_balanced,21,,2.0,0.2011479755913663,0.7536256479978427
q57_189585,Genre and Style,Low,knowledge,True,A,0.9775919635141282,0.9775919635141282,True,UC_audio,10,1.0,,0.7761806747691259,0.04652239795570894
q57_189585,Genre and Style,Low,knowledge,True,A,0.9775919635141282,0.9775919635141282,True,UC_text,3,1.0,,0.9755997730334152,0.15209592109051273
q58_170946,Historical and Cultural Context,Low,knowledge,False,D,0.6271841606045976,0.28714583269951094,True,MI,12,1.0,,1.5255441473193632,0.09300241850731114
q58_170946,Historical and Cultural Context,Low,knowledge,False,D,0.6271841606045976,0.28714583269951094,True,MI_balanced,12,2.0,,1.697716399412056,0.28435519256299446
q58_170946,Historical and Cultural Context,Low,knowledge,False,D,0.6271841606045976,0.28714583269951094,True,UC_audio,5,1.0,,1.4940499076143732,0.05068721231293192
q58_170946,Historical and Cultural Context,Low,knowledge,False,D,0.6271841606045976,0.28714583269951094,True,UC_text,7,1.0,2.0,1.2586277135274635,0.285088068243757
q59_170946,Sound Texture,Low,percettiva,True,A,0.8814779766144206,0.8814779766144206,True,MI,19,,2.0,-0.2646580373781472,1.1453623904071584
q59_170946,Sound Texture,Low,percettiva,True,A,0.8814779766144206,0.8814779766144206,True,MI_balanced,19,11.0,1.0,0.0885230774375459,1.1455926586349263
q59_170946,Sound Texture,Low,percettiva,True,A,0.8814779766144206,0.8814779766144206,True,UC_audio,13,7.0,,0.5248746452789578,0.07624897783407981
q59_170946,Sound Texture,Low,percettiva,True,A,0.8814779766144206,0.8814779766144206,True,UC_text,7,7.0,1.0,0.592699269474685,1.2295679608524919
q5_196219,Performance,Low,analitica,True,A,0.9300847566365308,0.9300847566365308,True,MI,18,6.0,3.0,0.5188892408086738,0.951265458315786
q5_196219,Performance,Low,analitica,True,A,0.9300847566365308,0.9300847566365308,True,MI_balanced,18,3.0,2.0,0.7174910452328251,1.0542177174124183
q5_196219,Performance,Low,analitica,True,A,0.9300847566365308,0.9300847566365308,True,UC_audio,9,3.0,,0.8684730636870975,0.026631788138390292
q5_196219,Performance,Low,analitica,True,A,0.9300847566365308,0.9300847566365308,True,UC_text,6,1.0,,0.9059737048668397,0.3626576699443287
q60_170946,Instrumentation,Low,percettiva,True,A,0.7734033486803229,0.7734033486803229,True,MI,20,5.0,2.0,0.0973433073495901,1.0409128715348042
q60_170946,Instrumentation,Low,percettiva,True,A,0.7734033486803229,0.7734033486803229,True,MI_balanced,20,10.0,1.0,0.5306411141323051,1.0078552139534531
q60_170946,Instrumentation,Low,percettiva,True,A,0.7734033486803229,0.7734033486803229,True,UC_audio,16,2.0,6.0,0.6275738871325699,0.8691080841613626
q60_170946,Instrumentation,Low,percettiva,True,A,0.7734033486803229,0.7734033486803229,True,UC_text,7,2.0,1.0,0.8083271025118741,0.9372658982635211
q61_1278743,Genre and Style,Medium,knowledge,False,C,0.7303345053702823,0.12300840123006516,True,MI,16,1.0,4.0,0.7233286828488036,0.9147470605896797
q61_1278743,Genre and Style,Medium,knowledge,False,C,0.7303345053702823,0.12300840123006516,True,MI_balanced,16,3.0,3.0,0.7530937718687655,1.0589482873554308
q61_1278743,Genre and Style,Medium,knowledge,False,C,0.7303345053702823,0.12300840123006516,True,UC_audio,9,1.0,,0.9037540571119347,0.20132930111524036
q61_1278743,Genre and Style,Medium,knowledge,False,C,0.7303345053702823,0.12300840123006516,True,UC_text,8,3.0,3.0,0.7332268993521655,0.923121505648861
q62_1278743,Genre and Style,Low,knowledge,True,A,0.5265548336094584,0.5265548336094584,True,MI,18,16.0,9.0,-0.05960892468804846,0.36972883203646145
q62_1278743,Genre and Style,Low,knowledge,True,A,0.5265548336094584,0.5265548336094584,True,MI_balanced,18,10.0,4.0,0.3084202422887052,0.7472097920806512
q62_1278743,Genre and Style,Low,knowledge,True,A,0.5265548336094584,0.5265548336094584,True,UC_audio,7,1.0,,0.7941515414610616,-0.1790624241076625
q62_1278743,Genre and Style,Low,knowledge,True,A,0.5265548336094584,0.5265548336094584,True,UC_text,8,6.0,3.0,1.1614890611920574,0.8659039067151504
q63_1278743,Sound Texture,Low,percettiva,False,B,0.6794177125933102,0.23480047860924866,True,MI,12,9.0,,-0.2674624621013484,-0.31136398237579166
q63_1278743,Sound Texture,Low,percettiva,False,B,0.6794177125933102,0.23480047860924866,True,MI_balanced,12,6.0,,-0.3467428221775967,-0.41438042646939527
q63_1278743,Sound Texture,Low,percettiva,False,B,0.6794177125933102,0.23480047860924866,True,UC_audio,6,6.0,,0.8294112918774701,-0.20989556418947455
q63_1278743,Sound Texture,Low,percettiva,False,B,0.6794177125933102,0.23480047860924866,True,UC_text,2,1.0,,1.398953840933516,0.2904867188674798
q64_261271,Harmony,High,analitica,False,B,0.7269822668015379,0.06976636975133123,True,MI,14,1.0,2.0,0.23175222712538393,0.883099001601074
q64_261271,Harmony,High,analitica,False,B,0.7269822668015379,0.06976636975133123,True,MI_balanced,14,,1.0,0.10586814879051816,1.1298578466517466
q64_261271,Harmony,High,analitica,False,B,0.7269822668015379,0.06976636975133123,True,UC_audio,8,1.0,,0.8612751882128644,-0.014669016128349413
q64_261271,Harmony,High,analitica,False,B,0.7269822668015379,0.06976636975133123,True,UC_text,5,4.0,1.0,0.45372826968060637,1.2725170816809535
q65_261271,Genre and Style,Low,knowledge,False,D,0.8346563863864791,0.15929695898094082,True,MI,11,1.0,,0.3331218146743888,0.07967080746733807
q65_261271,Genre and Style,Low,knowledge,False,D,0.8346563863864791,0.15929695898094082,True,MI_balanced,11,5.0,,0.2392691544260161,0.07665948855450608
q65_261271,Genre and Style,Low,knowledge,False,D,0.8346563863864791,0.15929695898094082,True,UC_audio,7,1.0,,0.6252369541903222,-0.0685064923854762
q65_261271,Genre and Style,Low,knowledge,False,D,0.8346563863864791,0.15929695898094082,True,UC_text,7,1.0,,1.0116925027468695,0.013309407534871276
q66_261271,Functional Context,Low,knowledge,True,A,0.7414374845223148,0.7414374845223148,True,MI,21,,6.0,-0.1478526408899166,0.6479187521466906
q66_261271,Functional Context,Low,knowledge,True,A,0.7414374845223148,0.7414374845223148,True,MI_balanced,21,9.0,3.0,0.284937314212124,0.5510921617321023
q66_261271,Functional Context,Low,knowledge,True,A,0.7414374845223148,0.7414374845223148,True,UC_audio,8,,,0.302192927837375,0.2532300490375004
q66_261271,Functional Context,Low,knowledge,True,A,0.7414374845223148,0.7414374845223148,True,UC_text,6,2.0,2.0,1.0057502396925384,0.9561262219419221
q67_1051201,Mood and Expression,Low,knowledge,False,C,0.4001346626396633,0.18901023122328664,True,MI,13,,2.0,-0.5482950464630207,-1.030941705444802
q67_1051201,Mood and Expression,Low,knowledge,False,C,0.4001346626396633,0.18901023122328664,True,MI_balanced,13,,1.0,-0.36777732570770827,-1.0768888513018888
q67_1051201,Mood and Expression,Low,knowledge,False,C,0.4001346626396633,0.18901023122328664,True,UC_audio,14,1.0,,-0.6370696407785231,-0.34986213036677494
q67_1051201,Mood and Expression,Low,knowledge,False,C,0.4001346626396633,0.18901023122328664,True,UC_text,5,4.0,1.0,1.4501254559320222,0.9638740634926746
q68_1051201,Mood and Expression,Low,knowledge,False,D,0.6240951085411857,0.27694052564991073,True,MI,13,11.0,2.0,0.2357584728638674,1.0139663304181166
q68_1051201,Mood and Expression,Low,knowledge,False,D,0.6240951085411857,0.27694052564991073,True,MI_balanced,13,6.0,1.0,0.7870850147714791,1.281922831575646
q68_1051201,Mood and Expression,Low,knowledge,False,D,0.6240951085411857,0.27694052564991073,True,UC_audio,9,9.0,9.0,0.5363210808757383,0.7904279828366072
q68_1051201,Mood and Expression,Low,knowledge,False,D,0.6240951085411857,0.27694052564991073,True,UC_text,4,1.0,2.0,0.8480490403895988,0.879185038167225
q69_1051201,Performance,Low,analitica,False,C,0.49018996674344023,0.02222111589405314,True,MI,13,1.0,,-0.12002623898039631,0.11838219773707832
q69_1051201,Performance,Low,analitica,False,C,0.49018996674344023,0.02222111589405314,True,MI_balanced,13,,,-0.022039596124519445,0.17278490882009437
q69_1051201,Performance,Low,analitica,False,C,0.49018996674344023,0.02222111589405314,True,UC_audio,9,1.0,,1.2576548462310955,0.20449785309561685
q69_1051201,Performance,Low,analitica,False,C,0.49018996674344023,0.02222111589405314,True,UC_text,7,1.0,,2.0920058976260925,0.34511359188902085
q6_196219,Melody,Medium,analitica,True,A,0.34924682616641345,0.34924682616641345,True,MI,13,1.0,2.0,0.826068416690715,1.5695374750294409
q6_196219,Melody,Medium,analitica,True,A,0.34924682616641345,0.34924682616641345,True,MI_balanced,13,1.0,1.0,0.954172986027977,2.210215505941278
q6_196219,Melody,Medium,analitica,True,A,0.34924682616641345,0.34924682616641345,True,UC_audio,8,2.0,,1.8476697241210946,-0.5949122157118706
q6_196219,Melody,Medium,analitica,True,A,0.34924682616641345,0.34924682616641345,True,UC_text,1,1.0,1.0,0.5434437574433446,2.5644443777091483
q70_1247308,Metre and Rhythm,Low,percettiva,False,B,0.9149720829964036,0.06628035538538243,True,MI,15,1.0,,0.5583420818744962,-0.005218365305085866
q70_1247308,Metre and Rhythm,Low,percettiva,False,B,0.9149720829964036,0.06628035538538243,True,MI_balanced,15,1.0,,0.6787918861089501,-0.021721018080753343
q70_1247308,Metre and Rhythm,Low,percettiva,False,B,0.9149720829964036,0.06628035538538243,True,UC_audio,10,1.0,,0.5994569253850899,0.05487561188699797
q70_1247308,Metre and Rhythm,Low,percettiva,False,B,0.9149720829964036,0.06628035538538243,True,UC_text,9,1.0,,1.0566820393725587,0.19644422883850676
q71_1247308,Harmony,Medium,analitica,False,B,0.7979623718551249,0.008071274845894441,True,MI,18,1.0,10.0,-0.2125083855875966,0.4778683023601269
q71_1247308,Harmony,Medium,analitica,False,B,0.7979623718551249,0.008071274845894441,True,MI_balanced,18,,4.0,-0.25150069387978796,0.6452875335985947
q71_1247308,Harmony,Medium,analitica,False,B,0.7979623718551249,0.008071274845894441,True,UC_audio,14,1.0,,0.7843065223241782,0.012341519765332983
q71_1247308,Harmony,Medium,analitica,False,B,0.7979623718551249,0.008071274845894441,True,UC_text,8,6.0,1.0,0.6129990669957522,1.1852883413829478
q72_1247308,Structure,Medium,analitica,False,C,0.5161918885056399,0.12260632016829098,True,MI,9,1.0,2.0,0.5803844560441539,1.3446556085738195
q72_1247308,Structure,Medium,analitica,False,C,0.5161918885056399,0.12260632016829098,True,MI_balanced,9,1.0,1.0,0.5821705621260499,1.3411174632305167
q72_1247308,Structure,Medium,analitica,False,C,0.5161918885056399,0.12260632016829098,True,UC_audio,9,1.0,,0.6008994086275601,0.05545144567940106
q72_1247308,Structure,Medium,analitica,False,C,0.5161918885056399,0.12260632016829098,True,UC_text,3,1.0,1.0,1.2119729854363712,1.7538032443741665
q73_26738,Instrumentation,Low,percettiva,True,A,0.9749774702609316,0.9749774702609316,True,MI,19,1.0,4.0,0.7451991272381894,0.42961602058972054
q73_26738,Instrumentation,Low,percettiva,True,A,0.9749774702609316,0.9749774702609316,True,MI_balanced,19,1.0,3.0,0.9026236144020554,0.4853808993472791
q73_26738,Instrumentation,Low,percettiva,True,A,0.9749774702609316,0.9749774702609316,True,UC_audio,12,1.0,,0.9784708632562978,0.006577950222986142
q73_26738,Instrumentation,Low,percettiva,True,A,0.9749774702609316,0.9749774702609316,True,UC_text,6,1.0,,0.8757098249732977,0.18986228334732516
q74_26738,Instrumentation,Medium,percettiva,False,B,0.8812229923097292,0.03015379260981468,True,MI,19,15.0,4.0,0.2742065215698598,0.4318719885837356
q74_26738,Instrumentation,Medium,percettiva,False,B,0.8812229923097292,0.03015379260981468,True,MI_balanced,19,12.0,3.0,0.3549488035438368,0.47497903598402474
q74_26738,Instrumentation,Medium,percettiva,False,B,0.8812229923097292,0.03015379260981468,True,UC_audio,11,2.0,,0.9408703904332599,0.0123140102214813
q74_26738,Instrumentation,Medium,percettiva,False,B,0.8812229923097292,0.03015379260981468,True,UC_text,6,1.0,4.0,0.9745623755118165,0.6962998596307859
q75_26738,Genre and Style,Low,knowledge,True,A,0.9652333264926671,0.9652333264926671,True,MI,18,1.0,,0.11079754288621892,0.0053383334013861975
q75_26738,Genre and Style,Low,knowledge,True,A,0.9652333264926671,0.9652333264926671,True,MI_balanced,18,4.0,,0.17738627678964897,0.0728764688571431
q75_26738,Genre and Style,Low,knowledge,True,A,0.9652333264926671,0.9652333264926671,True,UC_audio,10,1.0,,1.01930872645906,-0.00705480373798843
q75_26738,Genre and Style,Low,knowledge,True,A,0.9652333264926671,0.9652333264926671,True,UC_text,5,1.0,4.0,0.9277981788443589,0.6264705686990037
q76_1087890,Performance,Low,analitica,True,A,0.714416654903424,0.714416654903424,True,MI,17,9.0,12.0,0.3109564801691017,0.17559950394517762
q76_1087890,Performance,Low,analitica,True,A,0.714416654903424,0.714416654903424,True,MI_balanced,17,5.0,,0.7985015200648135,0.1895871824742072
q76_1087890,Performance,Low,analitica,True,A,0.714416654903424,0.714416654903424,True,UC_audio,13,7.0,,0.5842284683707996,0.1787899288409318
q76_1087890,Performance,Low,analitica,True,A,0.714416654903424,0.714416654903424,True,UC_text,7,1.0,2.0,1.407439726725658,0.6260204471432059
q77_1087890,Instrumentation,Low,percettiva,True,A,0.9864048155502271,0.9864048155502271,True,MI,14,1.0,,0.988589909357501,0.041267729126893166
q77_1087890,Instrumentation,Low,percettiva,True,A,0.9864048155502271,0.9864048155502271,True,MI_balanced,14,1.0,,0.9925671328576905,0.06425985718825925
q77_1087890,Instrumentation,Low,percettiva,True,A,0.9864048155502271,0.9864048155502271,True,UC_audio,9,1.0,,0.9966992848589501,0.006501129527003272
q77_1087890,Instrumentation,Low,percettiva,True,A,0.9864048155502271,0.9864048155502271,True,UC_text,2,1.0,,0.9644397215525289,0.04837423371614596
q78_1087890,Metre and Rhythm,Medium,percettiva,True,A,0.9722107931236628,0.9722107931236628,True,MI,14,1.0,,0.9550263651159968,0.024948810125677578
q78_1087890,Metre and Rhythm,Medium,percettiva,True,A,0.9722107931236628,0.9722107931236628,True,MI_balanced,14,1.0,,0.9492243242529835,0.06292122785803705
q78_1087890,Metre and Rhythm,Medium,percettiva,True,A,0.9722107931236628,0.9722107931236628,True,UC_audio,8,1.0,,0.974829524157716,0.0026574731357366377
q78_1087890,Metre and Rhythm,Medium,percettiva,True,A,0.9722107931236628,0.9722107931236628,True,UC_text,6,1.0,,0.9516648375759952,0.023490200253714653
q79_467850,Instrumentation,Low,percettiva,False,D,0.986344658190183,0.005340161230215827,True,MI,15,,,-0.03148635933458311,0.05524556936195886
q79_467850,Instrumentation,Low,percettiva,False,D,0.986344658190183,0.005340161230215827,True,MI_balanced,15,,,0.037834863666324735,0.069439250434125
q79_467850,Instrumentation,Low,percettiva,False,D,0.986344658190183,0.005340161230215827,True,UC_audio,10,3.0,,0.9086279573691469,0.011630065014182168
q79_467850,Instrumentation,Low,percettiva,False,D,0.986344658190183,0.005340161230215827,True,UC_text,6,1.0,,1.000634619752083,0.021930621623138493
q7_171574,Metre and Rhythm,Medium,percettiva,True,A,0.8430578490317439,0.8430578490317439,True,MI,15,1.0,8.0,1.0649040167925454,0.49397260082572836
q7_171574,Metre and Rhythm,Medium,percettiva,True,A,0.8430578490317439,0.8430578490317439,True,MI_balanced,15,1.0,5.0,1.0172104734768852,0.45695508384345895
q7_171574,Metre and Rhythm,Medium,percettiva,True,A,0.8430578490317439,0.8430578490317439,True,UC_audio,6,1.0,,1.0352001737632814,0.1071587297276429
q7_171574,Metre and Rhythm,Medium,percettiva,True,A,0.8430578490317439,0.8430578490317439,True,UC_text,1,1.0,,0.9068343078790143,0.12440361182616114
q80_467850,Genre and Style,Low,knowledge,True,A,0.9441097823147562,0.9441097823147562,True,MI,17,1.0,14.0,0.8354131572467995,0.2377602968904165
q80_467850,Genre and Style,Low,knowledge,True,A,0.9441097823147562,0.9441097823147562,True,MI_balanced,17,2.0,,0.856404558070891,0.16192761826894658
q80_467850,Genre and Style,Low,knowledge,True,A,0.9441097823147562,0.9441097823147562,True,UC_audio,8,1.0,,0.9527727410449027,0.012211855299429251
q80_467850,Genre and Style,Low,knowledge,True,A,0.9441097823147562,0.9441097823147562,True,UC_text,2,1.0,,0.9553334720881251,0.07201357146128146
q81_467850,Metre and Rhythm,Low,percettiva,True,A,0.7685284197844418,0.7685284197844418,True,MI,15,,1.0,0.03326584936040912,0.9447715884052824
q81_467850,Metre and Rhythm,Low,percettiva,True,A,0.7685284197844418,0.7685284197844418,True,MI_balanced,15,,1.0,0.0508442957516191,1.1724176880118087
q81_467850,Metre and Rhythm,Low,percettiva,True,A,0.7685284197844418,0.7685284197844418,True,UC_audio,7,4.0,,0.9968531240857604,0.1151770676521222
q81_467850,Metre and Rhythm,Low,percettiva,True,A,0.7685284197844418,0.7685284197844418,True,UC_text,7,5.0,2.0,0.9475869015261632,1.240916903198134
q82_875005,Metre and Rhythm,Medium,percettiva,False,D,0.4406334327096958,0.16209998098669723,True,MI,15,10.0,2.0,0.1903520302720839,1.0371919542159527
q82_875005,Metre and Rhythm,Medium,percettiva,False,D,0.4406334327096958,0.16209998098669723,True,MI_balanced,15,8.0,1.0,0.3391896866222605,0.9559214323634533
q82_875005,Metre and Rhythm,Medium,percettiva,False,D,0.4406334327096958,0.16209998098669723,True,UC_audio,10,6.0,,0.45436577935662353,0.19780071865321078
q82_875005,Metre and Rhythm,Medium,percettiva,False,D,0.4406334327096958,0.16209998098669723,True,UC_text,5,1.0,1.0,1.412249944322898,1.1237364732753221
q83_875005,Harmony,Medium,analitica,True,A,0.4236221084836842,0.4236221084836842,True,MI,14,1.0,2.0,-0.12681096502677255,0.600117366893027
q83_875005,Harmony,Medium,analitica,True,A,0.4236221084836842,0.4236221084836842,True,MI_balanced,14,,1.0,-0.07279730239493956,0.6726559549356668
q83_875005,Harmony,Medium,analitica,True,A,0.4236221084836842,0.4236221084836842,True,UC_audio,5,,,0.19492143583125118,0.31092664469755765
q83_875005,Harmony,Medium,analitica,True,A,0.4236221084836842,0.4236221084836842,True,UC_text,8,1.0,1.0,0.7790930632312981,0.7937189716813454
q84_875005,Harmony,High,analitica,False,B,0.5749989627741006,0.27161027787526093,True,MI,15,,14.0,-0.011585224654310089,0.20943082976537433
q84_875005,Harmony,High,analitica,False,B,0.5749989627741006,0.27161027787526093,True,MI_balanced,15,,3.0,-0.2686394974090693,0.517101371035409
q84_875005,Harmony,High,analitica,False,B,0.5749989627741006,0.27161027787526093,True,UC_audio,11,3.0,,0.7889281061112089,0.03335713098307955
q84_875005,Harmony,High,analitica,False,B,0.5749989627741006,0.27161027787526093,True,UC_text,9,,3.0,0.23636449022690745,1.030867757293069
q85_1215807,Musical Texture,Medium,percettiva,False,C,0.45252027802456685,0.3524231468812225,True,MI,14,4.0,13.0,1.6098743863008722,-0.15214689175006058
q85_1215807,Musical Texture,Medium,percettiva,False,C,0.45252027802456685,0.3524231468812225,True,MI_balanced,14,3.0,3.0,2.2619068236750963,-0.0968054172744131
q85_1215807,Musical Texture,Medium,percettiva,False,C,0.45252027802456685,0.3524231468812225,True,UC_audio,6,1.0,,1.624169367095085,-0.3355879790050914
q85_1215807,Musical Texture,Medium,percettiva,False,C,0.45252027802456685,0.3524231468812225,True,UC_text,4,1.0,2.0,2.8095729379483094,-0.3840423660350257
q86_1215807,Sound Texture,Low,percettiva,True,A,0.8553941771578063,0.8553941771578063,True,MI,16,14.0,4.0,0.2847041582416311,1.0608413029461137
q86_1215807,Sound Texture,Low,percettiva,True,A,0.8553941771578063,0.8553941771578063,True,MI_balanced,16,10.0,2.0,0.4500563828824215,1.213869818125202
q86_1215807,Sound Texture,Low,percettiva,True,A,0.8553941771578063,0.8553941771578063,True,UC_audio,10,1.0,,0.2842330038075155,0.14993049564493785
q86_1215807,Sound Texture,Low,percettiva,True,A,0.8553941771578063,0.8553941771578063,True,UC_text,7,1.0,3.0,0.6953670796175995,1.0068877229344266
q87_1215807,Instrumentation,Medium,percettiva,False,B,0.4584889391104034,0.062049730435360516,True,MI,7,1.0,4.0,1.1878238550152522,0.42249458201238244
q87_1215807,Instrumentation,Medium,percettiva,False,B,0.4584889391104034,0.062049730435360516,True,MI_balanced,7,2.0,3.0,1.2850039854845974,0.4340902319932207
q87_1215807,Instrumentation,Medium,percettiva,False,B,0.4584889391104034,0.062049730435360516,True,UC_audio,11,1.0,,-0.29048910330662736,-0.44084279995327796
q87_1215807,Instrumentation,Medium,percettiva,False,B,0.4584889391104034,0.062049730435360516,True,UC_text,8,3.0,1.0,1.443670493821266,1.605187128613786
q88_306166,Harmony,Low,analitica,False,C,0.44954353982053336,0.11016538228276244,True,MI,10,1.0,,-0.04762434963582991,-0.2741974791393634
q88_306166,Harmony,Low,analitica,False,C,0.44954353982053336,0.11016538228276244,True,MI_balanced,10,,,0.01763759026674373,-0.2801117225780146
q88_306166,Harmony,Low,analitica,False,C,0.44954353982053336,0.11016538228276244,True,UC_audio,5,1.0,,1.3213244002143587,0.06762172312443239
q88_306166,Harmony,Low,analitica,False,C,0.44954353982053336,0.11016538228276244,True,UC_text,6,1.0,3.0,0.9740405049085655,1.3577842784742722
q89_306166,Melody,Medium,analitica,False,D,0.4420834850850301,0.04112016955365405,True,MI,18,3.0,,1.2672642375868655,-0.16690309596656064
q89_306166,Melody,Medium,analitica,False,D,0.4420834850850301,0.04112016955365405,True,MI_balanced,18,2.0,,0.46797535061730616,-0.19505198755668346
q89_306166,Melody,Medium,analitica,False,D,0.4420834850850301,0.04112016955365405,True,UC_audio,4,,,0.015234850263501376,0.04707752768616746
q89_306166,Melody,Medium,analitica,False,D,0.4420834850850301,0.04112016955365405,True,UC_text,4,1.0,3.0,1.7152382515968585,0.3789258797406225
q8_171574,Harmony,Medium,analitica,False,C,0.31901222700377413,0.2815273022174445,True,MI,10,10.0,10.0,0.6001738532895751,0.5214543603672783
q8_171574,Harmony,Medium,analitica,False,C,0.31901222700377413,0.2815273022174445,True,MI_balanced,10,3.0,3.0,1.8117001133811828,0.7453761783517201
q8_171574,Harmony,Medium,analitica,False,C,0.31901222700377413,0.2815273022174445,True,UC_audio,8,,4.0,-0.7336503916193259,0.6509088395751128
q8_171574,Harmony,Medium,analitica,False,C,0.31901222700377413,0.2815273022174445,True,UC_text,7,3.0,3.0,0.009145716465893997,0.4024049856419719
q90_306166,Performance,Medium,analitica,True,A,0.42068305601289163,0.42068305601289163,True,MI,9,1.0,5.0,2.2170976158129303,0.748204122181994
q90_306166,Performance,Medium,analitica,True,A,0.42068305601289163,0.42068305601289163,True,MI_balanced,9,1.0,1.0,2.511612386556957,1.0450122287860082
q90_306166,Performance,Medium,analitica,True,A,0.42068305601289163,0.42068305601289163,True,UC_audio,9,1.0,,1.1231009023616814,-0.0710145231700488
q90_306166,Performance,Medium,analitica,True,A,0.42068305601289163,0.42068305601289163,True,UC_text,4,1.0,1.0,2.882017018575314,0.6251369791967563
q91_8559,Historical and Cultural Context,Low,knowledge,True,A,0.8434474408906367,0.8434474408906367,True,MI,12,11.0,2.0,0.2690232569938974,1.018901392190312
q91_8559,Historical and Cultural Context,Low,knowledge,True,A,0.8434474408906367,0.8434474408906367,True,MI_balanced,12,5.0,1.0,0.6788908278187143,0.9640564407061664
q91_8559,Historical and Cultural Context,Low,knowledge,True,A,0.8434474408906367,0.8434474408906367,True,UC_audio,10,3.0,,0.9868319079429184,-0.00028747131637883
q91_8559,Historical and Cultural Context,Low,knowledge,True,A,0.8434474408906367,0.8434474408906367,True,UC_text,6,2.0,2.0,0.8966396792092385,0.7808531951106346
q92_8559,Performance,Low,analitica,True,A,0.9163750882230488,0.9163750882230488,True,MI,15,1.0,,0.6335957250873876,0.0005576244539312052
q92_8559,Performance,Low,analitica,True,A,0.9163750882230488,0.9163750882230488,True,MI_balanced,15,4.0,,0.7523229123029652,0.04698531666490004
q92_8559,Performance,Low,analitica,True,A,0.9163750882230488,0.9163750882230488,True,UC_audio,15,3.0,,0.8842112305841927,0.13521638447136036
q92_8559,Performance,Low,analitica,True,A,0.9163750882230488,0.9163750882230488,True,UC_text,4,1.0,,1.085779918208481,0.04646466767961394
q93_8559,Instrumentation,Medium,percettiva,False,C,0.5553896145302528,0.09957587094141294,True,MI,12,1.0,,1.1934195733514807,0.07875277456292744
q93_8559,Instrumentation,Medium,percettiva,False,C,0.5553896145302528,0.09957587094141294,True,MI_balanced,12,1.0,3.0,1.1184870672349818,0.1086047463617719
q93_8559,Instrumentation,Medium,percettiva,False,C,0.5553896145302528,0.09957587094141294,True,UC_audio,3,1.0,,1.6044285989747995,0.3896376302009111
q93_8559,Instrumentation,Medium,percettiva,False,C,0.5553896145302528,0.09957587094141294,True,UC_text,6,1.0,,1.0987914144358168,0.24772151043929538
q94_1420928,Instrumentation,Low,percettiva,True,A,0.9280038992145159,0.9280038992145159,True,MI,15,7.0,10.0,0.6029147397643092,0.41628558180326364
q94_1420928,Instrumentation,Low,percettiva,True,A,0.9280038992145159,0.9280038992145159,True,MI_balanced,15,4.0,4.0,0.634662126047592,0.36589060593655787
q94_1420928,Instrumentation,Low,percettiva,True,A,0.9280038992145159,0.9280038992145159,True,UC_audio,9,8.0,,0.4161698045343274,-0.018258990025219708
q94_1420928,Instrumentation,Low,percettiva,True,A,0.9280038992145159,0.9280038992145159,True,UC_text,1,1.0,,0.818125825300939,0.05959870706720071
q95_1420928,Mood and Expression,Low,knowledge,True,A,0.9627578099883324,0.9627578099883324,True,MI,17,4.0,11.0,0.7364373006127973,0.30163235231413943
q95_1420928,Mood and Expression,Low,knowledge,True,A,0.9627578099883324,0.9627578099883324,True,MI_balanced,17,2.0,,0.45257628242370324,0.14005174460770956
q95_1420928,Mood and Expression,Low,knowledge,True,A,0.9627578099883324,0.9627578099883324,True,UC_audio,7,,,-0.11117547263592759,0.011274181035116718
q95_1420928,Mood and Expression,Low,knowledge,True,A,0.9627578099883324,0.9627578099883324,True,UC_text,4,1.0,,1.0096673362321056,0.03119191411943129
q96_1420928,Harmony,Medium,analitica,False,C,0.3376787962539557,0.1595081689202165,True,MI,10,1.0,,0.7781676086350436,-1.1625617228147103
q96_1420928,Harmony,Medium,analitica,False,C,0.3376787962539557,0.1595081689202165,True,MI_balanced,10,2.0,,0.843350015804716,-2.5011370105818203
q96_1420928,Harmony,Medium,analitica,False,C,0.3376787962539557,0.1595081689202165,True,UC_audio,8,1.0,,1.1721465463076959,-0.2719812778928001
q96_1420928,Harmony,Medium,analitica,False,C,0.3376787962539557,0.1595081689202165,True,UC_text,5,,3.0,-0.0992461749513392,0.29226143061317345
q97_1319502,Genre and Style,Low,knowledge,False,B,0.7584096260876311,0.025951350314172957,True,MI,15,1.0,4.0,0.21852542884017925,0.5283911206521422
q97_1319502,Genre and Style,Low,knowledge,False,B,0.7584096260876311,0.025951350314172957,True,MI_balanced,15,3.0,2.0,0.41760112292431883,0.6339035050702235
q97_1319502,Genre and Style,Low,knowledge,False,B,0.7584096260876311,0.025951350314172957,True,UC_audio,11,1.0,,0.6826829741908701,0.07669035528589993
q97_1319502,Genre and Style,Low,knowledge,False,B,0.7584096260876311,0.025951350314172957,True,UC_text,8,1.0,2.0,0.8568302201728353,0.2732507218782434
q98_1319502,Instrumentation,Medium,percettiva,False,C,0.6216157572830294,0.0423014831585136,True,MI,16,1.0,16.0,0.8905925637286789,0.18733975043573992
q98_1319502,Instrumentation,Medium,percettiva,False,C,0.6216157572830294,0.0423014831585136,True,MI_balanced,16,1.0,7.0,0.5566504845772312,0.4138242003760037
q98_1319502,Instrumentation,Medium,percettiva,False,C,0.6216157572830294,0.0423014831585136,True,UC_audio,9,9.0,,0.5144525022713111,-0.06703924622336684
q98_1319502,Instrumentation,Medium,percettiva,False,C,0.6216157572830294,0.0423014831585136,True,UC_text,4,1.0,4.0,1.2074282555417553,0.5405547795703946
q99_1319502,Historical and Cultural Context,Low,knowledge,True,A,0.9332049192082981,0.9332049192082981,True,MI,21,13.0,,0.27709607400911873,0.21072543466124102
q99_1319502,Historical and Cultural Context,Low,knowledge,True,A,0.9332049192082981,0.9332049192082981,True,MI_balanced,21,8.0,8.0,0.5799324843213837,0.5697451540374219
q99_1319502,Historical and Cultural Context,Low,knowledge,True,A,0.9332049192082981,0.9332049192082981,True,UC_audio,9,9.0,,0.4434540689200681,0.005855780590498635
q99_1319502,Historical and Cultural Context,Low,knowledge,True,A,0.9332049192082981,0.9332049192082981,True,UC_text,7,1.0,4.0,0.9684397255675464,0.7487973488945638
q9_171574,Sound Texture,Medium,percettiva,True,A,0.4529088712338581,0.4529088712338581,True,MI,16,1.0,,0.7805711440644078,0.011335910345795824
q9_171574,Sound Texture,Medium,percettiva,True,A,0.4529088712338581,0.4529088712338581,True,MI_balanced,16,2.0,,0.8163316257055445,0.10141094496475936
q9_171574,Sound Texture,Medium,percettiva,True,A,0.4529088712338581,0.4529088712338581,True,UC_audio,6,1.0,,0.7844299782864463,-0.08362162344606204
q9_171574,Sound Texture,Medium,percettiva,True,A,0.4529088712338581,0.4529088712338581,True,UC_text,6,1.0,3.0,1.4717822315234697,1.2186885047268132
