sample_id,idx,question,category,difficulty,macro_family,model_answer,correct_answer_letter,correct,a_shap,t_shap,uc_audio_l1,mi_audio_l1,uc_text_l1,mi_text_l1,uc_audio_sum,mi_audio_sum,uc_text_sum,mi_text_sum,base_ucmi,uc_stem_drums,mi_stem_drums,uc_stem_bass,mi_stem_bass,uc_stem_other,mi_stem_other,uc_stem_vocals,mi_stem_vocals,uc_time_seg0,mi_time_seg0,uc_time_seg1,mi_time_seg1,uc_time_seg2,mi_time_seg2,uc_time_seg3,mi_time_seg3,uc_time_seg4,mi_time_seg4,uc_time_seg5,mi_time_seg5,uc_time_seg6,mi_time_seg6,uc_time_seg7,mi_time_seg7
q100_1247352,99,Which instrument plays the lead sound in the introduction?,Instrumentation,High,percettiva,A,A,True,0.16163410301953818,0.8383658969804618,0.5628759943318985,0.7930280214713537,3.8338978656457585,0.0,-0.3467328021068159,-0.7605106231333597,3.8338978656457585,0.0,,-0.010968664021872639,-0.04851091081654989,0.10807159611254127,0.014510527157114168,-0.4410591336558983,-0.7282584114858068,-0.002776600541586233,0.0017481720118827804,0.08220364867284735,-0.03273913807493026,0.025303994145779128,-0.09684623838325075,-0.11469174952565916,-0.08740115498607631,-0.09026352508061265,-0.07409732982575297,-0.09146403777983743,-0.1682474592016688,0.01425897378958583,-0.08610257868219096,-0.10293940382761688,-0.0799925083414086,-0.06914070250130211,-0.13508421563808104
q101_1247352,100,Which interval is played in the first two notes of the trombone?,Melody,High,analitica,A,A,True,0.1630265210608424,0.8369734789391575,0.42669072806405983,0.539024682282729,3.793648011262412,0.0,-0.24411669539055775,0.06579888088449702,2.8396717313768787,0.0,,-0.017716622550119618,-0.16751659880553244,0.09128701633675104,-0.06909630189358357,-0.3124080702947618,0.28473111963832154,-0.0052790188824273845,0.01768066194529148,0.06885071504120774,-0.020560665490162104,0.031550211371523064,-0.05388222976881512,-0.0880645451404945,-0.03053861854510012,-0.07750216172653895,0.030405284047992007,-0.05030912193187208,0.03838917086982431,0.0,0.02175663126885616,-0.08386625193891091,0.049991012102642736,-0.04477554106547211,0.03023829639925916
q102_1247352,101,What kind of saxophone plays the solo?,Instrumentation,Medium,percettiva,A,A,True,0.16309963099630997,0.83690036900369,0.4844662248764337,0.3076217981268957,3.101966041413268,0.0,-0.2617380648288421,-0.16123557660109825,2.9255232561409463,0.0,,-0.00424730955729842,-0.10049810498261971,0.11136408002379582,0.04177404413410095,-0.3653249204547604,-0.13393058238137728,-0.0035299148405790563,0.03141906662879781,0.08482868581840519,-0.05261664969490362,0.02770915365038507,-0.07500857165278972,-0.10112270331179939,0.010190627323892393,-0.0821403102588405,0.0,-0.06871908230123086,-0.0703756938158796,0.01584902180940188,0.01587480413429033,-0.09503294094578833,-0.03299665004216991,-0.043109889289375106,0.043696557146461895
q103_625206,102,What is the time signature of the tune?,Metre and Rhythm,Medium,percettiva,A,A,True,0.29245283018867924,0.7075471698113207,0.5160484525209084,0.6322977387852565,3.7548607546799175,0.0,-0.29326935392067194,-0.3348967125020459,3.6084676919179475,0.0,,0.00022779456837156847,-0.0250557712251667,0.11116175473174668,0.03762579518375712,-0.40432367342285624,-0.45854145441848454,-0.00033522979793393186,0.1110747179578482,0.060967503566834266,-0.10120043073258964,0.023872021764689926,-0.09541316149317894,-0.1081569589104488,-0.047479143166955964,-0.08612458229683784,-0.021712115855248217,-0.06256306704560514,-0.06585649318235308,0.018574866778750615,-0.0339479374606169,-0.0961913732938404,-0.01975572435168184,-0.043647764484214535,0.05046829374057865
q104_625206,103,What kind of bass is used in the song?,Instrumentation,Medium,percettiva,C,A,False,0.1255980861244019,0.8744019138755981,0.5077128486820291,0.11471066472384481,1.762406134135117,0.0,-0.30178663799041267,-0.07304573520822735,1.6419319384957662,0.0,,-0.016217945860805254,0.00291301438925317,0.10296310534580823,0.010167274623822746,-0.3724339274050588,-0.09387819996603608,-0.016097870070356828,0.007752175744732821,0.053729135699080596,0.021125540875017956,0.04205105737241874,-0.029460422532459105,-0.10688135803454393,0.007933355010539286,-0.09279528333995471,-0.015631705196465562,-0.08880953737666213,0.0023031922122296027,0.025863958307565067,0.05477895910585746,-0.09013560311009261,-0.05633871808243453,-0.04480900750822364,-0.05775593660051244
q105_625206,104,What part of the drums is used to set the beat in the intro?,Instrumentation,Medium,percettiva,D,A,False,0.1322463768115942,0.8677536231884058,0.5439762777325462,0.4336616517221609,4.039398675551734,0.0,-0.2747935422365832,-0.33809081389794,4.039398675551734,0.0,,0.0027330123342336754,-0.11540629955481628,0.11810749942091721,0.016400441573380622,-0.40938490998456467,-0.27046993325523416,0.013750855992830604,0.031384977338729865,0.06601860748455275,-0.01684029946059153,0.04898382545202944,-0.07141384336593985,-0.10143172732730237,-0.05630266699537359,-0.09011467162167722,-0.06985213388244924,-0.09095334448438788,-0.020260383247308254,0.01615679293000426,-0.05074835313547783,-0.08992569839158444,-0.02505409775344549,-0.03352732627821768,-0.02761903605735418
q106_395289,105,What kind of jazz ensemble plays the song?,Instrumentation,Low,percettiva,A,A,True,0.16376089663760895,0.836239103362391,0.43647893282351263,0.17753233827602694,1.47614564768175,0.0,-0.16069239531301774,0.0683659812314531,0.5975877487226863,0.0,,0.04354283615133965,0.0003598256531700157,0.0943504326039078,-0.035593804261335606,-0.2958486527456651,0.12258933410057,-0.0027370113226001004,-0.018989374260951326,0.09712139328509664,0.0,0.05486077833291626,-0.013258834007880416,-0.09618738088825443,-0.010208431493835733,-0.07440615889017943,0.03718412914777101,-0.048056580212660883,0.01418639648032498,0.01209301256211703,0.008513164910029779,-0.07347967259639021,0.006420712361248177,-0.03263778690566268,0.025528843833795296
q107_2083,106,What kind of rhythm is used by the bass line in the intro?,Metre and Rhythm,Medium,percettiva,C,A,False,0.15735115431348726,0.8426488456865128,0.5110212217775315,0.21816689144859144,2.172865674642976,0.0,-0.25349105975711733,-0.20426311775634629,2.0516866452285134,0.0,,-0.02759680370503582,-0.04643772460316492,0.10197413518035917,-0.027776793047160214,-0.3546593370622886,-0.13700048695214373,0.026790945829847947,0.0069518868461225704,0.0642787821058973,-0.0466474344866095,0.042370479347847254,-0.03823081323192982,-0.09057628424997692,-0.01367490842619306,-0.07186435654928738,0.017320047987998338,-0.08099616250341557,0.017149444326319003,0.012667462463879014,-0.05418012717354541,-0.08818393768257544,-0.04742482551182268,-0.041187042689485504,-0.038574501240563164
q108_2083,107,What style of jazz would you say this tune is?,Genre and Style,Low,knowledge,B,A,False,0.21722027972027969,0.7827797202797202,0.596703466127715,0.5368529086113752,4.164470966460224,0.0,-0.39671851001185204,-0.46095831786702257,-0.4050455283941112,0.0,,-7.63158437345618e-05,-0.2634541392410702,0.09999247805793146,0.014321028928698683,-0.49663467222604896,-0.23545147399812869,0.0,0.023626266443477675,0.04811639298617668,0.006113030256743899,0.0316373833534831,-0.07517341590411694,-0.11395452349633582,-0.06925293635720345,-0.08991242536267749,-0.0634640369103294,-0.08907161776602501,0.05546172944479649,-0.0011270264456234736,-0.050254724273551085,-0.11181831309591535,-0.12423217164581807,-0.07058838018493473,-0.14015579247754395
q109_2083,108,Which instrument predominates in the solos?,Instrumentation,Low,percettiva,C,A,False,0.3061728395061729,0.6938271604938272,0.4202294690151687,0.6422773608052308,5.020543927323933,0.0,-0.2103428610627079,0.36862625172360863,5.020543927323933,0.0,,-0.036368653465259485,-0.09936022487129631,0.1049433039762304,0.002009278579254866,-0.2716522983216758,0.5034425276851648,-0.007265213252003001,-0.037465329669514796,0.08265950799862375,0.13048366757765842,0.06046199436204584,0.05690072990598365,-0.09518900773347254,0.04817372351165813,-0.09184730851514689,-0.011642145361814446,-0.07204357027347202,0.07878832447856535,0.014840469425551589,0.020193925501429802,-0.07968765543743613,0.043257039244540184,-0.029537290889401473,0.0024709868655874295
q10_1093606,9,What effect is applied to the vocals in this track?,Sound Texture,Low,percettiva,B,A,False,0.19805743243243243,0.8019425675675675,0.5691129861027554,0.12945636208571842,3.9834293708167943,0.0,-0.39884397745828315,-0.09804246204456324,1.4300781582679654,0.0,,-0.019263673733960186,-0.07210363608917683,0.08513450432223608,-0.041645775975964,-0.4511487615562596,0.00827950074813208,-0.013566046490299487,0.007427449272445518,0.029587010506141438,-0.10306872116257185,0.029804715417218745,0.01581248951626827,-0.11264707782760879,0.0,-0.10303448971298007,0.004987958141410988,-0.10938264108227012,-0.02665813002303956,0.012341370665898162,0.023281449997798305,-0.08894854676808746,0.025237848511213613,-0.056564318656595135,-0.03763535702564301
q110_1336202,109,Which piano technique is used during this part of the song?,Performance,Medium,analitica,A,A,True,0.1431175934366454,0.8568824065633547,0.4471137933899669,0.24656995396110792,3.0487089942304237,0.0,-0.1968951714535449,-0.23086330417308903,2.9803681598361447,0.0,,0.040363439485013315,-0.0066011949237024595,0.08474587148319766,-0.054067528410254834,-0.32080076719656053,-0.1780479057331412,-0.0012037152251953495,0.007853324894009457,0.07486037948179952,-0.11082117602851957,0.055578562803372755,-0.018268996416659664,-0.07870750909447792,0.0491610066367604,-0.0805300436714366,0.008085451153622143,-0.07906092955727875,-0.2035197174404051,0.014727450480291093,-0.020276441772675756,-0.06933058888558587,0.05025957181399611,-0.03443249301022916,0.014516997880792424
q111_1336202,110,What could this music be used for?,Functional Context,Low,unknown,A,A,True,0.3608910891089109,0.6391089108910892,0.4600952859339229,0.21726328598920774,3.5461859253532504,0.0,-0.19362148588626996,-0.07518133292062043,0.5179731245296297,0.0,,0.04554259910158694,0.03598120158059859,0.08769430092223951,-0.101194612909908,-0.31157141584842996,0.03505977495369506,-0.015286970061666466,-0.04502769654500609,0.08239422613274795,-0.03544562410261976,0.05274229175831796,-0.04926083217853411,-0.08700533946324722,0.04809404217984589,-0.07800146784226408,0.026026354775797768,-0.056666669994652794,-0.018899720080119257,0.011388198146018118,-0.03238325569175064,-0.06889044167434785,0.020502756065263854,-0.04958228294884205,-0.03381505388850419
q112_1336202,111,Which instrument is used to create contrast?,Instrumentation,Medium,percettiva,C,A,False,0.315377932232841,0.684622067767159,0.42734259901196325,0.6283789504958979,2.4130678776221552,0.0,-0.1787207900043197,0.41602346191773104,1.9780750579390318,0.0,,0.03712772718204316,0.24830218661716152,0.08718317732177863,0.00396862834321423,-0.2820971815825728,0.26993039124643875,-0.0209345129255687,-0.1061777442890834,0.08950058903677446,0.1420212868831039,0.06659621524498978,0.03445530585209942,-0.09984352929548042,0.02602364547550672,-0.09776231833722845,0.011053513440228771,-0.08868197472964118,-0.0019347405160920796,0.035417679605216044,0.12821812641909255,-0.0596040628738134,0.07074352545348367,-0.024343388655136564,0.005442798910308133
q113_1327741,112,Which country do you think the music is from?,Historical and Cultural Context,Low,knowledge,A,A,True,0.14915572232645405,0.8508442776735459,0.49288775557672343,0.3502916317470702,2.3207392690876856,0.0,-0.22278439360026542,-0.3144257836936815,-0.18913247907587427,0.0,,0.04188446931656,0.01793292402669433,0.093167211671669,-0.017419733578202604,-0.3420920838055857,-0.26452402079538095,-0.01574399078290873,-0.05041495334679229,0.08960265397128356,0.008833867398745367,0.055978645351770634,-0.03885886803650331,-0.09978644246349118,-0.02763424636543005,-0.08450901092892851,-0.039222552227615545,-0.05951130678090368,-0.04528025010112014,0.0123661961981428,-0.04737936274599289,-0.0814532037332249,-0.042992210809206954,-0.05547192521491413,-0.081892160806558
q114_1327741,113,What kind of scale is used in the guitar motif?,Melody,High,analitica,C,A,False,0.23055859802847758,0.7694414019715223,0.426263035572701,0.6008058364105753,2.6496345460849855,0.0,-0.1997720417189473,0.2789272154946505,1.887113075335162,0.0,,-0.03768736869239847,-0.1609393104579624,0.0958507449010149,0.02638903864204576,-0.2753301699534257,0.36500246337121894,0.017394752025861927,0.0484750239393482,0.07201349604122459,0.011747239503514625,0.06195328278880873,0.0,-0.08525072469908006,0.04793404194045668,-0.07663053290886904,0.03910775282613855,-0.08019175646183752,0.018498886629569014,0.0,0.043870665186656124,-0.07475204139218862,0.031883102907944154,-0.016913765087005456,0.08588552650037132
q115_1327741,114,Which piano technique predominantly is used during the accompaniment?,Musical Texture,Medium,percettiva,D,A,False,0.11878980891719743,0.8812101910828026,0.5155855907866078,0.04560165959742013,4.932604343844151,0.0,-0.22146396047243794,-0.04560165959742013,4.731845520145049,0.0,,0.029569817698660676,-0.019274330033765295,0.11322374493509799,-0.0007426783103391017,-0.3685247756295229,-0.0033933545226940524,0.004267252523326288,-0.02219129673062168,0.0705461668879859,-0.036166289967212766,0.06274465830489571,-0.028201187752457946,-0.08929343305786298,0.030934717827748755,-0.08161864485853954,0.02827923748636703,-0.10032088997240823,-0.07438861902653733,0.02563548048136524,-0.017601657383431817,-0.07804323182264125,0.05095029899056927,-0.031114066435232752,0.0005918402275346766
q116_1162034,115,What type of harmonic progression predominates in the song?,Harmony,High,analitica,C,A,False,0.278580814717477,0.721419185282523,0.4067763570709299,0.6740835824654741,4.1229545666637035,0.0,-0.1836556959474172,0.6740835824654741,4.1229545666637035,0.0,,-0.01891088006079505,0.0827185820629931,0.11078426683942807,0.07760837446568039,-0.2763051464483785,0.41877531109153154,0.0007760637223282671,0.09498131484526905,0.08484879449019987,0.19575960205490806,0.05968516693674258,0.046128761258111176,-0.08479222599682854,0.03157612992598029,-0.08292819241825797,0.04565196707431994,-0.0628914672079723,0.18961979738435164,0.029542463402159658,0.09534824405586156,-0.09002709266107094,0.004636165563387636,-0.03709314249238956,0.06536291514855377
q117_1162034,116,There is a motif that is constantly repeated throughout the solo. Do you know which one?,Melody,High,analitica,A,A,True,0.21541950113378686,0.7845804988662132,0.43167376218614,0.09264118407121738,1.6783424446760566,0.0,-0.15780676500106755,0.01647324544634362,0.7034136304241945,0.0,,0.02945858901151056,-0.038083969312436884,0.10747490958102567,0.020001795956955552,-0.29398337511396144,0.014984071716957745,-0.0007568884796423491,0.019571347084867206,0.09899724583804283,0.006119283962119035,0.05513267434484004,-0.02561379397376086,-0.09495630239319142,0.03948384010106552,-0.07361498615275122,0.04149252231281429,-0.05528411796452853,-0.020906768210105273,0.025487388606829052,-0.0761349194079783,-0.08372216371735092,0.00926968021718022,-0.02984650356295739,0.042763400445008995
q118_1162034,117,What kind of jazz ensemble plays the song?,Instrumentation,Low,percettiva,A,A,True,0.17604049493813273,0.8239595050618672,0.4299420355773767,0.3030827074721912,1.302484376348297,0.0,-0.1460014877816492,0.21644789961476002,0.8953238148168576,0.0,,0.050074028695176194,0.025235300260583432,0.09189624520268758,-0.02016800796591134,-0.2722762255131743,0.23453000328289214,-0.015695536166338644,-0.02314939596280423,0.08794629657169002,0.0018465107139273435,0.055493271860105116,0.0007261827832157688,-0.092797952681569,0.01693701584814178,-0.0725043420020317,0.0436400842096651,-0.047771404416318636,0.03754871152409249,0.02551520085203499,0.03985519888062766,-0.07064605710037024,0.035275947569159874,-0.03123650086518978,0.040618248085929974
q119_1227239,118,What impression does the singer aim to create with her singing style?,Mood and Expression,Low,knowledge,A,A,True,0.19890510948905107,0.8010948905109488,0.5184303529929905,0.5660914737489968,4.5815013442400705,0.0,-0.1945336610278587,-0.13437367859374194,4.47956100864438,0.0,,0.0574985964778687,0.08783336763439663,0.10444974950469718,0.022734545476669893,-0.3564820070104246,-0.3502325761713694,0.0,0.10529098446656093,0.07706384760157158,-0.0632154202791371,0.05668022342032035,0.0,-0.09335521984179339,0.044172620612107485,-0.07153345599890287,-0.030323539401605384,-0.05379125478031487,0.01191286529715073,0.027132792142691257,-0.049060313312426995,-0.07700885076036836,-0.009410349064747095,-0.05972174281106239,-0.03844954244508361
q11_1093606,10,What note of the chords does the bass play during the verse?,Harmony,High,analitica,A,A,True,0.16666666666666669,0.8333333333333334,0.38291307303294975,0.8032367688275392,2.714619087271807,0.0,-0.1679058421484347,0.4782959337470903,1.5522209230335058,0.0,,-0.0034814998472597267,-0.08454775301384965,0.1013037452607981,-0.02043247867508484,-0.2719279577434325,0.6407663512873147,0.006199870181459408,-0.057490185851290024,0.10303277689260103,0.1034398952107769,0.0437828830601972,0.02151517192560278,-0.08430423251612616,0.03701306769472586,-0.06809371038577959,0.08812608304526677,-0.04498983812534435,0.1506365139878166,0.012079813688890443,-0.010752013958478503,-0.08475856848932649,0.037271219930259905,-0.04465496627354676,0.05104599591111995
q120_1227239,119,There is a chord that is out of key. Do you know which one?,Harmony,Medium,analitica,A,A,True,0.27217553688141927,0.7278244631185807,0.4164428994197552,0.45756700861833854,2.295524359281572,0.0,-0.11308775432924098,0.4179727843551919,1.9227333828579674,0.0,,0.04419169648751047,0.005259067892883846,0.10748587605774665,-0.019797112131573306,-0.2508703715928568,0.4303435204708941,-0.013894955281641306,0.002167308122987339,0.09872741319671671,0.06524488569045035,0.05947136763802481,0.0,-0.09116876503970621,0.03965692022093779,-0.06923274560656462,0.09893654452618768,-0.037132507429558606,0.10986455636037815,0.025924751187743428,0.019233938774771295,-0.0671425387501814,0.0509380409623764,-0.03253472952571512,0.03409789782009033
q121_1227239,120,Which instrument stands out at the front of the mix?,Instrumentation,Low,percettiva,C,A,False,0.24214343271555197,0.757856567284448,0.44156566543229037,0.2761182373684537,3.5892716202812807,0.0,-0.22029683287779878,0.15179559566336526,2.3619270342125565,0.0,,0.012701474043909172,0.13514729262359612,0.09793294223333664,0.04297846169567757,-0.32672263991996664,0.035831162196635805,-0.004208609235077942,-0.06216132085254421,0.08521182957010666,0.19225877492593488,0.06941995668605624,0.053461899261535155,-0.07653757572967904,0.04422293276203937,-0.09330611092286378,-0.017661910739292623,-0.09059818227027162,-0.07032118882771958,0.014675788671389231,-0.015848859377500128,-0.08582061747424825,0.02409243293828702,-0.04334192140828824,-0.05840848527991882
q122_114772,121,What is the main part of this song?,Structure,Medium,analitica,C,A,False,0.28625134264232005,0.7137486573576799,0.42243920937531637,0.43414246041666427,2.008865735792562,0.0,-0.2238504517407638,0.30805589455529697,1.6409960814911368,0.0,,-0.010682493650561023,0.0634629979396218,0.09929437881727629,-0.007674001266960636,-0.2972439291166723,0.3076361795463588,-0.01521840779080673,-0.055369281663723034,0.06133114107777694,0.02388782907614924,0.05820852017745558,0.05980374746022804,-0.09059564619013205,0.11407868614556384,-0.09036529871341166,0.0,-0.07881865860701923,0.04082394022595891,0.01448794368801299,0.017703912588565317,-0.06534751596437947,0.06286212102402021,-0.03275093720906687,-0.011104341965188638
q123_114772,122,How would you describe the comping style of the double bass?,Harmony,Medium,analitica,A,A,True,0.17133757961783436,0.8286624203821656,0.4175293615201397,0.45832765189732844,2.4886078643016747,0.0,-0.20371139305624106,-0.10716366452590456,2.411256649267865,0.0,,-0.00244216711825776,-0.26309210366999947,0.10690898423194933,-0.019653554541617036,-0.3052486695546575,0.159462960022962,-0.0029295406152751256,0.016119033662749936,0.09433691241611702,-0.04557417900388297,0.04196988827557091,-0.07276982853909203,-0.0995113237500494,-0.02213179513148853,-0.07380396198040094,0.03514665034185311,-0.043229315576639955,0.04855046304097649,0.013689171509999641,-0.008336619338752425,-0.08948273448383495,-0.01942527401939876,-0.047680029467003386,-0.0226230818761195
q124_114772,123,What effect does the piano aim to create when playing the pedal point?,Musical Texture,Low,percettiva,A,A,True,0.17684108527131784,0.8231589147286822,0.4155902813292439,0.3227331477416232,4.738619496195316,0.0,-0.1643406301270165,0.022813610501925093,3.7238231022550132,0.0,,0.02266741901060485,-0.08380271587929876,0.10295740659050887,-0.053510715275241205,-0.28669028371111105,0.17277337912177415,-0.0032751720170191706,-0.01264633746530908,0.09863020579934234,0.010897266456329368,0.05432721253781017,-0.009046173897883578,-0.09654226720289266,-0.011934390384735705,-0.07509141953059566,0.037745192401117185,-0.04185557808439795,0.06253731297540047,0.022467325437649396,-0.01096396218863643,-0.0886558764660921,-0.04190888186125654,-0.037620232617840005,-0.014512752998409657
q125_187621,124,What is the main purpose of this song?,Functional Context,Low,unknown,D,A,False,0.20261066969353003,0.79738933030647,0.5334465358955063,0.3369870733209696,4.699400069958777,0.0,-0.1460814750694045,0.3369870733209696,4.699400069958777,0.0,,0.04781344971069521,0.07087620342519009,0.12677457475404239,0.008989415480873526,-0.3397640054824554,0.23986223298894108,0.01909450594831331,0.017259221425964946,0.0856811589742571,0.10739052708913577,0.06707679244615619,0.02088431363284745,-0.08770258920193028,0.015409310872087668,-0.06328389072955161,0.057367228834712375,-0.0660286071241422,0.14165614459344544,0.024961099230824034,-0.021135434414220226,-0.07711138864356304,0.04090359055870202,-0.02967405002145466,-0.02548860784574085
q126_187621,125,What emotion is mainly conveyed in this song?,Mood and Expression,Low,knowledge,B,A,False,0.22631578947368422,0.7736842105263159,0.5925198685383687,0.7414253215412773,3.171241657539648,0.0,-0.28858672237019956,0.7011694410823773,2.6626015960775447,0.0,,0.060280886408184894,0.08145980319044366,0.0916856866758997,0.031146844570633943,-0.4405532954542841,0.6086907335507497,0.0,-0.020127940229450005,0.07133745140947861,0.2624635131482903,0.050685527024880904,0.06774789892941167,-0.10121604961051937,0.07134022685637886,-0.09622973957196121,0.03151035307724876,-0.08772643997410556,0.2295312126262573,0.01616493939358012,0.030352908252026686,-0.07626312373311109,0.11195714086238265,-0.06533928730844196,-0.10373381266961898
q127_187621,126,Which instrumental section give this tune its unique sound?,Instrumentation,Low,percettiva,C,A,False,0.38453038674033146,0.6154696132596685,0.5307767206138091,0.3352105452797932,2.8283347830429255,0.0,-0.32245630640144757,-0.2429622531229123,2.501501786020801,0.0,,-0.04787839544464891,-0.22312152392186488,0.10097775961229188,0.035493596041912545,-0.3787381180629794,-0.06596487527948791,0.003182447493888836,0.010630550036527908,0.05760466621818024,0.0007122125031876203,0.03971850966798127,-0.01860211295208654,-0.10162652102688967,-0.029732183177990368,-0.09760042040640717,-0.05114818991683214,-0.08530516372806977,0.03662803633516886,0.017866449355507557,0.04795708535298035,-0.09765732307096105,-0.08673224217835775,-0.05545650341078904,-0.14204485908898237
q128_332470,127,Why would you say this is a rumba?,Metre and Rhythm,Medium,percettiva,A,A,True,0.31670822942643395,0.6832917705735662,0.4907431917320405,0.27642642781008425,4.861572360334928,0.0,-0.1961352136129325,-0.23316232272050819,4.47454322431678,0.0,,0.015515080879638543,-0.10735825375749344,0.11611807143673647,0.02163205254478802,-0.3434392026724865,-0.14743612150780278,0.015670836743178995,0.0,0.07970671205662286,0.0030491329244109553,0.04033717403692534,-0.07338239143264112,-0.08477401454229742,-0.052664141741266435,-0.056337683484956616,0.005775265515247322,-0.044667078209682604,0.05683519789394016,0.012953876982670155,-0.07209902061209988,-0.09764409437318253,-0.06488336059358712,-0.04571010607903168,-0.035793004674512095
q129_332470,128,Which country do you think this music is from?,Historical and Cultural Context,Low,knowledge,B,A,False,0.1607142857142857,0.8392857142857143,0.6805647345397384,0.16719610933723125,2.532074408541371,0.0,-0.3548161375263287,0.14046632253421817,-0.5168304664444971,0.0,,0.07326121577288448,0.0989368046405502,0.08961308273382036,0.023731712028290095,-0.5176904360330336,0.03116269926688441,0.0,-0.013364893401506527,0.04715270506376655,0.06726521783959084,0.04623324272837008,0.03889057617224031,-0.09966585222761333,0.016025253351007716,-0.10174893360707055,-0.008814872966325292,-0.11832859079160563,0.01766011058261207,0.020582288608932034,0.019143603270214374,-0.08984476422985135,-0.003745397361421784,-0.05919623307125653,-0.005958168353700062
q12_1093606,11,What instrument plays the lead sound in the introduction?,Instrumentation,Low,percettiva,D,A,False,0.1795933734939759,0.820406626506024,0.5108931060033342,0.33100542508934017,4.393810002709034,0.0,-0.26565365225661464,-0.1680801172433515,4.067194559993133,0.0,,-0.015158413222077678,0.06287280630738057,0.12261972687335973,0.018589847615613764,-0.36983202564250495,-0.2205756222505702,-0.003282940265391802,-0.028967148915775648,0.0901609710673164,-0.02022435773245933,0.03643110482380636,-0.0005608781594040289,-0.1275174514855554,-0.020386943391321747,-0.08273110330278988,-0.06709308633997751,-0.0736583586399295,0.034068066029670274,0.02069827590531665,0.07770234915408067,-0.09559662154726396,-0.038124519900937584,-0.03344046907751532,-0.13346074690300225
q130_332470,129,What intervals create dissonance in the background guitar?,Melody,Medium,analitica,B,A,False,0.09233305853256389,0.9076669414674361,0.5935059160666496,0.45379297757749804,3.89291138124046,0.0,-0.3704378857052237,0.18027792916989013,3.6457736680456736,0.0,,0.028284506352570574,-0.06911691844391718,0.08324950882814242,-0.04164436771415461,-0.48197190088593667,0.3170354533736941,0.0,-0.02599623804573217,0.0304035138877146,0.04671313587760197,0.039859580593927954,-0.00859658702599013,-0.11060045960990461,-0.019074138778494447,-0.09879442028851657,0.0,-0.11248361871707074,0.09499184059214803,0.017838247697319565,0.05029764422123894,-0.0838626614334643,0.01681180298131812,-0.05279806783522961,-0.0008657686979323294
q131_182074,130,What technique does this introduction aim to recreate?,Sound Texture,Low,percettiva,C,A,False,0.27415254237288134,0.7258474576271187,0.4897917396724251,0.270428587749799,4.069521619650836,0.0,-0.23784836554455133,0.06019238639519686,2.6669426639469056,0.0,,0.0077522637621648995,0.160605467119562,0.10091066321467185,-0.04039274998743062,-0.3638200526084882,0.004705019952935929,0.01730876008710017,-0.06472535068987045,0.05637353353724738,0.040447010379737844,0.05716647141637595,0.039700756816133415,-0.08937214322414344,-0.03810634369155912,-0.08965768331869019,-0.07182120484069626,-0.09169179103854552,0.015756889967224325,0.027284196755673226,0.053179595921072936,-0.07308603158801717,0.028985910694386493,-0.03486491808445153,-0.007950228851102751
q132_182074,131,What gives the drums their unique house jazz sound?,Instrumentation,Medium,percettiva,A,A,True,0.12304866850321397,0.8769513314967861,0.41036484997770073,0.3748028694997929,4.556859780705044,0.0,-0.13737418880091276,0.28693599147096194,3.5676100733333063,0.0,,0.037584266791816284,0.044389244879345494,0.09891106379657769,0.006648241595884133,-0.2733269576739152,0.27983194401014777,-0.0005425617153915485,-0.04393343901441551,0.08837165791250892,0.050040742116078646,0.05925374372015778,0.030337205981314723,-0.07820547302481773,0.035589068737163894,-0.07751067904597247,-0.01502105804949144,-0.04114606489975245,0.07500641672556808,0.027571638424487767,0.04745078046955149,-0.08693675743567848,0.04494612635897347,-0.02877225445184611,0.018586709131803034
q133_182074,132,"What might be a reason this song is called ""Scattered Knowledge""?",Sound Texture,Low,percettiva,A,A,True,0.3624269954574951,0.637573004542505,0.388874293769789,0.6154353693294046,6.475658289748395,0.0,-0.14273408343024455,0.15929240798005176,4.955938759845683,0.0,,0.02023763085206453,-0.15156144475348093,0.10283247431770767,-0.07651003592119543,-0.2633911855022705,0.37313547982970596,-0.0024130030977462715,0.01422840882502215,0.09914499430407123,0.09327319981492686,0.05145181923669857,-0.03375504248954848,-0.09166411451608095,0.018764092036835992,-0.06817185952433237,0.034629252301031005,-0.03162413546508876,0.1427256123134774,0.022906317294325074,-0.07569396992263792,-0.08873965989546528,-0.03976542419480078,-0.03603744486437205,0.019114688120767685
q134_172015,133,What rhythmic pattern is used by the percussion throughout the entire song?,Metre and Rhythm,High,percettiva,C,A,False,0.230718085106383,0.7692819148936171,0.4923173547528069,0.10067275557634371,2.7267135842552306,0.0,-0.27280364392273004,0.02648171601847678,0.612058435651319,0.0,,-0.028270052056021407,0.0011320417077894229,0.09561593992883671,-0.01722527318488152,-0.3542904472817471,0.06244519408962082,0.014140915486201748,-0.019870246594051944,0.05601502865289075,0.0010279629186579695,0.049846652442043365,-0.007785669816096821,-0.08484609033336037,0.0,-0.09086239063650028,0.011687971991107342,-0.08744280256230286,0.06107287261910836,0.013288940291617216,-0.03692800323957718,-0.08873494443071177,0.0,-0.04006803734640603,-0.002593418454722895
q135_172015,134,Which region of the world do you think the rhythm is from?,Metre and Rhythm,Low,percettiva,A,A,True,0.1682242990654206,0.8317757009345794,0.5194403722857924,0.315608859688021,3.642049063116639,0.0,-0.22892941606814457,-0.18795196941061498,2.853738961390197,0.0,,0.04376203657143043,0.011076593704204957,0.10149344153739352,0.05275185143449803,-0.3577950891958063,-0.251780414549318,-0.016389804981162187,0.0,0.08288292347735593,0.030956831888375065,0.06129836599929023,0.002709266160968931,-0.10372914975601251,0.003781636633130747,-0.09299845657072345,-0.11714087790784522,-0.061061088846337104,-0.05015379307966295,0.013993433084059047,0.025491536081337748,-0.07768924910924463,0.011241436864612441,-0.05162619434653205,-0.09483800605153177
q136_172015,135,What kind of accompaniment instruments are used in the song?,Instrumentation,Low,percettiva,A,A,True,0.37600716204118173,0.6239928379588182,0.37014465468737834,1.1771600994914067,2.9874242883729645,0.0,-0.02804499599104869,0.9595722703466003,2.3746093038666327,0.0,,0.01878338863262909,-0.10879391457240312,0.11862893960398113,0.0059793661524658315,-0.19909482533921352,0.9996248732892868,0.0336375011115546,0.06276194547725078,0.12635003145479284,0.20543273619639268,0.07735351012498867,0.17801817100345158,-0.06065955636030909,0.10584345514935378,-0.04350648483675032,0.07680219041328518,-0.04245459711723229,0.06940164341417893,0.015353261342698016,0.025304485321339887,-0.06849409305854409,0.1883426768383424,-0.031987067540692436,0.11042691201025584
q137_250001,136,Where do you think the song could be played?,Functional Context,Low,unknown,A,A,True,0.3142037302725969,0.6857962697274032,0.5357488503127087,0.7946562442019328,2.2498771430116964,0.0,-0.24574554623375433,-0.5184229215398729,0.08657821819044559,0.0,,0.044043598028040185,0.10060947516365824,0.0998925430482483,0.03750718616737178,-0.3907471982732315,-0.639716662496166,0.0010655109631886733,-0.016822920374736827,0.06360637752220773,-0.09363574406564286,0.05984033224607867,-0.04107569176434997,-0.08516992695058587,0.006811082044057492,-0.08380881974527105,-0.06458239887019045,-0.07012465946895656,-0.1130724553362077,0.01841476858723327,-0.08887022566979691,-0.09947878947276281,-0.05855248618655234,-0.04902482895169771,-0.06544500169119005
q138_250001,137,Which instrument predominates in the solos?,Instrumentation,Medium,percettiva,A,A,True,0.2471439451637471,0.7528560548362528,0.4417457023658465,0.45400744009698646,5.0133407168113875,0.0,-0.15926393698308006,0.21364146668115394,5.0133407168113875,0.0,,0.030498300279757157,0.02055849088622299,0.11074258241162604,0.09149705278810753,-0.2899490712739418,0.22176890971473967,-0.01055574840052146,-0.12018298670791625,0.10022723486051657,0.10590086928839765,0.06507933204752106,0.10264230092341847,-0.10233234575708604,0.016072746675231384,-0.08094069308847149,-0.047021803737179686,-0.04691945479683163,0.050139477253934917,0.028439825094457444,0.03598570947002751,-0.09018113891243257,-0.03172767409855718,-0.03263669643075342,-0.01835015909411914
q139_250001,138,What type of articulation is used by lead synth in the introduction?,Performance,Medium,analitica,A,A,True,0.1452095808383234,0.8547904191616766,0.41994918365761896,0.32742954053242634,3.330352931880852,0.0,-0.15672752121006134,0.11636554463802391,2.558040601528516,0.0,,0.021904554263057947,-0.10399860677108924,0.10757045022086069,0.0032608988971588385,-0.28833835243384015,0.2186366436880663,0.0021358267398601735,-0.001533391176111969,0.08132810092954301,-0.04134568858901589,0.050705248412587264,-0.032206274947881974,-0.08207399784182268,0.012612272266528618,-0.07300017688619159,0.028158703862063143,-0.041010704442597024,0.0797505204472746,0.02197576769897395,-0.011839440751993505,-0.08460289281935834,0.025231063892760842,-0.030048866261195968,0.05600438845828809
q13_1045016,12,What time signature do you hear in this song?,Metre and Rhythm,Medium,percettiva,A,A,True,0.3395784543325527,0.6604215456674474,0.5462599356487514,0.5773430017193738,1.523041763438005,0.0,-0.2738475181466164,0.1117081227871665,1.2635445992036756,0.0,,0.025933512646617876,0.20680417904626047,0.11027269610444965,0.0894485510165084,-0.39247824307786894,-0.23281743946610367,-0.017575483819814972,0.04827283219050131,0.06805230305641788,-0.05501089829223874,0.027646082307193755,-0.057111902453669344,-0.1056051874198149,0.04736874878200158,-0.08318968868363669,0.0,-0.080845106208219,-0.05157095831178688,0.030753010767671576,0.03415400645352348,-0.09543705474333243,0.07489549109227606,-0.0352218772228966,0.11898363551706034
q140_1138688,139,Which instrument predominates in the accompaniment?,Instrumentation,Medium,percettiva,C,A,False,0.17058823529411762,0.8294117647058823,0.4404891746281876,0.517036643200526,2.0691854289083498,0.0,-0.2362423554422439,0.42063532245616525,1.1453122974009975,0.0,,-0.020844744310853314,0.01236951276326673,0.09393061285669407,0.03520860437160558,-0.31752102072436245,0.42125786569347334,0.008192796736277791,-0.04820066037218039,0.06919886728788668,0.10964049659057266,0.056553923124420855,0.02570948647241465,-0.07939755473269763,0.03207761628922915,-0.09044890928368438,0.027736664538159258,-0.07218985816864626,0.17520590290153115,0.012313038491695495,0.06205060953957627,-0.08687376107328736,-0.005226709517189251,-0.045398101087931325,-0.006558744358128671
q141_1138688,140,Where is this kind of string instrument mostly used?,Historical and Cultural Context,Low,knowledge,A,A,True,0.394273127753304,0.605726872246696,0.4131102917569855,0.27901276689427745,1.874927591693695,0.0,-0.16467915485900847,0.062280731552896526,1.785074811798801,0.0,,0.013556901540090002,-0.09749478709452865,0.09885859004190994,0.019550967027632822,-0.288894723307997,0.15109578219595415,0.011800076866988578,-0.010871230576161807,0.10099397942856211,0.07427629347692656,0.05142879236510127,-0.031072515994721737,-0.08936459327617752,-0.04335105031480224,-0.07548438831631762,-0.01472193494369758,-0.042075949030738594,0.06766066928732926,0.013924969858845775,0.02918092996276426,-0.09464558688993022,-0.034474363847177905,-0.029456378998353617,0.014782703926275885
q142_1138688,141,What kind of emotions does the song evoke?,Mood and Expression,Low,knowledge,B,A,False,0.2188679245283019,0.781132075471698,0.6479233138523011,0.1980780330301768,2.640841899377284,0.0,-0.3848018626635148,0.02959797455500506,1.9620927748305663,0.0,,0.04491186060090881,-0.07212584098478604,0.08664886499348431,-0.012114188252799822,-0.5163625882579079,0.11339601304484459,0.0,0.0004419907477463299,0.043473559929825836,0.030832440988406408,0.04138573198593297,0.014185632479171801,-0.10430797469718303,0.030541673235178132,-0.09626011762931735,0.01005828650555882,-0.11711854730794266,0.03719451970423066,0.004686806308551656,-0.02217830490194813,-0.08852593163015257,0.006198462376787761,-0.06813538962322968,-0.07723473583238039
q143_14458,142,What is the predominant key in the intro?,Harmony,High,analitica,A,A,True,0.21081409477521265,0.7891859052247874,0.48003840765132405,0.18697669659063038,2.2515540518424304,0.0,-0.19751204814132597,-0.10859827917587905,0.834453163718428,0.0,,0.03163747227001721,-0.04873379545477867,0.10962570748498182,-0.032853055617406465,-0.32205938210099744,0.03918920870737567,-0.016715845795327564,-0.06620063681106958,0.08533119049218477,0.03643151193896446,0.0583661796160688,0.0033038201453344917,-0.09331080167929295,0.019545736315935872,-0.08005261679803953,-0.020571894900622365,-0.05823411894280335,-0.048544875413091715,0.02638907089835716,-0.004849047295417044,-0.0886865049005048,-0.012793749384893204,-0.0473144468272961,-0.08111978058208953
q144_14458,143,What type of interval is created between the lead voice and the backing vocalist?,Melody,High,analitica,A,A,True,0.23433583959899748,0.7656641604010025,0.45160210527142597,0.11554249213911888,2.6872646552235313,0.0,-0.17640971674915382,0.0307937661433099,2.326937229527412,0.0,,0.03356514237649419,0.07316812914121439,0.1040310518846419,-0.030321734757753106,-0.3113926106563136,-0.011250063689329709,-0.0026133003539763316,-0.0008025645508216717,0.08997369839267427,0.0,0.05367418424974885,-0.010327021994140944,-0.10140688281368633,0.005652387519262106,-0.075733077585606,0.0357289216622318,-0.05484741388031762,-0.022261019447842485,0.02511109414948713,-0.033833723555398064,-0.08821231447584592,0.026345493798739166,-0.02496900478560819,0.02948872816045832
q145_14458,144,What instrument is used to introduce the climax of the song?,Instrumentation,Low,percettiva,C,A,False,0.1254681647940075,0.8745318352059925,0.3762018326737767,1.0069537717905306,3.6726767593489185,0.0,-0.19482533510731484,0.8966182018211122,3.360825927216237,0.0,,-0.010226527811254046,0.08340211611399045,0.09068824878323095,0.052352972493888865,-0.2553704847676812,0.8160308981979421,-0.019916571311610527,-0.055167784984709214,0.06416126462352571,0.12113857075119923,0.05526189917581345,0.07480857530224204,-0.09978141110449916,0.027738998177484372,-0.08168852635175242,0.06666900255820857,-0.06596882883489161,0.22556295141639765,0.03292543639056477,0.14345091208420382,-0.08234744246659992,0.09836114502276916,-0.017387726539475616,0.13888804650860734
q146_179608,145,What kind of technique best describes the bass line?,Musical Texture,Low,percettiva,A,A,True,0.2713004484304933,0.7286995515695067,0.4441554516214179,0.1786523025781011,2.9667091207353815,0.0,-0.168480561347023,0.10761411926523326,1.1132211783348174,0.0,,0.02696602982931746,-0.035519091656433924,0.10917026507674285,0.0014599281236532813,-0.3063180064842205,0.12603911520233851,0.0017011502311371635,0.01563416759567539,0.07616768817277507,-0.03773521043533191,0.05122868476131602,-0.020457834282697953,-0.08096210098670283,0.0146224249067538,-0.07305313139972888,0.014587540802447434,-0.051988832704916756,0.0,0.026353845603711346,0.04352405494880301,-0.0853548958294058,0.04756363796901665,-0.030871818964071127,0.04550950535624224
q147_179608,146,How are the sustained guitar chords being played in the verse?,Performance,Low,analitica,A,A,True,0.14134275618374556,0.8586572438162544,0.4517731072381568,0.236106659234936,3.5403527474497345,0.0,-0.1642396104625617,-0.009334216369914036,1.765100614574586,0.0,,0.028333779895844374,-0.10877732910447756,0.1052174981461339,0.02751833272394537,-0.30800635885035926,0.08586788870856563,0.010215470345819294,-0.013943108697947473,0.08092944395210183,-0.0306201902149166,0.05764964888931319,0.02905095228801894,-0.08295874704590527,0.0,-0.0751535603242377,-0.046167684527211816,-0.038346357461225514,0.008708626667815916,0.014898114571289959,0.0021019491236288403,-0.08624525569179109,0.002302169560232655,-0.03501289735210712,0.02528996073251802
q148_179608,147,What is the main musical feature of the outro?,Instrumentation,Low,percettiva,A,A,True,0.22005323868677903,0.7799467613132209,0.5079123267207127,0.22673039344722787,2.039182979591651,0.0,-0.1607563223877228,0.05733889359712301,0.13666466093575855,0.0,,0.042751796845575424,0.14203464352217543,0.11387994881308766,-0.0031123325006932774,-0.33433432455421774,-0.07562915580217634,0.01694625650783184,-0.005954261622182785,0.07187970840368918,-0.09198796176895735,0.05976469575212619,0.04634357023004548,-0.0761458162113838,0.07939732521533419,-0.06455596839149,0.0,-0.048932735050310705,0.008443855138856891,0.027001138889078548,0.0014877016310521698,-0.08852077846409943,0.0314303311975968,-0.041246567315332765,-0.01777592804680516
q149_150794,148,How many times is the main theme played in the intro?,Structure,Medium,analitica,A,A,True,0.17882689556509299,0.821173104434907,0.44723952862823113,0.05263996592559192,2.569133242066884,0.0,-0.17386313608339884,0.01902613120260962,-0.1176902052986733,0.0,,0.028704653238732575,-0.008395065047238994,0.10798354303368356,-0.006741669229432255,-0.30966524809360113,0.03583304856410077,-0.0008860842622138501,-0.0016701830848199033,0.0716878824545185,-0.06560341069025756,0.05098490663095781,-0.04511472573875168,-0.0841060661915327,0.0,-0.08127946381267795,-0.017366968065943317,-0.04053199536763197,0.059488869050880355,0.026488823521812213,0.03563702303734842,-0.08884446300168174,0.022056491523246013,-0.028262760317163006,0.029928852086087365
q14_1045016,13,Which instrument is introduced in the chorus?,Instrumentation,Low,percettiva,A,A,True,0.23244680851063826,0.7675531914893616,0.4974986901603163,0.28645939106448104,2.0382995192626714,0.0,-0.2900100331735564,-0.28645939106448104,0.11734508538059174,0.0,,0.0053868028804072085,-0.04590178223133774,0.09835752561297273,-0.08471641163300969,-0.37846827951663575,-0.0859003412609542,-0.015286082150300572,-0.06994085593917944,0.07470295750066577,-0.011954442189303553,0.027580629995546495,-0.047606609387836285,-0.10170190065017569,-0.048493893466314754,-0.07587678632467165,-0.023004233940056764,-0.07338345425405815,-0.03155478990511927,0.012564997594912902,-0.07393610961034322,-0.09535686071536136,-0.049346221934885,-0.058539616320414725,-0.0005630906306222233
q150_150794,149,Which is the main instrument that plays in the song?,Instrumentation,Low,percettiva,B,A,False,0.16088631984585744,0.8391136801541426,0.6377894565615524,0.7567124445847012,2.3956923076491115,0.0,-0.3002542073978194,0.584915983225674,1.0403376386390544,0.0,,0.07862195153325166,0.12927544614064343,0.09014567304861483,0.024951358821173678,-0.45333609517114243,0.5165874089433704,-0.015685736808543477,-0.08589823067951359,0.0526049122745335,0.12363388020389086,0.06963642502113765,0.14610888532896604,-0.08869825729423388,0.09595810115059672,-0.1079312639146886,0.03447367078272978,-0.12274040852100941,0.0,0.022524239967794152,0.09130740845729003,-0.07305516096627575,0.08455680044202643,-0.05259469396507703,0.008877236860174088
q151_150794,150,What kind of guitars are playing at the end of the song?,Instrumentation,Low,percettiva,A,A,True,0.23180703188879806,0.768192968111202,0.45185053494843885,0.06448308835597746,3.9191693111621264,0.0,-0.17828068883342085,-0.06448308835597746,3.9191693111621264,0.0,,0.043089092040504484,-0.0005743216640391891,0.08966548750725498,-0.02309571225345035,-0.31506561189092985,-0.00686057170831475,0.0040303435097495365,-0.03395248273017318,0.06796937583887219,-0.15661579193714226,0.05661001519694564,0.02723138065881823,-0.07423471564220518,0.08797467492759187,-0.07291517007344056,0.0,-0.06819330179294626,-0.11899279816549876,0.013675189617327353,-0.01453395988971485,-0.06908930450598881,0.10228015201583235,-0.032102777471985276,0.008173254034135977
q152_1051378,151,Where is this type of music usually played?,Functional Context,Low,unknown,A,A,True,0.3914728682170542,0.6085271317829457,0.43775876670655073,0.32923162641499415,1.8862143107161353,0.0,-0.1574323347302186,0.0853158568091225,0.6481696501753631,0.0,,0.011855212956561965,-0.11906613064273504,0.11216922192300871,0.021965838147252805,-0.29759555071838467,0.18530790346480552,0.016138781108595398,-0.002891754160200797,0.09774578278495086,0.05016280658824596,0.055230056136964856,0.0,-0.0822959439105839,0.016565627202527442,-0.06964448511519124,0.01930500746764994,-0.05290095471010589,-0.021998108586107394,0.011871926965272655,-0.060968624863798664,-0.08389441427011665,0.029660972146125775,-0.03354430261140928,0.05258817685447944
q153_1051378,152,What kind of instruments are used in the song?,Instrumentation,Low,percettiva,A,A,True,0.41814345991561186,0.5818565400843883,0.4354589856269078,0.612380102050725,1.8225673939420184,0.0,-0.09793931009581053,0.5581046673881127,0.3549241552382032,0.0,,0.0009538652339999287,-0.027137717331306134,0.12302499204013809,0.037709809800478056,-0.2666991478613592,0.4568774081949651,0.044780980491410625,0.09065516672397578,0.10672540248608052,0.07874008615345145,0.057398409212717175,0.09697253739727836,-0.06834766133148154,0.10002110859941826,-0.05378413755688921,0.056127711196562055,-0.05560199572313365,-0.04045915076996943,0.016818278197893645,0.009792127801534344,-0.08345792788627229,0.08750850010820417,-0.017689677494725185,0.16940174690163354
q154_1051378,153,What key is used in the break?,Harmony,Medium,analitica,C,A,False,0.12593783494105035,0.8740621650589496,0.4670766765454306,0.47790908190443854,3.0780092548046554,0.0,-0.2680717564658943,0.0154698442474768,1.3638733808584278,0.0,,0.017668248771600815,0.1454854670846088,0.08183421126816737,-0.10594976518712593,-0.34856296653541663,0.10120399599134888,-0.019011249970245857,-0.12526985364135496,0.041236786133047425,-0.03726554517129847,0.060356276259574904,0.045368464581416905,-0.07181528697097866,0.12712030945880465,-0.10370922162026638,-0.056816522838958425,-0.10416820196389664,-0.07867346107644149,0.010702337170238415,0.0,-0.06808528211055888,0.06248168811103645,-0.032589163363054424,-0.0467450888170828
q155_1199044,154,What mood do you think the song conveys?,Mood and Expression,Low,knowledge,D,A,False,0.24682990817665065,0.7531700918233494,0.5303832318010608,0.6382217563123413,3.8239087281835125,0.0,-0.20071165515395972,-0.5511297407252427,3.521134752587938,0.0,,-0.02494700228116939,-0.35057250664437367,0.12613554271703648,-0.03278309692477382,-0.3406004411963409,-0.21132014494964452,0.038700245606514104,0.043546007793549335,0.07758908954360298,-0.015286815047198352,0.04468564893597153,-0.09898443560605233,-0.07726934428791962,0.0,-0.05152851942175326,-0.0022514546032274263,-0.08575678264788532,-0.19622849790595887,0.014846560477210237,-0.17203997209812616,-0.08344816604464918,-0.059435181319426086,-0.03983014170853712,-0.00690338414525344
q156_1199044,155,How would you describe the sound of the snare?,Sound Texture,Medium,percettiva,D,A,False,0.28859857482185275,0.7114014251781472,0.452134443635479,0.28369395022494764,4.457552542300549,0.0,-0.1493498294817679,-0.2590432388151163,1.7698024850844796,0.0,,-0.010881769480067326,-0.2267759290611157,0.11732025377463423,-0.044592665458916256,-0.2898603670785561,0.009907847763429067,0.03407205330222133,0.0024175079414866206,0.10212513737510416,0.005786719328625196,0.0657254296624763,-0.03951445292361432,-0.068483661047265,0.05140210909031765,-0.05978414878597202,0.09104036459889951,-0.0780492791538162,-0.14857647061664309,0.0,-0.19143979754640172,-0.08419888565686162,-0.019191697536196133,-0.026684421875433566,-0.008550013210103374
q157_1199044,156,What instrument adds syncopation to the verse?,Metre and Rhythm,Medium,percettiva,D,A,False,0.20200333889816363,0.7979966611018364,0.44830678054755563,0.27063180157965383,3.991614737934456,0.0,-0.17407528807559902,-0.16067656398058272,3.792903420235141,0.0,,0.01814090835514464,0.05497761879953556,0.1166138107021952,-0.04121363545935533,-0.31119103431157735,-0.07472052326885356,0.0023610271786384703,-0.09972002405190938,0.07777948921604723,-0.05186218067270268,0.06294518309733636,-0.027769525446386778,-0.08195398121478287,-0.009766280301186283,-0.07888119102590155,0.010504690663526113,-0.07746644328796452,-0.039489834032579725,0.04002019182345643,-0.002214889921189723,-0.08807070851626365,-0.024325325978606198,-0.028447828167526487,-0.015753218291457455
q158_14014,157,What musical style do the arpeggios remind you of?,Genre and Style,Medium,knowledge,C,A,False,0.34269662921348315,0.6573033707865168,0.3947839836310235,0.9499191142181381,3.1617804011657835,0.0,-0.21958697469060962,0.5833330174942265,-0.91898555980226,0.0,,-0.02192755846042165,-0.06723582585112037,0.08759850447020695,-0.0560046232847211,-0.268043064967705,0.7666260658561823,-0.017214855732689893,-0.06005259922611437,0.06265216254499066,0.13358950544648943,0.05646946452865291,0.10675329046982612,-0.0976254513472771,-0.010211286406362291,-0.08571766389509125,0.04304147696083402,-0.08033886706943252,0.10268969557734259,0.021624416041813886,0.030857453048029504,-0.07156296070929129,0.11534164966826058,-0.025088074784974865,0.06127123272980657
q159_14014,158,What can you say about the harmony?,Harmony,Medium,analitica,B,A,False,0.3088235294117647,0.6911764705882354,0.6051262217855237,0.5017077507183142,2.0186395641090162,0.0,-0.3472987196261227,0.14911992766189955,1.4313521771946667,0.0,,0.03723404324676901,-0.10964918565806159,0.0783239237211543,-0.06664472587014572,-0.4762124707058232,0.32541383919010686,0.013355784111777194,0.0,0.05210911982125156,0.01662920434629433,0.03761929203690531,-0.020500557239185126,-0.10332800371336807,0.050798451329574765,-0.09431784076270963,0.06456037912905327,-0.10955286491888194,0.0837308554386186,0.015789908018023862,-0.014904733952187256,-0.08558772862997292,0.0048594810527312834,-0.06003060147737088,-0.03605315244300031
q15_1045016,14,Where is the shaker positioned in the stereo field?,Sound Texture,Low,percettiva,A,A,True,0.23741935483870968,0.7625806451612903,0.42982043080151466,0.4429534783566216,1.7918029515895864,0.0,-0.2225640507746726,0.17177669403188678,0.7405242067679187,0.0,,0.0008043986372154865,-0.013163488460737071,0.10282379137620556,-0.018034654395006542,-0.32267343645385993,0.3073650861942542,-0.0035188043342337105,-0.10439024930662377,0.08167389450003665,0.005351190129829882,0.032555675735294415,-0.014003880401776247,-0.08507344309137273,0.041311572038177605,-0.07352729695694195,0.04756838501492192,-0.05432961084895434,0.05211813632903677,0.012146333016643385,-0.0009296767287204633,-0.09147864912563258,-0.008404789767839121,-0.044530954003745446,0.04876575741825642
q160_14014,159,What can you say about the bass notes?,Melody,Medium,analitica,B,A,False,0.23380281690140844,0.7661971830985915,0.6689824500712843,0.639449532219565,4.242775516296076,0.0,-0.46123512278479045,-0.5673560603409764,3.68637108375974,0.0,,-0.027591280091322272,-0.5331446059476281,0.08935565764287288,-0.03167327359391032,-0.5375175063367151,-0.03858491673873216,0.014518006000374045,0.03604673593929435,0.033152996157501835,-0.006844367406648143,0.01732240066480547,-0.13697899339135602,-0.12040279055261496,-0.12706459649531704,-0.07839756305956172,0.06517815318186138,-0.11193569606570289,-0.05657169537230473,-0.02121458495071172,-0.13124753752679982,-0.12101216983020134,-0.1649971662837204,-0.05874771514830509,-0.008829857046691564
q161_1177896,160,What would you add to the drums to make them more present?,Sound Texture,High,percettiva,A,A,True,0.2555853440571939,0.744414655942806,0.42367401989531345,0.3586382423189771,4.9437158725199595,0.0,-0.15926984633593613,0.1075372109312957,4.9437158725199595,0.0,,0.021071403751214468,-0.037849616669772074,0.0987417074497539,-0.045517430861757774,-0.2914719331156248,0.2330877266251364,0.012388975578720289,-0.04218346816231087,0.08694788900891773,0.017469054075549988,0.057636614262101094,0.02753922445543723,-0.07794625514215785,0.05551259864576637,-0.06775883586568987,0.05643241996043371,-0.053308571435544,-0.050074385589271846,0.01160530738071258,-0.017948861630408677,-0.08251200800650718,0.021662678430497066,-0.0339339865377687,-0.0030555174167081166
q162_1177896,161,What can you say about the harmonic structure?,Harmony,Medium,analitica,A,A,True,0.3349007314524556,0.6650992685475445,0.5462935606831212,0.588097730374591,3.1256853840400325,0.0,-0.21052394405086633,-0.31106907070223233,2.95544264040297,0.0,,0.038004633695978396,0.07979704844869691,0.11469198461235655,0.018669345345155346,-0.37840875236699373,-0.44958340053841167,0.015188190007792453,0.040047936042327086,0.078432833535036,-0.10033126645781484,0.05567123423094769,-0.043126445249105985,-0.09818693105201105,0.0271795802807496,-0.07163057979220219,-0.04778302168983917,-0.06103356662584204,-0.046339305417920626,0.026913450191406278,-0.00800536519489517,-0.09183474702294289,-0.0030265649162045036,-0.048855637515258094,-0.08963668205720163
q163_1177896,162,Which age group is most likely to listen to this tune?,Functional Context,Low,unknown,C,A,False,0.2435344827586207,0.7564655172413793,0.45491869029862386,0.358724776745104,3.975354597807424,0.0,-0.24525995289291927,-0.07589335466243442,3.865097248586578,0.0,,-0.008728598980105244,0.14141571104133477,0.08667889762576794,-0.03693503132571033,-0.3413607226156663,-0.1592761607608782,0.018150471077084313,-0.021097873617180667,0.061658300673580475,0.12734823418271204,0.05435211991574874,-0.013891646607323217,-0.0838828449345518,0.02194879029778255,-0.08882481818790713,-0.024190499214044682,-0.08463357927351237,-0.012925848473112282,0.024545519040370903,-0.06963826001929309,-0.09185535704747758,-0.08135554647936127,-0.036619293079170556,-0.023188578349794473
q164_1227240,163,Why can you say the piano is not acoustic?,Sound Texture,Medium,percettiva,A,A,True,0.21488372093023259,0.7851162790697676,0.44365024999776076,0.3417406323995455,4.841222940208015,0.0,-0.19506231148659353,-0.19840782150152764,3.7827878919897095,0.0,,0.002717185511017746,-0.22429845216073097,0.10723538214022431,-0.04577577478980562,-0.31935628074217715,0.05370278330196054,0.014341401604341554,0.017963622147048372,0.0752299681463983,-0.059007767160253674,0.04666581154954172,-0.05849836656790425,-0.08235507582904347,-0.0383044841189915,-0.07460322182408098,0.015399179625242822,-0.05135594817795716,0.014778983225628928,0.013861447194038062,-0.06116610442219421,-0.08539726107297231,-0.042842299695734026,-0.037108031472517705,0.03123303761267822
q165_1227240,164,"What notes are sung by the vocals when the lyrics say ""This is the loneliest""?",Melody,High,analitica,A,A,True,0.13078618662747982,0.8692138133725202,0.46014925709353627,0.39029887653410383,2.1653610900499642,0.0,-0.15192072913604035,0.04497045869028982,2.097124743055859,0.0,,0.024781326844826247,-0.07693726259683423,0.10262607575405727,-0.09572694632507278,-0.3060349931147883,0.20467645179929955,0.026706861379864444,0.01295821581289728,0.07683237786943806,-0.0013449935237765283,0.04998506595291169,0.02255753995530213,-0.0813550653996259,0.002398629482109279,-0.06010869591201326,0.035030415605933035,-0.04566533965372099,0.018514853367202946,0.022276611032692156,-0.0438587362429753,-0.0856475535457983,-0.015829234199775635,-0.02823812947992383,0.027501984246269914
q166_1227240,165,What mood does the synth create at the end of the song?,Mood and Expression,Low,knowledge,D,A,False,0.13147718484145396,0.868522815158546,0.3204854505160473,0.18338885299959232,5.671428975296964,0.0,-0.1072077309656181,-0.039629853685368595,4.546941400468774,0.0,,-0.007523927485396948,0.006972288052298138,0.10379286368034638,-0.08876161720053506,-0.20632266325543577,0.06490721160481372,0.0028459960948682417,-0.022747736141945397,0.09442060562334564,0.04573367298477864,0.07026918680662152,0.034896634405899754,-0.06532657190329519,0.06666899921332775,-0.0721505445954736,-0.04406404276289271,-0.05512979545893023,-0.010081440928443547,0.023091274007942825,-0.03870291877676501,-0.08115736021849292,-0.008034633205312678,-0.02122452522733614,-0.0860461246159608
q167_7096,166,What is the rhythm feeling of the vocals in the chorus?,Metre and Rhythm,Medium,percettiva,B,A,False,0.328804347826087,0.6711956521739131,0.6230919577742821,0.6344069008831619,2.3122792505470593,0.0,-0.37531048400690553,0.2820327574987287,1.1948905513322987,0.0,,-0.016740986434703967,-0.1761870716922166,0.10778810490898286,0.01074705876617071,-0.48246023445588987,0.38584235392397015,0.01610263197470544,0.06163041650080442,0.04157704610890721,0.07860217215113474,0.03015581466043651,-0.022086545754984973,-0.11495530484088863,-0.014890226558052068,-0.09452528246322127,0.021897769978899542,-0.09083354997693283,0.162925991902999,0.014936077422270693,0.0028453881751256543,-0.10979653306806011,-0.0176111471525034,-0.051868751849417125,0.07034935475611019
q168_7096,167,"Right before the first verse, there are chords that are reminiscent of a particular jazz style. Do you know which one?",Genre and Style,High,knowledge,B,A,False,0.16969218626677188,0.830307813733228,0.600962433848421,0.2518684012496424,2.4643524776567363,0.0,-0.38661573582852987,0.042964043175381744,0.3251239630836935,0.0,,0.0021592749439226927,-0.06385872450857855,0.09070168844498865,-0.009160685479505722,-0.4937890848384754,0.14741622221251208,0.014312385621034164,-0.03143276904904607,0.03926328802542008,0.03790344500240317,0.03209285587572176,-0.03533888185432885,-0.11383260211339467,-0.020816154733924966,-0.09797406713889678,-0.012557414341143389,-0.09533228688924632,0.08524081962623374,0.012820151067114479,-0.005147417552158742,-0.10693146802321245,0.008732120981121805,-0.05672160663203603,-0.015052473952821029
q169_7096,168,The chorus starts with two descending notes in the bass. Can you determine the intervallic movement?,Melody,Medium,analitica,A,A,True,0.25857400722021656,0.7414259927797835,0.4234651890307248,0.4248901974649957,1.6914735758065365,0.0,-0.1275092833112213,0.08705737950270573,0.07806911497708455,0.0,,0.00959821222158833,-0.12066425746212436,0.10896072752941521,-0.04825215151902063,-0.27548723617097304,0.2559737884838507,0.029419013108748213,0.0,0.0802884903323918,-0.03663651176903445,0.04767330364807909,-0.035438009809947005,-0.07723121913334906,0.027688554161910364,-0.05462452681074151,0.044241282821215554,-0.034092401407902956,0.07308208647459456,0.024602826216684713,-0.036932636650644515,-0.08333315686494737,0.029139293703808727,-0.030792599291435966,0.02191332057080248
q16_1100505,15,What type of synthesizer sound predominates in the chorus behind the vocals?,Sound Texture,Medium,percettiva,A,A,True,0.24293785310734467,0.7570621468926554,0.5054800290046463,0.11453654582492252,4.156555999731744,0.0,-0.2880228015440735,0.013326516533455273,2.8534234405958925,0.0,,0.0044076492432476855,0.0639315311791889,0.10432096448703873,0.0,-0.38240075999501133,-0.04457411099074618,-0.014350655279348578,-0.006030903654987447,0.07431079658159001,-0.04687791346515602,0.03527728348370497,0.0,-0.10663206184846974,-0.005032175473848811,-0.08417774438657559,-0.028698033796422828,-0.07186620400605462,-0.012895817500826794,0.01364408664485573,0.030963388055446926,-0.09579379076455297,0.021957520703304995,-0.05278516724857124,0.05390954801095779
q170_1103980,169,There is an harmonic dissonance in the fourth eighth note of the piano introduction. Can you determine the interval?,Harmony,High,analitica,A,A,True,0.26615236258437797,0.733847637415622,0.35941058284351884,0.6916107434345086,2.7055557925808977,0.0,-0.14080560350933047,0.2635831029845691,2.592799775556384,0.0,,0.009154040721432392,-0.11939825681716243,0.10014844894566183,-0.0743086427159424,-0.24914729535953287,0.47759692320953884,-0.0009607978168918122,-0.020306920691864905,0.08815520757054693,0.020653858402044298,0.04584395669393419,0.003972711428341297,-0.0878096017718641,0.028186945765718542,-0.06464490308472677,0.07641945970557634,-0.03815443436680642,0.07630934162567195,0.02849718415693913,-0.017757865967864224,-0.08134107548722701,0.05796261962520852,-0.03135193722012641,0.017836032399872373
q171_1103980,170,The chorus suddenly changes the vibe of the song. How does the music create this?,Harmony,High,analitica,A,A,True,0.25253485424588085,0.747465145754119,0.35871740182892714,0.8125404698166123,4.1981994673927545,0.0,-0.1425141009549003,0.18404879649777797,2.271255375662465,0.0,,0.0016571610435224676,-0.22358490355524713,0.09057403731861569,-0.0839408598771604,-0.2506157513919137,0.49829463315719513,0.015870452074875255,-0.006720073227009599,0.09166024207533235,-0.020181289681663217,0.04729666907461497,0.0,-0.08328653582120675,0.0,-0.0697361390990148,-0.01452889026192608,-0.031982006139196446,0.06478236715704205,0.027334784627932002,0.06871435315917766,-0.08556534979522838,0.030518839528947826,-0.03823576587813323,0.054743416596199745
q172_1103980,171,What instrument does the piano sound like with the arpeggio texture of the introduction?,Instrumentation,Low,percettiva,D,A,False,0.3079922027290448,0.6920077972709552,0.20270872795129075,0.2670524269132725,2.5550814184662674,0.0,0.027443173593630472,0.17246417922769663,1.6194638100228151,0.0,,-0.007243393628160726,0.010698821517376127,0.11386281055171385,0.009953806747583453,-0.08038938355066941,0.199105674805525,0.0012131402207467626,-0.04729412384278796,0.10495261255279757,0.05842490970799141,0.09357080690769914,0.04941449996601235,-0.06158038029790325,0.0579121591209253,-0.07123761960618788,0.0,-0.033919155822524576,-0.014422014072751548,0.051331338948308415,0.005903225974335697,-0.05922854261947829,0.007422726390700947,0.0035541135309193825,0.007808672140482481
q173_121123,172,What mode is used in the exposition of the melody?,Melody,High,analitica,B,A,False,0.1611479028697572,0.8388520971302427,0.6213231787772585,0.13258600492819722,2.6732414311099357,0.0,-0.38560661006191493,0.07582561860320652,2.6732414311099357,0.0,,0.007228810326718613,-0.011572793995184107,0.09450656007015681,0.00649110395270278,-0.5034648944195868,0.0977147078129991,0.016122913960796396,-0.01680739916731125,0.0380126884722524,0.01851143227915972,0.03579886322506512,-0.0009610283367011401,-0.11733042862935128,-0.020666696427961935,-0.09981523342248283,-0.024708922297266595,-0.10096402811817153,0.03659580550693019,0.01619245017286303,0.03467482369983273,-0.10490476024592892,0.033084350181845995,-0.052596161516160915,-0.0007041460026324282
q174_121123,173,What is the subdivision of the beats in this tune?,Metre and Rhythm,Medium,percettiva,A,A,True,0.3347772277227723,0.6652227722772277,0.4943156446598817,0.389367457777891,2.5581763303232767,0.0,-0.2424541310587361,-0.2587582875532444,2.5581763303232767,0.0,,0.012536045412393518,0.005387147233786929,0.11192393179227338,0.002841573484506657,-0.3683848878593089,-0.3240628726655677,0.0014707795959059099,0.05707586439402973,0.0548857975603908,-0.12390059377418933,0.05125896915014806,0.0,-0.08072733732264419,0.028484057591025066,-0.08308452690160405,-0.05957629277681753,-0.06021905590341023,-0.11197750554130248,0.015099940589323652,-0.0033353156886248223,-0.09362484116417912,0.019397788706073643,-0.046043077066761015,-0.007850426069408925
q175_121123,174,What time signature would you say this is?,Metre and Rhythm,High,percettiva,D,A,False,0.26843817787418656,0.7315618221258134,0.3143990580049079,0.7089325219922847,2.573280183817659,0.0,-0.08110395077051946,-0.34698163084404715,2.0352153762667284,0.0,,0.01569009066331462,0.1521173893753825,0.1009574629538796,-0.03552518289845225,-0.1818434553951959,-0.49243189351971367,-0.015908048992517788,0.028858056198736264,0.08366255107157437,-0.07351117779628272,0.07653799236771669,-0.058854432628827835,-0.08784983789148752,0.02680590546008914,-0.07731093524254273,-0.008093837334605256,-0.05209462592223932,-0.10174984508832764,0.03244777906232823,-0.07697907043137478,-0.04927291189980406,0.0,-0.00722396231606514,-0.0545991730247181
q176_1076450,175,What type of rhythm is used in the guitar introduction?,Metre and Rhythm,Medium,percettiva,C,A,False,0.2054621848739496,0.7945378151260505,0.45120833621292517,0.3271422512534857,2.203001288545453,0.0,-0.22892512519913846,0.011502685211267433,1.4760509970995437,0.0,,-0.043069043619839556,-0.15781978302110916,0.0962160564968469,0.02271817709140828,-0.29699768708619223,0.14660429114096832,0.014925549010046424,0.0,0.062047766391138855,0.05862112020714054,0.049222126528384355,0.027369048363555717,-0.08392485737944369,-0.03660506989495299,-0.08215488592032787,-0.036904409464351876,-0.06036260703440559,0.09563905810301637,0.0,-0.01360957145840331,-0.08821227006999792,-0.05800341842108056,-0.02554039771448659,-0.02500407222365645
q177_1076450,176,What instruments seem to duplicate the melody in the beginning of the verse?,Instrumentation,Medium,percettiva,C,A,False,0.11915708812260534,0.8808429118773946,0.43171107247090895,0.2392252034442861,4.750592521017409,0.0,-0.25044983105477947,-0.08520316229561954,4.304805320489794,0.0,,-0.03530274346561116,-0.10063415535059379,0.09063062070806474,-0.03800962389853427,-0.30574199586268014,0.07701102057433327,-3.571243455292514e-05,-0.023570403620824742,0.01940928691125046,-0.10354523807882435,0.050801611503489844,0.01580762442879412,-0.07656505555993398,0.009096850143590268,-0.08055562713494147,0.006121519266677641,-0.0876047673657695,-0.07010067967490999,0.026186261663124006,0.0,-0.07573979787253785,0.059644343822590574,-0.026381743199460978,-0.002227582203537793
q178_1076450,177,"What is the most important word in the vocal melody, taking into account the melodic contour?",Melody,Medium,analitica,A,A,True,0.24737945492662472,0.7526205450733753,0.40938259313340425,0.48576966054598497,2.934927455032228,0.0,-0.11106975992352737,0.33227148732676076,1.4241072573018532,0.0,,0.02299147640378212,-0.05061309369361812,0.09608235800415443,-0.02613599291599402,-0.2602261765284658,0.3931501180878154,0.030082582197001873,0.015870455848557452,0.08489017402349848,-0.028809776125747196,0.050737300746282576,0.026647223314966207,-0.06784097510799036,0.11313430147711914,-0.05642054306966367,0.07256358476487748,-0.05254952454008573,-0.054307550321257794,0.03019207215840748,0.04497372154042535,-0.07347858098872595,0.09786273127513963,-0.026599683145250214,0.0602072514012379
q179_1407836,178,When are the electric guitar chords played in the introduction?,Metre and Rhythm,Medium,percettiva,A,A,True,0.24556830031282584,0.7544316996871742,0.41335055054729686,0.41893775138739103,2.7759395406591922,0.0,-0.15864936759328718,-0.041010476800394755,1.9101963561200148,0.0,,0.022126959027667252,-0.14039923810017352,0.10522363244933759,-0.02081117828937396,-0.2856104763055787,0.18896363729349813,-0.00038948276471333435,-0.06876369770434541,0.08051239345997308,-0.02144330774375959,0.05113451022657867,-0.03154659655717127,-0.07347560240302706,0.04254483917811279,-0.07748799696523412,-0.058745032629253166,-0.048177315674682336,-0.023988792998485237,0.025247587269736485,-0.016586295232717967,-0.08187997916764206,0.034443518962028616,-0.034522964338989784,0.034311190220851044
q17_1100505,16,How are the hi-hats played in this song?,Performance,Medium,analitica,A,A,True,0.23721973094170404,0.7627802690582959,0.5022269500328763,0.10494741392652115,2.6166990201177134,0.0,-0.2886017682391008,0.04063032275835794,1.9455854427502697,0.0,,0.004038353114528961,0.04673363586271629,0.10277423778235881,-0.002781310399713929,-0.3807339278639186,-0.029377235184367675,-0.014680431272069977,0.026055232479723262,0.07153473824334891,-0.041265693111467994,0.033359258026762796,-0.007726610630313959,-0.10368348692901798,0.03442963457942282,-0.0825265905095225,-0.017501857744409204,-0.07266719811870379,-0.03275105028180105,0.013777414393054598,0.03883663863675295,-0.09342282903704946,0.04502621702787053,-0.054973074307973366,0.02158304428230385
q180_1407836,179,Which type of radio station would be more likely to play this tune?,Functional Context,Low,unknown,D,A,False,0.15502008032128511,0.8449799196787148,0.2654977344714309,0.23030598598158286,3.7454753834237637,0.0,0.01407337452616815,-0.09523881582224338,2.715213414109127,0.0,,0.013499840590825176,0.06753358507966975,0.107885321168599,-0.04289262371527147,-0.12571217997263137,-0.1145046714729157,0.01840039273937534,-0.005375105713725962,0.10620913908269683,0.023474507089331482,0.0978431239138389,0.09424503324017439,-0.06450357273245741,0.04536770233311986,-0.05415731079092312,0.00843537031271812,-0.05040283988564735,-0.13552292115733738,0.04326701441496624,-0.011377771722369388,-0.05152930647360636,-0.020191186313780606,-0.012652873002699582,-0.09966954960409986
q181_1407836,180,"If you were a teacher, at which moment of the lesson would you use this song?",Functional Context,Low,unknown,D,A,False,0.22294500295683026,0.7770549970431697,0.23608647803639932,0.14430297301809192,4.1159293047083265,0.0,-0.00809794244851347,0.024907555218436954,3.3441467210319584,0.0,,-0.00764286688068826,0.08281477355229439,0.1118628119945412,0.0017904905659700526,-0.11444934336176814,-0.047124582791362654,0.0021314557994017193,-0.012573126108464831,0.10723467217279523,0.10559248619751599,0.08545111940911895,-0.020049221907177683,-0.05737886398039693,0.08216183440400744,-0.07116196575277273,0.0,-0.03935243797525339,-0.028454623536235145,0.038100657304311024,-0.06318112142407425,-0.0701489520213324,-0.03629235927611871,-0.000842171604983212,-0.0148694392394807
q182_357330,181,What could be the meaning of the lyrics?,Lyrics,Low,unknown,D,A,False,0.20461095100864557,0.7953890489913544,0.22294412151778648,0.548875859626866,3.426856211888287,0.0,-0.007737979500238797,0.06732191171735546,3.426856211888287,0.0,,-0.031054851499167067,-0.13681925170362277,0.10760307100877384,-0.04404503700470275,-0.06838335571576215,0.30809888567211074,-0.01590284329408342,-0.05991268524642976,0.09674600401330515,0.09133151956402913,0.08393833058770667,-0.02581611143267676,-0.08500245900163028,0.01841444929922313,-0.06489625093828176,0.012861945366035951,-0.01639624977218921,0.10395792732493431,0.04125802744281446,-0.046811917556562756,-0.06261211709811973,-0.039376427582106514,-0.0007732647338440993,-0.04723947326552102
q183_357330,182,What is the rhythm pattern of the bass?,Metre and Rhythm,Medium,percettiva,A,A,True,0.19178921568627452,0.8082107843137255,0.5622655982478648,0.7061575547534049,3.162683690082356,0.0,-0.2517988918978363,-0.5594186929246587,3.162683690082356,0.0,,0.03887780177185422,0.05587012841681246,0.10152524989369133,-0.0076907530122842915,-0.4070322450728505,-0.6250973708267475,0.014830301509468697,0.01749930249756059,0.0680293356342723,-0.13280115251537974,0.03959477526815672,-0.07952897895557083,-0.10084679844405875,-0.032983664414293366,-0.06400767280982896,-0.039798142558249844,-0.06167653000690046,-0.11170313818731323,0.015579020174384057,-0.03118420707436092,-0.10032467340060292,-0.05973715559116355,-0.04814634831325823,-0.07168225362832732
q184_357330,183,How could you interpret this song from a feminist perspective?,Lyrics,Low,unknown,C,A,False,0.3154853620955316,0.6845146379044683,0.37455488582216007,0.6055015638174324,5.844762674750875,0.0,-0.18700005374957973,0.47949151811015683,0.6810669128466951,0.0,,-0.03936480167775811,-0.02236688454881945,0.09313571490848163,-0.0010026742849136988,-0.2414126681081118,0.5424965409637946,0.0006417011278085499,-0.03963546401990463,0.06129141154267347,0.10683404121108815,0.05190220532341741,0.06811090901218975,-0.0741669959096428,0.04261246591965625,-0.07933337276566588,0.026524285890084084,-0.05587102979902392,0.1989008854448412,0.022051574037481845,0.06502902775007803,-0.08127978039128954,0.010511773449931767,-0.03159406578753032,-0.039031870567712394
q185_661634,184,What harmonic progression can be heard in the introduction?,Harmony,High,analitica,A,A,True,0.17958783120706573,0.8204121687929342,0.503873896003375,0.2961173611049621,2.4559479174218395,0.0,-0.19033645529228177,-0.2961173611049621,1.6040647008171751,0.0,,0.028879077402631112,-0.0008142841720693763,0.11157318734195884,-0.03142829291389185,-0.3471051756478284,-0.23293387428141318,0.016316455610956668,-0.030940909737587716,0.06414858081356158,-0.07388561117715133,0.04257750030523869,-0.06531657839739662,-0.08220410420975291,-0.024747925487216972,-0.06374333584800902,0.0003196548775307208,-0.050428612746657386,-0.047817754922084066,0.025131901588986136,-0.051539131235665295,-0.09686023771577973,-0.06769355924563092,-0.02895814747986907,0.034563544482652364
q186_661634,185,Which musical element predominates over the others in this tune?,Harmony,Medium,analitica,B,A,False,0.14599040438656613,0.8540095956134339,0.6549506592866953,0.16572083871783816,4.112405950193749,0.0,-0.37144617717556866,0.14305622903331844,2.637508179607747,0.0,,0.03880141870547857,0.12241254552764602,0.08942264690343078,0.012746421285132894,-0.513198418231132,0.01922956706279938,0.013528175446653976,-0.01133230484225985,0.04938669293579496,0.046068618852641144,0.03432701202120411,0.004612437464340702,-0.10518259800975048,0.07631444173597465,-0.09914244288207298,0.03193219362895518,-0.1116684284875092,0.017324020680693546,0.015014666622526755,-0.024924022102577856,-0.08616230291238788,0.0797715862751153,-0.06801877646337402,-0.0880430475018242
q187_661634,186,How does this tune enhance the tonal harmony?,Harmony,High,analitica,A,A,True,0.0787929589270746,0.9212070410729255,0.45363544963048236,0.12137440800757673,4.843757673684451,0.0,-0.13615811451814172,0.05118910539384177,4.250068076545812,0.0,,0.04611080439194121,0.012298591390774657,0.09736080372837155,-0.010592332549612608,-0.294896782074312,0.0739831653099346,0.015267059435857547,-0.02450031875725487,0.08460690086170389,-0.0126908543072207,0.05318627205328884,-0.010166534369674593,-0.09148637422680658,0.023551826148592053,-0.06520511677666158,-0.03169065013746307,-0.04720916569118221,0.0,0.02679900805427579,0.004037006681335175,-0.06990102740203166,0.037612646754288576,-0.02694861139072821,0.04053566462398433
q188_312915,187,What brass instruments are played in the intro?,Instrumentation,Medium,percettiva,A,A,True,0.16552667578659366,0.8344733242134063,0.45663488787623696,0.5182291639245251,5.1404643202802465,0.0,-0.19099303787022032,-0.5182291639245251,4.974278855695613,0.0,,0.020440860602513513,-0.19799918595078825,0.09668627518536149,-0.13504743560120747,-0.3238139628732286,-0.11150481183043941,0.015693789215133293,-0.07367773054209004,0.06361874651938508,-0.16786356017655046,0.04798787164125476,-0.07268992903793642,-0.06777257963819096,0.007051735563752146,-0.06777374915729363,-0.03207910406549085,-0.06492877310531414,-0.17871938207288235,0.01339626076401251,-0.07038312523322335,-0.08004110682452861,0.016227285694299716,-0.03547970806954536,-0.019773084596493563
q189_312915,188,How are the phrases distributed among the brass section in the intro?,Instrumentation,Medium,percettiva,A,A,True,0.3183856502242152,0.6816143497757847,0.43028566094533877,0.3807246630343532,3.2483657411545583,0.0,-0.1477869852557338,0.010234087413231101,2.763858739742399,0.0,,0.01382251335953322,-0.14263106448723856,0.11106931976897226,-0.019863482261197152,-0.2890363231005363,0.19547937522379213,0.01635750471629698,-0.022750741062125313,0.06610527943151784,-0.10248718773077123,0.053060185476010185,0.021916844502268596,-0.08008634575650504,0.016367800733325482,-0.05968299639192433,0.005373811810660236,-0.04865234087834109,-0.008119511079962186,0.04267845389630985,0.058194893589314754,-0.08445267248396555,0.01723584470817064,-0.03675654854883568,0.0017515908802248348
q18_1100505,17,"During the introduction, there is a low-pass filter that is changing its frequency. Could you say in which direction it is shifting?",Sound Texture,Medium,percettiva,B,A,False,0.24614869390488947,0.7538513060951105,0.5500024377099401,0.13502925776206665,3.5719284135112153,0.0,-0.37983231612068236,-0.11758021609984713,1.3944618673331823,0.0,,-0.017713792456871026,-0.10768031506814574,0.08508506079462885,-0.01862442186281115,-0.43002971526793776,0.0060727019766222065,-0.017173869190502483,0.0026518188544875504,0.04329601642076882,-0.010540601500871744,0.02605842663890077,-0.0707127057379442,-0.10880180224439447,0.00622674821755357,-0.11138735160617923,-0.04375397514606298,-0.095848645247708,0.016489472107453704,0.01144663627112847,0.003125712081864202,-0.09092547049575966,0.0024582607127140547,-0.05367012585743913,-0.02087312683455374
q190_312915,189,What region of the world does this type of rhythm usually remind you of?,Metre and Rhythm,Low,percettiva,A,A,True,0.19144144144144146,0.8085585585585586,0.45192937070905,0.12002417865615163,2.3700328433989903,0.0,-0.1613409459154877,0.01999416326082459,1.662493035870463,0.0,,0.025963970813072234,-0.032099122863334696,0.11902968780348816,0.014284102381685605,-0.30663515831226884,0.055725068576802504,0.000300553780220765,-0.017915884834328825,0.09334758907828322,0.07425227690814433,0.05583587228798731,-0.01466515887324162,-0.09969537281808942,-0.012529309813455361,-0.07944873816265338,-0.048165890954497075,-0.038093814217718465,0.036127506389185014,0.02335614000874747,-0.017436603142659518,-0.08531830088093502,0.0009872769751750124,-0.03132432121110938,0.001424065772173807
q191_1381590,190,What is the main string instrument in the song apart from the ukulele?,Instrumentation,Low,percettiva,D,A,False,0.11676646706586827,0.8832335329341316,0.19795032981634209,0.2465983184858846,5.557075275514719,0.0,0.023665216946430853,0.23150250337446626,4.801103263593286,0.0,,-0.0061459193535046384,0.03068002634120416,0.11080777338138648,0.009507181929264889,-0.07948548951515724,0.19886320265970636,-0.0015111475662937385,-0.0075479075557091675,0.10234449072614865,0.05522829234734872,0.10031918057698119,0.10175647127511708,-0.06494761362564515,0.03712851716787059,-0.06760979110038529,0.02686210680336286,-0.03518890618192846,-0.006257346938580001,0.04875926385356981,0.02772372286169976,-0.06530826952173659,-0.03551855382115443,0.0052968622194266846,0.024579293678801694
q192_1381590,191,How many voices are recorded in the song?,Musical Texture,Medium,percettiva,A,A,True,0.419631093544137,0.580368906455863,0.4460968060903314,0.2318791918104872,2.226071889477107,0.0,-0.13062766016249047,0.0969251231572555,2.226071889477107,0.0,,0.01281759690341697,-0.06747703432661584,0.10559212444523781,0.004382869962181724,-0.28836223312641096,0.15608968455959948,0.03932485161526569,0.003929602962090129,0.07868231293194689,-0.04750281018625116,0.04954475025752644,-0.031080081647018393,-0.07709627854958666,0.028005748997060695,-0.056658870744889,-0.022118451936691402,-0.027813702265600114,0.04776580340397413,0.017582317452023113,0.01806582973289903,-0.08477244650599962,0.046825461092387055,-0.030095742737911584,0.05696362370089554
q193_1381590,192,Which percussion instruments are played in the song?,Instrumentation,Medium,percettiva,A,A,True,0.2284743202416919,0.7715256797583081,0.47857247959154603,0.4445370691584348,5.696414350181263,0.0,-0.22136064273144004,-0.37537752675803815,5.696414350181263,0.0,,0.05231201522533476,0.03457977120019832,0.07628462553084664,-0.10714986813756494,-0.34996656116149305,-0.13302805161096276,9.27767387159939e-06,-0.1697793782097088,0.04617011799268581,-0.14479327224230845,0.0567014960920007,0.06425308002181065,-0.062296081270505704,0.0650904663816633,-0.0738785545780614,0.009390533164866818,-0.0776808946656766,-0.28266196518563,0.012365844420589049,-0.03635395395841053,-0.06780844260685127,0.04166888638275684,-0.054934128115620616,-0.0919713013227868
q194_1268901,193,What kind of guitar technique is used in this song?,Performance,Low,analitica,A,A,True,0.20873786407766995,0.7912621359223301,0.4619055177967614,0.06254202807354678,1.7928567663626025,0.0,-0.16559411767041757,-0.017311278207243104,0.2731746202909485,0.0,,0.03434477816315282,-0.007218872965859647,0.0998319613545687,-0.02339705816263518,-0.3137498177335895,-0.009310722011900112,0.01397896054545041,0.022615374933151834,0.08123104001879605,-0.01335786806585846,0.05309314415225207,-0.016682215295342646,-0.09641946686134463,-0.008924830551567718,-0.05931009383670993,-0.010247536235289647,-0.049187664474433526,-0.021079547831125423,0.027019731712273506,0.0009255162209561487,-0.08400399757840563,0.03601686929306959,-0.03801681080284549,0.016038334257915052
q195_1268901,194,What mode is used in the song?,Melody,High,analitica,A,A,True,0.18278805120910385,0.8172119487908961,0.5612045405635163,0.8256319595755733,1.9087940617566979,0.0,-0.2226556004140476,-0.42285539151317764,0.8111658524927621,0.0,,0.057807779982624236,0.20138828403119785,0.09496741010489727,-0.03294519280277134,-0.391930070488782,-0.5912984827416041,0.016499279987212866,0.0,0.04825339764986697,-0.16905124834508575,0.05320396528615397,-0.06597110130272311,-0.08038547749604827,0.0349131915657597,-0.06658509030650224,-0.020482850659015544,-0.06983985545590751,-0.16283113676660751,0.017376296041773598,-0.023266543935551685,-0.07598205252870247,0.03251546654516965,-0.04869678360468163,-0.04868116861512322
q196_1268901,195,What is the first chord played by the guitarist?,Harmony,High,analitica,A,A,True,0.12752075919335706,0.8724792408066429,0.4042301707613486,0.3544812952455774,1.7214346995554224,0.0,-0.15234204502786103,0.05887907585918687,0.8349074331214721,0.0,,0.016089459105533502,-0.0654376074559784,0.10910219360886599,-0.053126164729683165,-0.27828610789460484,0.20668018555238213,0.0007524101523443127,-0.02923733750753369,0.08374281599112358,0.012822988846005145,0.0505610597586169,-0.01496149690037111,-0.08764900093166321,0.05073845925942902,-0.0737977880957156,-0.020525990054151576,-0.03833895204491622,0.0715189456541495,0.029797299843568693,-0.0008864119625824774,-0.08520495053021948,-0.007500057303547088,-0.03145252901865567,-0.03232736167974453
q197_1078326,196,What is the name of the rhythm used by the drums during this period?,Metre and Rhythm,Medium,percettiva,C,A,False,0.2014388489208633,0.7985611510791367,0.4917137746341319,0.46789280192041444,1.9450652417296297,0.0,-0.27755997983641356,-0.37518109711729375,0.5995149895408614,0.0,,-0.020842958663391285,0.02274940317854784,0.07508998687574428,-0.018773432536439184,-0.3637939185718815,-0.4027635169824149,0.03198691052311489,0.023606449223012516,0.034805323127797966,-0.10844422231650434,0.03304897729928076,-0.0723227462277925,-0.08046346988891277,-0.01321270655184763,-0.07472601177074614,-0.023033735901291076,-0.09015121777879606,-0.06938966553554861,0.011322403539914956,-0.074831736084383,-0.08467077575790898,0.0,-0.026725208607043333,-0.01394628449992659
q198_1078326,197,Which cymbal does the drummer use in the bridge?,Instrumentation,Medium,percettiva,A,A,True,0.23472505091649692,0.7652749490835031,0.5263536818558473,0.23535871676275,2.3163528402601448,0.0,-0.19416284559110264,-0.10033672600057997,1.772885880598524,0.0,,0.032038225422259425,-0.0804415163367905,0.10354613150992537,0.03945597197287932,-0.36025826372347497,-0.08740620504487448,0.03051106120018753,0.028055023408205704,0.07775026770600171,0.0,0.05559169719078874,-0.05107562084368534,-0.08123033896580929,-0.03868012255339593,-0.06806642435649263,-0.00686225931114154,-0.05115841382318351,0.0019050456134094007,0.013320530689000059,0.0,-0.08787475641289025,-0.001200394142806734,-0.05249540761851751,-0.0044233747629597985
q199_1078326,198,What is the predominant component used by the synth during the solo?,Sound Texture,Medium,percettiva,B,A,False,0.15331807780320364,0.8466819221967964,0.7074727249717307,0.35849833568059275,4.453311953860123,0.0,-0.4728917647671316,-0.15915029681529597,3.349499343198939,0.0,,0.009323914738641862,-0.11900814262573624,0.08969606784254616,0.05030680312262749,-0.5901822448694312,-0.13981617362220813,0.01827049752111156,0.0493672163100209,0.0005421168580485615,-0.021239509190212547,0.03625362281410564,0.022108916235485238,-0.1107330764237082,0.026742107466815695,-0.1027973841936006,-0.017920865723873816,-0.13517191159991554,-0.10193873833501355,-0.004930308953580435,-0.016122955038070055,-0.09259091987473714,0.0,-0.06346390339374394,-0.050779252230426924
q19_435883,18,"During the introduction, the kick is played twice in each bar. On which beats?",Metre and Rhythm,Medium,percettiva,A,A,True,0.16923736075407023,0.8307626392459297,0.4844277662907136,0.28706169482083366,2.8140088740066926,0.0,-0.28642070103964773,-0.2156030264953268,0.575281773159416,0.0,,-0.027495120590078886,-0.22027334768220208,0.09900353262553294,-0.029761878112976918,-0.3534343609748881,0.03572933416275344,-0.004494752100213646,-0.001297134862901221,0.06183796825283337,-0.08451754316017251,0.02761574038831437,-0.06174733575933379,-0.10672734311987771,-0.013904072413221467,-0.07590322696483326,0.0033250496317920666,-0.07986633499105297,-0.0334465023519749,0.013628645677132593,-0.06760842744705581,-0.0849901421265338,0.001824034141853597,-0.042016008155630315,0.040471770862786034
q1_1204663,0,Which of the following best fits the guitar pattern heard at the beginning of this excerpt?,Melody,Low,analitica,C,A,False,0.14909248055315472,0.8509075194468453,0.47086560345294337,0.18303650901205315,2.595892356694819,0.0,-0.2966997629921855,-0.11603136451754859,2.595892356694819,0.0,,-0.03352905647112214,-0.07250451564682558,0.08619006240060637,0.017302730753498075,-0.3502536267514423,-0.07702942111797528,0.0008928578297725497,0.016199841493754197,0.035750374726211384,-0.03773697262792508,0.037605295325962663,-0.02679688241832748,-0.09182696660412609,-0.027629814958533942,-0.08567990712074107,0.030104556998837705,-0.09266628503713276,-0.002343182777409107,0.018108795267226058,0.007209400376673114,-0.0849698204344908,-0.029771939437005814,-0.03302124911509489,-0.029066529673857987
q200_1121398,199,What instruments are used in the intro as accompaniment to the voice?,Instrumentation,Medium,percettiva,A,A,True,0.14756446991404013,0.8524355300859598,0.4925050626549013,0.1730664389352409,4.215771105516026,0.0,-0.21379807372436696,-0.11297510357071236,3.500841986660309,0.0,,0.022875853965680527,-0.04982545079741559,0.10419602141403175,-0.020106803395236485,-0.3531515681896341,0.03004566768226427,0.012281619085554871,-0.07308851706032456,0.09299593426115622,0.12765288321785556,0.05554595383431921,0.046846702445903075,-0.07497850928847698,-0.04801982273799896,-0.07600102318993869,0.030238949731939784,-0.061541719796720865,-0.0859240243390769,0.0,-0.0982712807932418,-0.09729143167294906,-0.08450597062899659,-0.05252727787175681,-0.0009925404670965213
q201_1121398,200,"Hearing the voice, is it a native English speaker singing?",Performance,Low,analitica,A,A,True,0.275802752293578,0.724197247706422,0.45272866825221775,0.5033671500694271,1.1533777802941274,0.0,-0.20551953533523265,-0.07128078726516333,-0.016421154168043052,0.0,,0.01351814672449915,-0.2562794845549286,0.09287350915325522,-0.031044484112366662,-0.3291241017937252,0.15171954399506796,0.017212910580738185,0.06432363740706397,0.07723201119746444,-0.037831967208023336,0.04884285854547851,-0.053263432755810705,-0.07374806437121292,-0.02715973335901797,-0.08012043553032486,-0.02621805603387806,-0.048092339476461674,0.039029656415266345,0.0,-0.010448239737422454,-0.08649064857066231,-0.014807358615606035,-0.04314291712951385,0.059418344029328864
q202_1121398,201,What kind of synth effects are used to create more anticipation for the chorus?,Sound Texture,Medium,percettiva,A,A,True,0.181592039800995,0.818407960199005,0.5795619723867329,0.4907754612634935,2.543312577549547,0.0,-0.23312925967991496,-0.455980338984487,-0.15476909110479548,0.0,,0.06555851661225519,0.0010241022829847526,0.07498321853793187,-0.02012720414452357,-0.4063456160333239,-0.45325069597946666,0.032674621203221926,0.016373458856518485,0.05410172457926155,-0.1231042936668306,0.05774071092988505,0.0,-0.06812022719691699,0.050825299230848886,-0.07427461038711021,-0.034289292274294156,-0.08926746502783342,-0.24367026938633626,0.0146065436578348,-0.08987472342942646,-0.0764452515840233,-0.03492680557138033,-0.05147068465101242,0.01905974611293191
q203_962064,202,What is the main pedal effect used in the guitar solo?,Sound Texture,Low,percettiva,D,A,False,0.23640399556048836,0.7635960044395116,0.21667411170123282,0.27263459798186357,2.024702513155365,0.0,-0.002276105497666563,-0.27263459798186357,1.554386753080226,0.0,,0.00858669127995509,-0.05941224015923326,0.09861231182182803,-0.05171637200230683,-0.09492105449357943,-0.15087026215084526,-0.014554054105870256,-0.010635723669478226,0.09755024724339517,0.018485338813725133,0.0863090030002524,-0.049434788924631504,-0.08575940284561906,-0.040501664067482596,-0.06922939824457443,-0.01973306946158774,-0.03135624274672015,-0.03596949446183936,0.04652945980134484,-0.05621106230033193,-0.04927933721770571,-0.03361999152172786,0.0029595655119603326,-0.05564986605798772
q204_962064,203,What is the scale predominantly used by the singer?,Melody,High,analitica,C,A,False,0.1465686274509804,0.8534313725490196,0.43341063772571237,0.4322467054780304,4.577430022845517,0.0,-0.21681740511495956,0.24692520956784694,4.495942661448122,0.0,,-0.044086110590367135,-0.08919932155404407,0.08989054424463516,-0.0034614264010476604,-0.28102791082996886,0.3118600473553398,0.018406072060741255,0.02772591016759888,0.05103492885570301,0.09891543104162068,0.05109718173925869,-0.00605711216867051,-0.08388772010152028,-0.034707533080686026,-0.07993667527404147,0.0404348325413175,-0.06751368950813148,0.1071565461182906,0.013379268535854045,0.01649979762071462,-0.08243777818589096,-0.01527795088648818,-0.01855292117619113,0.039961198381748206
q205_1221864,204,What kind of accompaniment is the ukulele using in the intro?,Musical Texture,Medium,percettiva,A,A,True,0.22029372496662214,0.7797062750333779,0.508911724018593,0.12346487466190674,2.964255285391759,0.0,-0.19364976217347818,-0.03258143239169665,2.6106630787266822,0.0,,0.03421923579823588,-0.07692266826826735,0.10971566547515169,-0.001100485258534352,-0.3512807430960356,0.02834092704624861,0.013696079649169838,0.01710079408885644,0.07647073107175284,-0.01602941821870755,0.0575217971416494,0.0015926625709307921,-0.09002906223532363,0.016203404604443247,-0.07306557748912577,-0.03498380259344473,-0.05575756741575328,-0.023438786946379252,0.02682445441016617,-0.0006190255703799677,-0.085943319637081,0.008476803795371747,-0.049671218019762896,0.016216729966469064
q206_1221864,205,What chord is the ukulele playing in the intro?,Harmony,High,analitica,A,A,True,0.3526694045174538,0.6473305954825461,0.3810808907995136,0.9675000571241844,1.8913937475584213,0.0,-0.1338179627715675,0.4426027374741893,-0.5713003008629438,0.0,,0.03089124263448255,-0.11917735959890484,0.09274022137949053,-0.08548046360330103,-0.25591999348991806,0.7050513972991869,-0.0015294332956224954,-0.057790836622791636,0.09431695718409266,0.14357256313614136,0.04832798898016383,0.03690580777564753,-0.08447760534194573,-0.020527379623890698,-0.06510839022490988,0.1016155757049872,-0.04181730801310138,0.08400030394468805,0.014727960992375016,0.027163674974784117,-0.06969765078393295,-0.009429928446561493,-0.03008991556430902,0.07930212000839329
q207_1221864,206,What kind of percussion is used for the bass drum?,Instrumentation,Medium,percettiva,A,A,True,0.18786982248520712,0.8121301775147929,0.5174667609755451,0.07975708111893796,3.0265129122334065,0.0,-0.1993869175881348,-0.07434844678040091,2.768685559849373,0.0,,0.03690354342472276,-0.014456062290012619,0.10702343728106102,-0.010598012615331196,-0.35842683928184,-0.05199868904432562,0.015112940987921424,0.0027043171692685223,0.056260451509905815,-0.08108122234847571,0.05563127326599655,-0.03097548644888205,-0.07611541339155692,0.03862201948141451,-0.06673186706299601,0.019010195298051206,-0.06184005601311671,-0.06558186981281694,0.027651682466566938,-0.0046246162680575915,-0.08866988033068378,-0.014699880063860934,-0.04557310803225065,0.06498241338222663
q208_1374348,207,What technique does the drummer use on the snare drum to mark the upbeat during the intro?,Performance,High,analitica,A,A,True,0.16711956521739132,0.8328804347826086,0.48326396298064905,0.4214232103280293,2.839222392857017,0.0,-0.24617950960178686,-0.4214232103280293,2.59078858313811,0.0,,0.00957364798791497,-0.2471387183039846,0.09341585022427878,-0.018802389888478273,-0.36472173629121796,-0.12409593812835783,0.015552728477237382,-0.031386164007208645,0.07701723539056149,-0.02861357018832083,0.05086019511241428,-0.06924741129159302,-0.08374909919212839,-0.07518025332773265,-0.08190729058516236,-0.05656658410405414,-0.06105165544423174,-0.0712946287995889,0.0,-0.04442811389652064,-0.0922436548825281,-0.05083545873103934,-0.055105240000712014,-0.0252571899891798
q209_1374348,208,What is the instrumentation of the piece?,Instrumentation,Low,percettiva,A,A,True,0.12151394422310759,0.8784860557768924,0.460857376009316,0.7848256946993207,4.00041931909292,0.0,-0.11056716800390522,0.5023804816262961,4.00041931909292,0.0,,0.06593950730910297,0.1013378639112631,0.09437372858308431,-0.03578064684011251,-0.2857122720066106,0.5422652242515453,0.014831868110518112,-0.1054419596963998,0.08488335761632944,0.09998322083819836,0.057413028741188935,0.010985212048174361,-0.05935995190151457,0.0971969076558818,-0.05851425556217703,0.10723264319044916,-0.041163455464916426,0.08217945686346051,0.014874319775151947,-0.009947779836228562,-0.0658353281823583,0.03920980164935287,-0.042864883025609174,0.07554101921700754
q20_435883,19,"During the sax solo, what scale is the electric piano using?",Melody,High,analitica,A,A,True,0.17008797653958943,0.8299120234604106,0.4911985927276267,0.3222557211465851,3.9343611107834735,0.0,-0.2808574535938329,-0.08607744187913746,3.8863093177907744,0.0,,-0.030873094146802185,-0.18872285070846626,0.10517056956689691,-0.015443730804395036,-0.3497646665200815,0.08740644752049842,-0.005390262493846158,0.030682692113225406,0.06625635171361874,-0.03508057949492875,0.03243604851365387,-0.029715722024923168,-0.10805540521029183,-0.012945232626441887,-0.07459602769411165,0.019955479255792465,-0.07417895389761696,-0.005570018048132213,0.014722399554200885,-0.010587242377322899,-0.09033911130195947,-0.025517995112152327,-0.047102755271326485,0.013383868548971299
q210_1374348,209,What kind of feeling do the acoustic guitar solos in the song produce?,Mood and Expression,Low,knowledge,C,A,False,0.15775401069518716,0.8422459893048128,0.4362936371946177,0.27105676428258285,2.5241527962882127,0.0,-0.20487558018841695,0.22644721637380266,2.5241527962882127,0.0,,-0.0232537440973088,-0.020649587007331778,0.08727522970221577,-0.0016551869470583062,-0.29733086459420854,0.23151627510847705,0.02843379880088463,0.017235715219715703,0.04335380492555627,0.0518809338347883,0.04938028718663915,0.043592007488213555,-0.07608343722234677,-0.01047002686142199,-0.06951887539169373,0.01542453335476046,-0.07331445506304549,0.08637001950765227,0.02393829116904079,0.03481343313949844,-0.07828754238335166,-0.003618882986728439,-0.024343653409215477,0.00845519889704009
q211_336086,210,What type of drum sticks are being used to accompany the song?,Instrumentation,Medium,percettiva,D,A,False,0.23325808878856288,0.7667419112114372,0.24824356386060648,0.49496934032970785,3.444335579362615,0.0,-0.032452872221010384,-0.39969870193653534,1.9045661948577937,0.0,,-0.0022955848389928472,0.00797131249518476,0.10789534581979804,0.0008826281322011822,-0.13805263320181557,-0.4473340211331216,0.0,0.03878137856920036,0.07835795872827478,-0.03158353197123397,0.08428477337623665,-0.07434765501015743,-0.0892520172124134,-0.03770737464852709,-0.05773755953871598,-0.023429902086879506,-0.03767307448220172,-0.06833372123568061,0.04129435210211653,-0.054603396906030985,-0.052138288447084735,-0.04355148176206482,0.00041098325277750397,-0.06614163831596093
q212_336086,211,How many guitars are playing during the song?,Instrumentation,Medium,percettiva,D,A,False,0.12196307094266279,0.8780369290573371,0.27910799659418506,0.6903268913524225,2.0761258475274325,0.0,-0.02258675653032762,-0.20849555507130343,0.16613867512207203,0.0,,0.021306452011598007,0.2140146772229135,0.10695416802033073,0.026900990917646025,-0.1336126907418808,-0.4299980451983503,-0.017234685820375538,-0.0194131780135127,0.09098107798938873,-0.042558954503287436,0.08535674050079306,-0.048801873554680415,-0.08122364228037905,0.03830064167830752,-0.07958080175614671,-0.05239552694310462,-0.037114404317915094,-0.006246707008904805,0.04731137785584136,-0.0027433872680391706,-0.05034797709041586,-0.04885556360631464,0.0020308725685059745,-0.045194183865279826
q213_336086,212,What type of guitar is playing the accompaniment?,Instrumentation,Low,percettiva,D,A,False,0.23735165521549034,0.7626483447845097,0.27102580851243396,0.6211051957038208,3.9000427448620725,0.0,-0.005394647940046016,-0.4766632072942999,1.770104352776386,0.0,,0.026543924878015997,0.0722209942047605,0.10627165540817798,-0.04277970848331475,-0.13821022822624,-0.47457008414548824,0.0,-0.03153440887025738,0.09109547000626204,-0.07104412972874374,0.08914642379886717,-0.04420892162949988,-0.08679910159984895,0.008664233183115759,-0.059934659001739235,-0.03153742748029392,-0.05360378163368146,-0.1720071105800292,0.060900706950928904,-0.004939061694414736,-0.04301689290531272,-0.05900291231712242,-0.0031828135555217463,-0.1025878770473117
q214_1298301,213,What genre does the song evoke?,Genre and Style,Low,knowledge,A,A,True,0.271455223880597,0.7285447761194029,0.4769486642268491,0.24393949724916564,1.9326098146457775,0.0,-0.16647987303650638,0.22562189224863843,1.9326098146457775,0.0,,0.03904028978335791,0.01997465592398781,0.0996776893600603,-0.008323176075284391,-0.32171426863167774,0.21480603882491422,0.016516416451753144,-0.0008356264249792071,0.07414576382746403,0.11678549626057745,0.06105948702669621,0.06844829543261452,-0.08137239847474532,-0.0548714064360257,-0.06838446215272721,-0.03384201954782478,-0.03134160284100407,0.1619075031921783,0.035333249258262034,0.106785101167783,-0.09361611590170517,-0.04646864410152778,-0.06230379377874691,-0.09312243371913659
q215_1298301,214,What type of technique is the guitar using during the chorus?,Performance,Medium,analitica,D,A,False,0.22142857142857142,0.7785714285714285,0.21251253628801875,0.15734046070057583,1.8666464670363423,0.0,0.00025549983287533745,0.044898003834212094,0.3971421613425016,0.0,,-0.027035747530101194,-0.05622122843318187,0.10638401806044705,8.410976750883835e-05,-0.061992377657435926,0.09611950002931102,-0.017100393040034585,0.0049156224705740985,0.08152977117407613,-0.009106740289795228,0.08540722052344826,-0.05352127421443348,-0.08345056320269593,0.021634994873579463,-0.07139472350460668,-0.013381358425216672,-0.019223514521132884,0.03657985832678723,0.050655544644064646,0.008365462333950469,-0.055580206036242356,0.03836721160422689,0.012311970755964192,0.015959849625113418
q216_1298301,215,What musical technique is used by the guitar accompaniment to emphasize rhythm in the chorus?,Metre and Rhythm,Medium,percettiva,A,A,True,0.11084745762711865,0.8891525423728813,0.5017725979131138,0.4891504485863895,3.808926607160763,0.0,-0.17563103002020636,0.17919170347747043,2.695954503550804,0.0,,0.022024202099345844,-0.15497937255445954,0.11269536780474092,0.032657979278652424,-0.33870181396666005,0.30151309675327753,0.02835121404236692,0.0,0.08009740441490862,0.07028707073230425,0.05012050052678104,0.0064859974703614445,-0.076010560268668,-0.017607503496827683,-0.06399630376431784,0.05087499810768747,-0.04438933421930033,0.07859030025062543,0.01399376291783593,0.030476006311193828,-0.08778377363594676,-0.06455692781889887,-0.04766272599149904,0.02464176192102458
q217_770629,216,What is the time signature of the intro of the piece?,Metre and Rhythm,Medium,percettiva,A,A,True,0.17655172413793105,0.8234482758620689,0.5262156670144403,0.2527069755947914,1.7263137246119198,0.0,-0.17143983919691513,0.1419738335993411,1.5507892079485552,0.0,,0.07340880068507814,0.07895278182931582,0.09178804729109731,0.024251183439790124,-0.34882775310567776,0.09413643932796033,0.012191065932587173,-0.05536657099772515,0.0718916865374037,-0.01785056208046849,0.055464034011049615,-0.01363446852550474,-0.090087896175451,0.017389400629415824,-0.0710121492388969,0.017459080726647713,-0.04381601144608821,0.11442105863902888,0.013684204683911039,-0.0544490148248555,-0.06266493531061389,0.015087457179324833,-0.04489877225822948,0.06355088185575261
q218_770629,217,For what type of music was this song made?,Functional Context,Low,unknown,A,A,True,0.4577294685990338,0.5422705314009661,0.5211046831320902,0.15451954862693884,1.2537259677355819,0.0,-0.19041685187248128,-0.020944686280841437,-0.7801484639077569,0.0,,0.06240442524872655,-0.001595057330450747,0.08774455510797358,-0.06204656496015115,-0.3557607675022858,0.06678743117304871,0.015194935273104391,-0.024090495163288247,0.07485877598620712,0.02195187589965587,0.050442256894195,-0.05907471978373342,-0.09047759145868342,-0.02422253807067163,-0.07179663423853003,0.03463481771347973,-0.06204560931737074,0.005772414960405727,0.013610159325579345,-0.03411653573850768,-0.060839025241545996,0.0182757459635699,-0.04416918382233253,0.015834252774960086
q219_1133179,218,How many bars does the drum play in the intro before the guitar comes in?,Structure,Medium,analitica,A,A,True,0.07685433422698838,0.9231456657730116,0.5226901391000999,0.15525160691571246,2.2049786907843454,0.0,-0.1819882664810724,0.12622096694542137,-0.0197040249522763,0.0,,0.06565793406572393,0.028132746630034594,0.09070899426571025,-0.001302255461904371,-0.35233920279058617,0.11260354030053232,0.013984007978079577,-0.013213064523241159,0.0732667658767663,0.01601474375897847,0.05389105419823377,-0.007440574029046651,-0.08744555458040282,0.00952320161666294,-0.06888164891223272,0.04765838700987644,-0.058286125029603286,0.03688825717218834,0.014139445553695906,-0.03363318415772854,-0.06249424927006816,0.02780708549040394,-0.04617795431746143,0.029403050084086453
q21_435883,20,"In the introduction, the snare is played on the...",Performance,Medium,analitica,A,A,True,0.2750463821892393,0.7249536178107606,0.4399441772984523,0.4911161856587627,2.927173669154367,0.0,-0.23357634553456838,0.12121598919471221,2.4186588345043125,0.0,,-0.008450459197784862,-0.12414169285820212,0.10318391588194195,-0.02975419715557098,-0.3273485764512055,0.30616608742673745,-0.0009612257675199395,-0.03105420821825213,0.080808950909066,-0.02356196182250909,0.03464360076328803,-0.003587472720930577,-0.08532873775021424,0.04781837116305403,-0.07967355391426371,-0.027063294600524125,-0.05824875756936842,0.03656527993975934,0.012721395565008058,0.017975364266039632,-0.09233848564148116,0.037773812795181085,-0.046160757896602914,0.03529589017464198
q220_1133179,219,What type of snare drum is the drummer using?,Instrumentation,Medium,percettiva,A,A,True,0.19877049180327871,0.8012295081967212,0.5582107422407676,0.2563089532117543,2.3322868519850557,0.0,-0.22826736699953865,-0.2563089532117543,2.0783786051425714,0.0,,0.05961485047854395,-0.023790470427416787,0.08998391487339572,-0.0034562284065600187,-0.39323905462015313,-0.2186768097124565,0.015372922268674812,-0.010385444665320964,0.06957281791469609,-0.020202898550220463,0.05314805923257293,-0.06593583436910724,-0.09315409871047008,-0.03776047633489873,-0.08288273355663094,-0.07520412594421183,-0.06653993123169868,-0.025321899193475585,0.013643068401360944,-0.0021694243076833594,-0.06808781019765466,-0.005923824084740282,-0.05396673885171426,-0.023790470427416787
q221_1133179,220,Is the singer a native English speaker?,Performance,Low,analitica,A,A,True,0.38420245398773006,0.61579754601227,0.37260912442665484,1.2382333015900038,3.8053711899454115,0.0,-0.1125077386813179,0.525711706725748,2.0228349010119695,0.0,,0.023551942157839196,-0.3253017302186611,0.07739479391427416,-0.0013205194822985267,-0.24255843155398635,0.8819725041578759,0.029103956800555095,-0.029638547731168204,0.10100632189687787,0.2337400664046855,0.05630157644506232,0.0,-0.07004297091304237,0.07263918621191719,-0.04836507989681134,0.11825157106647902,-0.04032292046701945,0.14805551766360656,0.0,-0.040045152450075346,-0.06429299897398921,0.013640176385093447,-0.04679166677239574,-0.020569658555958277
q222_1227366,221,What is the key of the bass pattern?,Harmony,High,analitica,A,A,True,0.3020969855832241,0.6979030144167758,0.5764984429580544,0.510149612448229,1.9540240023464224,0.0,-0.23178791847363459,-0.4252862913621035,1.9314145826490963,0.0,,0.07002840484194904,0.04243166054306274,0.08716268326133553,-0.06772479749129329,-0.4041431807158445,-0.3422495662401725,0.01516417413892532,-0.05774358817370044,0.04572283407168751,-0.10240442076034657,0.0557660217147187,-0.034905054868343936,-0.06529312620097441,0.05670030907164855,-0.07792672097537442,-0.03403274731671081,-0.08439161012839172,-0.15071964417569642,0.016003133825946873,-0.0949034401341309,-0.0646360716709973,0.009300188688728962,-0.057032379110249845,-0.07432148186725239
q223_1227366,222,What extended technique is used by the flutist during the solo?,Performance,High,analitica,D,A,False,0.4015863689776733,0.5984136310223268,0.19400026595847245,0.04401000688002868,2.5624262528624513,0.0,0.022978679494641573,0.02284233722473248,1.3954456629686045,0.0,,0.006511003605311653,0.011127946200985409,0.10197846912124536,-0.0105838348276481,-0.07049659501480687,0.02229822585139517,-0.015014198217108565,0.0,0.09700085780708731,0.05576571861398755,0.09029985813395196,0.01683259694764054,-0.08580839253363899,-0.04663257357138574,-0.06472974839095144,0.0530241666158297,-0.026179354965486658,0.05359238937396607,0.04517810258025583,-0.045331763781204015,-0.042063791562456654,-0.01586185095193347,0.009281148425880244,-0.04854634602216815
q224_1227366,223,What percussion instruments are playing during the song?,Instrumentation,Low,percettiva,A,A,True,0.21741112123974474,0.7825888787602552,0.5685048957764638,0.283596998119094,3.8685622417122425,0.0,-0.22090431273707156,-0.21755628462172372,3.4170920714662287,0.0,,0.06733915725456883,0.03302035674868514,0.09157594553714894,-0.005685902451963067,-0.3947046042567677,-0.21946994197143477,0.01488518872797835,-0.025420796947011035,0.049645689610335435,-0.09526571945996996,0.054504279175809314,-0.012648431431730257,-0.06935037772664687,0.03889543694978011,-0.07291419237385574,0.0,-0.07799358344744786,-0.14104624548540623,0.016522050121061834,-0.016996415800962478,-0.06629633241182098,0.03399402143568048,-0.05502184568450664,-0.02448893082911534
q225_26435,224,How does the song begin?,Metre and Rhythm,High,percettiva,D,A,False,0.3610698365527488,0.6389301634472512,0.26162518127112616,0.640579988511363,3.0578405067483003,0.0,-0.09285636859247588,-0.5683207863862407,-1.7515207945549756,0.0,,-0.014106724208284328,-0.08187174071277986,0.08438440633932515,-0.02427238920334087,-0.1468647888566543,-0.4983062575326811,-0.01626926186686241,0.03612960106256116,0.057716670471762106,-0.057372125389361976,0.06856377614816941,-0.08305759783649472,-0.08305664978195648,0.021148689990103674,-0.07999977865446221,-0.06750101053775542,-0.046716321376558984,-0.1539606318793454,0.029149089413022366,-0.1459515183224561,-0.0452096169560731,-0.028931896907175927,0.006696462143621011,-0.05269469550375477
q226_26435,225,What is this genre of music good for?,Functional Context,Low,unknown,A,A,True,0.35109717868338564,0.6489028213166144,0.574572507072186,0.38461382757996365,2.8144224972733003,0.0,-0.17301136662650268,0.18323284092532444,0.8096765018239686,0.0,,0.09079929354856903,0.23047766075678253,0.09426485107141191,0.05344567349586153,-0.3737919368493443,-0.08248053232699805,0.01571642560286067,-0.01820996100032157,0.0740359385348777,0.03905087196092413,0.06104882542114705,-0.017186926349160067,-0.08745100709639847,0.019482327767853934,-0.07753433172647085,-0.009966021921433976,-0.05562649977868472,0.0447738997562028,0.022851957005529368,0.06776378200435229,-0.06406837794733902,0.039314907706585314,-0.04626787103916377,0.0
q227_26435,226,Which of these options is most related to this song?,Functional Context,Medium,unknown,B,A,False,0.31581858407079644,0.6841814159292036,0.7104626690869686,0.32214401870894466,2.6026311175241346,0.0,-0.3949008088213417,0.27085755555970864,2.1184614208765966,0.0,,0.060777766074137304,0.15143121948661104,0.07954992898017194,-0.02564323157461803,-0.5526817389541552,0.114307539868919,0.017453235078504204,0.030762027778796615,0.03079496614533806,0.05164867947052153,0.03702824610465119,0.03212587722584416,-0.09945631073869476,0.06180960002301854,-0.09639112139559176,0.08649038515186358,-0.12408256876126984,-0.003919839969836147,-0.001602660469381078,-0.01793343127092649,-0.08680427557803563,0.03530694038025159,-0.05438708412835791,0.02532934454897187
q228_7360,227,How are the different instruments introduced in the song?,Instrumentation,Low,percettiva,C,A,False,0.3688372093023256,0.6311627906976744,0.4540459812635561,0.17029534681428143,5.067801015119125,0.0,-0.2359335919449536,-0.11616905945997669,4.05971974819284,0.0,,-0.043144533794182136,-0.11946205023300144,0.08995598967696775,0.016432750479530002,-0.30184525281007274,-0.02377015290412761,0.019100204982333502,0.010630393197622382,0.056736930739090315,0.012334560980340078,0.05013334540305005,0.04289005484673235,-0.0734965280035503,0.019886369999030918,-0.08063204945981761,-0.01597952497098128,-0.07996013446621272,-0.05678549994660707,0.0,-0.07924433427476602,-0.08527962858180062,-0.01146461746976958,-0.023435527575712732,-0.027806068623956074
q229_7360,228,Which instruments make the song groovy?,Instrumentation,Medium,percettiva,A,A,True,0.1641118124436429,0.8358881875563571,0.5476721154617586,0.21560317544979768,3.6380800186995956,0.0,-0.2136997036339678,-0.21560317544979768,3.621243383846133,0.0,,0.06109587174320921,-0.056041280993774596,0.09290575133752281,-0.0024691698352323696,-0.38068590954786324,-0.12957128313551977,0.012984582833163418,-0.02752144148527093,0.06920521770737344,-0.037472401234169395,0.055864797261485785,0.003709017576393768,-0.08462039439843369,0.02114457681553108,-0.06427907670281037,0.052184196872912536,-0.07600769137004458,-0.09857480587609614,0.01291593782246691,-0.07011798492946343,-0.06929477448782646,-0.05098457778598815,-0.057483719466178834,-0.03549119688891793
q22_1215874,21,"During the introduction, the bass and the lead play their melodies in a...",Melody,Medium,analitica,A,A,True,0.27704609595484475,0.7229539040451552,0.48395932433062805,0.48532279601594663,3.3889287932117576,0.0,-0.28488513737222576,0.015367950981596157,2.7708152707758993,0.0,,-0.03683046603263872,-0.23497742251717524,0.08968478686114617,0.01825548887691869,-0.3475917648187882,0.15307165908673584,0.009852306618054987,0.07901822553511686,0.06504287928078029,-0.04093254493682596,0.024448923713341203,-0.07953422498404161,-0.10497532262695002,-0.013172639298963753,-0.07783861042377728,-0.0035817698765667726,-0.053326751699177825,0.07301144193607241,0.0,0.026155423085112473,-0.08786557847983004,0.047870944875831864,-0.05037067713661206,0.005551320180977509
q230_7360,229,What harmonic techniques is the composer using in the chorus?,Harmony,High,analitica,A,A,True,0.11922030825022668,0.8807796917497733,0.491124862673184,0.5950207695619941,3.285848879335473,0.0,-0.14069820021575116,0.5642626183315986,3.1876933335957167,0.0,,0.05678268900746823,-0.015379075615197772,0.10167949926778298,0.03943458062950373,-0.3159115314444676,0.5090797258045292,0.01675114295346522,0.031127387512763418,0.07209086115799877,0.09724357754906572,0.056549082355723694,0.07100780189340417,-0.06810751855413735,0.04760730546222593,-0.06587084738670093,0.07052513630485804,-0.04768190735900135,0.08739046694017406,0.013561063923752826,0.06591507279098974,-0.061902275169657,0.031535858205827154,-0.03933665918372982,0.09303739918505374
q231_1321293,230,What roots would you say this song has?,Historical and Cultural Context,Low,knowledge,B,A,False,0.2664194915254237,0.7335805084745763,0.6792281620771066,0.21439279393148894,2.602528366618517,0.0,-0.3889886379498209,0.16894007139610334,-1.7549333042189024,0.0,,0.03756369774696853,-0.007640011477860685,0.08742464541401708,0.004430398653359214,-0.5341084000134637,0.18723603401043692,0.02013141890265719,-0.015086349789832119,0.02481413891387528,0.041837926610139665,0.03519677987467098,0.031792211171184,-0.10935284924117517,-0.02376616902554484,-0.09772034147397618,0.015083302863506015,-0.11211228742185698,0.06223160029308747,0.017597912005939804,0.05715367702941548,-0.09250691035932743,0.00028935176077969985,-0.05490508024797121,-0.015681829306464144
q232_1321293,231,What are these lyrics about?,Lyrics,Low,unknown,A,A,True,0.36332958380202474,0.6366704161979753,0.4818484983955653,0.49929219582906703,2.575483490427962,0.0,-0.1622245483644563,0.4032826252118894,1.9267792198815412,0.0,,0.05854941061837765,-0.015746740066969085,0.08887353772125017,-0.032258045241619744,-0.3220365233800108,0.3890800594448913,0.012389026675926701,0.06220735107558687,0.08296281891740526,0.08992830389171436,0.05109311310994727,0.031464459226990454,-0.08182885002068299,0.04661482335895935,-0.06865854119137398,0.044691600433786366,-0.04344858446433824,0.1563120852717335,0.01245245598342242,-0.00931840668568185,-0.06607120609346755,0.01369210753574134,-0.048725754605368474,0.02989765217864581
q233_1321293,232,What type of language is used in the lyrics of the song?,Lyrics,Low,unknown,A,A,True,0.20638297872340428,0.7936170212765957,0.5320452865916281,0.15680894184941307,3.0265751221783717,0.0,-0.18756675419093943,0.13027784646738078,1.3921834687883305,0.0,,0.06734484650250253,0.03051840930840795,0.08995860412182541,-0.013265547691016136,-0.35980602039128373,0.07559573321104313,0.014935815576016375,0.03742925163894585,0.07147351498384799,0.0,0.055825137232776906,0.02001837739925364,-0.08688062564178418,0.012042477006135147,-0.07391970603892128,0.009366847821878785,-0.05976258461810555,0.017931907738207024,0.01276342886802597,-0.0010977834561578872,-0.06204669387053226,0.028478572402241133,-0.04501922510624704,0.043537447555822936
q234_156528,233,To which city does the introduction of the song transport you?,Mood and Expression,Low,knowledge,A,A,True,0.1268758526603001,0.8731241473396999,0.5294394775795093,0.22058446722928673,2.1724773378088877,0.0,-0.17299190898745015,0.17675647983513396,1.8774015612114952,0.0,,0.06184360023448324,-0.014213902369067333,0.10103258418389519,0.0,-0.3512156932834797,0.19867047353221035,0.015347599877651118,-0.00770009132800905,0.09294861700163838,0.15864082153533582,0.057270403173427256,0.05221014751279356,-0.09550156018313712,-0.08140625756925869,-0.07604687791790217,-0.055894295798319255,-0.029147522200449152,0.20204000747652948,0.013332600430702638,0.034972219315913905,-0.07774490931919524,-0.07196988482834574,-0.058102659972534706,-0.06183627780951512
q235_156528,234,What harmonic system is used here?,Harmony,High,analitica,D,A,False,0.23852459016393443,0.7614754098360657,0.2072124156434274,0.4464204593972938,4.8756328109320775,0.0,-0.04446543984534045,-0.43950804726940773,2.959770207307904,0.0,,-0.024453833711032356,-0.208930061261324,0.08137348789904349,-0.06713725056467944,-0.09802646094917769,-0.16689694150734735,-0.0033586330841738968,0.003456206063943007,0.06506499298078068,0.04438794012219438,0.08417072574126974,-0.01761908232472912,-0.06945624210442172,-0.007272090299684064,-0.0848934899235007,-0.1145988204993143,-0.047564602930259235,-0.1872927169308886,0.04456065880131342,-0.09979533683500935,-0.05416393432801177,-0.09309219702807181,0.017816451917489144,0.035774256526095095
q236_156528,235,Who do you imagine playing this song?,Performance,Low,analitica,C,A,False,0.2455303933253874,0.7544696066746126,0.38918140496469694,0.381867796707831,3.3046779349368576,0.0,-0.22069505970323203,-0.030452444232192885,3.3046779349368576,0.0,,-0.02791992772235677,-0.1398492695335902,0.07444764648206376,0.01708560445342444,-0.2770183046116077,0.15862207178439464,0.009795526148668677,-0.06631085093642176,0.06692778274902705,0.2088839600422042,0.055068496567451844,0.031707509149467766,-0.08112820430530107,-0.05720899486656872,-0.08676571974707162,-0.05584920174862789,-0.06039862771582109,0.03612859467419775,0.012946422095687258,0.016231914285216243,-0.09471724725899862,-0.10459207584095694,-0.032627962088205745,-0.10575414992712531
q237_270070,236,What scene does the introduction of this song remind you of?,Mood and Expression,Low,knowledge,A,A,True,0.3155172413793103,0.6844827586206896,0.5064346411486061,0.43830000559286453,2.790148457413264,0.0,-0.1674155805712966,0.3187563701746857,1.98587664658893,0.0,,0.05545430437885203,-0.05977181770908941,0.09939351632418478,0.019150767108070663,-0.33692511085995136,0.34933534073620703,0.014661709585617943,0.010042080039497428,0.088467028737379,0.12149323226920189,0.05837115852393053,0.06578827704798731,-0.08943105122281378,-0.010296901811350397,-0.06784402208755844,0.04437649639044644,-0.05218009471862742,0.057091423549219866,0.012753580290111794,0.04812895837463577,-0.06400626924820087,0.019151856148216365,-0.05354591084551745,-0.02697697179367156
q238_270070,237,What could you say about the introduction?,Melody,Medium,analitica,A,A,True,0.24111374407582936,0.7588862559241706,0.5161734651923741,0.2070808707821967,4.029490125660771,0.0,-0.2101563260367497,-0.19468210107767467,3.1010826318095703,0.0,,0.05260560524871312,-0.11367581356686947,0.08714395568679514,-0.06621375198744063,-0.3631648956145619,0.006199384852261014,0.013259008642303925,-0.020991920375625587,0.07742078286402572,0.040820546954556114,0.04599821506165826,-0.0604744229155874,-0.08325057883056391,-0.010938234961905626,-0.06738466203042252,0.010726308098333488,-0.0544756257893667,0.048480157738478385,0.010037538606156318,-0.08755863194516028,-0.07487830130222975,-0.04785213507397939,-0.06362369461600713,-0.08788568897240992
q239_270070,238,What are these lyrics about?,Lyrics,Low,unknown,C,A,False,0.23725490196078433,0.7627450980392158,0.37909938509723523,0.554402825865214,3.5688146789473523,0.0,-0.1639042133559649,0.31650754017988575,3.5688146789473523,0.0,,0.005556750804658202,0.1462644375354546,0.08741660700346936,-0.07388721699021633,-0.27150179922660006,0.2891907454870953,0.014624228062507618,-0.045060425852447794,0.05649312615903376,-0.018184512598062464,0.05228342991813917,0.08211876818640046,-0.08448214943019443,0.06184635961592614,-0.06717201559117336,0.043532765946588246,-0.06398524828440891,0.08000734886819491,0.014121197494876064,-0.01774312852176452,-0.05700163048004142,0.03755572011847988,-0.014160923142195778,0.0473742185641231
q23_1215874,22,"During the chorus, we can hear a very popular type of synthesizer sound. Can you guess its name?",Sound Texture,Medium,percettiva,A,A,True,0.2287660256410257,0.7712339743589743,0.5709524812378437,0.8182793968938215,2.9708593930854756,0.0,-0.38346259972329855,-0.7095670055975879,2.3637917994574735,0.0,,0.008279484897690724,0.05435619564811678,0.08546545585958182,-0.07943812734047848,-0.4637157072112059,-0.6461610240378822,-0.01349183326936519,-0.0383240498673439,0.061583744530888385,-0.17010785850364368,0.01867625791389125,-0.1459100886344449,-0.09937142973124963,0.04944299147439949,-0.08975162370505002,-0.06290199209625573,-0.0892574483069909,-0.14749435855055978,-0.016439590758022496,-0.12698984579818867,-0.09907016483285791,-0.005143274562019979,-0.06983234483390725,-0.10046257892687452
q240_1163315,239,"This song could have been written recently. However, its style sounds like it was written...",Genre and Style,Medium,knowledge,B,A,False,0.22696411251212417,0.7730358874878759,0.6768239528755048,0.25262266048753046,1.2462017905051659,0.0,-0.36695624671853644,0.1316198977556203,-0.5856177274072026,0.0,,0.05179272596128065,-0.02260074450538342,0.08559430004250168,-0.028887213570605842,-0.5218900997970206,0.1921212791215754,0.017546827074701832,-0.00901342328996581,0.03328637233191968,0.02538323540946219,0.03561086860242234,-0.05259687686972588,-0.10120098528335753,0.010744531115675854,-0.09476700106176209,0.00799305366596437,-0.10497067506880561,0.10962385235706065,-0.0011887817709466224,0.011049746303174943,-0.08597173170049835,0.019422355774008214,-0.04775431276750827,0.0
q241_1163315,240,What is the rhythmic accompaniment of the organ?,Metre and Rhythm,Medium,percettiva,A,A,True,0.2796153846153846,0.7203846153846155,0.46416507561275133,0.5107076814518963,3.6336183102106294,0.0,-0.19119811933132275,0.09073540959492604,3.286072176855374,0.0,,0.027562908008283968,-0.18740230226316673,0.09077523147131987,-0.022583833665318402,-0.327681597472037,0.25870486252862246,0.018145338661110438,0.04201668299478872,0.04670820169520894,-0.13001458347002612,0.055412691814756984,0.03895248932803733,-0.05042961548015651,0.12029786608178795,-0.07170852415498345,0.0,-0.07142132247263733,-0.07167468197247231,0.0,-0.010011580689780426,-0.06633965123337995,0.015764405551770718,-0.033419899500131425,0.12742149476560896
q242_1163315,241,What instrument would mark the movement of the foot if you were to dance to this song?,Metre and Rhythm,Medium,percettiva,D,A,False,0.16538915094339623,0.8346108490566039,0.2169465947978163,0.37644346478125973,4.0389329084451555,0.0,0.03255406540655843,-0.32868848850836124,2.370907650212192,0.0,,-0.023973537622179603,-0.014111387127667394,0.10779451204456614,-0.01565822455591654,-0.06822272707344934,-0.32279636496122655,0.01695581805762124,0.023877488136449253,0.07890504664832435,-0.05094885177020224,0.08564305613757506,-0.05077053823113479,-0.0657252189707118,-0.014608776903564609,-0.05395612152342781,0.0,-0.030851700903152972,-0.10624414247104204,0.04288782947020596,-0.07591508039090297,-0.05195528496892676,-0.007189228349996697,0.027606459516672427,-0.023011870391517836
q243_78733,242,What element in the introduction creates intrigue?,Melody,High,analitica,A,A,True,0.16634429400386844,0.8336557059961315,0.5183995428478576,0.1205642959095658,6.60203462973548,0.0,-0.14381636176407359,0.0013102833145673606,6.60203462973548,0.0,,0.07215960600355116,0.0020712076297656513,0.09691392258665804,0.04103986340127119,-0.33110795230596557,-0.059627006297499216,0.018218061951682806,0.017826218581029736,0.0682624321614127,0.00990081604489386,0.06086341692173258,-0.02731102590424861,-0.04905623794353528,0.0019610283883556186,-0.07106382139126222,0.013024872076705529,-0.06294703590520918,0.01732458871717159,0.013743402552849903,-0.010183758259191666,-0.057902330154276205,0.04117400416844863,-0.045716188005785904,-0.044580241917567584
q244_78733,243,Which instrument sometimes doubles the notes of the vocals?,Instrumentation,Medium,percettiva,D,A,False,0.08896668276195074,0.9110333172380493,0.17196913064919153,0.5250345465815568,6.2429454946739975,0.0,0.0459271686837297,-0.373460468113774,5.435741837192581,0.0,,0.005303866754020215,0.07578703923389138,0.1036442829124404,-0.049972765704557436,-0.06302098098273091,-0.28778692738395095,0.0,-0.11148781425915698,0.09033782570690779,0.001483423885054038,0.0810355733575979,-0.09535842649036091,-0.07748986385178279,0.0,-0.06312479084951056,-0.06267734418446444,-0.025494406757110337,-0.05541604795723609,0.04960321549794436,-0.06224541952034385,-0.026649249579393637,-0.019705947458280828,0.01770886515907699,-0.07954070638814191
q245_78733,244,What resource is used here to make the song harmonically ambiguous?,Harmony,High,analitica,B,A,False,0.1952191235059761,0.8047808764940239,0.4926479807934506,1.2276361708487,5.0542951325528716,0.0,-0.22338371797955117,1.0192801456793987,3.0236960149773355,0.0,,-0.005823677011080001,-0.10417801258465062,0.10483369476557747,0.06528771670114866,-0.3521921723754209,1.0581704415629007,0.029798436641372255,0.0,0.05241884236503252,0.20941839518564834,0.060209106408190806,0.1260845943736722,-0.0754137255170457,0.06062892738552548,-0.09111517566656786,0.04548849612862448,-0.0767363744285216,0.2522133250356419,0.025813613780345704,0.1303690093377339,-0.08876151970648602,0.12667258715602897,-0.02979848521449898,0.06840481107652352
q246_785425,245,What interval is repeated in the bass voice?,Melody,High,analitica,A,A,True,0.17692307692307696,0.8230769230769232,0.5216626436600904,0.13000652634785845,2.516812143751322,0.0,-0.13506767049019366,-0.02694601072711746,1.6814521722568647,0.0,,0.08100531188487693,0.051530257810370496,0.096398689337508,-0.041095266430603225,-0.328365157075142,-0.014806731255903084,0.015893485362563447,-0.022574270850981647,0.0651438458236746,-0.0004651820014377299,0.053596607736921154,-0.014397823055804662,-0.056910139884118596,-0.031675193210044486,-0.07369966287830072,0.002388142386337635,-0.06384407856434239,-0.018281118682781695,0.025420712307957012,0.007518415352001723,-0.05874084735340148,0.03413070026471269,-0.026034107678583183,-0.006163951780100926
q247_785425,246,What roots would you say this song has?,Historical and Cultural Context,Medium,knowledge,D,A,False,0.284101599247413,0.715898400752587,0.19630182375413063,0.4695018274787541,2.584172006394891,0.0,0.020061323947710166,-0.4363069748658593,-0.40259372135949156,0.0,,-0.0006840098647312928,0.009327797108356073,0.1081815738509204,0.002662441489378895,-0.08743624003847895,-0.4529044011723067,0.0,0.004607187708712449,0.07535046939476847,-0.07709437124117041,0.08608081581979539,-0.044273446702735864,-0.08399017890862011,-0.0602351502717923,-0.055669595808293074,-0.018885057152231804,-0.02794832511210138,-0.0343187034272178,0.04982610169501871,-0.04084546868730364,-0.04047252466212085,-0.06310376327557222,0.016884561529262997,-0.09755101410783522
q248_785425,247,How do the different instruments relate to each other?,Musical Texture,Medium,percettiva,B,A,False,0.27542372881355937,0.7245762711864407,0.5522464388812592,0.5468303723625559,5.849952100983795,0.0,-0.32964809890992297,0.49722783646411906,5.32645580252019,0.0,,0.022479322533702266,0.04919615823738164,0.08881984745196583,0.0,-0.4409472688955911,0.47283294617595584,0.0,-0.024801267949218456,0.037834655630564915,0.18247063086650148,0.06524438542264677,0.15200911050943963,-0.09276341709133898,0.03878439285391202,-0.09683199911020067,0.01879013114811811,-0.10452242186091965,0.09776770944125421,-0.0014841205928637392,0.016141885113597782,-0.08771741132680295,0.004481828122111722,-0.04940776998100879,-0.013217851590815902
q249_6730,248,What is the theme of this song?,Lyrics,Low,unknown,C,A,False,0.21594684385382057,0.7840531561461793,0.2719055301586207,0.9815763041996266,4.224421955114939,0.0,-0.13493650536007823,0.4203568508146049,4.088228560508017,0.0,,-0.04579196904310945,-0.13819340920037682,0.06848451239927122,-0.08436986835213758,-0.15648933751658317,0.7009665775071158,-0.0011397111996568274,-0.0580464491399965,0.04486486386618,0.10694253249415729,0.07012967377205938,0.15655714014076538,-0.05398815968296604,0.01801850678594727,-0.07575708127455309,0.010778936470580276,-0.041551279739972274,0.1873852421702574,0.021590457982048734,-0.019690747008727468,-0.0831786819387667,0.0,-0.017046298344108257,-0.03963476023837526
q24_1215874,23,Which of these tempos is most accurate for the song?,Metre and Rhythm,Medium,percettiva,A,A,True,0.42361111111111116,0.5763888888888888,0.3942992692432139,0.6920871785338398,2.584637977326659,0.0,-0.16266833537293435,0.498469175592033,1.7790248263210646,0.0,,0.005756823692518381,0.00563735729238948,0.10091491429403379,-0.08202973178786636,-0.2784838023080741,0.5896408197705469,0.009143728948587622,-0.014779269683037043,0.09539277045189139,0.06614002158638435,0.04677461723861969,0.02709704061146072,-0.08072207885100838,0.06191549595975257,-0.0664352478601146,0.09950341954709949,-0.04570870990476067,0.051056915237949925,0.01270154754555109,-0.023164725355329444,-0.08594108414832984,0.10936795862561957,-0.03873014984478305,0.10655304937909582
q250_6730,249,What cadence is played at the end of the song?,Harmony,High,analitica,A,A,True,0.28208333333333335,0.7179166666666665,0.5535117741865716,0.5070969095154542,5.252670845662705,0.0,-0.15788854688328247,-0.20478726136482853,5.187735976218243,0.0,,0.0905237693500352,0.15115482407531283,0.09206358416359478,-0.015259724023039392,-0.35570016053492703,-0.28135159878906557,0.015224260138014586,-0.05933076262803641,0.062083248294763894,-0.008298198790478203,0.055256650837293794,-0.0944815867086555,-0.05711443972786184,-0.04302524220870829,-0.06819317201015485,0.045151328261133765,-0.062460274377191066,0.02187259742273715,0.0017581065892602627,-0.12690014554635579,-0.06271116022817104,-0.017881831802788257,-0.02650750626122165,0.01877581800828662
q251_6730,250,How was the tide in the story told by the singer?,Lyrics,Low,unknown,A,A,True,0.28943661971830986,0.7105633802816901,0.5112759265209088,0.15006479977866008,1.5672997127271637,0.0,-0.15862577092820945,-0.07590231050602704,1.2355768335375343,0.0,,0.07149484821023748,-0.08666375398020337,0.08919317223958315,-0.026319801162140194,-0.33495084872455916,0.03292150141653975,0.01563705734652909,0.00415974321977677,0.0498167216604795,-0.08376776789090176,0.05498929164087579,-0.027444666941802816,-0.05846708558084547,-0.028224374445999314,-0.06910914764104474,0.005992244923045537,-0.06018828668066342,0.035057753514502195,0.013149260577486218,0.012611672443971206,-0.06380613394036606,-0.023102661037212084,-0.025010390964131272,0.03297548892836999
q252_231013,251,What drug is commonly associated with this genre of music?,Genre and Style,Low,knowledge,A,A,True,0.2487153134635149,0.7512846865364851,0.5176213897386923,0.27173150584084255,2.517602873503474,0.0,-0.1472108270150765,-0.0059679273419704516,0.8312635112633248,0.0,,0.07097662041059313,-0.12461079171009982,0.09771634564083757,0.03821960897137899,-0.33241610837688446,0.09466218027805706,0.016512315310377258,-0.014238924881306682,0.07424181928727604,0.007223469685339266,0.057558469491668575,-0.01641739699083307,-0.05677066807746221,-0.005800144763656104,-0.07141966376744255,-0.023908554963643535,-0.05628325698179713,0.03756621863083739,0.012719695364064155,0.03205596374471862,-0.07065173388300028,-0.05454733153522443,-0.03660548844838306,0.017859848850491432
q253_231013,252,Which instrument sounds soft and shy?,Instrumentation,Low,percettiva,A,A,True,0.2754323499491353,0.7245676500508648,0.5098387441097136,0.5652909281004524,3.0731127456826357,0.0,-0.10305607410679121,0.1870300007248053,2.0821936269368004,0.0,,0.10331213692124552,0.03839543963373865,0.0868946064111927,-0.0989114945743228,-0.3064474091082524,0.33776502477889025,0.013184591669022978,-0.09021896911350079,0.0688624956048763,-0.020804887126229445,0.0575238637915886,0.05185074588975818,-0.033308182631420734,0.07175460772506674,-0.0630729605117897,0.05035345937700363,-0.06322588892761484,0.0093718897077723,0.013219748367723933,-0.015391126163692936,-0.056375245981263686,0.007403034976494256,-0.026679903818891085,0.032492276338632546
q254_231013,253,How would you imagine the temperature in the place where this song was created?,Mood and Expression,Low,knowledge,A,A,True,0.1761074800290487,0.8238925199709514,0.5121243576800252,0.25001571539591083,4.863752600463283,0.0,-0.14731586444524572,0.025156078943324785,4.236229991824099,0.0,,0.05355716516954558,-0.11242981822629304,0.11230986178330205,0.035574455261686296,-0.32972011106263543,0.05275805832722165,0.016537219664542087,0.049253383580709874,0.07065183756150803,0.0,0.05719870990537982,-0.03234175687952131,-0.05596731774034993,-0.02992504714251302,-0.06892664858226558,0.023589780458332127,-0.06236608975365017,0.041497426596576265,0.01582448869711336,0.02689036754077221,-0.06738628823791802,-0.018580775457000827,-0.03634455629506324,0.01402608382667933
q255_266919,254,How would you rate the sound production of this track?,Sound Texture,Low,percettiva,B,A,False,0.28220338983050847,0.7177966101694915,0.6414828511466598,0.4256529117025744,3.934856412542846,0.0,-0.3650858837228038,0.16778674468241933,-2.196774843721653,0.0,,0.056834024696474805,0.11128464378862213,0.08136445901545317,0.003151353996911549,-0.5032843674347318,0.18228383040696317,0.0,-0.12893308351007754,0.0026442795494587,0.002131024136483868,0.05812138316692999,0.02425430132506403,-0.08574264747914889,0.08271661483143154,-0.08601948855342162,0.04155137611179926,-0.1294557998059244,-0.03336250393232697,-0.0008133235770875352,0.012604549220892599,-0.07945281546216978,0.040568963436021135,-0.04436747156144032,-0.0026775804469461664
q256_266919,255,What is the main scale used in the song?,Melody,High,analitica,D,A,False,0.37709497206703907,0.6229050279329609,0.15111093786224075,0.8418451714361997,2.6995875114071115,0.0,0.06653472961881082,0.61848684563482,2.453086615084155,0.0,,0.005519982517178203,-0.11167916290068984,0.10330285122334759,0.037256047838322225,-0.04228810412171497,0.5559430060743268,0.0,0.13696695462286093,0.07917772801070054,0.06148272853675501,0.1017422958087289,0.1278013654254777,-0.0843845698662183,0.006582248119295579,-0.06966884537511649,0.0,-0.030770944492837154,0.08312026679730689,0.06181351420027701,0.13997492120239907,-0.01976911247448055,0.08368777517208052,0.02839466380775686,0.1158375403815053
q257_266919,256,What musical backgrounds would you guess these musicians have?,Genre and Style,Medium,knowledge,A,A,True,0.18775510204081636,0.8122448979591836,0.5308941670477691,0.11943564742587764,2.831415481184214,0.0,-0.1489177399393639,-0.05942338800611202,2.2589162771604485,0.0,,0.07975876781126684,-0.004888373557219133,0.09649780330700636,0.0,-0.33990595349356656,0.03000612970988281,0.014731642435929438,-0.0845411441587757,0.07667375953164453,0.03319519903745798,0.05980310501197393,0.06594022291706413,-0.05136014198342469,0.015033293195333487,-0.06772156161001593,0.028472174974599355,-0.07202775178745677,-0.06581698194623345,0.01443652084109438,-0.021582446301110222,-0.05550708181213388,0.018364548828570578,-0.05321458813104551,-0.13302939871179387
q258_349850,257,Where is the vocalist's accent from?,Historical and Cultural Context,Low,knowledge,C,A,False,0.35541310541310545,0.6445868945868946,0.43254175016712204,0.6750078498996861,1.687160486060732,0.0,-0.2759435159873104,-0.5071095655415001,1.376382115610459,0.0,,0.011310590264674115,0.08394914217909291,0.06698852682523174,-0.011664045694663337,-0.35308317746436335,-0.4970702779167304,-0.0011594556128528624,-0.08232438410919934,0.021472415621776857,-0.07797393959272278,0.04527053842202006,-0.10585203790130528,-0.07467731655511206,-0.024003227510553317,-0.08937828548281096,0.008042959214955599,-0.10555111750235054,-0.12913922425659244,0.015866224400481282,-0.08878266457374967,-0.07200650094384341,-0.03800520049660444,-0.01693947394747163,-0.05139623042492787
q259_349850,258,There is something strange in the mix. What is it?,Sound Texture,Medium,percettiva,A,A,True,0.4090489381348107,0.5909510618651893,0.577903451267737,0.2670666511259626,2.47772024460467,0.0,-0.13202744053487758,0.010786285821520053,1.431824189600071,0.0,,0.09901035403067923,0.06491306682755155,0.10609485851094425,0.014045320056845775,-0.3549654459013073,-0.1281401826522213,0.01783279282480624,0.059968081589344024,0.06317948729979261,-0.03744916982369034,0.06351080009873794,0.016238127525674537,-0.05321451454018701,-0.002793200661325178,-0.07547154877165924,-0.02892192313074559,-0.06837904698767577,-0.02200528736265668,0.025327620169137317,0.02095623185366629,-0.05546536873213452,0.061792333458699666,-0.031514869070888955,0.0029691739618973485
q25_135660,24,"When the drums start playing, we can hear something known as...",Metre and Rhythm,High,percettiva,A,A,True,0.1784431137724551,0.8215568862275449,0.4649293044086581,0.3509283877988761,2.626960302533117,0.0,-0.2701405312874654,0.0932876549097324,0.9998952262664818,0.0,,-0.012438541029312692,-0.04757808579426827,0.09739438656059632,-0.08124228065030359,-0.34118342638015764,0.20225673671870426,-0.013912950438591424,0.019851284635599986,0.0548829153514804,-0.11411987338459335,0.029037848979773927,-0.049498732392323205,-0.10367526947611751,0.0327491349997492,-0.07602530244962086,0.02094028953970674,-0.06179154496578132,0.038290373092276495,0.015699149008074627,0.019851284635599986,-0.09019734448584123,0.04773851894656768,-0.038070983249433483,0.09733665947274885
q260_349850,259,Which of these musical elements contributes to adding emotion to the song?,Melody,Medium,analitica,A,A,True,0.17328326180257508,0.8267167381974249,0.506778634201963,0.3471538045074426,2.952801241415177,0.0,-0.11266469188289603,0.31733629697478205,2.952801241415177,0.0,,0.08260405628650773,0.00829593865418565,0.09773873651947174,0.022553428142833905,-0.30972166304242954,0.3013956839440928,0.01671417835355403,-0.014908753766330291,0.08113316309733762,0.06440049701586628,0.0602784740361586,0.029335311178268066,-0.046173535661354126,0.046882990145405895,-0.067866117390356,0.031913271318201965,-0.05984080391600459,0.039413673889378845,0.014748588786833543,0.061835866213611285,-0.05593746536900182,0.03793225910245045,-0.03900699546650929,0.005622428111599215
q261_924963,260,What could be the intended mood of this tune?,Mood and Expression,Low,knowledge,B,A,False,0.2195496417604913,0.7804503582395088,0.6268812338049347,0.3131819611995741,2.8510904914211137,0.0,-0.3713468031124122,0.17312951119386363,2.3937081222898575,0.0,,0.04399089623797547,-0.0023388591028694512,0.08377631910828583,-0.00968116390607911,-0.4824544164227642,0.24315573619671885,-0.01665960203590926,-0.058006201993906666,0.038642799297440945,0.09888051413760497,0.06414366594401337,0.09782639020285348,-0.09108373474723436,0.0492011443025412,-0.11341540732521196,-0.05857666527218747,-0.12887907052521594,0.010763230123641328,-0.0028567310880137087,0.03703324287810718,-0.08587788282508646,0.0010702362016299857,-0.052020441843104094,-0.06306858138032707
q262_924963,261,What does not contribute to creating this mood?,Mood and Expression,Medium,knowledge,D,A,False,0.11578947368421053,0.8842105263157896,0.22112927247056025,0.2656919991451513,5.483533819332255,0.0,-0.010301739118431089,-0.1850358644436167,5.483533819332255,0.0,,0.004770973687654591,-0.17725896144717496,0.10064279298841,-0.04389140387097759,-0.11571550579449567,0.04032806735076731,0.0,-0.004213566476231454,0.07540282469722309,0.0023575695467330307,0.08118247613834854,-0.04773671210130266,-0.0821295402517354,-0.01302871647176155,-0.06294168145860388,0.05743466546705873,-0.04462250267570706,-0.041374321068806175,0.04378068632446346,-0.056373888303362436,-0.029383239697751345,-0.02353661291718433,0.008409237805331503,-0.0627778485949913
q263_924963,262,Which of these genres cannot be recognized in this tune?,Genre and Style,Medium,knowledge,D,A,False,0.1297669491525424,0.8702330508474576,0.2894250706884105,0.476310197787911,3.4394329466327047,0.0,-0.04277309103021468,-0.4003541990469878,0.8480981291837661,0.0,,-0.0015661007902467196,-0.005796836682519825,0.1054866206422985,-0.07215518564535817,-0.1645329800690659,-0.3603801760895714,0.017839369186799427,0.037977999370461576,0.05363527468670849,-0.18006267214620075,0.07612421743427011,-0.07325694598042606,-0.06289348444995545,0.018689558489108294,-0.06742681268990643,0.020548087113406825,-0.04643378080023068,-0.01453183298922956,0.04307817425636092,-0.07089856834790685,-0.05483673963530661,-0.10084182518573973,0.015980060167844957,0.0
q264_1138775,263,Which of these genres cannot be recognized in this tune?,Genre and Style,Low,knowledge,B,A,False,0.1725663716814159,0.8274336283185841,0.6615790693452808,0.3878310103548958,2.273341415087113,0.0,-0.3551765556938175,0.32044503072775316,0.6845317190015275,0.0,,0.0671019663937084,0.13213407245220218,0.08609929043202327,0.00016692952397532462,-0.5083778125195492,0.22183701856514698,0.0,-0.03369298981357134,0.018497522379230157,0.03556583752345298,0.03796528179861343,-0.005583171270239159,-0.08936519918636769,0.05971505972726661,-0.0910076588763929,0.046885587372222086,-0.11505529525638035,0.026477180044221497,-0.0009110244079695191,0.052836062794331076,-0.07789020264760398,0.0426727653838785,-0.03740997949694663,0.06187570915261955
q265_1138775,264,What type of drums are featured in this song?,Instrumentation,Low,percettiva,A,A,True,0.34815756035578144,0.6518424396442185,0.5182604503818752,0.1846999807494823,1.3786374008389206,0.0,-0.16515005478971928,0.006774320909216119,-0.06600101829572613,0.0,,0.05747544752424082,-0.0718115079493553,0.10306605796173657,-0.01715132197077779,-0.34170525258579726,0.052072025507830376,0.01601369231010057,0.04366512532151883,0.06157535352785318,-0.025991870327135368,0.054348020150069426,0.02313207341015333,-0.05317923782810649,0.0,-0.07038516124785997,0.014407115463435365,-0.07910770375426987,-0.08907570573678412,0.01279543883089646,0.006853342929605851,-0.06253378794988278,0.0056540107992976325,-0.028662976518419245,0.07179535437064342
q266_1138775,265,Who is the primary audience intended for the song?,Functional Context,Low,unknown,A,A,True,0.17154255319148934,0.8284574468085106,0.49720357664912124,0.1725441194371183,1.6748698036118046,0.0,-0.19724547449417823,-0.15302273435552152,1.096530348685648,0.0,,0.055470284938917605,-0.13532380379230075,0.08908971596653077,-0.016230761302167256,-0.34722452557164973,-0.011228861801851939,0.005419050172023125,0.009760692540798397,0.06532769282507847,-0.03314559210917345,0.054273486610239584,-0.03828915571529611,-0.05432977189261109,-0.05479303818663454,-0.0806077574624101,0.016570076090129136,-0.06950117196333333,-0.020597262660838913,0.0,0.050137474328895336,-0.07296913576929286,-0.04474111171501487,-0.039438816841848946,-0.02816412438758814
q267_1070646,266,Which instrument is not present in the song?,Instrumentation,Medium,percettiva,A,A,True,0.19083255378858746,0.8091674462114126,0.5130621558363724,0.335086967666052,3.565336877187481,0.0,-0.11374036259532248,0.28851649663749673,3.565336877187481,0.0,,0.08379909341769018,0.023715577169709887,0.09859521057484585,0.0,-0.31340125921584744,0.28808615498206447,0.017266592627988922,-0.023285235514277615,0.07780719733498732,0.09622309905476735,0.060247097508349605,0.05857811078102239,-0.0505306801494349,-0.014155173031437325,-0.0597838100662158,0.06452667608574877,-0.058508490508464114,0.018014504324543216,0.015101677202043024,0.031251807317411284,-0.061683466029303746,0.0181605305100719,-0.03638988788728384,0.015916941595369195
q268_1070646,267,Where could the roots of this song be?,Historical and Cultural Context,Medium,knowledge,A,A,True,0.2496513249651325,0.7503486750348676,0.5495371244201294,0.21471821747546488,3.1348645633549075,0.0,-0.16724035337035137,-0.21471821747546488,2.4588673656530653,0.0,,0.06463715968103409,-0.03382318596903887,0.10986280782196522,-0.01623577725787776,-0.35838873889524037,-0.14205463387714812,0.01664841802188968,-0.022604620371400132,0.06897319984221557,0.016199240930805162,0.060657574285713056,-0.007453871136761499,-0.06154029681132486,-0.06987092689670774,-0.07615210424137929,-0.05726929866831974,-0.06306357394089997,0.025020360587048963,0.013414684315576325,-0.009219892167484449,-0.06478431572479171,-0.029002569236379918,-0.0447455210954605,-0.08312126088766564
q269_1070646,268,Which scales or modes are related to the one we hear in this song?,Melody,High,analitica,A,A,True,0.18272727272727274,0.8172727272727273,0.5397656445920561,0.1647325653823732,2.8774462855713328,0.0,-0.1593281199722651,0.017594552453566663,2.158520289786374,0.0,,0.0758326339119497,-0.07356900646440326,0.09704218232222304,0.02003346116316467,-0.34954688228216063,0.005871534156151395,0.017343946075722774,0.06525856359865385,0.06879561243051886,-0.04434669840931683,0.05896164854749651,-0.034217975106900556,-0.059879886298176685,-0.0543138622562298,-0.07109002862151964,0.05496725840826465,-0.06724841153724809,-0.0366392653471551,0.013223548645488014,0.06077732212161494,-0.0636928126704443,0.030361324616919833,-0.0383977904683798,0.04100644842636951
q26_135660,25,What kind of pattern is the bass following in the verse?,Melody,High,analitica,B,A,False,0.24389140271493212,0.7561085972850679,0.5647384744649969,0.5351803870517828,2.962592510765519,0.0,-0.373672906960888,-0.08977777285273493,1.0739632758396087,0.0,,-0.04154644385400372,-0.2635904852515802,0.09553278375205448,-0.0488885947006787,-0.41100134292583324,0.2199291667856067,-0.016657903933105563,0.0027721403139172457,0.05279105831215204,0.07002753836025763,0.035999478490612205,0.04285348476446494,-0.11731689782298059,-0.01649650436082283,-0.10105247795826683,-0.023245485920311514,-0.09609058932086836,-0.017358549156311943,-0.0040321881029757815,-0.0704622570113768,-0.09413376043310903,-0.05676636703014729,-0.049837530125451744,-0.01832963249848714
q270_17954,269,What instrument does the sound of the lead bass imitate at the beginning of the song?,Instrumentation,Low,percettiva,C,A,False,0.24602543720190778,0.7539745627980922,0.4258385540925204,0.20065129323935826,2.878373002912279,0.0,-0.23964401579666167,0.06227382773592739,1.3592223666033765,0.0,,-0.014450230211757613,0.012552822266530286,0.09226982672257542,0.02288206654990265,-0.3182910547328334,0.0960276716712099,0.0008274424253539685,-0.06918873275171543,0.054390443660263736,0.07079578900964116,0.05375047990173097,0.061061724182716014,-0.0672045477332189,0.0,-0.09529415144449736,0.05379406721022088,-0.0670668268892496,0.0748698746176972,0.0,-0.04197026443728295,-0.08915302777584652,-0.1065725844299608,-0.02906638551584395,-0.049704778417104106
q271_17954,270,What comping technique is used by the keyboard player?,Performance,High,analitica,C,A,False,0.29154929577464794,0.7084507042253521,0.4261501184998296,0.08580778515570822,2.776829327066319,0.0,-0.25284807580905555,-0.01162939712236373,1.7703367066848137,0.0,,-0.012710361707844443,0.03708919401667225,0.084879405383337,-0.022786368016219798,-0.32678873544659814,-0.01814493801459205,0.0017716159620500098,-0.007787285108224136,0.038158624091033516,-0.058785973521426095,0.05290085195416103,-0.012708655216859276,-0.06231527235470449,0.07211851632044479,-0.10769362135379484,-0.05736693794630779,-0.08527082798695768,0.0,0.0,0.04068517047915024,-0.06900779440850935,0.006144628873574569,-0.019620035750283725,-0.0017161461109401685
q272_17954,271,What solo technique does the sax player use to make the improvisation harmonically interesting?,Harmony,High,analitica,A,A,True,0.16028309741881763,0.8397169025811824,0.4916369392922377,0.28539015039419474,5.3110537158516,0.0,-0.21480365566927778,-0.23354910121730638,4.987582239476461,0.0,,0.051070520147204854,-0.1907972180147958,0.08567640882350352,-0.02172827049006753,-0.35322029748075773,-0.04694413730088724,0.0016697128407715499,0.02592052458844417,0.0648934395437551,-0.021678231133852144,0.053739573827317616,-0.058962571914961195,-0.06434426432797183,-0.06207713483436597,-0.08104217667284752,0.040637781370884446,-0.06772733992846872,-0.03270722227033069,0.0,-0.0173101371962776,-0.07248412930355877,-0.06353005386613841,-0.04783875880750367,-0.01792153137226484
q273_1131366,272,Which of the following statements is true?,Melody,Low,analitica,D,A,False,0.39364518976169466,0.6063548102383054,0.3167274156885567,0.4530638671163077,5.626882196107106,0.0,-0.05140379823661057,-0.4452213025663451,5.626882196107106,0.0,,0.0384911622951312,-0.012472496348352173,0.09417064643084185,-0.06967044360188995,-0.1692990798009806,-0.3669996448910843,-0.014766527161603019,0.003921282274981293,0.07052698333931234,-0.023665591973246573,0.09377612848180247,-0.014080130879697911,-0.08390371827212426,-0.08294870618898038,-0.08062575672536403,0.034186048195060055,-0.06866722284942611,-0.16367260784716997,0.0502550620821485,-0.06375033535112054,-0.04257389277010305,-0.1312899785211898,0.009808618477143528,0.0
q274_1131366,273,Which of the following statements is not true?,Harmony,High,analitica,C,A,False,0.3407707910750507,0.6592292089249493,0.40524957557705005,0.3484217265270209,3.3954840444829313,0.0,-0.21545331582269373,0.3484217265270209,2.112215154843695,0.0,,0.024784845141317662,0.13297094063760778,0.06982739276560995,0.11082347699532993,-0.3103514456998719,0.05151916223837538,0.00028589197025051874,0.053108146655707775,0.03416079375917364,0.04079607863926431,0.05147480739003376,-0.020909281591168453,-0.05750399021400729,0.06131825679145017,-0.08092468188280512,0.11314620143295437,-0.1002149404692346,-0.0850892251566767,0.016326567946805103,0.02923818622549133,-0.06889956733780728,0.08027316204858626,-0.00987230501485199,0.12964834813711956
q275_1131366,274,What effect is created by modulating the song?,Mood and Expression,Low,knowledge,C,A,False,0.17283236994219653,0.8271676300578036,0.4307270457267331,0.12848926641731193,3.103767289255627,0.0,-0.25144453680614137,-0.12343308743347693,1.9610146721265151,0.0,,-0.007632829142394302,0.002528089491917497,0.0788752924967061,-0.05444418689435067,-0.3334529621240429,-0.03576852225964266,0.010765961963589777,-0.0357484677714011,0.04570322990078921,-0.03695678410764665,0.04680508792659905,-0.012135636834830724,-0.06348520824237633,0.02266851821522174,-0.09841474164033445,0.0,-0.0824790240555973,-0.007497134498580887,0.0,-0.02673100519070265,-0.06894027128710413,-0.0006977899491646643,-0.030633609408117372,-0.0620832550677731
q276_30259,275,Which of the following statements is true about the introduction?,Melody,High,analitica,B,A,False,0.23152424942263286,0.7684757505773672,0.5771917895914234,0.7624824627222443,3.6347961187697084,0.0,-0.3642631715581501,0.43221849099919135,3.4377246134209543,0.0,,0.024831327201644417,-0.1513854941394237,0.08163298181499225,-0.013746491722102731,-0.47072748057478675,0.5864903544352407,0.0,0.010860122425477129,0.01956651063880209,0.08803801296475519,0.05873996367444496,0.0519867936995691,-0.09441260581763436,0.00471871975878568,-0.08714887643767096,0.11886477941043042,-0.11846406782976518,0.07793411226874067,-0.011206791800552887,0.01815763302894744,-0.08045976474669976,0.03839764403162873,-0.05087753923907399,0.03412079583633411
q277_30259,276,What is this music intended for?,Functional Context,Low,unknown,A,A,True,0.2687667560321716,0.7312332439678284,0.42224982620871454,1.167076891075902,1.6529966746666078,0.0,-0.03587860510253368,0.954206034244529,0.8109223240093997,0.0,,0.057883260054027066,-0.0937370173276787,0.10716891876110045,-0.012305476418826643,-0.2290642156556241,1.0606414626602154,0.028133431737962906,-0.0003929346691810727,0.09730156091314038,0.17727503435286607,0.059751250307061625,0.0737869046879481,-0.041335350056966036,0.05993023527864683,-0.05642686032784659,0.12248705906595093,-0.016029772158514036,0.22231132535518705,0.0,0.11083168276195592,-0.05062087087796735,0.06618150592608221,-0.02851856290144166,0.12140228681589177
q278_30259,277,What topics do the lyrics cover?,Lyrics,Low,unknown,D,A,False,0.20659833440102499,0.793401665598975,0.25721842738245226,0.31736657126051404,8.432289744440125,0.0,-0.0008944618859173248,-0.31736657126051404,8.432289744440125,0.0,,0.023800757830464876,-0.05497699163181525,0.10436122491780261,-0.06836018190641995,-0.1290564446341848,-0.07685488935552759,0.0,-0.11717450836675125,0.09820671413399826,0.1135405208790283,0.0931804601290514,0.015895872082604307,-0.08118987421786221,-0.1167536144606062,-0.06894939792913983,-0.02349604565619955,-0.04694871486811347,-0.01663352502770933,0.04142897444493203,-0.06532404755384406,-0.0452584562615748,-0.20067648181794523,0.008635832682791313,-0.023919249705842256
q279_617329,278,Which instrument is least commonly associated with Reggae music?,Instrumentation,Low,percettiva,B,A,False,0.12937776266575995,0.8706222373342402,0.6794863951825885,0.3188277962072023,6.424576112081382,0.0,-0.43048861323317544,0.08468424124188074,6.097589812961815,0.0,,0.047069292208214326,-0.03629598137393165,0.07742959876649219,-0.02666743626995647,-0.5388007315150602,0.20175601872454152,-0.016186772692821715,-0.05410835983877264,0.01889395039632158,0.0006774903711792724,0.03900343346224132,0.021623715489078765,-0.08624704868919167,0.032446441343087724,-0.11171164320037112,0.029073089460213506,-0.13419516345817564,-0.0011849541655529882,-0.01772124399232277,-0.018432747296087182,-0.08225412811961583,0.02322095989725558,-0.05625676963206133,-0.002739753857293907
q27_135660,26,What effect predominates in the electric guitar's sound?,Sound Texture,Low,percettiva,C,A,False,0.15703517587939697,0.842964824120603,0.5339760350036604,0.748876299954096,3.3768378431451453,0.0,-0.3531330076571008,-0.6619417398380966,3.3768378431451453,0.0,,-0.03824387108185108,0.04346728005799968,0.09042151367327976,-0.03232341247333759,-0.4048749349247596,-0.6503730282933229,-0.00043571532376990296,-0.02271257912943577,0.05343573772100527,-0.08682821314824095,0.02535018694393326,-0.1270834085193758,-0.09624175021123577,-0.05659979180904796,-0.10358966341540919,-0.11799604928616579,-0.10563660313104589,-0.11340096897459277,0.0,0.004602881620127007,-0.08293294906596824,-0.03232341247333759,-0.043517966498380294,-0.1323127772474627
q280_617329,279,What is the protest content of the lyrics?,Lyrics,Low,unknown,A,A,True,0.3255597014925373,0.6744402985074628,0.48337093423635014,0.6496679365701524,4.301873249750717,0.0,-0.08834635552667569,0.6323138984257289,4.301873249750717,0.0,,0.06939504781150535,0.03630518764774317,0.11300057650476301,-0.005009316410104797,-0.2858586448815129,0.6046857298501975,0.015116665038568849,-0.003667702662106892,0.08911351780416686,0.1265477303580428,0.060292125154411194,0.06714711616716945,-0.04298774759204149,0.10646498801792549,-0.07960632300796402,0.010231274875047274,-0.04230571661288911,0.11634121069629144,0.0153748274861874,0.0883397414486219,-0.0507858319900758,0.06687399351784391,-0.03744120676847074,0.05036784334478683
q281_617329,280,Who sings the choir vocals?,Performance,Medium,analitica,B,A,False,0.4233067729083666,0.5766932270916335,0.6120016705848189,0.9048129156424987,1.2107464277962252,0.0,-0.44392690131477136,0.27485423456682745,0.644355813594355,0.0,,-0.019679116226055445,-0.2839251049624555,0.08403738463502376,-0.031054235575380118,-0.49199237873448615,0.5496671905553436,-0.016292790989253503,0.04016638454931944,0.018900254622592386,0.09913904830622772,0.0389870601180059,0.0057579944093700056,-0.09219565251269328,0.03170440765804196,-0.1093811973574008,-0.006461436045844905,-0.11101912008076364,0.1534422759264752,-0.023275253187934674,0.03232291343904317,-0.10527363458904088,-0.023636359280111922,-0.060669358327536387,-0.01741460984637376
q282_852,281,Which instrument has a strong presence in the center of the mix?,Sound Texture,Low,percettiva,A,A,True,0.13007456503728254,0.8699254349627176,0.4880238297545735,0.6365547011667387,3.873932189166035,0.0,-0.13954073014479074,0.36073696111892245,2.5890786817505593,0.0,,0.08139392031785372,0.009519826339428581,0.09284762948703768,-0.053668493288590885,-0.2955679022368901,0.48912600480340207,-0.018214377712792013,-0.0842403767353173,0.08162801747184867,0.07859439572729233,0.06444896741652711,0.09143664749241336,-0.05904791889346876,0.0738400279994374,-0.08901378573306455,0.028819455258435392,-0.06329594890905307,-0.0006810535140440929,0.013279291935756757,0.027713744900555268,-0.04628991863942232,0.06144855381869063,-0.04124943479391452,-0.0004348105638577876
q283_852,282,What audio effect gives the guitar a funky vibe in this song?,Sound Texture,Low,percettiva,A,A,True,0.18337408312958436,0.8166259168704156,0.5217084730629153,0.14084537531597915,2.4659528997813096,0.0,-0.16631987472334392,0.02758004575337246,2.1022761184247662,0.0,,0.08678712165555301,-0.056632664781303355,0.09016628859610919,0.014492342256806914,-0.3440141738931296,0.05668213072067313,0.000740888918123489,0.013038237557195768,0.06672186217426226,-0.016846953569630854,0.054935390994134026,-0.024899956961171057,-0.05629566216357709,-0.018067832669217097,-0.0866289992192811,0.012447813156373392,-0.05825871182150452,0.019620226681436394,0.012098555576889101,0.014616356570612561,-0.06320660929718798,0.025100659599990777,-0.035685700967078626,0.015609732944978345
q284_852,283,Which of these statements is true?,Performance,Low,analitica,B,A,False,0.17642956764295675,0.8235704323570433,0.6895449378433425,0.2295585288715798,3.407912136603352,0.0,-0.41346483199916095,0.21626781403268314,3.1232573615006203,0.0,,0.05694216036634511,0.016456784609676086,0.08109789255574568,-0.006645357419448328,-0.5515048849212517,0.11231656871783388,0.0,0.0941398181246215,0.015108260325901448,0.08143107069943559,0.049721507406390045,0.0710378515493231,-0.0910197788214971,0.024896565446284408,-0.10582205876102845,0.013646367489399453,-0.14372218001776835,-0.022873562924073495,-0.00038859099304101516,0.0019884830889909007,-0.08223480148106002,0.020329340009719837,-0.05510718965705745,0.025811698673603337
q285_1222340,284,Which of the following situations would not be suitable for this music?,Functional Context,Low,unknown,C,A,False,0.20080091533180774,0.7991990846681922,0.42318155232277865,0.16403632171116414,3.8033685551981535,0.0,-0.2276217828555785,0.16403632171116414,3.8033685551981535,0.0,,0.0026147836893682386,0.08227047011670417,0.09279753847738939,0.025394008457084484,-0.32540166758917854,0.035879903938245125,0.0023675625668424342,0.020491939199130362,0.05853547866105227,0.11548975920741182,0.053362019206345354,-0.0032627965074009287,-0.06552692474276965,0.03163703903018197,-0.09502468158203539,0.020970055170490904,-0.080504466818318,0.06541175171124036,0.013445794817864745,-0.004704641207942419,-0.07436125574804384,-0.02563338146968383,-0.03754774664967396,-0.03587146422313373
q286_1222340,285,Which of the following musical elements is most prominent in this piece?,Melody,Low,analitica,C,A,False,0.13637868255544522,0.8636213174445548,0.4011204527370627,0.4763117964435653,4.328610325149997,0.0,-0.1667222865934184,0.45315221118715937,2.24833910015806,0.0,,0.013543353525583442,0.16813423512948375,0.08761536010391059,-0.0005831430920222851,-0.28392136966524056,0.29659776868587856,0.01604036944232814,-0.010996649536180675,0.05343208675352332,0.04456142857838024,0.051474769044215996,0.0,-0.059247742123625324,0.07116273525892841,-0.07683087322382956,0.07787980269312453,-0.07610503140325092,0.07360249247556966,0.013450408829257975,0.03837750032460939,-0.05491637109745221,0.10609931823265858,-0.01797953337225765,0.04146893362388851
q287_1222340,286,What do the melodic instruments imitate?,Melody,Low,analitica,A,A,True,0.2520045819014891,0.7479954180985109,0.5027714199003435,0.2706582778915266,2.060574964400051,0.0,-0.14058325336380995,0.18201497702087516,1.222631605966754,0.0,,0.08719102015792798,-0.018570973285974103,0.08923077809123861,-0.02575067714935161,-0.3216773366320767,0.20778957709592294,0.004672285019100166,0.018547050360277942,0.061052270645660225,-0.07234838692843568,0.0577948399844226,0.0012972212459203755,-0.04669154115396645,0.028290693622667833,-0.08247329136006358,0.04630461071208701,-0.04754573514724877,0.06971896121969134,0.011800024712319314,0.0569047867621181,-0.06093494764005,0.036157400149621766,-0.03358487340488329,0.015689690237204398
q288_1222369,287,What type of movie theme would you say this song fits?,Genre and Style,Low,knowledge,A,A,True,0.22847043701799485,0.7715295629820051,0.5228435460847527,0.5534939049629144,4.4484226539251095,0.0,-0.10774341762131473,0.534537071226181,2.227256918274412,0.0,,0.10535903481670593,0.10731964287346925,0.10219102941501308,-0.007268035307955254,-0.31501659238060853,0.43669584522107846,-0.0002768894724252055,-0.002210381560411444,0.08034515387713981,0.07182903861462914,0.06374540321731152,0.0811600975887652,-0.04770748114376748,0.012394963206074399,-0.0911550896433699,0.0,-0.05434962150647438,0.022231921863560364,0.014200862518741657,0.14730113867401096,-0.04112580641249156,0.15662821040073782,-0.03169683852840437,0.04299170087840315
q289_1222369,288,What feeling does this song add to the picture?,Mood and Expression,Low,knowledge,C,A,False,0.22129629629629632,0.7787037037037037,0.48794689513636974,0.6914137994579248,3.4281367053099356,0.0,-0.28606529479891457,-0.4883850011423506,1.9942871677040277,0.0,,0.016946739748870655,0.10151439915778708,0.08399406041985695,-0.039881708180450226,-0.3864561190855233,-0.49699340600717845,-0.0005499758821188791,-0.053024286112509034,0.029943525779466497,-0.10083092566515141,0.05387918793985201,-0.018843808824005066,-0.06856265888895498,0.0,-0.11029372494018852,-0.06439345574310774,-0.10659043881164262,-0.1976746800339,0.014453498733478095,0.008995681983416525,-0.0698023177078061,-0.024139277968499136,-0.029092366903118953,-0.09149853489110382
q28_14013,27,The beginning of the song starts with a change in dynamics. What is this called?,Performance,Low,analitica,A,A,True,0.1882656350741457,0.8117343649258544,0.5123765753654261,0.1475249655717499,3.0351899288380046,0.0,-0.2986537801836916,-0.13764126352658188,2.2363713016942093,0.0,,-0.017712859656991355,-0.10441386408075945,0.1068613975908673,0.004941851022584022,-0.37133367029873465,-0.03816925046840645,-0.01646864781883287,0.0,0.06036457087797184,-0.0751012646120864,0.04518807145601872,0.02995504105642753,-0.10192924099952247,0.01361036905121045,-0.09050842413095718,-0.05328711333616455,-0.07684452161977685,-0.06300531029628317,0.014010964768662995,-0.01918087309920939,-0.08878786017321866,0.06227886253153907,-0.06014734036286998,-0.03291097482201543
q290_1222369,289,Which of these elements does not contribute to creating tension in the song?,Mood and Expression,Low,knowledge,A,A,True,0.26081342801807617,0.7391865719819237,0.49797461432762746,0.4615231544672876,6.516617964351348,0.0,-0.12849122227306334,0.2253486652929324,6.516617964351348,0.0,,0.07399738301269404,-0.11808724458717759,0.09488445923062153,0.04570630954868569,-0.3132329183003454,0.25827832891845115,0.01585985378396648,0.03945127141297317,0.07312399686697058,0.007538790242875199,0.05669496328172814,-0.029860491743802786,-0.050362957886282755,-0.013874713658659228,-0.060962199141165324,0.10957434882480196,-0.06211906102336741,0.014573171244279438,0.011854558827359099,0.0,-0.06109395953817137,0.06770747149618012,-0.035626563660134315,0.06969008888725775
q291_1352257,290,Which of these statements is true?,Metre and Rhythm,Medium,percettiva,A,A,True,0.2820823244552058,0.7179176755447941,0.5388750714571041,0.31018861918794516,3.1024030775756293,0.0,-0.17991113171849735,-0.16669035069070037,2.6373300138827123,0.0,,0.056826135820253185,-0.1314376953088034,0.10638990337239751,-0.03620364650303491,-0.35939310158780075,-0.07079814312748445,0.016265930676652697,0.0717491342486224,0.06736331217531123,0.01354311759901877,0.059422553896669186,-0.03197534920798242,-0.052413669695653135,-0.03119181021434013,-0.07843453204455511,-0.01165976358498457,-0.07390953883649376,-0.09243948202049532,0.014578611420151674,0.01424505190461214,-0.07330974043081362,-0.06215037022574555,-0.043208128203113816,0.03493825505921674
q292_1352257,291,Which country does this music remind you of?,Historical and Cultural Context,Low,knowledge,C,A,False,0.1463081130355515,0.8536918869644485,0.45145150215839186,0.3622007319966701,3.1719228337259984,0.0,-0.2506762856290206,-0.08854544924745875,-0.10748688730711486,0.0,,0.011890531413507226,0.11618590526777647,0.08849707685117839,0.020641736106829216,-0.34884358236266433,-0.1537718144260283,-0.0022203115310419335,-0.07160127619603612,0.04821986672206194,0.0017419584704819746,0.05495892797160902,0.023344257277524656,-0.07108478164946752,0.0005965839517822948,-0.10453801791178649,-0.042056525299049165,-0.08578239978307879,-0.00419465904982653,0.01200363905260937,0.0,-0.07262976179767444,-0.027243244817573273,-0.03182375823329374,-0.04073381978079868
q293_1352257,292,What is the main goal of the bass line?,Harmony,High,analitica,A,A,True,0.35354223433242504,0.646457765667575,0.4652831199290902,0.5008099113947648,2.824852864979712,0.0,-0.16264564972497253,0.1367463176715667,1.7957669512933867,0.0,,0.062291753236904605,-0.13077773538556564,0.08605982800780926,-0.05125406147603338,-0.3139643848270314,0.2898358065796115,0.002967153857344959,0.02894230795355425,0.07283073958771592,0.026673369830670302,0.05420026954893738,-0.01456362899209884,-0.05339908774270012,-0.025637294217742666,-0.08243121459087793,0.03281918329289804,-0.04675746393914948,0.1075099889955795,0.0,-0.00801360044801362,-0.0660579647396489,-0.0075877614251963,-0.04103092784924944,0.02554606063547033
q294_1936726,293,What is the most important element in this song?,Sound Texture,Medium,percettiva,A,A,True,0.3501374885426215,0.6498625114573786,0.5227598659840332,0.3834245242901469,3.105780002933918,0.0,-0.14610282992674994,0.09108175147759195,2.3842762279538805,0.0,,0.07264744473122328,-0.09354297678871351,0.09855047884244114,-0.05262840961756396,-0.33443134795539164,0.2109752601497553,0.017130594454977274,0.026277877734114132,0.06906347055956016,-0.06575131881381413,0.0576506443262631,0.05602955714276713,-0.04468886744595754,0.06938997343319088,-0.06970734075452471,0.051777134247837225,-0.07075097823254406,-0.0731970814298621,-0.0005142892049895004,-0.027874415040786155,-0.06909152258493208,-0.04558149016474475,-0.01806394658962528,0.12628939210300383
q295_1936726,294,What is the decay time of the reverb used in this song?,Sound Texture,Medium,percettiva,A,A,True,0.2658291457286432,0.7341708542713568,0.55493416775411,0.24629520897643037,2.556039053152161,0.0,-0.16327868364077247,-0.17309812436754535,2.121571870447397,0.0,,0.08821835599605408,-0.08704495007330426,0.09138353929821534,-0.04445874688590357,-0.3591064256974412,-0.07819296971278003,0.01622584676239934,0.036598542304442525,0.06984161921870595,-0.043409068953370884,0.05649447035301962,-0.06872439602088579,-0.05105078294095523,-0.008233434495954919,-0.07490274478652356,-0.0002349741923016336,-0.05972768093436112,0.00041662741384011596,0.00013547478271033232,-0.022109270844140723,-0.06911222593214297,-0.030803607274731516,-0.0349568134012255,0.0
q296_1936726,295,How is the reverb size used in this song?,Sound Texture,Medium,percettiva,A,A,True,0.44609665427509293,0.553903345724907,0.42444332586945005,0.9537335980869363,3.1023852350190637,0.0,-0.1084044145472499,0.5718936194576373,-0.42470277528683226,0.0,,0.06346207936235475,-0.17661733074526398,0.09270533402453861,-0.014302658569385486,-0.26642387020834996,0.7398659080108116,0.0018520422742066955,0.02294770076147515,0.08780632741421464,0.11205916965863583,0.06020852916670409,0.09644675982115324,-0.03916934868664313,0.05366621210151026,-0.08073135601767302,0.03393481243293767,-0.03930756113255025,0.1554464825023363,0.0,0.03619226069867994,-0.05953900972118098,0.030228065444659624,-0.03767199557012127,0.053919856797724444
q297_1320579,296,What type of pedal effect is applied on the voice in the intro?,Sound Texture,High,percettiva,C,A,False,0.11045045045045047,0.8895495495495496,0.40483699283783037,0.28832229550935806,3.8475179924839757,0.0,-0.2331545046707528,0.1750866840614954,2.317572307957774,0.0,,-0.019005704887837597,-0.017760341112617622,0.08584124408353878,-0.015608892383022113,-0.29903231979103406,0.23170448978542674,-0.0009577240754199256,-0.02324857222829158,0.047789056914469025,0.03806703268534758,0.04716109165583366,0.010324596294888182,-0.06961721620306559,0.015576118348747043,-0.09064190866660823,0.050994968542388656,-0.07693245122695873,0.05810474865826702,0.0,0.0017258933030896272,-0.06779025609721583,0.014877888843135508,-0.023122821047207122,-0.014584562614368213
q298_1320579,297,What instrument plays the bass line?,Instrumentation,Low,percettiva,C,A,False,0.34774881516587675,0.6522511848341233,0.37469177180837415,0.7177936353175262,2.7268524479195677,0.0,-0.19600081652325269,0.488895030266686,2.6725810912215833,0.0,,-0.014009228924349311,-0.04443349429878493,0.08934547764256073,0.0023106177851594106,-0.2515307715830508,0.6010337150069467,-0.0198062936584133,-0.07001580822663511,0.0634413381213875,0.1739400523271478,0.05446625933586824,0.08345176643399368,-0.07169574635900285,0.021128013711619,-0.09825554872702104,-0.004274600914226427,-0.0797100952438686,0.09064300587232615,0.016909307866577777,0.06171906551659774,-0.06341639963218568,0.0410382848565743,-0.01773993188500803,0.021249442462653728
q299_1320579,298,What region of the US does this type of music usually remind you of?,Historical and Cultural Context,Low,knowledge,A,A,True,0.2970731707317073,0.7029268292682928,0.4893239467320746,0.2892569336324101,2.48550493207641,0.0,-0.1876221336825018,-0.10592134599395989,1.2909080491694866,0.0,,0.056504263875759776,-0.18185199342251487,0.0934085079151229,-0.015737146390670153,-0.3384730402072882,0.057002724870576546,0.0009381347339037106,0.0346650689486486,0.07148093934466121,0.03349159294647734,0.056271145107442265,-0.04108178395909727,-0.05684182966367002,-0.04575487685751081,-0.0799565699533293,0.03206581340885186,-0.0629837702651591,-0.018793906973536365,0.0,-0.01837608392501853,-0.07336004050739804,-0.06588691788916085,-0.04223200774504889,0.018414817255034757
q29_14013,28,What is the interval between the two voices that play the melody?,Melody,Medium,analitica,A,A,True,0.17250673854447443,0.8274932614555255,0.4753209185508007,0.20878451827633898,2.9111487053819816,0.0,-0.27079491057583616,0.03039135394419551,2.8345301460908257,0.0,,0.0005533165389011753,-0.03543821481399798,0.10170968744858112,-0.04306367020336767,-0.3571520889118408,0.11958793611026725,-0.01590582565147763,-0.010694697148706078,0.07534364822162364,-0.026204480494305973,0.035988774611926386,-0.011582652032899427,-0.10265755660687453,0.006167133535253624,-0.08053999814499031,0.0,-0.06051702173103678,0.05710765930859385,0.014227390556694601,0.01071433664838102,-0.09418177268928019,0.007832437021062332,-0.05845837479389891,-0.01364308004188992
q2_1204663,1,"Which section of the song follows this harmonic progression: vi, IV, I, V?",Structure,High,analitica,A,A,True,0.18538398018166807,0.8146160198183319,0.4275925143549252,0.32994235450264753,2.170461260826262,0.0,-0.20900668216205656,0.30004136349384014,1.8822589062816701,0.0,,0.015426701770551051,0.05443457037330877,0.09386621432588325,-0.0149504955044037,-0.3166980646349997,0.25987877498944284,-0.0016015336234911533,0.0006785136354921922,0.08843015346813635,0.08031875091990572,0.05084855057766509,0.03628119734015999,-0.07190406256623827,0.1288713078159055,-0.06673458393995724,0.07586571862159756,-0.07352985147215059,-0.03705488641746939,0.011643352248311303,-0.036615071592629056,-0.09364721990463343,0.022231884553313236,-0.054113020573189806,0.030142462253056473
q300_1079319,299,Which instruments are used to accompany the voice in the intro?,Instrumentation,Low,percettiva,A,A,True,0.2303415409054805,0.7696584590945196,0.5737921241479929,0.41552238076689685,4.664961425603506,0.0,-0.220309444315335,-0.41552238076689685,4.664961425603506,0.0,,0.08678283339833123,-0.033730399240860215,0.08995850651799771,-0.012593176110055292,-0.38041879276178037,-0.25038495729039456,-0.0166319914698836,-0.11881384812558674,0.069062043699173,-0.04876957428009548,0.06160724615670908,0.01348163805102822,-0.06788572719880419,-0.031611992164166,-0.0950815820576885,-0.05384156433342868,-0.08841053519195158,-0.2022364950669149,0.01580279885835117,-0.01657577072742352,-0.05948608308169917,-0.030975834742785653,-0.055917605499424816,-0.04499278750311078
q301_1079319,300,What do the lyrics suggest?,Lyrics,Low,unknown,A,A,True,0.1690856313497823,0.8309143686502177,0.5451897537493571,0.5821906933359335,2.641250953227852,0.0,-0.23315489176663315,-0.4618996885216673,2.202426491888613,0.0,,0.049769034745221666,-0.2321411051534284,0.0935657963689433,-0.003548964419940355,-0.3891723227579951,-0.28635512135543173,0.01268259987719703,0.0601455024071331,0.071626898023813,-0.005120407609039854,0.059340425061380035,-0.036902732988482505,-0.07335358234532174,-0.046471396246940626,-0.07645612993723729,-0.058013863727162676,-0.07533574561544538,-0.1861598762302123,-0.01983995177490722,-0.08674516929802577,-0.07602438609703692,-0.055403086402445796,-0.043112419081877636,0.012916843980642134
q302_1079319,301,What´s the style of the song?,Genre and Style,High,knowledge,A,A,True,0.3278931750741839,0.6721068249258161,0.6376809654252836,0.7472567046685245,2.506367389481186,0.0,-0.242853078878532,-0.6082840439962881,1.446539564703036,0.0,,0.07709446670836492,0.04578554687858292,0.10306231538332167,-0.012532516722444952,-0.4402670221519078,-0.6652378576099613,0.017257161181689202,0.023700783457535235,0.05896267244211108,-0.06122878103622905,0.06308958216421114,-0.032372422252313945,-0.05914613189608492,-0.0214765839636638,-0.0932297383456816,-0.08539343638709851,-0.08939030806017635,-0.1993481119224188,-0.00229688945343599,-0.03623946361350041,-0.07334854506021286,-0.07908902867746449,-0.04749372066926249,-0.09313621614359921
q303_498814,302,What kind of music does the intro evoke?,Genre and Style,Low,knowledge,A,A,True,0.26277372262773724,0.7372262773722628,0.6327278713714413,0.7200263456173299,2.021774384696032,0.0,-0.23737892993942644,-0.4306329843144413,0.4630255298324575,0.0,,0.10583114514629358,0.14469668065144434,0.09184332556971384,-0.021790859722929466,-0.42002295114704535,-0.5164696798307946,-0.015030449508388487,-0.037069125412161584,0.05897574523496382,-0.0514790099582256,0.06609554134909695,-0.04446411444859327,-0.07527215633595788,-0.035408109198616006,-0.10396483252900054,-0.07490057034664263,-0.07055623763873382,-0.06066960776935481,0.0018317038003040458,0.0009308525417373523,-0.06490449760092501,-0.06438464428015706,-0.049584196219173995,-0.10025778085458929
q304_498814,303,Which tonality is used in the intro?,Harmony,High,analitica,A,A,True,0.23908413205537804,0.760915867944622,0.5088441264100675,0.2745016842669974,2.779279250610686,0.0,-0.2013023217688945,-0.2745016842669974,0.5525383185352097,0.0,,0.061551368282682914,-0.09373469463687409,0.09110594752192021,-0.10700160171704082,-0.35507322408948094,-0.042496292069949926,0.0011135865159833131,-0.03126909584313256,0.07334865664079,0.02658697772816688,0.05864769613320263,-0.0725845516942402,-0.059201177507155624,-0.07152821166298133,-0.0977710873137234,-0.06311543987171175,-0.06543551981225876,-0.011699406872049518,0.0,0.0025208973028960566,-0.06193293753517966,-0.02647979325541533,-0.04895795237456968,-0.058202155941662184
q305_498814,304,What mode is mainly played by the guitar?,Melody,High,analitica,C,A,False,0.13521545319465084,0.8647845468053492,0.4541241780363612,0.528590584824579,2.1453724535437657,0.0,-0.3042027047613657,-0.408777300561944,1.6871869590013504,0.0,,0.009526223880755259,0.045827073524965886,0.06365077720648468,-0.039399364058040565,-0.37916344139886343,-0.42928457863522096,0.0017837355502577715,0.014079568606351619,0.021544394241062574,-0.04554186277671899,0.03859375238865379,-0.09235264946510618,-0.07538746329844687,-0.04305481178410543,-0.10736321175985686,-0.07021728737094372,-0.0891013870631529,-0.015041136120938586,0.013220831070944258,-0.009929468419311421,-0.07496486016514431,-0.03938836430277672,-0.030744760175425392,-0.09325172032204293
q306_785413,305,How many guitars are playing during the song?,Instrumentation,Medium,percettiva,A,A,True,0.27299880525686976,0.7270011947431302,0.5384821912317023,0.36722325594090366,1.3361619575813464,0.0,-0.1423113781708944,0.34153352008115684,0.3091224298860066,0.0,,0.0952047696186182,0.08855358478146089,0.10288063691178573,-0.0002769593597422189,-0.3259506810646698,0.26582480322956936,-0.014446103636628554,-0.012567908570131188,0.06569034311420249,-0.021401683552401126,0.05764181378833005,0.03029056703980501,-0.05957798694575311,0.059628858703163035,-0.08804029700252407,0.046725758407563,-0.05203214152108607,0.07819984457595816,0.023726570358025036,0.07777468503240109,-0.054931904049517255,0.03532026721964473,-0.034787775912571456,0.03499522265502289
q307_785413,306,What type of guitars are used?,Instrumentation,Low,percettiva,A,A,True,0.4204545454545455,0.5795454545454545,0.6272121826227436,0.6870879908285764,2.4279716679647465,0.0,-0.2160943475059639,-0.48105310816050395,2.4279716679647465,0.0,,0.09686855270773334,0.04791052903126846,0.09078685652523463,0.02843556786263111,-0.4216532650643537,-0.5840705494945402,0.01790350832542182,0.02667134444013661,0.06521352430041055,-0.06902974892821899,0.06253188393681619,-0.08219851294511323,-0.04887662483351821,0.042106504683997355,-0.08703649975017227,-0.07561199814344155,-0.08179589259966215,-0.16359039313522858,-0.0019885418031540675,0.008747245587541731,-0.07094360181363596,-0.010740725997553088,-0.05319859494304796,-0.1307354792824876
q308_785413,307,Which percussion instruments are used in the song?,Instrumentation,Medium,percettiva,A,A,True,0.18117313150425735,0.8188268684957426,0.580770147663178,0.4389082192794745,3.516153960300099,0.0,-0.20078041526373594,-0.34488122975360985,3.516153960300099,0.0,,0.09688912490062022,0.035309880781628666,0.09310574129910079,-0.006515890426957903,-0.3906426100087377,-0.3853788340895843,-0.00013267145471927005,0.011703613981303675,0.05931077252286293,-0.07064372667512009,0.06004890148234475,-0.0560727998685217,-0.060254669355096734,-0.05773356225953791,-0.09505681688087306,-0.028257975513281373,-0.06590450242387014,-0.012306647320202122,0.01322195632774125,-0.031429703352991875,-0.06683888499594888,-0.037047922000302595,-0.04530717194089604,-0.051388892763652175
q309_964594,308,What is the configuration in the brass section?,Instrumentation,Medium,percettiva,A,A,True,0.3655692729766804,0.6344307270233196,0.4783743266939072,0.39749558364042,2.154710718098899,0.0,-0.17875847423660451,0.115217371625325,1.8479951889036363,0.0,,0.057851205476267,-0.10456814921621957,0.09125812974744425,-0.036570956791327894,-0.32856640046525587,0.2495481392817576,0.0006985910049400884,0.006808338351114888,0.06288285956263939,-0.049937786712164076,0.05889961843395093,0.015075938182612679,-0.047555647379811494,0.027532709643247423,-0.09216979500989622,-0.01500791062720484,-0.0604295346345749,1.5575873958915964e-05,0.0,0.052693303723440804,-0.0625457504249806,0.004019590296207874,-0.037840224783931634,0.08082595124522625
q30_14013,29,What is the name of the ornament played by the piano in the melody?,Melody,Medium,analitica,C,A,False,0.30707070707070705,0.692929292929293,0.4640322109230986,0.2801098932187493,2.5240854414263034,0.0,-0.26618921796025985,-0.15147355792453807,2.288621401003296,0.0,,-0.021264459374401495,0.0643181676471056,0.09892149648141937,-0.0595477914463379,-0.3278272354970118,-0.11195019358601992,-0.016019019570265903,-0.04429374053928586,0.05037860202865206,-0.05970099415123885,0.05383138831906502,-0.020267041773069042,-0.0964895046463192,0.013610991888926416,-0.08759088033921898,-0.0011318335079065697,-0.09249315708839496,-0.029790101802606637,0.014337364963901056,-0.023004265971062757,-0.08173269596070992,0.01278644354897876,-0.026430335237234856,-0.0439767561565594
q310_964594,309,What type of genre is this song?,Genre and Style,Medium,knowledge,C,A,False,0.2397959183673469,0.7602040816326531,0.47195980674395166,0.5980804876780369,1.594774163124307,0.0,-0.2814748362476802,-0.3065217697896374,1.4500726806569144,0.0,,0.0100124710631003,0.11096784007542779,0.08408335173074863,-0.008672672824713488,-0.37671732149581594,-0.4436284559091237,0.0011466624542868075,0.03481151886877196,0.03021726838692115,-0.08626786898011445,0.05583784994839605,0.025982338354844012,-0.07312534282464127,-0.0164833135517065,-0.10847343893492271,-0.05250085057501262,-0.08496466783978837,0.01569937669179191,0.012223625918098885,-0.024880410545824613,-0.07865449323616297,-0.04133109570028818,-0.03453563766558101,-0.126739945483327
q311_964594,310,What's the instrument used to mark the rhythm?,Instrumentation,Medium,percettiva,A,A,True,0.2628811777076761,0.7371188222923238,0.5502212100896298,0.10687141837939905,3.2338995492729143,0.0,-0.14685558532067344,0.0681800907149717,2.9386439365493593,0.0,,0.08680841865865313,0.020712407568181265,0.09912140282019606,0.03738900707257553,-0.3485383977051516,-0.019345663832213672,0.01575299090562898,0.02942433990642858,0.07298209078620752,0.025932704235785458,0.06119621975426434,-0.03390737621340738,-0.055073353921924764,-0.017495171113908758,-0.07818185605166789,-0.011013891011976069,-0.05950205259743581,0.03733487138821761,0.013715650971304958,0.03241056902934086,-0.059606987582215415,0.03488875249737863,-0.0423852966792064,2.9631903541341154e-05
q312_1051203,311,Which piano technique is used during the accompaniment?,Musical Texture,Medium,percettiva,D,A,False,0.14222972972972972,0.8577702702702702,0.258498645552883,0.31062773150775175,5.48118737075667,0.0,-0.03243037643170281,-0.31062773150775175,5.463415488086833,0.0,,0.03444371491087325,-0.036755729489239976,0.07859041964971684,-0.04589413496793994,-0.1454645109922929,-0.19625037031445483,0.0,-0.03172749673611703,0.053367539327623156,-0.11976852046610217,0.08414691868943254,-0.06704881550085373,-0.08152010053897758,-0.016238112256172124,-0.05673833002367132,0.03539807500058255,-0.06115417271106907,-0.14496464800958545,0.04293925205084304,-0.029500683480820397,-0.022308253683193384,0.04007408926778846,0.008836770457309788,-0.008579116062588897
q313_1051203,312,What emotions do the lyrics evoke?,Mood and Expression,Low,knowledge,B,A,False,0.16444444444444445,0.8355555555555555,0.6148447925321997,0.5671579347005908,5.397823701725148,0.0,-0.3674630353342824,0.3813897504963903,5.215066769311138,0.0,,0.03654823435833772,-0.06550374400232697,0.08714264424062093,0.03329125387488376,-0.49115391393324104,0.4409825887236068,0.0,-0.027380348099773317,0.03556548658530698,0.19274821518900712,0.06472523548215064,0.08708621915681544,-0.09062146280138941,0.018848437887489584,-0.09908927882394437,-0.006075571540976012,-0.11612984152611212,0.1467638621442408,-0.011660535145525345,0.020804076469740702,-0.08928593251315435,-0.03969155825500699,-0.06096670659161438,-0.03909393055492038
q314_1051203,313,What dynamics are used by the piano to accompany the bridge?,Performance,Medium,analitica,A,A,True,0.20006527415143602,0.799934725848564,0.49519150593658706,0.25313270786305336,3.966934644282967,0.0,-0.1773764435852733,0.04442592581105438,3.197891383095263,0.0,,0.06556022306757592,-0.10435339102599947,0.09275246960576862,0.01585008460081594,-0.3362839747609302,0.13150480823404342,0.0005948385023123639,0.0014244240021944882,0.06682814723837113,-0.07489720007504413,0.05786369336610045,-0.03484514354867017,-0.057609067465365496,-0.03557978733409823,-0.08431735967632031,0.02997918178384201,-0.058758023827780295,0.04304140627051083,0.0,0.026502278516595028,-0.06251589755361914,0.049080088830112154,-0.03886793566665961,0.0411451013678069
q315_1351134,314,What´s the rhythm used by the drums in the song?,Metre and Rhythm,Medium,percettiva,A,A,True,0.2606429192006951,0.739357080799305,0.537324879240066,0.18305918460355244,3.0778738219774575,0.0,-0.15171683726795185,0.07454126661993579,2.5824927977544374,0.0,,0.07743212841340502,-0.054258958991808326,0.0982915832273496,0.022752311391737577,-0.3445208582540089,0.0581420850085638,0.017080309345302434,0.04790582921144274,0.06871542348721882,-0.05228298533817233,0.06175275810178864,0.0408763056086013,-0.05611425381476191,-0.02989447208318334,-0.07813917300701433,0.0,-0.0664013820971375,-0.023519906248955863,0.012731605580678856,0.04910659597813674,-0.06019160732836939,0.01989213452778958,-0.03407020819035504,0.0703635941757197
q316_1351134,315,Where is this type of music usually played?,Functional Context,Low,unknown,A,A,True,0.3036565977742448,0.6963434022257552,0.5162742908030221,0.2457160475892659,2.140448591009484,0.0,-0.19382333878561206,-0.13295944488798547,1.4482291778159073,0.0,,0.0641164663185759,-0.09957865257694003,0.09550120409737904,0.027060805295791898,-0.3550488147943171,-0.08975909366168566,0.0016078055927501236,0.02931749605484832,0.06873196356004016,0.0,0.059119498885135124,-0.006542509121461135,-0.0555336649414134,0.0008870127041911511,-0.08902797920637748,0.0195659995525896,-0.06445692349248426,-0.010913245170784121,0.0,-0.01783998171748528,-0.06636793944383994,-0.03568841361421944,-0.04628829414667227,-0.08242830752081626
q317_1351134,316,What percussion instrument is used to divide tempo?,Metre and Rhythm,Low,percettiva,B,A,False,0.20387596899224805,0.796124031007752,0.6875739824761233,0.16821402048047773,2.2124186846320852,0.0,-0.44993458834551475,0.13839437557978657,1.022733323801289,0.0,,0.03713837596084142,-0.010426993419237978,0.0816813211044629,-0.0020532871837264342,-0.5687542854108191,0.15330419803013215,0.0,-0.002429541847381176,0.002973151197624138,0.03484098420843787,0.038042221522125455,0.005694658167737553,-0.09564880585843799,-0.015171862739196853,-0.10337656854419944,0.0241726354621409,-0.13395685879098762,0.04953639195103258,-0.012811087847971123,0.04106103263262571,-0.08292448657264226,0.00862289449865634,-0.062232153451025854,-0.01036235860164753
q318_307395,317,What type of technique is used by the guitar?,Performance,Medium,analitica,D,A,False,0.24049217002237136,0.7595078299776286,0.22666992325482674,0.37081793407656427,2.258615652485089,0.0,-0.004679293360726172,0.06718064290583584,0.9740681864885469,0.0,,0.014271479140494054,-0.10037271533130185,0.09672383580655623,-0.05144593025406235,-0.11567460830777646,0.21899928849120004,0.0,0.0,0.080372340909515,-0.015726874426842594,0.08602071710847253,-0.023092949875988353,-0.0803330666699786,0.016308165912388154,-0.07990204265762085,0.006691507352526837,-0.034328928794764124,0.052111817496153436,0.04474844347167798,0.005714386311114946,-0.02391306653252206,0.031957028763671534,0.002656309804493974,-0.006782438627188095
q319_307395,318,What kind of clave is used by the percussion?,Metre and Rhythm,High,percettiva,B,A,False,0.1477644492911668,0.8522355507088333,0.6829930637259668,0.24787247745274554,5.2933315404134476,0.0,-0.4622496717729222,0.05678654636062246,3.405092693489764,0.0,,0.027016152369188827,-0.09554296554606154,0.08335554360733345,0.0,-0.5726213677494445,0.14296717508244042,0.0,0.009362336824243582,-0.0029732629457347413,0.01761853747898917,0.03166747282178829,-0.0393436754380614,-0.09983684513698564,-0.0454363992515103,-0.10481614211677258,0.004237202473436473,-0.13100501218258942,0.04481313426828547,-0.015537898658663092,0.007675370559962126,-0.08415934261265014,0.015743358863101468,-0.055588640941314806,0.05147901740641948
q31_644172,30,The melody starts with four notes on D. Can you guess which note is played after?,Melody,Medium,analitica,A,A,True,0.12192474674384951,0.8780752532561504,0.38018465816460034,0.760009143917076,2.7118927459892523,0.0,-0.19852529870865715,0.4857431275178558,1.8689503066627304,0.0,,-0.0027968110544039568,-0.0647048096603905,0.0908296797279716,-0.03423943436783871,-0.28137128455851984,0.6228761357174659,-0.005186882823704933,-0.03818876417138089,0.09759765239042716,0.048399270993581905,0.04699874943404409,0.05389398587565991,-0.09221003338107833,0.08712764753879809,-0.06871056692276908,0.07237526072318566,-0.05680277014762773,0.06723903132917823,0.013451001083158103,0.04025391756181261,-0.08417865072814727,0.07217603291567404,-0.05467068043666408,0.04427798057996542
q320_307395,319,What is this genre called?,Genre and Style,High,knowledge,A,A,True,0.16288951841359772,0.8371104815864022,0.581399471818343,0.34270740941504996,2.441646364096636,0.0,-0.13713328918025086,-0.2255326932225623,2.441646364096636,0.0,,0.10078459334323145,0.0441108998226703,0.09240373370038875,-0.04268308129144231,-0.3592663804992969,-0.2414369700273638,0.02894476427542582,0.014476458273573536,0.05806529989071531,-0.11033012243725197,0.061664082085164273,-0.06625757741130103,-0.04996837391710437,0.034132510782377855,-0.08155896520480731,0.003926152838279202,-0.06469888350682385,-0.09067598582727794,0.01704660983169668,-0.012473055029575231,-0.05070483358835947,0.03051498576148121,-0.02697822477073214,-0.014369601899294381
q32_644172,31,This verse of the tune is written...,Harmony,Low,analitica,A,A,True,0.49265536723163844,0.5073446327683616,0.4263661620023712,0.8290327949551468,4.05852960178105,0.0,-0.1986951887532224,0.40325554056760504,4.05852960178105,0.0,,-0.021328471768298992,-0.14565562671610577,0.10517951333037565,-0.04538873539938647,-0.29120220360949783,0.6161441677613759,0.008655973294198782,-0.021844265078278614,0.09014383817079862,0.04949034791728116,0.03640863624961417,-0.02912831559856895,-0.0803051394990439,0.09306722545582766,-0.07696041230881208,0.015861034046952622,-0.05910320384394101,0.06992697917477364,0.013222120910079863,0.0253400636907938,-0.07326857821736137,0.0884641331800721,-0.04883245021455669,0.09023407270047307
q33_644172,32,What is the time signature of the tune?,Metre and Rhythm,Medium,percettiva,A,A,True,0.2653061224489796,0.7346938775510204,0.48299912562493363,0.24762680964465117,3.1785195190460263,0.0,-0.25805142474047427,0.11928204321537357,1.8622375150080421,0.0,,0.008695240484763188,0.13074795759722696,0.10377860995746652,-0.012952174546477506,-0.37047710191256245,-0.05122020866816129,-4.817327014148415e-05,0.052706468832785416,0.07132903747093956,-0.044908394776993744,0.028643031648124154,-0.04399426159230744,-0.1045223325990956,0.042192158346093,-0.08234682125952934,-0.007071066940729124,-0.054275628695387296,0.005864050005839394,0.016591396507448907,-0.014123524436115913,-0.09590966533614918,0.030827144161207517,-0.0375604424768254,0.15049593844837986
q34_355486,33,What compositional technique do the piano and the drums use in the introduction?,Musical Texture,Medium,percettiva,A,A,True,0.22650130548302874,0.7734986945169712,0.4328889943723874,0.6109093492772277,3.3135383929724154,0.0,-0.2184162249718433,0.13569138364707947,3.3135383929724154,0.0,,-0.012257979729113844,-0.19388571110899905,0.09874033919120048,-0.043723271706075074,-0.31339462994300155,0.3733003664621536,0.008496045509071596,0.0,0.0760753468973654,-0.04368523650218901,0.04560771402617729,0.018349529340527505,-0.08770228651033074,0.02769763369803143,-0.06686603372742694,0.09628924371258103,-0.0532282965931999,0.02575132852111714,0.012262315920587814,-0.004655459292435295,-0.09462627603788973,-0.03227087902561232,-0.049938708947126514,0.048215223195058964
q35_355486,34,In the verse there is a dissonance that doesn't belong the key and mode of the tune. Do you know which one is it?,Melody,High,analitica,A,A,True,0.21534130893736803,0.7846586910626319,0.4764491986075544,0.4393974659189409,2.168332722832279,0.0,-0.21493773751502412,0.41652974292048817,0.21947758875949797,0.0,,0.01831249236605538,0.04738689367089123,0.11244323818020978,0.05550702443190428,-0.32959629258256085,0.325069686316919,-0.016097175478728427,-0.011433861499226358,0.09849300109517767,0.1249733326945901,0.05342956128157898,0.09051433084350452,-0.10326906741090373,0.031940162464105554,-0.07947245252607861,0.012918885653782616,-0.05813722307338814,0.07255830058097061,0.02652903799958429,0.07923237712459785,-0.09103999127298888,0.050104064190658174,-0.06147060360800566,-0.04571171063172124
q36_355486,35,What element does the piano player introduce in the piano solo?,Harmony,High,analitica,A,A,True,0.3500597371565114,0.6499402628434887,0.5204056410375877,0.45018129779705013,3.5411758977079644,0.0,-0.31714716009549015,-0.45018129779705013,3.288184730853946,0.0,,-0.034053159362229246,-0.19486233782345563,0.10162924047104877,-0.023070370687524898,-0.38105514896617254,-0.18786233593549184,-0.0036680922381371467,-0.04438625335057772,0.0500359162825534,-0.16370982374529963,0.02733583816135559,-0.045408488673150005,-0.08907002278444937,0.06178437994279802,-0.08106842169114381,0.0,-0.0857652092094538,-0.10876552163815528,0.013808893126431696,-0.08613635541749948,-0.1000485157313886,-0.05309106421800851,-0.05237563824939525,-0.054854424047735176
q37_337998,36,Which percussion instrument plays during the verse?,Instrumentation,Medium,percettiva,C,A,False,0.09267734553775744,0.9073226544622426,0.4549903071056604,0.08219679732409113,3.0924235588813325,0.0,-0.24525268141099937,-0.022625521207674665,2.3391407571364233,0.0,,-0.03544983194859032,0.009970759487014248,0.10486881284733052,0.019814878571193982,-0.3144338858777429,-0.03210732019443656,-0.000237776431996687,-0.020303839071446336,0.06501258461073062,0.01670759807364984,0.055275763981286016,-0.013071087274818635,-0.09199476643085683,0.013438837852508014,-0.0835794390593167,-0.012058560696432179,-0.08712119171973645,0.0053268452836796615,0.013390359863232646,0.0026343126075432655,-0.08692275372705593,-0.020161944974551697,-0.029313238929282757,-0.015441522079252926
q38_337998,37,"Here, the singer uses a specific vocal technique. Do you know what it's called?",Performance,Low,analitica,A,A,True,0.14825581395348836,0.8517441860465116,0.4733287157130922,0.20453405241929043,2.0081636410855213,0.0,-0.27474275763792394,0.052437853783967106,1.9090781771634056,0.0,,-0.0032725475225389225,-0.0747793489123021,0.09929297903758412,-0.0012687504053595505,-0.3555118489527007,0.10279859160244692,-0.015251340200268425,0.025687361499181844,0.08072745425741149,0.01621221405559957,0.031034301776178885,-0.033407501416808684,-0.10370581487820259,0.02246510937069509,-0.0802239719641805,-0.012621206048381036,-0.06851684366290767,0.004203807971349161,0.013601691725076139,-0.007875102422018849,-0.09311611447527071,0.02420598752175314,-0.05454346041602899,0.039254544751778725
q39_337998,38,What type of instruments predominate in the song?,Instrumentation,Low,percettiva,C,A,False,0.16073245167853506,0.8392675483214649,0.35826541785107313,0.7862711055282426,4.566017944825349,0.0,-0.17519535868653852,0.6634970745535529,1.333641279892218,0.0,,-0.0478089557617882,-0.055339867955465666,0.09020279120537042,0.010327820683510385,-0.21892143250701762,0.7145562693573874,0.0013322383768968986,-0.006047147531879193,0.06790960020683304,0.052868415285588846,0.05182534418195339,0.07086026294066165,-0.07953492294047795,0.05946542967045919,-0.07473516381392893,0.0836419736856967,-0.07220764055487178,0.14678624049269842,0.015675906919296732,0.10965965129270873,-0.07882528498048043,0.024898829024060667,-0.005303197704862539,0.11531627216167877
q3_1204663,2,What type of beat do you hear in the drums?,Metre and Rhythm,Low,percettiva,A,A,True,0.3739035087719298,0.6260964912280702,0.38626234825462125,0.8510340928788152,2.1951193766493664,0.0,-0.15445667348755723,0.8510340928788152,-0.24960890334815536,0.0,,0.005695844880476062,0.031394056591382606,0.11020699250305598,0.0706312437341524,-0.26282805815098453,0.7487313025470284,-0.00753145272010472,0.0002774900062518012,0.09825522308770772,0.14821111616422036,0.049332983187833246,0.08599545782866277,-0.10144451742527123,0.012377358594152078,-0.07654038112877957,0.03484531985960288,-0.037143549949401694,0.22728477623922283,0.02773117731123218,0.11883892840409731,-0.07566323417109602,0.08571130781748809,-0.0389843743997818,0.13776982797136877
q40_457120,39,The piano introduction features a typical accompaniment style from a specific country. Which country is it?,Genre and Style,Medium,knowledge,A,A,True,0.21735731039874906,0.7826426896012509,0.477179982969125,0.17918854039706497,2.7954427522918537,0.0,-0.2437065694293641,0.08912379879704932,-1.033691419681006,0.0,,0.02313838734065251,0.06820992697583822,0.09359831942922794,-0.04303243096198487,-0.35832735984722885,0.06594624262121893,-0.002115916352015716,-0.0019999398380229697,0.0820383733724695,-0.0030622760648456662,0.05399687694669303,0.07458383889423682,-0.10450550903924978,-0.015177645852627932,-0.08507237055622724,-0.033773028949070416,-0.05943674724079276,-0.04345602399676371,0.01388851213334962,0.0588845278308979,-0.0870135901763087,0.05337221791662579,-0.05760211486929784,-0.002247810981403496
q41_457120,40,The guitar is a typical accompaniment from a specific country. Which country is it?,Instrumentation,Medium,percettiva,D,A,False,0.13609467455621302,0.863905325443787,0.43973863050554596,0.4423341926838781,2.9904711911789503,0.0,-0.2159898647549273,0.4423341926838781,0.07392840431449729,0.0,,-0.0042425268010167425,0.10927129091728224,0.11115353950616441,0.01607520742842916,-0.32362172082921986,0.3169876943381667,0.0007208433691448975,0.0,0.07640145351697408,0.07344669992602479,0.05805164799609994,0.057184686527515044,-0.09936407491978874,0.03492862953027671,-0.08292623632621132,0.03022195751911226,-0.08180839356165256,0.06561420975557326,0.029407651321413215,0.09399559671982592,-0.08935762398901272,0.09447780124912886,-0.026394288792749174,-0.007535388543578726
q42_457120,41,What is the singer pursuing with her tone?,Mood and Expression,Low,knowledge,A,A,True,0.25752773375594296,0.7424722662440572,0.5351410324309168,0.4394214144579568,1.6415327813615126,0.0,-0.3196998997747072,-0.23767796983140502,0.42900678869420594,0.0,,0.007719016357936717,0.07796739223577541,0.10000154997016812,0.004824860970062,-0.41494299970182863,-0.3385496921446809,-0.012477466400983394,0.01807946910743849,0.06410679901033811,-0.07651220356303112,0.031650634959992055,-0.02139700123350492,-0.10458729942568755,0.036159206545769235,-0.08155447969972768,-0.012170336866788204,-0.07898067266254644,-0.06338908130117324,0.014955848645745392,-0.050332527140212156,-0.10178290821872314,-0.014727070940567442,-0.06350782238409797,-0.03530895533189714
q43_1235672,42,How would you define the harmonic rhythm of this tune?,Harmony,Medium,analitica,A,A,True,0.4521472392638037,0.5478527607361963,0.480482876097028,0.24057021721312682,2.756541610774694,0.0,-0.24610130658578366,0.017143738076313402,1.9577538121515135,0.0,,-0.0050949570067536434,-0.1117132395684067,0.11719078475562215,0.04283357512457358,-0.35441231224030645,0.05909906910783293,-0.003784822094345731,0.02692433341231359,0.08753108724093651,0.03688249110515962,0.0322506538076368,-0.02964208412584951,-0.10111313046530337,0.04449778490166501,-0.08279472671935273,-0.0409270885985422,-0.050847357346596865,0.04175050970403639,0.015433721304083953,-0.02562146081848497,-0.0972216405979105,0.00338831454531322,-0.04933991380927751,-0.013184728636984167
q44_1235672,43,How could you call the section after the second verse?,Structure,Medium,analitica,A,A,True,0.19883220651505837,0.8011677934849416,0.44098167655622106,0.48344994980798506,4.875607707608799,0.0,-0.22996900672771628,0.20485980447773353,2.9931058618464115,0.0,,-0.010089234444515548,-0.13629902395906301,0.1055063349142524,-0.002996048706062758,-0.3237642092814758,0.2837552306907455,-0.0016218979159772964,0.06039964645211383,0.08411897687816663,0.017580801378236414,0.029588509467490462,-0.045222147762236355,-0.08413850070885583,0.05926301839092455,-0.0733429127211187,0.027908026993573018,-0.0662865685093159,-0.011141265663956146,0.0159004211625857,0.025469460602292007,-0.08944933562241568,0.09175925025900769,-0.04635959667425294,0.0392426602798924
q45_1235672,44,In what decade could this song be created?,Historical and Cultural Context,Low,knowledge,B,A,False,0.17868852459016396,0.8213114754098361,0.4963574202460777,0.5411125510116982,2.0229384262234427,0.0,-0.3022129801413483,0.40060402640613335,0.2599968490098181,0.0,,-0.013821950789201828,-0.045625812352835096,0.09707222005236471,0.000981328863947013,-0.36929077601005844,0.46987695984496874,-0.01617247339445273,-0.024628449949947256,0.05196363013468394,0.04244098920138963,0.03732193573904061,0.02943592708665206,-0.10896967369593774,0.02869394528361939,-0.09682753028010718,0.029404775292905794,-0.08180246382090145,0.1397780377426992,0.02315005916266267,0.04799523995541867,-0.08714453837146718,0.025345105544178615,-0.03990439900932194,0.05751000629927007
q46_510027,45,What level of musicianship is required for a synth bass player to perform this song?,Performance,Medium,analitica,A,A,True,0.2600145666423889,0.739985433357611,0.5046490547526581,0.14888587647977844,1.9972302505599893,0.0,-0.24808255584930694,-0.020239555167875987,1.3131209523829492,0.0,,0.0066308926038608045,0.026919643894994967,0.10813826121556244,0.0268778286835496,-0.3763658053009825,-0.08456271582382721,0.013514095632252303,0.01052568807740666,0.08063042073270153,-0.018504203260196483,0.027089993066823175,-0.06334360904818341,-0.10059990856662168,0.031705541277171595,-0.06363016907671243,0.01881620824041218,-0.049111903187858054,0.050329979410408794,0.014283851469212879,-0.05662905588448922,-0.09960608847529422,0.002484494737134314,-0.057138751811558156,0.01490108935986623
q47_510027,46,What is the intention behind adding new voices in the last section?,Musical Texture,Low,percettiva,D,A,False,0.0957080200501253,0.9042919799498746,0.5097401984793339,0.11541706915306188,5.263148616192728,0.0,-0.29557906999982353,-0.11541706915306188,5.263148616192728,0.0,,-0.02096817374150918,-0.0010923767177028545,0.10562712411417066,-0.03262244106220433,-0.38169146049806957,-0.05024888663759845,0.0014534401255845986,-0.03145336473555624,0.057478215576396326,0.017008354568977653,0.03215223611290152,-0.06954644649893364,-0.09497047574802922,0.0546349913901329,-0.07554691078479367,0.023131147424728982,-0.0914462002903842,-0.027339336277351127,0.013323641002096372,-0.0635635085403819,-0.09883362936783299,-0.016189402793144174,-0.03773594650017766,-0.03355286842709056
q48_510027,47,Does this song have a differentiated chorus section?,Structure,Medium,analitica,A,A,True,0.30784508440913605,0.692154915590864,0.5174540245644078,0.47941841167764976,4.176281682938656,0.0,-0.2880127162843477,-0.3749807068949059,3.416517463466123,0.0,,-0.0180963001539739,-0.29285639641677164,0.10359810943660638,0.02788058088138246,-0.38463707027040384,-0.13434316286950618,0.011122544703423633,0.024338271509989476,0.07756401587583199,-0.09748897383863668,0.028133203350191517,-0.05386737867888817,-0.11430139365642017,-0.08339443603243363,-0.0797470680674081,-0.029937016683629875,-0.07539396559346799,-0.05401666449988626,0.017731186627441196,-0.00674376020442774,-0.09402605990583052,-0.11055002411603532,-0.047972634914685675,0.06101754715903181
q49_1149194,48,What is the most obvious digital music techniques used in this tune?,Sound Texture,Low,percettiva,B,A,False,0.145021645021645,0.8549783549783551,0.5100039548502333,0.3327993635593781,4.701241365239202,0.0,-0.325497845354955,0.29014723133114373,4.07650879527606,0.0,,-0.00912355354754869,0.028467424758157826,0.09225305474763915,-0.021326066114117227,-0.395412961301267,0.2218638878358815,-0.013214385253778431,0.061141984851221604,0.051184768462593115,0.05422564047231038,0.03616638974769876,0.029860634480776308,-0.11337503288803101,0.004078240146911969,-0.10329448148453704,0.019720738425444882,-0.09356345090493054,0.05843421450703301,0.02155632712257446,0.03565307939728989,-0.08547219675125842,0.0536280694627543,-0.03870016865906431,0.034546614438623
q4_196219,3,What kind of accompaniment best defines the beginning of the song?,Musical Texture,Medium,percettiva,B,A,False,0.2857142857142857,0.7142857142857142,0.46941352452301494,0.5397388813322386,2.409306723966156,0.0,-0.30884330149088574,0.3060696547495353,2.409306723966156,0.0,,-0.007704881923605418,-0.09704710624907795,0.0802851115160646,-0.019787507042273722,-0.380549798530045,0.42290426804088693,-0.0008737325532999409,0.0,0.05049773384934563,0.06892166337773423,0.040340885159693196,0.038901508638943656,-0.09106075696702169,0.02404645144368472,-0.0934102051277984,0.05960582332916646,-0.10189837387760707,0.03655956912819453,0.01323230804686236,0.05350013658985442,-0.08709888534022674,0.01551248258634288,-0.03944600723413303,0.009022019655614381
q50_1149194,49,Where would you imagine this song being played?,Functional Context,Low,unknown,A,A,True,0.5448717948717948,0.45512820512820507,0.43386304931790015,0.5126667938207257,1.9123759143207262,0.0,-0.18050681906700553,0.4538475195340213,0.1484567676395887,0.0,,0.017818531345808436,0.030295353011141092,0.10885958377963889,-0.019119692561728553,-0.3051723110972026,0.4529618036662324,-0.0020126230952502485,-0.010289944581623623,0.08821597671405865,0.06056774306782231,0.053290921726788495,0.05279181498780987,-0.08736900597980708,0.002894931833886269,-0.07440417319161684,0.04443723140953117,-0.05066880063113736,0.10535952598544997,0.022986762397274877,0.05033063107453819,-0.0923320353286339,0.014791745127840431,-0.04022646477393236,0.12267389604714314
q51_1149194,50,What would you expect a professional jazz musician to say about this tune?,Mood and Expression,Low,knowledge,A,A,True,0.3603497164461248,0.6396502835538753,0.36850407152752757,1.050901155015695,6.296438459435777,0.0,-0.1634277445802484,0.6679118384800036,4.732964571661131,0.0,,0.0004993602020734872,-0.1618935338820641,0.08940159658518042,-0.0296011243857816,-0.265965908053888,0.7935417214145253,0.012637206686385674,0.06586477533332404,0.11288726549164739,0.20554483950524088,0.056067046437050336,0.20417915360058136,-0.08130601794299228,0.05030332646476854,-0.057090719186092695,0.09815292516392878,-0.03847154104405848,0.07928170112377744,0.0,-0.029531874221565474,-0.09394370535452232,-0.002923736758532254,-0.06157007298128035,0.06290550360180434
q52_1107251,51,How would you describe the electric guitar motif?,Melody,Low,analitica,A,A,True,0.3125568698817106,0.6874431301182893,0.45840216358175206,0.20847783187027732,2.337598204403233,0.0,-0.26816078800890775,-0.09755761996091997,-0.17517261449708404,0.0,,-0.005691430455347722,-0.12300730212806621,0.08510005247213767,-0.029060223044239025,-0.3575900453399822,-0.0009502007432933973,0.01002063531428447,0.05546010595467868,0.07353323443764417,-0.08183730407740245,0.03417494424064749,-0.019748344477189136,-0.0937076502200498,0.0969838982733884,-0.08247253555115987,0.0,-0.06307203205707149,-0.04117277203544934,0.0,-0.03174877661118871,-0.08885806911354549,-0.007613473727968965,-0.04775867974537273,-0.01242084730510977
q53_1107251,52,Does this tune explore any themes other than love?,Lyrics,Low,unknown,A,A,True,0.2060869565217391,0.7939130434782609,0.49236388729397956,0.24492039093193718,3.0786185457627697,0.0,-0.2660043130615792,-0.10321975293806297,0.4181543278203489,0.0,,0.007619298348007175,-0.024194394025012937,0.105560488768193,0.05719793550001144,-0.3768239152268692,-0.14987567790998715,-0.00236018495091018,0.01365238349692567,0.069793056763305,-0.07839566870083015,0.05086891485615427,0.03140800850724472,-0.10638454347225591,-0.007245838377336498,-0.07256338244623123,0.018364582841343284,-0.07598162601648803,-0.04506361217539934,0.0148282786662299,-0.049296072906525934,-0.09480682856032685,-0.03709318669914325,-0.05175818285196633,0.06410203457258416
q54_1107251,53,What level of humor does this song display?,Mood and Expression,Low,knowledge,A,A,True,0.3998416468725257,0.6001583531274742,0.47465656270945705,0.4869289975070407,3.5093797231017474,0.0,-0.22863296585881598,0.2420654168174755,2.204759602472147,0.0,,-0.01836815570174159,-0.12243179034478259,0.1132707754945165,0.006762909667240195,-0.33327660858239494,0.31605110162823025,0.009741022930804021,0.04168319586678766,0.08939139106901675,0.07361483774064354,0.035978372984077814,0.023945295150282344,-0.0947193709095822,-0.025605792855411258,-0.07846681984044766,0.006056202632261507,-0.04662103178239899,0.06560381767975575,0.014348409507723061,0.005043159016092265,-0.101132689050091,0.0010655508211287502,-0.04741122783711382,0.09234234663272262
q55_189585,54,What is the harmonic interval between the voices in the first two notes of the verse?,Harmony,High,analitica,A,A,True,0.1498109640831758,0.8501890359168243,0.46093799834179716,0.183692699243359,3.48674395423041,0.0,-0.27026114479264,0.0050320884465362235,2.7196227811739684,0.0,,-0.014295310201506957,-0.07934432373710483,0.09533842677457857,-0.009985981661306558,-0.3480653811432353,0.09175253650500842,-0.0032388802224762973,0.00260985733993919,0.07230808746609396,-0.008753741731288485,0.028942909090428678,-0.05265265668244155,-0.11096405178389471,-0.030211381955141416,-0.07930035432363891,0.0,-0.04737071953427975,0.06647902351793598,0.0,-0.014194649122673396,-0.09293707468823513,0.02098028292967567,-0.04093994101911413,0.02338521149046943
q56_189585,55,What harmonic technique is used during the chorus?,Harmony,High,analitica,A,A,True,0.187137330754352,0.8128626692456479,0.4100271453437214,0.5245318680358786,2.72761370195054,0.0,-0.19918688258165063,0.3472204695242107,2.3278128726841114,0.0,,0.00013621719127819565,-0.06862342378928198,0.09868224997034229,-0.010025990118566606,-0.304607013962686,0.43587616878004465,0.006601664219414903,-0.010006285347985379,0.1058702467100702,0.10402879235331096,0.048408579189972864,0.010314657578304586,-0.10257308613837217,0.015017786240371197,-0.0703141072382366,0.02610118036689167,-0.03663663448021344,0.1242330090590187,0.0,0.0026755088447467518,-0.09046708299197101,0.04936901962271623,-0.0534747976329005,0.015480515458850631
q57_189585,56,Which guitar comping style can we here in the tune?,Genre and Style,Low,knowledge,B,A,False,0.20713305898491083,0.7928669410150893,0.5589733142547336,0.11931824728111703,2.105828545905762,0.0,-0.39328792292896314,-0.036868908248750804,1.4065004358817694,0.0,,-0.01709032837970744,0.041224669516183116,0.08284269566288521,-0.05273302567221305,-0.4438540670252004,-0.025360552092720867,-0.01518622318694048,0.0,0.039841739475343294,-0.03220706966994048,0.03492690200979716,0.0059728233909975715,-0.10798606902306374,0.03420684173914659,-0.10229801605342871,-0.01370038380568481,-0.09673468439919289,0.04306183471159601,-0.015003537246689149,-0.03534839405375621,-0.08920002576208921,0.028632039128248417,-0.056834231929639864,-0.06748659968935788
q58_170946,57,Which country does this tune remind you of?,Historical and Cultural Context,Low,knowledge,D,A,False,0.3683010262257697,0.6316989737742303,0.5138948523542346,0.3312827565231203,2.117725513968928,0.0,-0.2890906785685637,-0.06940364382697939,1.6664520169762904,0.0,,-0.0008398285166466013,0.1276341226362979,0.11240208689283544,0.003305433711772547,-0.3999039506824097,-0.17719657409326972,-0.0007489862623428333,-0.023146626081780117,0.05074167629657669,-0.027696663687275372,0.05664775828608734,0.0364595657018659,-0.09269657235140231,0.04996898788998772,-0.08808007417624004,-0.03242406816768864,-0.09460606533970135,-0.03273374752350076,0.016106516862169577,0.0,-0.10165028385494838,-0.03428245464609807,-0.0355536342911052,-0.028695263394270174
q59_170946,58,What effect do the brushes have on the song?,Sound Texture,Low,percettiva,A,A,True,0.19018743109151046,0.8098125689084895,0.48962526474416374,0.11550992479606635,2.9074521609869137,0.0,-0.2909433737808525,-0.11550992479606635,1.390836751732495,0.0,,-0.001828063217381725,-0.04862882930453477,0.09934094548165562,-0.0323767993974506,-0.3744370684994669,-0.02699089500340452,-0.014019187545659484,-0.007513401090676457,0.07142030811273803,-0.04700418735607671,0.02679966804512677,-0.0767115821343747,-0.1046038807184718,0.019154347585239793,-0.07678943654361672,0.014519362699400512,-0.069261178413426,0.0029008549057090646,0.013321014756845303,-0.03226908825108377,-0.09761209975247902,-0.01911462098881588,-0.05421776926756909,0.02301498874393535
q5_196219,4,What type of articulation best defines the melody of this song?,Performance,Low,analitica,D,A,False,0.13051643192488258,0.8694835680751174,0.4468419205662124,0.14966504631741515,3.0629415830235733,0.0,-0.22134813910941994,0.12104820876258922,1.9007265073912976,0.0,,-0.01358378814128175,0.02181084027916986,0.11274689072839625,-0.010235540033761027,-0.31991283960669037,0.11354578726083231,-0.0005984020898440745,-0.004072878743651936,0.07922023984548565,-0.011960767376630287,0.02832883364319087,-0.015252640522904199,-0.1034432652122407,0.02183982650892908,-0.06993557583705749,0.011648576611982982,-0.06981056392997187,0.04327923628000488,0.01695934094991302,0.015804895639547803,-0.0905506851143459,0.03774281173264876,-0.012116463454393524,0.017946269889010182
q60_170946,59,Which instrumentalist do you think is the leader of the band?,Instrumentation,Low,percettiva,C,A,False,0.16878474980142968,0.8312152501985702,0.4059591599508846,0.32955828559938527,3.6094131027820224,0.0,-0.2100858805994879,0.2772197877661208,3.6094131027820224,0.0,,-0.015604112767254086,0.11137707592948583,0.09680658673479134,0.06780761475572922,-0.2924184075079322,0.12420434599753799,0.0011300529409069976,-0.026169248916632245,0.08922373759350422,0.19184636943579014,0.05724168418023068,0.040135796483809175,-0.0744054656927237,0.048032128215684616,-0.07893372454138352,0.05208127002103452,-0.0863632639429775,0.021397241399852197,0.0,-0.010757329582748543,-0.08784915643105552,-0.04112928034272588,-0.02899969176508261,-0.02438640786457545
q61_1278743,60,What music genre does the introduction remind you of?,Genre and Style,Medium,knowledge,A,A,True,0.18423137876386686,0.8157686212361333,0.4433959384462553,0.7561021677764551,4.44740333545327,0.0,-0.17408416326651616,0.7231508927338329,3.9822940356325884,0.0,,0.022855284386333757,0.1535455310378491,0.11180060320353583,0.008758504896814182,-0.2911894968332418,0.5773224943204808,-0.017550554023143938,-0.016475637521311093,0.09161371853845326,0.1413509651913198,0.0611214463753641,0.16469719566270027,-0.10542440494729118,-0.00881700785966626,-0.08185393537222561,-0.0006848118665138021,-0.042794385660773114,0.15848979734309912,0.03703082981489679,0.1400927145430748,-0.08924605779868956,0.05163730741383088,-0.04453137421625081,0.07638473230598819
q62_1278743,61,How much fusion between genres and countries is there in this song?,Genre and Style,Low,knowledge,A,A,True,0.1797583081570997,0.8202416918429003,0.5128061435241601,0.3126987691606899,4.619946420816377,0.0,-0.3252374878878772,-0.27038290935456627,4.323788481235584,0.0,,-0.007222016608711662,-0.047449973449703725,0.09378432781814147,-0.028546411230509817,-0.39605156843198935,-0.21554445457741453,-0.015748230665317643,0.021157929903061833,0.06955922733839644,-0.013300732450457875,0.02963288634279024,-0.042338321627299946,-0.09857248157084167,0.03688594568497598,-0.08649938594353135,-0.06254049604323893,-0.06167810673265308,0.03585207120885213,0.0,-0.0352033528796035,-0.1105242376618912,-0.11020920038213305,-0.06715538966014659,-0.07952882286566106
q63_1278743,62,What effect introduces the kick in the song?,Sound Texture,Low,percettiva,A,A,True,0.4008073817762399,0.5991926182237601,0.4577227315783033,0.311632929443245,2.7017135364657205,0.0,-0.20047620110739608,0.14449916438639512,1.76675397566935,0.0,,0.013779788429758747,0.03257327011303526,0.10090149244987633,-0.0691841329052696,-0.3290994663428497,0.19549277680178478,0.013941984355818527,-0.014382749623155309,0.07959851763273658,-0.01084099131400764,0.04809351709769536,0.013817918127106574,-0.08295686863153774,0.056028251989883045,-0.058395104255218044,0.07607304977218257,-0.0629742525967308,0.026552885788784168,0.024091966768620424,-0.03756288933740771,-0.09400634919862597,0.0021565326534086354,-0.05392762792433593,0.018274406706445465
q64_261271,63,What surprises you about the harmony in this song?,Harmony,High,analitica,D,A,False,0.27190476190476187,0.7280952380952381,0.4874804896535833,0.350868285781684,4.926280435728006,0.0,-0.2726242090532714,-0.012910021242120904,4.465760596656643,0.0,,-0.024848727389395538,-0.1611182801978569,0.10742814030015593,0.006547614460168976,-0.3540504754995176,0.16243151780961257,-0.001153146464514209,-0.02077087331404554,0.06641353750709511,0.09101347841784055,0.04653691129774104,0.015540438697134173,-0.09916391499836505,-0.03779959022964137,-0.07595737956002367,-0.032720830697783206,-0.07636025772338101,0.07970489641523688,0.0,-0.03347493525663816,-0.10806742174528439,-0.08538965099403908,-0.026025683831053498,-0.009783827594230673
q65_261271,64,Which music genre does the introduction remind you of?,Genre and Style,Low,knowledge,D,A,False,0.14601139601139604,0.853988603988604,0.5522802163241798,0.9340712164135108,3.6672718104833537,0.0,-0.2960679367860731,-0.5549450093582797,3.477646405006123,0.0,,-0.0057930089852241545,0.17017100619235168,0.11553421121858845,0.01939209733526391,-0.41838106756990234,-0.7445081128858952,0.012571928550464904,0.0,0.06868858243371702,-0.0579402788728538,0.04351674976947041,-0.03345656796137365,-0.10455863622515386,-0.051387581271145316,-0.08904784237548027,-0.1351366057310793,-0.09067376352004972,-0.09296320391451704,0.012645739326056853,-0.02538459222550748,-0.095792773514996,-0.03870782569824979,-0.040845992679637594,-0.11996835368355332
q66_261271,65,What could this music be used for?,Functional Context,Low,unknown,C,A,False,0.3146692861820563,0.6853307138179437,0.43906478710898955,0.40037594229428414,5.950708723425794,0.0,-0.25916264761020213,-0.13323545269701884,3.511034287497713,0.0,,-0.01909148591630439,0.13357024479863264,0.08995106974939368,-0.03330753326763518,-0.3282050236356818,-0.1896783899715688,-0.0018172078076096505,-0.043819774256447494,0.059021276056533414,-0.06199910591893104,0.057789847009707046,0.09245668830520333,-0.08625669868288531,0.09279353284192862,-0.09106311679789963,-0.04942094775052299,-0.09481126300550369,-0.23354439281147715,0.011031410958934798,0.029120064651729415,-0.0852435050493876,0.006934042706317804,-0.029630598099701172,-0.00957533472126677
q67_1051201,66,What are your thoughts on the piano bass voice of the outro?,Mood and Expression,Low,knowledge,A,A,True,0.25898931000971814,0.7410106899902817,0.48222645501682554,0.217876766279814,5.160080427835613,0.0,-0.2637404883486733,-0.217876766279814,5.160080427835613,0.0,,0.0034846063380928327,-0.11961084969591679,0.10575837699598328,-0.03213552121052746,-0.3572031704147552,-0.04510196799303644,-0.015780301267994214,-0.021028427380333326,0.08155964015219531,-0.008132364580609851,0.036742968486462045,0.008644286282631461,-0.10226048139135573,-0.03134587936579906,-0.07497037895162345,0.026885667825164886,-0.060258996227467665,0.0,0.012377207334106811,-0.040629643358231306,-0.09841395838050986,-0.10443406839622048,-0.058516489370480755,-0.06886476468674965
q68_1051201,67,What feeling does the music aim to create?,Mood and Expression,Low,knowledge,A,A,True,0.146795827123696,0.853204172876304,0.4541685531316807,0.1498101638277049,3.261728031809467,0.0,-0.25242218825497437,-0.015465196733858953,2.8582427336230896,0.0,,0.007775665782501669,0.007513066449274389,0.09309751665585149,-0.047858465502604884,-0.3471792505415179,0.05965941709764859,-0.006116120151809644,-0.034779214778177046,0.084089100731869,-0.03463093077327199,0.0384768801933706,-0.016960932162094433,-0.09542120869486564,0.05460299864361476,-0.08347628640099923,-0.011394166745388736,-0.05674494806000905,0.019505164258520905,0.0,0.006433276767004241,-0.0848567428025296,0.009317630586522322,-0.0544889832218104,-0.04233823730876602
q69_1051201,68,What level of musicianship do the instrumentalists display in this song?,Performance,Low,analitica,A,A,True,0.16076294277929154,0.8392370572207084,0.5043315327008443,0.4087658306341696,2.801134279646399,0.0,-0.29497038655978747,-0.2626308849810819,2.6794626743873953,0.0,,0.006414194653175172,-0.0010474780743843955,0.09826637841735328,-0.04536639423652652,-0.3836696276045028,-0.2892844854967148,-0.015981332025813064,0.07306747282654383,0.07274242997028413,-0.03660873339834965,0.03266314662251686,-0.0349931348977935,-0.09996831032812094,0.01859417652519331,-0.08515024251767714,-0.015079469469187702,-0.06541511780589111,-0.01668839290081267,0.014311755986897753,-0.06031231997855849,-0.1037417835476803,-0.06840306360937257,-0.060412264940116686,-0.049139947252200646
q6_196219,5,What level of ornamentation is present in the melody?,Melody,Medium,analitica,A,A,True,0.28540587219343694,0.7145941278065631,0.44965119701669654,0.28671302905814433,4.477698704029038,0.0,-0.29744049982112697,-0.12348342162739845,1.177516760996675,0.0,,0.0014226894127298967,-0.03785817050626945,0.07468265918505489,-0.06126871288424297,-0.35874663761215564,0.08161480371537294,-0.014799210806756134,-0.10597134195225896,0.0791592153080973,-0.03459578056835044,0.029488904341616416,-0.03461367906236272,-0.09391371057343065,0.07041354149511306,-0.08089824549635385,-0.035388727312923945,-0.06438393615657398,0.004679063150188192,0.0,-0.02382617331605673,-0.09194864730978092,-0.0013439920225873266,-0.0749440799347013,-0.06880767399041851
q70_1247308,69,What stands out when you listen the beginning of this song?,Metre and Rhythm,Low,percettiva,A,A,True,0.3768545994065281,0.6231454005934718,0.4874284494991017,0.2440913469478131,3.379789407876659,0.0,-0.24969787493797296,-0.08846584353957054,2.75689213668597,0.0,,0.025117603423390304,0.07781275170412127,0.09374768385717405,-0.02717616630631751,-0.35348955068390053,-0.09265498083643788,-0.015073611534636802,-0.04644744810093643,0.08695035003176375,0.04471823426105981,0.03365000724976076,-0.07359496717112422,-0.09249461834924445,0.04552787631145641,-0.07938603062860543,0.032616197488175964,-0.07093888088669426,-0.0709825087716999,0.011472995246293615,-0.061360583603621816,-0.08698552270145468,-0.005059709900816237,-0.051966174899792314,-0.00033038215300052257
q71_1247308,70,What harmonic interval does the electric guitar use during its solo?,Harmony,Medium,analitica,B,A,False,0.14501679731243003,0.85498320268757,0.5577372340585174,0.37662674226372733,4.588918779732507,0.0,-0.35743815632728404,-0.06964136515101456,4.588918779732507,0.0,,-0.027872559757980864,-0.17746879953160377,0.1001495388656167,-0.02121720373922881,-0.4256916508569261,0.1534926885563564,-0.004023484577993735,-0.02444805043653837,0.04403685867994514,0.030246854588118786,0.033514188862091565,-0.0031040450324775516,-0.10471252548284668,-0.05092615979653249,-0.10895358900849142,-0.022106761765222947,-0.09270609313202857,0.04648078016189833,0.013680622044272903,0.0,-0.09808996811656838,-0.03800056345606774,-0.044207650173658554,-0.03223146985073093
q72_1247308,71,What is the longest section of the tune?,Structure,Medium,analitica,C,A,False,0.157286432160804,0.842713567839196,0.4321154566166618,0.2779160024263167,0.7250947075397373,0.0,-0.24632515978677685,0.11152100421233742,0.5831894610742941,0.0,,-0.025468027142142458,0.0023426332840306985,0.08222200688030352,-0.08071233369841234,-0.31375228105957687,0.19237587003529638,0.01067314153463892,-0.0024851654085773205,0.06633090906202418,0.008561781430319253,0.0545993718579837,0.014253356067861715,-0.08418240875891583,0.05935096827271509,-0.09154087955032304,-0.002028862569322597,-0.08223368260132437,0.013534351163721014,0.0,0.002676897593351317,-0.08071181770123716,0.022970168695759113,-0.028586652094984386,-0.007797656442067485
q73_26738,72,Which instrument plays the lead sounds in the intro?,Instrumentation,Low,percettiva,A,A,True,0.25287356321839083,0.7471264367816092,0.40530861701264526,0.8768442944528965,2.9694511063211935,0.0,-0.15348769092592432,0.5592762526388286,2.4707135568881546,0.0,,0.012501411995425517,-0.025178346931460364,0.11340905104793496,0.020005730726403884,-0.25917600352251696,0.6980545428194587,-0.02022215044676784,-0.1336056739755735,0.10239139382133519,0.1221758027179225,0.06024680344758064,0.11956351349474313,-0.0934453101261067,0.05590336382057549,-0.08842071286805667,0.0019868408028483435,-0.04918675893807067,0.042881402172266526,0.03930088124210465,0.12692411695513411,-0.07787857236943899,0.0021057493146521278,-0.046495415135271806,0.08773546336068644
q74_26738,73,What type of synths are firstly introduced in the intro?,Instrumentation,Medium,percettiva,B,A,False,0.28653295128939826,0.7134670487106017,0.5576170459803081,0.439161323042685,3.3779147540864454,0.0,-0.34556016798267664,0.07535255866916221,-0.13027974935725467,0.0,,-0.026127647937922754,-0.15458996357057359,0.10602843899881575,0.0011705595845698802,-0.42128724084442226,0.25608638127135375,-0.004173718199147348,-0.027314418616187837,0.05078891150029097,0.07425223646835688,0.03383527998594655,-0.0007939919959404559,-0.10306902143784687,-0.060498405334544675,-0.11190169507674458,-0.0280310922600742,-0.0899623351222225,0.060590285401461004,0.01402953929095432,0.02413818730616789,-0.0963679199578531,-0.044219795750699856,-0.04291292716520144,0.049915134834435555
q75_26738,74,What type of choral music does the intro remind you of?,Genre and Style,Low,knowledge,A,A,True,0.15620437956204378,0.8437956204379562,0.4750559289352832,0.19069863315734165,2.5857977063350805,0.0,-0.2598650752286105,-0.04857144783424146,2.065172937163938,0.0,,0.01149394181972508,0.03299472955769406,0.09610148503361123,-0.007521803887234184,-0.36471251711902586,-0.11211323660855736,-0.002747984962921014,0.03806886310385603,0.08836987789245725,0.012293730131860291,0.04024529349186373,-0.001926938344778274,-0.10509993990171504,-0.024569418192345968,-0.0808305157131347,-0.008683608360331782,-0.05985499421924052,-0.01153482354352791,0.0,-0.006826248818348649,-0.09292413689121563,-0.02161745246704251,-0.049770659887625676,0.014293311760273346
q76_1087890,75,Which guitar technique is used at the beginning of the song?,Performance,Low,analitica,A,A,True,0.1574626865671642,0.8425373134328358,0.49890065597796823,0.45906280570695934,4.214638496139827,0.0,-0.2797071788451511,-0.33990131366336734,3.1595283152354527,0.0,,-0.002714813340639593,-0.061732051182446915,0.10959673856640856,0.02128095785733039,-0.3860036285240328,-0.3377500085027164,-0.0005854755468872371,0.038299788164465595,0.0751115080052781,-0.03836301026006895,0.02910954184661222,-0.06295436517564973,-0.09525517276468196,-0.046928211371601046,-0.09143848309046805,-0.05734855632998327,-0.06943320908903261,-0.05580352265960724,0.013969941422974419,-0.03557164616950909,-0.09851532531812408,-0.04827281271127119,-0.043255979857709105,0.005340811014323193
q77_1087890,76,What kind of instruments are used during the song?,Instrumentation,Low,percettiva,A,A,True,0.42402315484804626,0.5759768451519537,0.28816198666522813,1.5250358289620292,2.153903786984991,0.0,-0.05751533002324004,1.3112177199035169,-0.21708096758767215,0.0,,-0.0025979311711452624,-0.10690905452925618,0.09900727315327094,0.03271686134242673,-0.17024072717308883,1.2936124656686143,0.016316055167723113,0.0917974474217319,0.12099279800322238,0.21683008932116482,0.0665326053067663,0.2094011846600212,-0.08039996435015775,0.11686102037817087,-0.04878772975387802,0.12730696383313203,-0.04275853663442224,0.15484218520796988,0.022703666558926024,0.16315178751219475,-0.07989687168202399,0.08864067908321695,-0.015901297471672723,0.23418380990764637
q78_1087890,77,What is the predominant tempo of the song?,Metre and Rhythm,Medium,percettiva,A,A,True,0.2576443941109853,0.7423556058890147,0.4687808148753746,0.6853434603435936,4.737546100942769,0.0,-0.17498891984496012,0.6853434603435936,4.737546100942769,0.0,,0.04873723750689551,0.14050692101309498,0.09815871000831172,0.00014100315100540328,-0.3029679101806807,0.42281538754185394,-0.01891695717948666,0.12188014863763934,0.09551894486947914,0.07871448072140805,0.04271804221422028,0.03678391516223489,-0.09595238893842983,0.027817007197425105,-0.07816525452097974,0.030992758762726263,-0.04242572391726927,0.15169767757918157,0.01305995785820143,0.1134610751454173,-0.07224765397020375,0.0986571654187045,-0.0374948434399784,0.14721938035649595
q79_467850,78,What kind of string instrument is heard at the beginning?,Instrumentation,Low,percettiva,C,A,False,0.23869801084990955,0.7613019891500905,0.5046277196936593,0.24180011323519193,1.3816250634686273,0.0,-0.28499632491024673,0.14590741594885925,1.0160899527599616,0.0,,-0.03845468424099606,-0.04794634864316634,0.1098156973917063,0.05967755218014898,-0.34012613953320003,0.1028352743608992,-0.016231198527756924,0.03134093805097741,0.055633650040948696,0.03204813651118933,0.04049397332342766,-0.01220112611865311,-0.11002982781892345,0.020069633892157008,-0.09235580150929872,0.01643568681150993,-0.08165317575035594,0.03687934734114762,0.016435181489689255,0.08023205984245194,-0.08076882864688832,0.0010430666836287912,-0.03275149603884592,-0.02859938901457226
q7_171574,6,What type of beat do you hear in the drums?,Metre and Rhythm,Medium,percettiva,A,A,True,0.40146878824969406,0.598531211750306,0.4303001962593089,0.47619317936092925,1.8035348850885136,0.0,-0.22417209452741915,0.3556223588679645,0.8400249756416206,0.0,,-0.002029372895769946,-0.04135592030907829,0.10306405086594486,-0.018929489937404082,-0.3216960215644442,0.3818006151185559,-0.0035107509331498334,0.03410715399589099,0.09320301498271483,0.049106514062126384,0.03143084771528183,-0.0042836854334844,-0.1043435807933661,-0.009847806857761265,-0.06954039926714674,0.056870444284047146,-0.059441180142945464,0.0646670958136523,0.01377993529113268,0.011314139195497896,-0.08701825567931476,0.042209064891853845,-0.04224247663377544,0.14558659291203258
q80_467850,79,What genre does the song evoke?,Genre and Style,Low,knowledge,A,A,True,0.22504230118443316,0.7749576988155669,0.4866646379013731,0.19902670086303234,2.209066088239301,0.0,-0.22564212421230223,0.11007595467538975,2.209066088239301,0.0,,0.022850814408445795,0.09029601678182728,0.10766044243608965,-0.0267052007988206,-0.3384522597798403,0.06425531098738377,-0.017701121276997373,-0.01777017229500069,0.07560881964811367,-0.022340696179244918,0.05438469388857818,0.0808658487083112,-0.09494239950043802,0.05123201907225236,-0.08602903201363733,-0.010171037071698237,-0.05900647824214974,0.003822009590498266,0.023605233441195392,0.012664721524483176,-0.08711316463025644,0.022683496850390325,-0.05214979680370789,-0.028680407819602453
q81_467850,80,Which continent does the rhythm of the song remind you of?,Metre and Rhythm,Low,percettiva,C,A,False,0.2703349282296651,0.7296650717703349,0.5206580588165654,0.289177965044414,1.8139002742448016,0.0,-0.3145153174951341,-0.289177965044414,1.3419804006718767,0.0,,-0.034368471166350834,-0.05416093942767205,0.10307137066071564,-0.027885085921294447,-0.3763049851245474,-0.15710610577264844,-0.006913231864951526,-0.05002583392279909,0.06348246735604543,0.011612175846802091,0.040173561302179195,-0.025424945135114417,-0.11039274573503591,-0.01909682299389508,-0.09961242577889913,-0.07446558420696284,-0.08503200108590928,-0.008005856856263842,0.013842685939003438,0.0,-0.08916775620372537,-0.04937849316214833,-0.0478091032887925,-0.12441843853683163
q82_875005,81,What is the tempo of the intro?,Metre and Rhythm,Medium,percettiva,C,A,False,0.2643769968051119,0.7356230031948882,0.4401321604277092,0.35709108640848536,1.806347313421185,0.0,-0.24389972297890566,0.10946911333022687,-0.4857803264475232,0.0,,-0.033912157925045885,-0.08319048319744732,0.09811621872440177,-0.04062050334168194,-0.3070962961275057,0.2332256533811086,-0.0010074876507558065,5.4446488247521935e-05,0.05323892454344061,-0.00160394125343679,0.05040601310477262,-0.033670215449240606,-0.09204831900752086,0.009847455829481894,-0.08280374926846093,0.041153651646241414,-0.0762535058033807,0.06726815889725439,0.013165288362726943,-0.010227378884924991,-0.0806218532841862,0.024648594182486352,-0.028982521626297126,0.012052788362365185
q83_875005,82,How many chords are played in the intro?,Harmony,Medium,analitica,B,A,False,0.2031615925058548,0.7968384074941453,0.5682366194517376,0.24133370214017102,1.6191142887428926,0.0,-0.38343855102946983,-0.0649995716655618,0.24122376783035868,0.0,,-0.013139875481581492,0.01752118468905343,0.09239903421113392,-0.09242777825515502,-0.4483843346301336,0.07064588054825119,-0.01431337512888865,-0.060738858647711405,0.03697121243861874,-0.0234090509118176,0.026065654159457222,-0.05336858519476306,-0.10693950533744404,0.0053627446007864545,-0.10879488708034105,0.0,-0.08981601290024063,0.09510668157656577,0.013399814853050132,-0.020191860306329055,-0.09444903025223286,-0.028420707371776613,-0.05987579691033733,-0.040078794058227715
q84_875005,83,What kind of chord does the guitar play right at the beginning of the song?,Harmony,High,analitica,D,A,False,0.17294685990338166,0.8270531400966182,0.4616032235880022,0.8358728827901887,2.085137312901874,0.0,-0.23968510895816297,0.3145994133653599,2.085137312901874,0.0,,-0.031774156376337404,-0.14011559258176437,0.11095905731491962,-0.06598423208867275,-0.314532068652476,0.5752361480777743,-0.004337941244269176,-0.05453691004197729,0.06412720292394077,0.08607638831178291,0.05516911558425923,0.06476324370778504,-0.09980441480791233,0.0011056558839342041,-0.07780949714856233,0.01549862829446471,-0.08343018099973915,0.07764732377304193,0.013450255817545725,-0.0037710953260755922,-0.08725003063630753,0.06241049104582785,-0.024137559691387388,0.010868777674598908
q85_1215807,84,What kind of accompaniment does the guitar play?,Musical Texture,Medium,percettiva,D,A,False,0.23310479921645444,0.7668952007835456,0.516523319602122,0.28757606357774373,3.166048142678608,0.0,-0.32256979486651133,-0.15447018463113063,0.6926829234108665,0.0,,-0.0037991093315637714,0.048206687612087094,0.09626207901832756,-0.049956316572094435,-0.415747447902753,-0.17106680753234274,0.0007146833494778224,0.01834625186121944,0.029305393852412404,-0.11186744901671032,0.040134990954585156,-0.02494821324737726,-0.09169525539718423,0.06849348375331765,-0.0795851831994812,0.02948592840134935,-0.1036263128014685,-0.0630518674930306,0.01716836819192233,-0.042810591847969585,-0.10081488224012759,0.0,-0.033456914227169766,-0.009771475180709862
q86_1215807,85,What human sound does the lead instrument resemble in the introduction?,Sound Texture,Low,percettiva,C,A,False,0.13357256778309415,0.866427432216906,0.5013944038039989,0.14020713288543907,3.9176634802907757,0.0,-0.29835311543288834,-0.03864482382262529,3.2000999865718485,0.0,,-0.03530518647969429,-0.08309816430788865,0.10152064418555526,-0.006327814046143536,-0.3486853337422279,0.04458650831413216,-0.015883239396521427,0.006194646217274731,0.04688009518403241,-0.03444197855017971,0.036483681430369,-0.035179222896090656,-0.112369278462889,-0.01578732094557256,-0.09359530582883185,-0.034477457341793485,-0.07926947109848147,0.05917798731752463,0.014850819131775947,0.019546311660234926,-0.0808097720692794,0.0022135077810130754,-0.030523883719584005,0.000303349152238494
q87_1215807,86,Which instrument creates a mood of excitement in the song?,Instrumentation,Medium,percettiva,A,A,True,0.22390317700453863,0.7760968229954615,0.5415927457781141,0.4925544474073904,2.865694977791171,0.0,-0.26410370733459054,-0.040526658590949366,-0.17278972999258269,0.0,,0.0360513328078505,0.2079757151037617,0.10269318641391131,0.0180381793044588,-0.38363830510123276,-0.21211431714261192,-0.019209921455119593,-0.05442623585655795,0.07479766108289199,-0.018742712228554913,0.04266022398264749,-0.02820839692780138,-0.09393648585754845,0.05192022076681923,-0.09354079332970694,-0.04985573198152865,-0.06955535088691357,-0.09262537285445986,0.016741865838144857,0.07104261392438883,-0.08626024097779393,0.06337634815212059,-0.05501058718631193,-0.03743362744193322
q88_306166,87,What kind of chord does the guitar play right at the beginning of the song?,Harmony,Low,analitica,D,A,False,0.23890649762282093,0.7610935023771792,0.5350427472152535,0.32759074456404325,2.4116215379737937,0.0,-0.3315789232744911,-0.2133056996481418,2.161635623522907,0.0,,-0.016230220145210833,0.05714252245795073,0.10171887201720203,-0.1015920225127079,-0.41708061509966143,-0.15263633985335043,1.3039953179156544e-05,-0.016219859740034214,0.04588694550729934,-0.07246771846103678,0.04481749737010312,0.01545368047395787,-0.09642332686504962,0.04840011392741246,-0.08984038411958747,-0.02279141275841111,-0.10897678756011621,-0.11265813859354602,0.01360962267419216,-0.022583734552073687,-0.10134237406635399,-0.014649081495022021,-0.03931011621497843,-0.032009408189422536
q89_306166,88,Which is the first interval sung by the lead voice?,Melody,Medium,analitica,C,A,False,0.21680942184154176,0.7831905781584582,0.497784360083216,0.07397266616646746,3.2326873301552435,0.0,-0.2871544639165941,0.026056665035226172,2.441246861013655,0.0,,-0.032046410241077745,-0.02395800056562064,0.10531494808331095,0.0035542558809764473,-0.3456536414724762,0.046460409719870366,-0.014769360286351101,0.0,0.04918508993685282,-0.0031492284534745223,0.03731283231066826,-0.033560275842815436,-0.10473160425641045,0.014138752515763457,-0.08457086603415753,0.056791221059082644,-0.08106487237263497,0.06852213031673303,0.013770135106592637,-0.022939268264905072,-0.0852719526972536,-0.03878037864426593,-0.03178322591025123,-0.014966287650891988
q8_171574,7,How many chords are played in the song?,Harmony,Medium,analitica,B,A,False,0.35084033613445376,0.6491596638655462,0.4956169691968637,0.5468907826834212,0.9559342219659144,0.0,-0.3281266635151249,0.32435137140519427,0.8980557497179298,0.0,,0.011578197492158637,0.08471434213680278,0.07216695534871079,-0.11126970563911345,-0.3988301826036673,0.33656241219643096,-0.01304163375232698,0.01434432271107399,0.04292720202656106,0.013736887832504775,0.03959406877905092,0.04001062588183306,-0.09511051973371616,0.08955039491563108,-0.09940116186324001,0.030380617047204544,-0.09502368646660342,0.10259720437084702,0.014285537303448928,0.01998548814902679,-0.08228409490850719,0.03242505417497869,-0.05311400865211896,-0.0043349009668316885
q90_306166,89,How does the drummer create anticipation for the final verse?,Performance,Medium,analitica,A,A,True,0.1502202643171806,0.8497797356828194,0.4390408815910646,0.167645163883561,5.232188598892721,0.0,-0.21586935633534987,0.016887368040450004,5.232188598892721,0.0,,0.014919996555241656,-0.05682808143023988,0.09666576607261568,-0.00717975376814625,-0.3258501038905627,0.09226626596200549,-0.0016050150726445306,-0.011371062723169359,0.08527053910744116,0.004879326461004738,0.03549464165294533,-0.026523231084687994,-0.08125913425776066,0.039380883283524126,-0.07290122970766764,0.035990913959085324,-0.06566851013584828,-0.04277129448736572,0.011999642060229963,-0.044792057021861925,-0.08804965302986292,0.015768701824516194,-0.04075565202482681,0.034954125106235266
q91_8559,90,Which country does the song evoke?,Historical and Cultural Context,Low,knowledge,C,A,False,0.3041065482796892,0.6958934517203107,0.4619158654988338,0.18686263103996809,2.160892958976647,0.0,-0.25301076140641066,0.18410921036495143,0.2064195652184258,0.0,,-0.00901192091233249,0.08618052301859186,0.10445255204621157,0.015622723124754543,-0.3435017454414155,0.08368267455911335,-0.004949647098874223,-0.0013767103375083162,0.060856875120098575,0.03959804873238591,0.06369117402911437,0.08509668435621591,-0.11166222493964148,0.0,-0.0953285573252533,-0.030627840534266978,-0.07567156989645103,0.09629111517965167,0.024460196639096213,0.06151286410897743,-0.07685118093385533,-0.020393245437668992,-0.04250547409951866,-0.04736841604034352
q92_8559,91,Which guitar instrumental technique is used in the song?,Performance,Low,analitica,B,A,False,0.16327913279132794,0.8367208672086721,0.5664187737335988,0.13365273210031745,2.4423793393036486,0.0,-0.36124558786578714,-0.08166013328197047,2.4229422494196875,0.0,,0.019486740019910173,0.025996299409173487,0.08309985291399569,-0.024386455714115532,-0.463832180799693,-0.058532667003461054,0.0,-0.02473730997356737,0.03766706054181363,-0.05065410709971781,0.03369263485731881,-0.012504631726418325,-0.1113858999084703,0.018983676936403446,-0.09476006394115669,0.0023619312546029354,-0.10250553980555015,-0.025925193611468937,0.012148193707367673,0.013647788975337692,-0.0786637937143629,0.009256404296328808,-0.057438179602747226,-0.03682600230703829
q93_8559,92,What kind of bass is used in the song?,Instrumentation,Medium,percettiva,D,A,False,0.13253012048192772,0.8674698795180723,0.5346698280487101,0.21169313209799479,2.3542283539013207,0.0,-0.31126330691563925,-0.126780404546269,2.1060113119781,0.0,,-0.025511459465578604,-0.1145524678649565,0.11170326056653544,-0.03581609001274023,-0.39709873965360265,0.042456363775862906,-0.0003563683629934228,-0.018868210444435148,0.05517208344833512,-0.006660789005846468,0.04065065796184672,-0.05063497805040374,-0.09649234649635452,0.022756889996715962,-0.08415689177998936,-0.03066248700901563,-0.09616720319297353,-0.003478173662736476,0.013917317459037144,0.0,-0.10014742539467292,-0.023830298648404257,-0.04403949892086791,-0.03427056816657836
q94_1420928,93,What kinds of string instruments are used in the intro?,Instrumentation,Low,percettiva,A,A,True,0.29302325581395344,0.7069767441860465,0.38871600195175726,1.3153072955811045,3.953001142829761,0.0,-0.16486395290711903,0.4966439808249947,3.953001142829761,0.0,,-0.03909383241702068,-0.3663995053356345,0.10000729601683475,-0.04293215204242036,-0.23769614501241748,0.8700143593073589,0.011918728505484368,0.035961278895690604,0.0887828218242406,0.12290986105203033,0.05370880509358014,0.12103752001928988,-0.059680256237019724,0.12159678310174105,-0.0676135175920108,0.036272924788467546,-0.05212226887814923,0.048687652431571866,0.0,-0.047412931736782155,-0.09218546403088312,-0.025185485186015828,-0.035754073086876934,0.11873765635469205
q95_1420928,94,What emotions does the song create?,Mood and Expression,Low,knowledge,B,A,False,0.20981713185755535,0.7901828681424446,0.5661742215198453,0.17499309824247689,3.495600946833818,0.0,-0.3371117209851392,0.07967358493814139,2.0145515053040848,0.0,,0.029465194401412233,0.10085669025521697,0.08506605586594085,-0.01164803832295223,-0.45164297125249225,0.026476651335092152,0.0,-0.0360117183292155,0.040376667724102644,-0.03050066525517621,0.04245552558572131,0.028532182164408556,-0.10429914417428442,0.06591331802923991,-0.09468778761189373,0.0,-0.10407128357125722,-0.014658943345243357,0.016503886345081462,0.0491567525478017,-0.0750084545227111,0.017792554668472304,-0.05838113075989815,-0.036561613871361504
q96_1420928,95,How many chords does the song use?,Harmony,Medium,analitica,D,A,False,0.2983870967741935,0.7016129032258065,0.4917423837402529,0.2850550862690559,1.1778424802532148,0.0,-0.2223391360305469,0.19911091931070363,0.32965571711206243,0.0,,-0.0001415563951339266,0.02008018415542167,0.10966552430652199,-0.04297208347917615,-0.356899203490266,0.2048900488209008,0.02503609954833104,0.0171127698135573,0.0810131807601984,0.019356355293538918,0.05658475258566592,0.001367772053044971,-0.09187231455887943,0.06976949886760314,-0.0801877164920454,0.002006928151677684,-0.08651863696702451,0.04497775991621138,0.014186440459861236,0.0,-0.08204568996521999,0.04617040345549206,-0.03349915185310311,0.015462201573135489
q97_1319502,96,In what style is the acoustic guitar accompanying?,Genre and Style,Low,knowledge,D,A,False,0.13598442714126807,0.8640155728587319,0.5174211323500404,0.13947673274559366,3.189493857573407,0.0,-0.30459486654705514,-0.05602878412175887,2.7128084030614814,0.0,,-0.018305383059856108,0.01006212001601299,0.10641313290149262,-0.019177739439179282,-0.3895687756492926,0.0316618542959044,-0.00313384073939906,-0.07857501899449698,0.05943552551964556,0.032903232153091225,0.04506750801031159,0.00321220224292508,-0.09619334576806952,0.06675852009382523,-0.08862475455715607,0.006875106487229065,-0.09831267603987351,-0.017788964842992628,0.012819290921555305,-0.04923776110162479,-0.10009962653070051,-0.04414819520804385,-0.03868678810276796,-0.0546029239461682
q98_1319502,97,What kind of drums are used in the song?,Instrumentation,Medium,percettiva,B,A,False,0.19750656167979003,0.80249343832021,0.562198068144142,0.39408109708711847,1.4015092688520054,0.0,-0.3544541352738726,-0.04077001311126671,0.28971022584971895,0.0,,-0.019987262004180686,-0.19797168870598922,0.09177733589466304,-0.019453866393203376,-0.4383388397048266,0.10699531138802779,0.01209463054047166,0.0696602305998981,0.05127008466941101,0.00018448127081467647,0.029436019221001277,-0.038242532683599985,-0.10487295075323923,-0.03964823876541065,-0.10311745459362473,-0.003425260497230416,-0.09385334469513137,-0.03546147916805129,0.0,0.025960675311727112,-0.0924992847267493,-0.007323494520417629,-0.04081720439554026,0.05718583594090147
q99_1319502,98,Which country do you imagine this song is from?,Historical and Cultural Context,Low,knowledge,B,A,False,0.20055821371610844,0.7994417862838915,0.6104058898960888,0.3379434549032751,3.503942835145769,0.0,-0.3496297558301396,0.23357126596123487,-0.9315431739267545,0.0,,0.04366687355045614,0.2159501478426207,0.08672119348251844,0.06980721258963427,-0.46339127894982,-0.031132251784689147,-0.016626543913294177,-0.02105384268633096,0.06701733966487083,0.08855891556628409,0.049422739301008475,0.08467280872384407,-0.11508941428933048,0.021823117826413014,-0.11539031908793138,0.03188509719965071,-0.111447959687419,-0.007022689941043284,0.014337004340480734,0.02029671373933813,-0.08162004337630296,0.02006471725236931,-0.05685910269551582,-0.026707414405621188
q9_171574,8,What type of filter is applied to the melodic instruments at the beginning of the song?,Sound Texture,Medium,percettiva,A,A,True,0.18115234374999997,0.8188476562500001,0.47750289705422966,0.25713846705518634,1.778661364341854,0.0,-0.24716513315044453,0.16906128684460942,0.900401208018743,0.0,,0.00606655089236896,0.014580397026288494,0.10910233105952363,0.019834149467929447,-0.3455143396839526,0.17868533045567994,-0.016819675418384486,-0.04403859010528846,0.09022681441066563,0.0842872703428194,0.03478710314022803,-0.01897521883371003,-0.10179252243050832,0.010392849041787416,-0.07483628129362488,0.02901022139764424,-0.06302325261668561,0.042224834189012246,0.014567129070782128,0.009465275178021848,-0.09371340835626069,-0.02302038831129269,-0.05338071507504083,0.035676443840326984
