sample_id,idx,question,category,difficulty,macro_family,model_answer,correct_answer_letter,correct,a_shap,t_shap,uc_audio_l1,mi_audio_l1,uc_text_l1,mi_text_l1,uc_audio_sum,mi_audio_sum,uc_text_sum,mi_text_sum,base_ucmi,uc_stem_drums,mi_stem_drums,uc_stem_bass,mi_stem_bass,uc_stem_other,mi_stem_other,uc_stem_vocals,mi_stem_vocals,uc_time_seg0,mi_time_seg0,uc_time_seg1,mi_time_seg1,uc_time_seg2,mi_time_seg2,uc_time_seg3,mi_time_seg3,uc_time_seg4,mi_time_seg4,uc_time_seg5,mi_time_seg5,uc_time_seg6,mi_time_seg6,uc_time_seg7,mi_time_seg7
q100_1247352,99,Which instrument plays the lead sound in the introduction?,Instrumentation,High,percettiva,A,A,True,0.2650306748466258,0.7349693251533742,0.3990108217201698,0.7935463322900068,2.6639759516556176,1.7456571355078223,0.23563700587102915,-0.6140691803197793,1.7862386954666218,-1.7456571355078223,,-0.0009098386440568249,0.006066623914493814,0.13499038372171393,-0.08021765102210736,-0.08077706928051347,-0.6235901052827857,0.18233353007388553,0.08367195207061998,0.1402390228883954,-0.04095408955692194,-0.07989924914398185,-0.1781595353128408,0.0,0.0,0.07239513279791879,-0.13797143207847176,0.06165113239505836,0.01603426821626152,0.05152375375431954,-0.04724120684433629,-0.04161459428750409,0.041315870928479395,0.03134180746682299,-0.2670930556719493
q101_1247352,100,Which interval is played in the first two notes of the trombone?,Melody,High,analitica,A,A,True,0.1988834612700628,0.8011165387299372,0.3871563753480566,0.966328952196558,3.5755665879820318,0.8732694797029357,0.3327952932370928,0.0392491782332863,3.5274277715127815,0.4062134173909014,,0.03684613185145009,0.4663868985672212,0.16499567840511722,0.03640216664770098,-0.027180541055481934,-0.3791234281386562,0.15813402403600738,-0.08441645884297969,0.15719652625887504,0.03991825482294138,-0.07475931267347465,-0.12917882195042518,0.0,0.0,0.10724893910890818,0.017919798633225965,0.06486712882896328,0.02551003680569268,0.0717448105718501,-0.03610707339407974,-0.04499743310614974,0.04435015767731013,0.051494634248120535,0.07683682563862106
q102_1247352,101,What kind of saxophone plays the solo?,Instrumentation,Medium,percettiva,A,A,True,0.41563604240282687,0.5843639575971731,0.848035955851994,0.7765940391474639,2.6324617068128076,0.7703656809258912,-0.6963827246611513,-0.0587066780527106,2.6324617068128076,-0.5479893808123283,,-0.062325508173451866,0.12707402827667294,0.07582661559542136,0.23186965227070372,-0.5630122371861277,-0.31418999601162334,-0.14687159489699306,-0.10346036258846394,-0.2523178823669926,-0.11733287561145883,-0.0168598297559186,0.03390928769560103,-0.01697146240352584,0.041664257488010836,-0.13718958800432124,-0.12347588043333182,-0.00785590239566672,0.06838565430282859,-0.04762023366740233,0.09227325181304823,-0.018814410555573157,-0.03517082700787104,-0.19875341551175085,-0.01895954629953759
q103_625206,102,What is the time signature of the tune?,Metre and Rhythm,Medium,percettiva,A,A,True,0.3907004830917874,0.6092995169082126,1.0116448664237527,0.27289314315596275,2.1022170304633203,1.0099303156153994,-0.9083460837409307,-0.13674878715077746,1.7200800121162094,0.8203348779891431,,-0.5697187016258078,0.056535960034341186,0.05164939134141101,-0.11920040068791321,-0.39027677345653383,-0.08562056446545692,0.0,0.01153621796825146,-0.13968797038274264,0.2494931151524949,0.10027929345644002,-0.1848187251258128,-0.04441657147066558,-0.05445120889340665,-0.06321449610277691,-0.13643713248351377,-0.09240640473560689,-0.09344036708744274,-0.208199278796741,0.13745763345021378,0.0,0.03755569486202646,-0.46070065570883767,-0.09210779702533665
q104_625206,103,What kind of bass is used in the song?,Instrumentation,Medium,percettiva,C,A,False,0.3237454100367197,0.6762545899632803,0.9614693133084193,1.15352949496918,1.6726061522567062,0.6430373745732301,-0.9478385908556737,-0.2883937287996718,0.5264239306594226,-0.030802012952737462,,-0.41524377597107665,-0.36930039438360096,-0.00473949707240965,-0.30813622987426803,-0.5346706790385602,0.4325678830847541,0.006815361226372874,-0.043524987626556856,-0.2085875493380016,-0.19575306190791555,0.13672308128541769,0.12736300221175256,0.0,0.0,-0.056147144410060905,0.07369837345965927,-0.09878073076497962,0.09487793582631546,-0.19941626900676981,-0.10658754213092542,-0.0619417042217588,-0.11060710061902718,-0.4596882743995206,-0.17138533563953084
q105_625206,104,What part of the drums is used to set the beat in the intro?,Instrumentation,Medium,percettiva,A,A,True,0.3066143497757848,0.6933856502242153,0.4328103465359929,0.1274605905595005,2.1156244522335994,0.6285379248791277,-0.4328103465359929,0.12708370467693422,1.6306163472603006,-0.4114367820481694,,-0.15331697351547308,-0.0001884429412831387,-0.0724163129262633,0.01745173189640523,-0.2070770600942565,0.0994401875445774,0.0,0.010380228177234732,-0.06815188386449665,0.04642216091231244,-0.05250389882112052,0.03992258109021548,-0.03881508832363493,-0.01338906890226416,-0.07717520116508217,-0.036918983649935004,-0.14779812152515331,0.0282107898734702,0.006485402311373897,0.011804746284336455,-0.03453821830970645,0.02592012513447561,-0.02031333683817271,0.025111353934323205
q106_395289,105,What kind of jazz ensemble plays the song?,Instrumentation,Low,percettiva,A,A,True,0.36997433704020527,0.6300256629597948,1.116277353421233,0.41708500657012937,1.7222510439380665,0.9319629424940636,-1.01416130225843,0.3637520456820257,-0.22274219990359945,-0.6761859552196954,,-0.5928738361330024,0.15469384251846025,-0.0010130268162973008,0.0943631079001464,-0.47133246489053177,0.14136157570747088,0.051058025581401455,-0.026666480444051833,0.0031177825109222554,0.10714830716828089,-0.1351754668832847,-0.008249272866941808,-0.09619045004867287,0.09123527503144467,-0.036660088061072245,0.09136450111324403,0.042226021523235006,-0.019875170144769538,-0.4590381186877016,0.07769747733183953,-0.21750972686932035,0.017513673536998786,-0.11493125574253549,0.006917254511929111
q107_2083,106,What kind of rhythm is used by the bass line in the intro?,Metre and Rhythm,Medium,percettiva,C,A,False,0.35835095137420714,0.6416490486257928,0.47836862421635007,0.4743450538179955,2.199805209749444,1.0893078286278894,0.10920288587143911,-0.026240147239049966,1.5839467049086984,0.6955949510979164,,0.056406690928252574,-0.04384984702493936,0.09125337331238777,0.22405245328947276,0.14612569080325422,-0.04690848443956753,-0.18458286917245548,-0.15953426906401585,0.21805294467200528,-0.12474163788336234,-0.04425790138917797,0.05828371655755531,0.09295095455838533,0.03878468960187951,-0.08722338580801822,0.03594647527080105,-0.10603971179741759,0.008559622695384878,-0.09981065678783023,0.0319457111417028,0.01672576477466542,-0.0793383734177496,0.11880487764882706,0.00431964879473843
q108_2083,107,What style of jazz would you say this tune is?,Genre and Style,Low,knowledge,A,A,True,0.355325164938737,0.644674835061263,1.4628919436814398,0.2846440349628819,3.292930717476235,0.9879435435831844,-1.4628919436814398,0.14566226572345184,-1.67012554217586,0.7897756274360329,,-0.32407098970879394,0.09398386021692878,-0.5091308559380852,-0.06949088461971502,-0.14345575860548757,0.0186547875441639,-0.48623433942907324,0.10251450258207417,-0.39378024606459516,0.03387481249748987,-0.04668326422509573,0.0014575929611182759,-0.04115914255826517,0.014295374894479514,-0.10377001502795724,-0.017585110656321443,-0.11923444954272353,0.026956288097737865,-0.17409639468497617,0.009528319520548056,-0.1437434751529795,0.0,-0.4404249564248473,0.0771349884083997
q109_2083,108,Which instrument predominates in the solos?,Instrumentation,Low,percettiva,C,A,False,0.41098484848484845,0.5890151515151515,0.5549856120912366,0.7544863812379718,3.229325212034505,1.0744056278929959,-0.5352915864747558,-0.7080377746315205,2.8687403510383227,0.5701440669471152,,-0.21976056777178793,-0.5543464876929871,0.009847012808240421,0.023224303303225696,-0.00934105668819379,-0.015320534200944876,-0.31603697482301446,-0.16159505604081414,-0.18718702257158742,-0.12809395700747578,0.03902348736500229,0.08373313700203455,-0.09285253154191851,-0.05154349885330807,-0.09397775343748814,-0.1888322361526703,0.032824420060753645,-0.03760910882190194,-0.29556561100669254,-0.31704204526482405,0.029070121197362325,-0.00130776405270297,0.03337330345981261,-0.06734230148067186
q10_1093606,9,What effect is applied to the vocals in this track?,Sound Texture,Low,percettiva,A,A,True,0.4315533980582524,0.5684466019417476,0.9287018300965417,1.723440300954442,1.4557512357157274,1.5449740501813527,0.9287018300965417,1.723440300954442,-0.01582217870408717,0.23097104708848812,,0.24903954341668677,0.23126274526148338,0.06997647064141731,0.03498023214622873,0.28323691105828785,0.4582141962511965,0.3264489049801498,0.9989831272955332,0.36763586934543724,0.31766851284340614,0.07815003016522962,0.11293855970125094,-0.03163630994610841,0.04812279828802624,-0.012119478252771432,0.15833636529662842,0.25046546446756857,0.3777987571325359,0.12331028774206881,0.23200887026126135,0.18748655727081465,0.22050676198335212,-0.03459059069569734,0.2560596754479807
q110_1336202,109,Which piano technique is used during this part of the song?,Performance,Medium,analitica,B,A,False,0.3409858203916273,0.6590141796083727,0.3724974044246455,0.39084510278567486,2.9836114184502827,1.1646293216592272,0.3724974044246455,-0.08269527148007144,2.0277519501734163,-0.6608763937883753,,0.016458327132716496,0.04907380696778692,0.032425828764816825,0.03321068155486197,0.302441998197902,-0.23677018713287315,0.021171250329210207,0.07179042713015282,-0.19736540805289832,0.19690804476643653,0.11871224368251687,-0.1261549618346431,0.16085713224536524,-0.07232673175814183,0.028928112886791525,-0.047489439096003026,0.0541769787119035,-0.018872358588037652,0.04408456177840679,-0.09497041923945115,0.12459446471173742,0.01488160863169578,0.03850931846082252,0.06532898563807302
q111_1336202,110,What could this music be used for?,Functional Context,Low,unknown,A,A,True,0.3863057324840764,0.6136942675159236,0.05775329406042061,0.9602967102995938,3.209339976108173,1.1971663633337306,-0.04442694553632877,0.6133033337703926,0.8879552312329115,0.39689477429411496,,-0.005668916214216831,0.0219374893987204,-0.004728241585182268,-0.10982117183853549,0.0066631742620459206,0.7648625326362728,-0.04069296199897559,-0.06367551642606514,-0.1229962642651542,-0.015916709650980503,0.029523163366239513,-0.05120508303507776,0.054001672802935004,0.11519833987662986,0.03029110381763253,0.19081028850976903,0.06896699347627484,0.0060408851499798855,-0.08722567172286054,0.19774895142756863,0.22696379188888505,-0.049579586731876284,-0.24395173490028096,0.22020624822437965
q112_1336202,111,Which instrument is used to create contrast?,Instrumentation,Medium,percettiva,C,A,False,0.3761384335154827,0.6238615664845173,1.0398863238724376,0.9253758151998908,2.427955370661747,0.8799900724637228,-1.0080008977164738,-0.7763275644320515,2.371363574226332,0.17302209565324528,,-0.02686265247315015,0.0013224644923130885,0.010606719435306111,0.07320166089160651,-0.9970809583213056,-0.780770594705744,0.005335993642675722,-0.0700810951102272,-0.6200709534743969,-0.9257506651342997,0.09882444879109258,0.035552746050841876,0.12880167748668392,0.036959828654338354,-0.29151117167171486,-0.30250760294320705,-0.04508908920056941,-0.0006575801687394994,-0.01927316434424089,0.2171154709523775,-0.034146868073490225,0.2348518448598148,-0.2255357772298381,-0.0718916067031779
q113_1327741,112,Which country do you think the music is from?,Historical and Cultural Context,Low,knowledge,A,A,True,0.5672853828306265,0.43271461716937354,0.7279886269056741,0.2972889252299674,2.0613410705192936,1.1295010955634477,-0.41001895205930006,-0.14390893599498078,-0.4874374044155783,-0.4959438996188451,,0.15898483742318703,-0.019986162584346878,-0.23651708776931818,0.07668999461749333,-0.008019429881752124,-0.018831167028007936,-0.32446727183141677,-0.18178160100011928,-0.5142826529443677,0.09313666173086488,0.08016464092272708,0.0,0.10695996745369586,-0.08076465180938526,-0.03385635070343988,-0.007585772923516816,0.049233581430164694,-0.08665237186669467,-0.025102567608738427,-0.16165420878177195,-0.05352596844012109,-0.014546958957611655,-0.01960960216922052,0.11415836661313469
q114_1327741,113,What kind of scale is used in the guitar motif?,Melody,High,analitica,A,A,True,0.6558550968828981,0.344144903117102,0.5725262974985537,1.198132502431431,2.2985816347289987,2.1686966444154026,-0.19509185113452096,0.40636294097939846,0.8065959471826702,1.3338400791501828,,0.12907001944252675,0.09424258946890393,-0.21265575747170024,-0.029756042702159265,0.059647203739489583,0.7080051322365108,-0.17115331684483706,-0.3661287380238571,-0.5445063436513823,-0.07412640180737962,0.07774117805885447,0.05336814517768673,0.0,0.15124245238610656,0.03452202836432692,0.2082759769656035,0.0813594732453975,0.09722377288316744,0.0507004185311979,0.05362370709398687,0.06363060212553835,-0.06589153226704965,0.041460792191546136,-0.01735317945272343
q115_1327741,114,Which piano technique predominantly is used during the accompaniment?,Musical Texture,Medium,percettiva,D,A,False,0.5186046511627908,0.4813953488372093,0.8899889418158329,0.4782270225231581,3.073152797086288,0.46881414359330115,-0.6599325544748961,0.03084425621567377,2.7405742017934145,0.1774696873849645,,0.11502819367046843,0.2527386195257656,-0.255299401956686,-0.06357931288658976,-0.021966448380672195,0.001797019843650315,-0.4976948978080063,-0.1601120702671524,-0.8169439455237861,-0.20372351856532617,0.08250196257331875,0.05015107935579734,0.0938015056563577,0.017470938931527975,0.0,-0.019477749211173526,0.04838060710990481,-0.010908244949256386,0.002513875249051667,0.045312868399476854,-0.06268586962610033,0.04964271253256552,-0.007500689913642472,0.1023761697220621
q116_1162034,115,What type of harmonic progression predominates in the song?,Harmony,High,analitica,A,A,True,0.2812172088142707,0.7187827911857292,0.5920011425108873,1.3319685121116325,3.1986435558210604,0.8752348092952351,0.006721080387297448,0.6139759971810739,1.6506420966527835,0.8752348092952351,,-0.2189255381481129,-0.28517270637968284,0.25473801166442933,0.3336878959453568,0.044623099784663015,0.6392843587009964,-0.07371449291368198,-0.07382355108559643,0.16328535484054157,0.37914033396938673,-0.046960490829178046,0.05794667460870957,0.15876986789436595,0.21604813973965714,-0.1400051949984124,-0.1283644564224365,-0.10087885871295528,-0.05446528472426952,-0.020230387726207166,0.04180398924227716,0.10347186986006313,0.09830265033966046,-0.1107310799409203,0.003563950428088991
q117_1162034,116,There is a motif that is constantly repeated throughout the solo. Do you know which one?,Melody,High,analitica,B,A,False,0.25827526132404177,0.7417247386759581,0.6050468345777366,0.4322917869683278,2.1131733906362844,0.8513901327617994,-0.3010694592299144,0.36670186925931325,3.206835379254702e-05,-0.24198669249597593,,-0.28266519037580695,0.3132817827711405,0.1519886876739111,-0.03279495885450728,-0.11703167169305227,0.05643737568631116,-0.05336128483496627,0.02977766965636886,0.07221786675111118,-0.007800818202269126,-0.05899616437495301,0.08005627306358994,0.03976169280404221,-0.028492510689993145,-0.11380151062566575,0.17729676098272193,-0.09316606459917556,0.0357524457826723,-0.06311885139093207,0.02369914967961025,0.041938685744933576,-0.04114880605990684,-0.12590511353927497,0.12733937470288786
q118_1162034,117,What kind of jazz ensemble plays the song?,Instrumentation,Low,percettiva,B,A,False,0.35255889520714867,0.6474411047928512,0.7269004823975207,0.6851663546485062,2.100410906677829,1.2170922609265324,-0.3933799543172096,-0.2571384470341846,-0.255406179849499,-1.0938182892571922,,-0.2924528332457892,0.10525038280529875,0.16676026404015554,0.108763571001862,-0.20772690409030556,-0.38128342519814806,-0.05996048102127038,-0.08986897564319728,0.042882315370845046,-0.13062188697320723,-0.07204197808769792,-0.043410943417652864,0.047879045856527185,-0.015364147421725392,-0.11634644760122823,0.10878488645718667,-0.10515253144149944,-0.05071631807232263,-0.0637027448270602,0.0,0.040138887690492744,-0.03899041910216021,-0.16703650127758873,-0.08681961850430289
q119_1227239,118,What impression does the singer aim to create with her singing style?,Mood and Expression,Low,knowledge,A,A,True,0.26597051597051596,0.734029484029484,1.0077006172733665,0.9083615851851446,3.540979892132881,0.4153718125739527,1.0077006172733665,-0.7692543930543198,3.540979892132881,-0.10743317755378527,,0.2104027173784957,-0.703266813945084,0.17092093031220346,-0.06623747885939803,0.12955637395011593,0.06955359606541249,0.49682059563255127,-0.06930369631525021,-0.0005948800734451587,-0.2619981870282226,0.0020363246644510835,0.038569766992916116,0.12339110124667294,0.07840361889847511,0.1608869802386451,0.038596399193382,0.4457566941399813,-0.43091982294659414,0.1795381382074488,-0.03678593235345381,0.04016967031570363,0.03567681069015845,0.05651658853390867,-0.23079704650098082
q11_1093606,10,What note of the chords does the bass play during the verse?,Harmony,High,analitica,A,A,True,0.23726758286176233,0.7627324171382376,0.7751730810963937,0.8202701760548061,4.1540686980222175,1.017473880827738,0.7751730810963937,0.6870838819499197,4.006973604074068,0.2252848447431425,,0.2585745467671242,0.1531825953078416,0.03371084917907544,-0.06659314705244324,0.2407676052692696,0.19047952341379476,0.24212007988092438,0.4100149102807266,0.32362085907564053,0.039851603469352036,0.06462417940942994,0.03822961400183343,-0.02643475942304121,0.1317754031992148,-0.019356080407935537,0.06320125657126738,0.17387052402565667,-0.009835671290583683,0.10525577767340331,0.09030567473778983,0.19276113694899882,0.13390260639253887,-0.03916855620575889,0.19965339486850708
q120_1227239,119,There is a chord that is out of key. Do you know which one?,Harmony,Medium,analitica,C,A,False,0.4346289752650176,0.5653710247349824,0.9540776973507932,0.353119435467836,1.6748197266789218,1.2884727808037917,0.9502616602845992,0.15850323528367957,0.5721339905218876,0.7424280384671202,,0.4420814331915205,0.030111651341559582,0.13000806712506008,-0.05873395748868575,-0.001908018533096953,-0.03857414260339245,0.38008017850111564,0.22569968403419818,0.2686886136684279,0.07243465963380605,0.14904153879806573,0.059635709066706344,0.10044431159703249,-0.03714851477697048,0.2934240911696453,0.07949729716625006,0.0,0.0,0.06602561369902582,0.016673797037285054,0.07263749135240205,-0.05435291561666267,0.0,0.021763202773265232
q121_1227239,120,Which instrument stands out at the front of the mix?,Instrumentation,Low,percettiva,A,A,True,0.43310344827586206,0.566896551724138,1.3223003068930952,1.3327070326325692,2.809336258282421,1.1595441387967416,1.3223003068930952,0.4881766013690134,0.7243964430176807,-0.2747917349821166,,0.28035091546234614,-0.28396640433354997,0.18957234146900925,0.017618426035924013,0.14809826823459404,-0.13829881129822794,0.7042787817271459,0.8928233909648673,0.052486129135512254,-0.2431689648383077,0.034153962990358055,-0.011384085061669873,0.1269287002448205,0.04052841012072758,0.18087801008498688,0.08944835010935327,0.534472658348273,0.054146054581334785,0.21249956519897628,0.21704919980326395,0.09788305481876675,0.20807811432416182,0.08299822607140162,0.13347952233014954
q122_114772,121,What is the main part of this song?,Structure,Medium,analitica,A,A,True,0.5936433447098977,0.40635665529010245,0.5902913124230889,0.9242891066351162,2.20150558473346,2.079483281154426,-0.22162475437068543,0.9242891066351162,-1.467998915430029,1.522285294712448,,-0.3967227143542818,0.2960131436823219,-0.009235319042605314,0.20474555226400987,0.18191253686267428,0.41242235471292926,0.0024207421635274243,0.011108055975855142,-0.07593454698078114,0.34120957223732934,0.0052725781922242435,0.021693570669865374,0.05641124066723291,0.001258971557161856,-0.014590288786801783,0.0,-0.1355856825663341,0.5106308538247395,0.006015845846691473,0.07832082653738472,-0.02850545924238132,-0.05348756452367015,-0.03470844150053561,0.02466287633230553
q123_114772,122,How would you describe the comping style of the double bass?,Harmony,Medium,analitica,A,A,True,0.2606199770378875,0.7393800229621125,0.5171469188646742,0.21858219979523688,2.4394325391707437,1.0351918467211563,-0.28774815592694747,0.16422742322191092,1.783549990629909,-0.562317618276633,,-0.37714728662660013,0.0929760419758234,-0.025300250769210747,-0.02151252361199855,0.11278232112241328,0.0984287695327505,0.0019170603464501168,-0.0056648646746644375,-0.05756958582134647,0.050372036498311346,0.010004440009361324,-0.020100279853616152,0.08704994537474492,-0.03715958951476228,-0.005873817917408451,0.012282096830000033,-0.2403487633817607,-0.037847770927999125,0.011590359530708028,0.06257884203079941,-0.006881740556457898,0.1346892778464443,-0.08571899316478825,-0.0005871896872666066
q124_114772,123,What effect does the piano aim to create when playing the pedal point?,Musical Texture,Low,percettiva,A,A,True,0.13972162740899355,0.8602783725910065,0.5195025622556031,0.16931265004630386,4.235790585247982,0.777557922213997,-0.5195025622556031,0.07024281093953719,3.3022297577132322,-0.06504647977482717,,-0.41381540368768316,0.09396242335463233,-0.0867751281373337,-0.018922859344018765,-0.016939554976969196,-0.030612060209364578,-0.0019724754536169613,0.0258153071382882,-0.08238366089167003,-0.0632561557268545,-0.020761933885657807,0.007372507847947988,0.022863800460358002,0.0,-0.18776394209332836,0.027396762456155195,-0.03788203954787192,-0.04662678696646136,0.0055714084808527915,0.03664732617325143,0.004904384500697891,0.014247752692589426,-0.22405057927898359,0.09446140446290902
q125_187621,124,What is the main purpose of this song?,Functional Context,Low,unknown,D,A,False,0.43173076923076925,0.5682692307692309,0.9035830231233166,1.3410412746250282,3.193182044617676,0.6375976451890014,-0.6968286237696264,-1.3410412746250282,2.5218015497021153,0.09778657878970881,,-0.23857096960914567,-0.21909235360569887,-0.28866336572483875,-0.1323798669767249,-0.272971488112487,-0.3765348148552954,0.10337719967684517,-0.6130342391873091,-0.35159525196060315,-0.5428822130150049,0.0,-0.1442851879608368,-0.028697955153263233,-0.04470081742295199,-0.2697137796742805,-0.3843117373829361,0.007608744499217387,-0.08717130569846356,0.08560094432823225,-0.6962101451561268,0.042524233123766075,0.4238788330540192,-0.18255555893269504,0.13464129895727267
q126_187621,125,What emotion is mainly conveyed in this song?,Mood and Expression,Low,knowledge,D,A,False,0.20424836601307192,0.7957516339869282,0.633714255079042,0.32907521737351664,3.325424356294429,0.6702286150159946,-0.25357870721065295,-0.06999993209452363,1.6622111784277753,0.23576665868640959,,-0.11727383582901588,-0.06774227206854608,-0.23077823795151658,0.058744556850002384,-0.09559440736431496,-0.13179530266547407,0.1900677739341945,0.07079308578949414,-0.12856608163858813,0.06444636424147768,0.04941745298584782,0.0668132306064021,0.07130859146319728,-0.05620091659968266,-0.2882592583977597,-0.14024452271487414,-0.02227552792003384,0.04470685927342645,-0.0091107820302536,-0.017426725173534233,0.11352945224629747,0.019867885821199652,-0.03962255391936022,-0.051962107548938465
q127_187621,126,Which instrumental section give this tune its unique sound?,Instrumentation,Low,percettiva,A,A,True,0.5212177121771218,0.4787822878228782,0.4186640018582126,1.406723342059751,3.752472825591455,0.9421768415864725,0.062158863948505866,1.406723342059751,2.6797557419318014,-0.18865115942847357,,-0.03994982702764199,0.69245213477565,-0.13830274192721137,0.10644977789818065,0.027305000640426645,0.5703759391955782,0.21310643226293258,0.03744549019034197,-0.07630313343179755,0.2339222378073425,0.08571855772304729,0.15221920431095848,0.11001238590418588,0.24733236011530596,-0.19345035115635745,0.31051041597216145,-0.019489348280897743,0.13864237973027327,0.0370634787381829,0.1645146734198468,0.12414574969380038,0.0,-0.005538475241657841,0.1595820707038623
q128_332470,127,Why would you say this is a rumba?,Metre and Rhythm,Medium,percettiva,A,A,True,0.43029087261785354,0.5697091273821464,0.6555246050983388,0.7559940259885709,3.7465944068500416,0.7551579835714639,-0.46692967638718186,-0.5830598697255414,3.580874139778956,0.05268465935318542,,0.06828338141807481,-0.1680251933038427,0.026014082937503645,0.04305710333577554,-0.5508204150334126,-0.5015017545532134,-0.010406725709347676,0.043409974795739305,-0.015532314006456284,0.08066588882027267,-0.03346215492604766,-0.09455406408436115,-0.05044132356856969,-0.03304553940181138,-0.139007756074433,-0.13381610666858487,-0.004661385451508279,-0.1280584607142709,-0.03436944246933539,-0.01074862136523122,-0.06549245473715758,-0.07655086433223164,-0.12396284515367405,-0.1869521019793228
q129_332470,128,Which country do you think this music is from?,Historical and Cultural Context,Low,knowledge,A,A,True,0.3263118994826312,0.6736881005173688,0.767562241365282,1.07068287199768,2.2435356986449277,1.1477451183297114,-0.5393258573315568,1.07068287199768,-1.51067511925653,0.7355888103909168,,0.10204137468327824,0.6668865975497535,0.012076817333584386,0.06555201995901125,-0.6514589896885565,0.3382442544889151,-0.0019850596598627937,0.0,0.0,-0.013389975372930504,-0.0570973273982132,0.11307737152948555,-0.053462324975557446,0.18596181822619512,-0.1869967039004954,0.14974298797612046,-0.039347320236686995,0.19948683580949794,-0.051128044036276375,0.09018973350629933,-0.042211528950020866,0.17658696375824878,-0.10908260783430648,0.1690271365647632
q12_1093606,11,What instrument plays the lead sound in the introduction?,Instrumentation,Low,percettiva,D,A,False,0.34652049571020016,0.6534795042897998,0.76380285118187,0.44363063989720514,2.2480210016261126,1.1756749038122818,0.76380285118187,-0.14360725514858272,1.2387355622212979,-0.16403125137749613,,0.2143577835677961,-0.03559192564751808,0.04283798749497627,0.020187994307566084,0.1229962151969731,0.12982369806674512,0.38361086492212443,-0.25802702187537585,0.2996142989567742,0.11045495432760052,0.021938478691593016,0.07227341997278879,-0.04436635827396582,-0.030313863470620282,0.00042775583212240065,-0.011279308744598551,0.17135974656611236,-0.13216882279727682,0.12792803317339957,0.04245447015562337,0.1869008962358341,-0.08314790084476566,0.0,-0.11188020374733405
q130_332470,129,What intervals create dissonance in the background guitar?,Melody,Medium,analitica,B,A,False,0.24327628361858197,0.7567237163814181,0.819224862162537,0.5847939487594743,3.1085217442141837,0.3357097635300499,-0.7743569978290145,0.523232063960911,2.432000602376052,0.21133997605490576,,-0.14521609913261668,0.16392910297999547,0.01721648907595734,-0.004322032048194258,-0.651574830863159,0.39008390338019716,0.0052174430908039846,-0.02645891035108735,-0.05606109681508234,0.15913624572055468,-0.06941173750439861,0.05870108548042348,-0.07318207257255414,-0.0211707180680423,-0.2532336390173337,0.23267881484650818,-0.01022324871529768,0.029219050993024704,-0.07232624589225682,0.0,-0.06758451906656311,0.012619791499437412,-0.172334438245528,0.05204779348900481
q131_182074,130,What technique does this introduction aim to recreate?,Sound Texture,Low,percettiva,C,A,False,0.2758974358974359,0.724102564102564,0.9952497387080912,0.7013715509641,3.2354036609152548,1.1501880702161489,-0.6202225716920095,0.340844045099813,2.5262774453753587,0.6137639727435639,,-0.42022711000854573,0.28244441336146325,0.18751358350804087,-0.13622767760041407,-0.3875090451915046,0.23866338467049325,0.0,-0.04403607533172941,0.046042279791555785,-0.11471511705469266,0.060646609011858074,-0.03550825449495616,0.011842766474575793,0.0,-0.010560080917453717,-0.019916233165837516,-0.5199053561018464,0.247870579953743,-0.03389879751269276,0.05215611260346581,0.014408447640929897,-0.005719040050068895,-0.18879844007893615,0.21667599730815948
q132_182074,131,What gives the drums their unique house jazz sound?,Instrumentation,Medium,percettiva,A,A,True,0.19731136166522117,0.8026886383347788,0.9985064009169858,0.2884619063371079,3.3968644996441704,1.8033207363640191,-0.5872498490288784,-0.15246951694051228,1.4682385420968493,1.5943231333961772,,-0.38973035006874107,-0.0005407953412777666,0.20562827594405364,-0.1724949893655785,-0.40314777490419107,0.0679961946982978,0.0,-0.04742992693195381,0.038667636860229025,-0.05884140698040786,0.082956038386219,0.06545666163253516,0.00973084858276315,0.032758932115803954,0.01516820201428852,-0.039186394072037264,-0.48666487614648335,-0.29636497710056187,-0.0657732028553229,-0.011161990500244051,0.018869779191393134,0.11801304596212835,-0.2002042750619651,0.0368566120022713
q133_182074,132,"What might be a reason this song is called ""Scattered Knowledge""?",Sound Texture,Low,percettiva,A,A,True,0.3321810182275299,0.6678189817724701,1.0712570677274451,0.36530923519733866,5.583103407147702,1.5285769671943061,-0.6284130950011204,-0.07921613709268781,4.273098841645554,0.9719773289798292,,-0.4074213880892379,0.14304654905232542,0.2214219863631623,-0.07197809593358366,-0.4424136932750449,-0.08563239950751336,0.0,-0.0646521907039162,0.05536106171698136,0.10641596011715168,0.0457826689562132,0.0,0.011464472073601503,-0.026104333979302754,0.00017126919832352594,-0.01652060727756835,-0.4317842822301603,0.20048933128219176,-0.06212373788528398,0.019646387124579993,-0.018712478980726182,-0.11977845798654854,-0.2285720678500695,-0.24336441637319162
q134_172015,133,What rhythmic pattern is used by the percussion throughout the entire song?,Metre and Rhythm,High,percettiva,B,A,False,0.3284356093344858,0.6715643906655142,0.6595497219426957,1.273343328765458,2.8540686963606023,0.5800089448755987,-0.1261480277576167,1.2218792370447928,1.3470249475320255,0.22409755863134292,,0.03449118177962404,0.6091032481890628,0.11477615778283302,0.0,0.11743350753008244,-0.025732045860332634,-0.3928488748501562,0.6385080347160627,-0.03959791384416278,0.027789634298564087,-0.036510655333977154,0.18567545551248682,0.0311998139350908,0.2391621721252782,0.13217533103581536,0.09851297822161462,-0.06856210306070704,0.18739736541520677,-0.039862669992837385,0.20203970257295947,-0.017497089859817933,0.059886138817713944,-0.08749274063702052,0.2214157900809689
q135_172015,134,Which region of the world do you think the rhythm is from?,Metre and Rhythm,Low,percettiva,A,A,True,0.4051502145922746,0.5948497854077254,0.4649218317623036,0.9573475968588365,2.290545860281132,1.530505340313037,0.1289535216678537,0.5929028805628042,0.8741829056286793,1.008905791757914,,0.18755279470171263,-0.05519378928607895,0.10938488201336602,0.031659792126844805,-0.06220496673549747,-0.12702856886193722,-0.10577918831172747,0.7434654465839755,-0.003442995886301016,0.11867886613059862,0.004204181682143607,-0.06691495245245127,0.027297746091958393,0.062898634415728,0.13999581498885527,0.08245516003207327,0.031066300390002875,0.15027711943305214,0.0,0.1332411872220176,0.0422673518983885,0.1393741967959716,-0.1124348774971939,-0.02710733101418588
q136_172015,135,What kind of accompaniment instruments are used in the song?,Instrumentation,Low,percettiva,A,A,True,0.2992388201712655,0.7007611798287345,0.47226897292953685,1.1478474268226175,2.5203463055977426,2.1213805902494984,0.22896458009105067,1.1478474268226175,-0.2626923211295584,1.3407205567999585,,0.24086308893580202,0.47687350011096474,0.10975368757449172,0.0,-0.021080400838583147,0.12816493055056027,-0.10057179558065996,0.5428089961610925,0.02127548967521761,0.12463693994021793,0.015030650420688824,0.0,0.08438072329672087,0.3646039023867911,0.1430743149161664,0.16616207000414962,0.035735796755143136,0.09305550753701901,0.0,0.22617860323569375,0.0062387852785227085,0.010304718728511457,-0.07677118025140886,0.16290568499023467
q137_250001,136,Where do you think the song could be played?,Functional Context,Low,unknown,A,A,True,0.44276315789473686,0.5572368421052631,0.5306217766783651,1.2596487880361718,1.5583833283146107,0.8605611798703745,-0.22580573868474207,1.2596487880361718,-0.07048252067098754,0.5944448433482032,,-0.2953548961480029,0.6358521460479235,0.15240801899681153,0.21870647119556513,-0.07134685443827044,0.3691594914738463,-0.011512007095280257,0.03593067931883667,-0.2337203729713468,0.0,0.09387710983332474,0.0773684433805854,0.050903918633454406,0.47703833645340765,0.049905383269670214,0.0,0.014669400432317119,0.11324938676623836,-0.2000895984468703,0.3333223281317842,-0.05318471532398491,0.14714549415443673,0.0518331358886934,0.1115247991497192
q138_250001,137,Which instrument predominates in the solos?,Instrumentation,Medium,percettiva,A,A,True,0.37661737523105365,0.6233826247689463,0.6958067059868125,0.8846006653843267,3.472438684160978,0.6133463691080775,-0.4554732884681343,-0.27900730445627486,3.472438684160978,-0.5379009236617236,,-0.4708933470839719,-0.5650169431475587,0.1201667087593391,-0.01678704177274214,-0.05718650700458447,0.29785298354034156,-0.04756014313891699,0.00494369692368438,-0.29872090789352346,-0.45107663766174155,0.07045888660069544,0.042063073986796255,0.0033000303068573995,0.0005718362282945491,0.028366573936003572,0.002517122741471159,0.022201465725923682,0.08807946571983874,-0.2544507006665467,-0.04906436075654522,-0.05231896687027605,0.04218488914920637,0.025690330392731896,0.045717306136404755
q139_250001,138,What type of articulation is used by lead synth in the introduction?,Performance,Medium,analitica,A,A,True,0.22657841140529536,0.7734215885947048,0.6136002795434101,0.55207934971747,2.873719334142351,0.4358708317279135,-0.33328251504081435,0.55207934971747,1.7457615617185103,0.20601663887984067,,-0.3362425117885642,0.2569432899787603,0.14015888225129786,0.10178068612968691,-0.1167226521385846,0.16638709419190992,-0.02047623336496348,0.02696827941711285,-0.2215487572433903,0.08050126792112701,0.03928146697484431,-0.07899725901656587,0.02171906825148631,0.1452975585553641,0.05427308184341635,0.06922125635089481,0.022412467129651274,0.0682581077564606,-0.21903271442225558,0.17661088273240122,-0.050135666501060924,0.11259482681456387,0.019748538926494173,-0.021407291396775777
q13_1045016,12,What time signature do you hear in this song?,Metre and Rhythm,Medium,percettiva,A,A,True,0.5005574136008919,0.49944258639910816,0.9508807261161347,1.2225073954407282,2.3882826958584307,0.6251385406086067,-0.1833436058821301,0.6145733513418872,1.589568553951778,0.2579696848009104,,0.3837685601170024,0.9185403733913076,-0.20513275620681204,-0.08181859235219761,-0.00999062940071442,-0.03442580748316426,-0.351988780391606,-0.18772262221405858,-0.7158981813341618,-0.09146736934023633,0.0,0.0,0.061726890954855854,0.11361864232820598,0.07265831656470853,0.14687043863209306,0.14321326708739227,0.40782385528010184,0.059296391091059476,0.0844566202417289,0.14635466276359846,-0.03781315505904633,0.04930504699041712,-0.00891568074096008
q140_1138688,139,Which instrument predominates in the accompaniment?,Instrumentation,Medium,percettiva,A,A,True,0.45658914728682176,0.5434108527131783,0.5403861151232092,0.3918586662635431,3.1240345453752982,1.0524740435859177,-0.0012379612790414662,0.2991565643790648,2.740951659883249,-0.5730991830992342,,0.02299406245292776,-0.031558286352407615,-0.01800618833767954,-0.014792764589831552,-0.2528058498634458,0.10673950775968485,0.2465800144691561,0.2387681075616191,-0.05380030543308948,-0.18223173820954902,0.05711280327779657,0.06941287463603915,0.08557434672062272,0.1367164181367649,0.08388434273670839,0.268908404604599,-0.09388691453202404,-0.09711855346468065,-0.13974700056510678,-0.0895010254655587,0.04612899574705135,0.05666670371768478,0.013495770768999809,0.13630348042376525
q141_1138688,140,Where is this kind of string instrument mostly used?,Historical and Cultural Context,Low,knowledge,A,A,True,0.3909249563699825,0.6090750436300175,0.4708034769706251,0.9913066015500414,1.2480618992421122,0.9271323185557008,0.027046489958175907,0.003005406961828272,0.6224543587098483,-0.6170801946987995,,0.0035590100530678223,0.02804656656925433,-0.045945534899958534,-0.08958145421987689,-0.17593295860626604,0.46910943768668045,0.24536597341133265,-0.40456914307422964,0.03582806724029551,0.010416220472482498,-0.060523315946772405,-0.04181648609570952,0.04417308381054492,0.041891170586668705,0.16139366206772948,0.009848320053697068,-0.08616499550120331,-0.03824213422264465,0.057609379638962135,-0.12150945518441034,-0.08648731204038568,0.07948416828188666,-0.03878207931099473,0.06293360306985783
q142_1138688,141,What kind of emotions does the song evoke?,Mood and Expression,Low,knowledge,A,A,True,0.5252999478351591,0.47470005216484085,0.23639958818849655,3.618619915108594,1.8078617736252067,0.4446027075141929,0.19475527443328317,1.7903100573967805,1.3857545209425188,0.34112843908038665,,0.026071457656680102,-0.03551911461540686,-0.0208221568776067,-0.11954300422561565,0.08882857319925505,2.7044649862526873,0.1006774004549547,-0.7590928100148843,0.0034625432722465155,0.18151189748498525,0.05970444870938478,0.18426090600759457,0.10275788299473587,0.19282956954405944,0.0647842734921909,0.07424786558293983,-0.032213235107073024,0.371452777065123,-0.0437914222949464,0.6359051845759541,0.04289677643103755,0.1137718623290357,-0.0028459930642930446,0.03632999480708862
q143_14458,142,What is the predominant key in the intro?,Harmony,High,analitica,A,A,True,0.3673398328690808,0.6326601671309193,0.3075492832618453,1.1411443948212132,3.8968879173346007,1.7927845758066403,0.08274774519919414,0.9359128732652184,0.46980875969006664,1.7927845758066403,,0.023402150743070695,0.06378794371750938,0.024521321635120073,0.08800016800008183,-0.11240076903132555,-0.1026157607779974,0.14722504185232893,0.8867405223256246,-0.06470759055665937,0.2092260946135801,0.0,0.09023763081079791,-0.04965198981951555,-0.024258782620134367,0.10476165877490208,0.19623804330973899,0.10170931509099508,0.004570336020687224,0.05703467109636077,0.22347802685944113,-0.0021823208944662855,0.1860049497720732,-0.06421599849242256,0.0504165744990342
q144_14458,143,What type of interval is created between the lead voice and the backing vocalist?,Melody,High,analitica,A,A,True,0.3102803738317757,0.6897196261682242,0.08123529975771754,0.17760556114427514,2.6666217056309,1.05156264296848,0.036309786848464226,0.16281990864743404,2.018614258007992,0.0606828031628282,,-0.008026542315572994,0.039963043624094446,0.02499330743372412,-0.004842811228770163,-0.01443621413905366,-0.002550015019650388,0.033779235869366764,0.13024969127176014,-0.07945141697093473,-0.09669396330725583,0.07534936173915657,-0.04913611641465444,-0.055018477698858155,0.11582264125653413,-0.05579175151967212,0.025949287814378334,0.11998369855683946,0.04044467402078031,-0.019322846904310454,0.10681549215874014,0.02499330743372412,-0.002527054680523151,0.02556791221251953,0.02214494779943453
q145_14458,144,What instrument is used to introduce the climax of the song?,Instrumentation,Low,percettiva,C,A,False,0.2916666666666667,0.7083333333333334,0.2216128027838235,0.9982493261814867,3.1835912712956893,1.0677657821043895,-0.10487137894878218,0.49917106746392137,3.1835912712956893,0.20266041065441845,,-0.08671889539982178,-0.24953912935878264,0.03138049336499198,0.0,0.026990218552528686,0.38841924031486597,-0.07652319546648106,0.36029095650783804,-0.23124066700548662,0.018904781146598992,-0.022410453557830477,0.0,0.02402079929448312,0.029235990822289806,0.08807575061751828,0.11751578271641658,-0.04744540082088348,0.07647913563576748,0.07289693150473403,0.26340115498160077,0.07142523757333545,-0.015343716802466496,-0.06019357655465245,0.008977938963714217
q146_179608,145,What kind of technique best describes the bass line?,Musical Texture,Low,percettiva,A,A,True,0.2769461077844312,0.7230538922155689,0.7055969813914633,1.1308062005786015,2.734599960643929,0.42248788268614873,0.30680366007414084,0.6852390570101234,-0.4964708772118157,-0.08356436174600586,,0.22071004789403303,0.11923654802746075,0.034656532001528684,-0.22278357178423897,0.25083374083724036,0.4663096292988926,-0.19939666065866124,0.3224764514680091,0.07688092873330381,0.0,-0.033021065857126414,0.03819417593596297,-0.14028334498903383,0.33197617862408085,0.1841875399349665,0.04903961110367913,0.0,0.010093092131802678,0.1947064935694457,0.08234009958500965,0.036349481426222144,0.021688881782220386,-0.012016372743637024,0.1519070178473678
q147_179608,146,How are the sustained guitar chords being played in the verse?,Performance,Low,analitica,A,A,True,0.2688311688311688,0.7311688311688311,0.7497212186937134,0.6135712929883502,3.246660553081481,0.7498058287273753,0.19430666887808828,0.011197505529031426,1.4440897799519568,0.004518823949983208,,0.19754837788125099,-0.023912502572573553,0.03615127975583782,-0.09341905464952552,0.23831428614881212,0.3123843992586908,-0.2777072749078126,-0.18385533650756034,0.11311055294645868,0.0399976363355755,-0.03551887821839382,-0.026578083925704085,-0.2157741470044551,-0.12200018234522818,0.1670636312710947,0.049301165540238626,0.0,0.06547754666423852,0.18658674933142672,0.03749181029876089,0.005266204031586813,-0.08993339317908572,-0.026427443479629657,0.05744100614023588
q148_179608,147,What is the main musical feature of the outro?,Instrumentation,Low,percettiva,A,A,True,0.4386120996441281,0.5613879003558719,0.8386420956931856,0.5550096539621315,1.9263299115354038,1.3120602022656194,0.8386420956931856,0.17166514869750604,1.2536931759435548,0.3953786131526707,,0.16526210956144766,0.1015594050009298,0.4495949661876714,0.261777996328889,0.20364267232641875,-0.09372693807645069,0.020142347617647813,-0.09794531455586208,-0.1641144002351405,0.15058560090752815,0.029523453263248393,0.28206615912101035,0.059132257694373906,0.34641389385399596,-0.0616381149098445,0.07927189403854633,-0.05046039706756629,-0.12743928552835637,-0.23066005645719112,-0.47338738474127856,0.050566832447881425,0.02878002628296784,1.2062925209574245,-0.11462575523690766
q149_150794,148,How many times is the main theme played in the intro?,Structure,Medium,analitica,A,A,True,0.403420523138833,0.5965794768611671,0.7928491047780678,0.554909742991081,2.2025041114346062,0.9612047062379736,0.2921489629400213,0.19792266156675764,0.3647075407345105,-0.8410805168103959,,0.09223059531117923,-0.08686759717810152,0.42144655622940697,-0.09162594353406017,-0.2503500709190233,0.3724329675228231,0.02882188231845833,0.003983234756096216,0.0001641213022006982,-0.014797769185318204,0.1070075103049178,-0.008244906322277583,0.10435240272171285,0.0,0.02603421618958298,0.02026971618604253,0.0380930134518897,0.04354457293082842,0.04261119817801823,0.037790223152924726,0.0,0.0044733679914568045,-0.026113499208301014,0.11488745681310097
q14_1045016,13,Which instrument is introduced in the chorus?,Instrumentation,Low,percettiva,A,A,True,0.481786133960047,0.518213866039953,0.9797564953475923,0.56512388161348,2.299954520719482,0.6754998166682924,0.9274512272745772,0.050554004761290794,0.1813765339747081,0.12124986690330561,,0.33754344198062025,-0.10458114381118541,0.07498700937787639,-0.019028320223658263,-0.026152634036507603,-0.13367547439125094,0.5410734099525881,0.3078389431873854,0.2629360511491092,-0.011201835268585994,0.10894928132916532,0.01447616579235116,-0.03195854048382949,0.0021353360128746265,0.24586666597622286,0.0938266996476294,0.0,0.0,0.08494110460109934,-0.003932618459967688,0.1428446349080442,-0.018595521373109325,0.11387202979476571,-0.02615422158990135
q150_150794,149,Which is the main instrument that plays in the song?,Instrumentation,Low,percettiva,A,A,True,0.36799065420560745,0.6320093457943925,0.2730837593829442,1.1082045938578922,2.5824700757772394,1.4675842483135129,0.10456489938838043,1.0060470012545355,0.20420546182685928,0.5586517423080546,,-0.004329997361670061,-0.0010757044634980735,0.1485885412928448,0.19408953670684226,0.040235788092817526,0.8630362608493716,-0.07992943263561184,-0.05000309183818029,0.08276243085991686,0.2164019282711628,0.11882216288458441,0.058683097666842876,0.13797273669795795,0.13455093742833432,0.023263228318363218,0.20242025762631144,0.00540399144604467,0.0744296791442643,0.05650257112120697,0.12478588764577037,-0.0314550601571288,0.24535151696638427,-0.28870716178256484,-0.050576303494534854
q151_150794,150,What kind of guitars are playing at the end of the song?,Instrumentation,Low,percettiva,A,A,True,0.35898617511520736,0.6410138248847926,1.4592237593748756,0.5078379246770645,2.8239056592256664,0.8770126431887351,-1.4592237593748756,0.3490662359419261,2.0370579607923447,0.41632590870473335,,-0.041523365911343216,0.10306497963813525,-0.044563835542281854,-0.07938584436756918,-1.3731365579212504,0.2996011720832067,0.0,0.025785928588153307,-0.3050114297227314,0.08853820725280839,-0.07724349336507183,0.07919076356042906,-0.04361391078904436,0.07020963145698966,-0.2873879500445706,0.08740660284490806,-0.1627170447478395,0.0,-0.1278064688808608,0.06875115959213654,-0.11609630982801089,-0.014728096033898932,-0.33934715199674614,-0.030302032731446688
q152_1051378,151,Where is this type of music usually played?,Functional Context,Low,unknown,A,A,True,0.5555555555555556,0.4444444444444444,0.43371819588655514,0.9545101700382277,1.1327781846247869,0.9405423642989171,-0.4133148864143308,0.7229166569595722,0.7343358691575177,0.25118538722967143,,0.01020165473611216,0.6368750649523982,0.0,0.029213892815122062,-0.11020021068995338,-0.11579675653932774,-0.31331633046048957,0.1726244557313797,-0.1094173609730556,-0.001192095294811124,-0.08980767746723411,0.04298708831754194,-0.008235411465759946,0.17664206286534404,0.01305007140154773,0.06593835274024777,0.03366091135630946,-0.028721661561448914,-0.09230717284771298,0.15732487684039875,-0.06391833398823905,0.21151619696980595,-0.09633991243018628,0.09842183608249386
q153_1051378,152,What kind of instruments are used in the song?,Instrumentation,Low,percettiva,A,A,True,0.5163590604026846,0.4836409395973154,0.5150118857984183,1.4893740462480631,2.40176028798163,1.970212385626391,-0.05116292392502403,1.0708652929993943,-1.2745778778770238,1.2255796474410576,,0.09940017382812764,0.7507261369795171,0.06494170173982416,0.46947243704388614,0.06758260536874529,-0.20925437662433446,-0.2830874048617211,0.05992109560032559,0.14411584177450176,0.09574679601059365,-0.0495768346753583,0.01870386092596396,-0.001098646067525376,0.19402271611699654,-0.0548125060585367,-0.0739176107811815,-0.027971457289008916,0.16948861230330536,-0.07626484200110885,0.19717453928830203,0.051472185922009965,0.0,-0.03702666552999766,0.46964637913541435
q154_1051378,153,What key is used in the break?,Harmony,Medium,analitica,C,A,False,0.3754595588235293,0.6245404411764706,1.1093433827851737,2.2616118112123593,3.466764632418841,1.3311559223510712,-0.7019953346906269,-1.1947072255424036,1.7330655304984357,1.0968640380500725,,-0.32323674333908253,-0.6621021138350984,0.20367402404727336,0.5334522928349779,-0.09316867445879287,-0.40777048333161386,-0.4892639409400249,-0.6582869212106693,0.009740104832630492,-0.12689873026474024,-0.051752994188417105,-0.17341836440984726,-0.14884559078559584,-0.27368524595309623,-0.34076481421602633,-0.28084268592919537,-0.13038329961339679,-0.24039469570106747,0.040356204743514396,0.15269873817720614,-0.06026682979509486,0.0,-0.020078115668240984,-0.25216624146166333
q155_1199044,154,What mood do you think the song conveys?,Mood and Expression,Low,knowledge,C,A,False,0.36509528585757267,0.6349047141424272,0.7425216916342732,0.7071265091178863,2.4096530531461817,1.2799078471534422,0.7425216916342732,0.5426148196682317,0.32651322264075666,-0.8196618695772527,,0.1017921600794135,0.010737032611610305,0.01960828601359946,-0.08225584472482733,0.37332123670398365,0.13087760426718348,0.24780000883727654,0.4832560275142652,0.2009391352073059,-0.0019326841098184708,0.02251792601567663,0.07415363392350446,-0.010438265386911273,0.1450473192438456,-0.01913267962640278,0.011198601613676029,0.29356957739904216,0.13526158140012393,0.11802052997245006,0.07408526461442215,0.09286804701954812,0.005013786227296403,0.044177421033564285,0.09978731675518161
q156_1199044,155,How would you describe the sound of the snare?,Sound Texture,Medium,percettiva,C,A,False,0.2813199105145414,0.7186800894854586,0.7492076195779878,0.7563264482513271,2.619632368475574,1.3027355040361959,0.7492076195779878,0.5309422217040716,-0.4675202230469997,-0.2226484519090916,,0.10692196073083246,0.105972855659851,0.021082487261843662,-0.11269211327362774,0.3802567010194614,0.14349221115417346,0.2409464705658501,0.3941692681636749,0.208728154312624,0.06907601844071004,0.01125172993655705,-0.0013276948812269047,-0.014512569272456685,0.10334852496350587,-0.024321453401415928,-0.017088617886004197,0.3140670730259704,0.24196788607179598,0.12157736330109438,0.10979281006694366,0.09208056961406884,0.025770994402121883,0.040336752061545626,-0.0005976994737746585
q157_1199044,156,What instrument adds syncopation to the verse?,Metre and Rhythm,Medium,percettiva,B,A,False,0.3731725146198831,0.6268274853801169,0.6864730184537242,0.844312776122832,1.8789672090804546,0.4348571831459439,0.5472595823978008,0.5579276848838792,0.7584157336562085,0.03538932970501077,,-0.06960671802796177,0.3710908618079905,0.1100888713266493,0.0033663402474385026,0.23671968098422397,0.3266630284479266,0.27005774811488925,-0.1431925456194763,0.3491175412429732,0.09309190697300831,0.07963007743228923,0.0,0.041510631481307396,0.11328558505482074,0.02636712784639311,0.060935765572073614,0.30444327944124544,0.4673171885368777,-0.010853350714574557,0.05329332052612245,0.042405489997142894,0.12202541516585311,-0.2853612143289759,-0.3520214969448767
q158_14014,157,What musical style do the arpeggios remind you of?,Genre and Style,Medium,knowledge,C,A,False,0.38040865384615385,0.6195913461538461,0.8444686039734633,0.5543540908024197,2.333309079945431,0.8630461496765317,-0.7807546166080698,-0.5294867139872236,-1.1595239873657965,0.2742521026576563,,0.0318569936826968,-0.06600270924185218,-0.03282287170567929,-0.0297432249915443,-0.7748044493474651,-0.44617446816142514,-0.004984289237622161,0.012433688407598054,-0.2541526555660526,0.09204641327857535,0.004459885758722151,-0.13920687247639205,-0.10404574905724398,-0.20626529875445399,-0.3026867601343125,-0.022452995888781073,-0.06836098891858328,0.010003543190823222,0.07281012259321863,-0.13719785343641622,0.03040491126990366,-0.16438999232963877,-0.15918338255372194,0.037976342429060006
q159_14014,158,What can you say about the harmony?,Harmony,Medium,analitica,A,A,True,0.5717367853290183,0.42826321467098166,0.23853836628099,1.8377430576734608,1.4652666006631314,0.5016173138227229,-0.20729049007011702,1.5568532724160082,1.4220007566780117,-0.2732097923836308,,0.015623938105436493,0.04614341108746822,-0.0344911396722934,-0.11309013473575627,-0.13638863421020414,1.6511547539572662,-0.05203465429305598,-0.027354757892969928,-0.11649946630047159,0.64874087472031,0.07184374714853996,0.10026503305598508,0.023531199083707263,0.2560754419728637,-0.23771516085282915,0.3537198419086308,-0.04430420520642733,0.03995859066403529,0.14763563423027973,0.20889701034861868,0.10464008899818798,0.03853057523694255,-0.1564223271711039,-0.08933409549137805
q15_1045016,14,Where is the shaker positioned in the stereo field?,Sound Texture,Low,percettiva,A,A,True,0.36477987421383645,0.6352201257861635,0.8900057759652651,0.3742745344841339,2.3876865257362683,0.9975055272510366,0.8900057759652651,-0.29136939012292545,0.49381506313135815,0.11275448869195766,,0.3309955683303068,-0.2207363618343811,0.0837877899026459,0.04145257218060421,0.003571303814764046,-0.0015477951560186748,0.4716511139175483,-0.11053780531312989,0.26174354797040156,0.01763001004434127,0.09346763736665759,-0.03704285845923983,-0.027130488390214157,-0.045843942286648766,0.23792404969715342,-0.01300429870088253,0.0,-0.0630462340560444,0.08130426719697764,-0.042646940826444935,0.12452977096717449,-0.10741512583800628,0.11816699115711457,0.0
q160_14014,159,What can you say about the bass notes?,Melody,Medium,analitica,B,A,False,0.3074398249452954,0.6925601750547046,0.508197634311556,0.7507858183510585,2.6255518839888476,0.6298376035803731,-0.508197634311556,-0.5365418833421605,2.2079007507351096,0.06540751405913069,,-0.011492328858965006,0.0004322608848161061,-0.032861036738251144,0.08364273003132687,-0.422454234098626,-0.6436638508466095,-0.04139003461571378,0.02304697658830601,-0.2152475376026196,0.0011015742518888857,0.049190284051506994,-0.08446858676931097,-0.05255003367894328,-0.17494162622246687,-0.28450286293584676,-0.023495526956874572,-0.049954931767030315,0.03413512342918663,0.10578219166324557,-0.16482749602316088,0.07789647793968656,-0.1801984104894796,-0.1388112219815551,0.056153065438056815
q161_1177896,160,What would you add to the drums to make them more present?,Sound Texture,High,percettiva,A,A,True,0.17700000000000002,0.823,0.44317761984640647,0.3877426881014139,4.543801609370751,0.3664764791556637,0.023844099277379932,-0.057411760119840866,4.543801609370751,0.03758509438648473,,0.13646542136940387,-0.059411757956639416,0.033635316938474435,-0.028877511590396567,0.06341012125401488,0.16516546399078652,-0.20966676028451325,-0.1342879545635914,-0.14026586928933865,0.0037595613387187594,0.13264499151420708,0.13704180548041425,0.016080990876287636,0.009037529378977442,0.07897699516213375,-0.15085718941619236,-0.017393596623734145,-0.09531998195586214,-0.09579983861016537,0.0006485791053327805,0.0,-0.04446501624553462,0.04960042624798966,0.08274295219430503
q162_1177896,161,What can you say about the harmonic structure?,Harmony,Medium,analitica,A,A,True,0.5670596904937362,0.4329403095062638,0.742762236533119,1.566091069863109,2.1662907469450476,0.5987953304932815,-0.5885940405534844,-0.9154541128175516,2.165610046445752,0.3440248773686677,,-0.007129988296129541,-0.12614509208822108,0.07708409798981729,0.06352783561234979,-0.16082478701183933,0.2617906429104289,-0.49772336323533284,-1.1146274992521092,-0.4841538996510174,-0.6119754754020427,0.09000781366537555,0.12047093392192147,0.055446131429416,0.053083811185099194,0.02014846523314944,0.04607522855008734,-0.2895814293917158,-0.08329769186435201,-0.05171133046147146,-0.22156873365228533,0.04344579833865782,-0.0765854610556054,0.027804410284121422,-0.14165672450037414
q163_1177896,162,Which age group is most likely to listen to this tune?,Functional Context,Low,unknown,C,A,False,0.2587747287811104,0.7412252712188896,0.4680237791715588,0.6804582402685663,4.068570715274779,0.7601131664940072,-0.4680237791715588,-0.0741186484574411,2.4520430475784867,0.7506382331316134,,-0.09907263529480725,0.09784219567511462,-0.018840773179067825,-0.12392740698198451,-0.1423393374150579,-0.25336103738101917,-0.20777103328262578,0.20532760023044794,-0.41955550704340877,-0.016448611757694687,0.054858566256171915,0.038533426723509845,0.028203336643329524,0.08391229608885566,-0.013048500182107674,-0.06784447218450632,-0.2609359289908442,-0.311101241918677,0.01328173278397888,0.06462201146219873,0.07077907877126911,0.08127890473195488,0.05839344259005246,0.052929038396917795
q164_1227240,163,Why can you say the piano is not acoustic?,Sound Texture,Medium,percettiva,A,A,True,0.25132275132275134,0.7486772486772487,0.7712599884009581,1.1042157895927527,3.2623598523841983,0.6768494137661556,0.7712599884009581,-1.0145276075831196,3.1143310003190936,0.2542165152071248,,0.07415590375167619,0.04484409100481654,0.04985832613318483,-0.048297382713508336,0.0974424350499597,-0.4621191567033572,0.5498033234661374,-0.5489551591710706,0.20255943945804028,-0.15172359610809716,0.06510868017036464,-0.11902764393169624,0.09284474687090377,-0.033358683748587165,0.19895939716283856,-0.17184643986576312,0.0663369843331034,-0.031444254774476516,0.036964296219572694,-0.10833079873910846,0.06790317525485001,-0.17452735255873525,0.0405832689312847,-0.2242688378566557
q165_1227240,164,"What notes are sung by the vocals when the lyrics say ""This is the loneliest""?",Melody,High,analitica,A,A,True,0.38354253835425384,0.6164574616457461,0.8635169732291536,0.7486990035826433,2.6316288023978234,1.2654788252577114,-0.2670908179336823,-0.3477659389176224,2.6316288023978234,-0.97111062131236,,-0.1413972504997077,0.20046653233251047,-0.043008450549575715,-0.02468985301996817,-0.38089819453213447,-0.20881334448191238,0.29821307764773564,-0.3147292737482523,-0.34855705327057285,-0.2475466541867284,0.048743935677346716,0.009748484357407258,0.033818198332221584,0.029328465023008843,0.03381753611534229,0.0,0.07668392747438313,0.031170374624124246,0.02718483450633034,0.0,-0.1445181938897183,-0.10772101797152615,0.005735997120984909,-0.06274559076390815
q166_1227240,165,What mood does the synth create at the end of the song?,Mood and Expression,Low,knowledge,D,A,False,0.23659574468085107,0.7634042553191489,1.0987024666235246,0.6778795513468905,4.066885979053238,0.8935035830187017,1.0987024666235246,-0.5514584114695491,3.047484104822376,-0.18539823192657118,,0.2980449266860552,-0.330719099220829,0.09467455492715549,-0.183137769728141,0.4958679996962738,-0.10081211245924986,0.2101149853140401,0.06321056993867068,0.11383043343627447,0.000604432263485423,0.0,-0.08466145948228006,0.11339422700358073,-0.020462940789928268,0.05016992282665519,0.010182470740857093,0.3670524328467142,-0.3273961776862359,0.20135929443159287,-0.07855378998844355,0.15345485036204423,-0.015227110107747233,0.09944130571666301,-0.035943836419256726
q167_7096,166,What is the rhythm feeling of the vocals in the chorus?,Metre and Rhythm,Medium,percettiva,A,A,True,0.3834388185654008,0.616561181434599,0.6543687044018417,0.26891281350367563,2.168968780506372,1.3180239993363092,-0.6543687044018417,-0.26891281350367563,1.5140425186300457,-1.3180239993363092,,-0.03710742566398201,-0.03879806693836444,-0.11763781532706755,-0.06817144816416583,-0.11745832204818205,-0.04786408222016364,-0.3821651413626101,-0.11407921618098173,-0.3738461525577683,-0.431729905970204,-0.13602442077932267,-0.09263990452790506,-0.016631118387259815,0.013982992234337278,-0.13566992503173908,0.02904196495725557,0.0702086197144943,-0.005164506241242824,0.0167063175059664,0.13265933563087795,0.0,-0.0003471733908806812,-0.07911202486621255,0.08528438380408618
q168_7096,167,"Right before the first verse, there are chords that are reminiscent of a particular jazz style. Do you know which one?",Genre and Style,High,knowledge,B,A,False,0.37915851272015655,0.6208414872798435,0.7020338839208358,0.5223830179255419,1.6365608882977096,0.665359113924274,-0.3036934197996573,0.01639024359044794,0.7855061733078057,0.42767715692262304,,0.19294499815968585,-0.065854849152337,0.0062252339009033625,-0.04325819284664191,-0.19766761696878632,-0.14388334516856807,-0.3051960348914602,0.2693866307579949,-0.1257841067671754,-0.023608148880717328,-0.0007119713022960064,-0.06774024743145995,0.059854246395956184,0.06395978167917236,-0.108619480049727,0.05816974517121101,-0.027750015757509683,0.046751588875476535,-0.10557611593819378,0.02872007681947909,0.11769208128900453,-0.07873394780706922,-0.11279805766971618,-0.011128604835644575
q169_7096,168,The chorus starts with two descending notes in the bass. Can you determine the intervallic movement?,Melody,Medium,analitica,A,A,True,0.20062111801242236,0.7993788819875777,0.5529601267104132,0.6067750810360778,1.831844721370239,0.5518704137994783,-0.5529601267104132,0.6067750810360778,1.5815345407783499,0.43461594800994563,,-0.015332112458623218,0.09694325016513791,-0.09896646714454535,0.08253430200743335,-0.08726497373094641,0.1675193209855962,-0.35139657337629826,0.25977820787791034,-0.2995582685746162,0.34818251393752825,-0.11998847522555137,0.060698231082979656,-0.01550333501482324,0.03221058606040785,-0.11274017050604732,0.2091597815268237,0.05902368658501574,-0.09990880924808737,-0.015166514875483761,0.05721100966549093,0.0,-0.02659204692375119,-0.04902704909890706,0.025813814934685927
q16_1100505,15,What type of synthesizer sound predominates in the chorus behind the vocals?,Sound Texture,Medium,percettiva,A,A,True,0.32147937411095306,0.6785206258890469,0.19879863419569244,0.5012791903782141,3.4016232943491773,1.2160622130428234,-0.09511029335325288,0.08987249538507516,3.4016232943491773,0.11854453254066702,,-0.10585945019556964,-0.20008312201612719,-0.04095130428418363,-0.0056202254804423035,-0.00014370929471937965,0.0763551217458226,0.051844170421219776,0.21922072113582206,-0.3093688047800335,0.23979915340368274,0.03151830017501418,-0.026772746395218244,-0.024184295836120508,0.0,0.0,-0.03510904859501311,0.15096123602485848,0.06833309091427961,0.04203467898741845,-0.1378788469512593,-0.12036523690561732,0.040694389534746404,0.13429382898122733,-0.05919349652614289
q170_1103980,169,There is an harmonic dissonance in the fourth eighth note of the piano introduction. Can you determine the interval?,Harmony,High,analitica,A,A,True,0.3050980392156863,0.6949019607843138,0.5131073375023266,0.428831394734294,2.5119008842358523,0.8418371532621236,0.5131073375023266,0.41583978916217473,2.4562551130836203,0.23927561067955416,,0.021465561010402676,-0.006495802786059622,0.0,0.04387373475428526,0.15864439383768547,0.32345977795796793,0.3329973826542385,0.055002079235981154,0.03977037158200375,0.0,0.056716090566510946,0.07399641898629655,0.01765473567071953,-0.08262599455906988,0.1808963616410159,0.06640212667312723,0.22093054627963318,0.2832279459015915,-0.020704138057096297,-0.055806894908419245,0.0,0.0836376616618024,0.017843369819539642,0.04700852540684621
q171_1103980,170,The chorus suddenly changes the vibe of the song. How does the music create this?,Harmony,High,analitica,A,A,True,0.2702251876563803,0.7297748123436196,0.6002469756765817,1.3579141645169757,3.6517279201740047,0.8595222926086213,0.07395482861920577,1.1327231943360414,3.424617794225976,0.589502243695257,,0.005462277108028421,0.019899952299016307,-0.016945074664185083,-0.1125954850904671,-0.2462009988645029,0.5215541227756171,0.3316386250398653,0.7038646043518753,-0.061655146519886656,0.45884124007188515,0.014442267766382196,0.08702162886680669,0.035150522679362306,0.1266863719005235,-0.00691383026155451,0.2382057812059171,0.11408374420364306,0.0709517813570571,0.06028226730493689,0.09596624943239893,0.0026940301373234096,-0.02121456685886504,-0.08412902669100099,0.07626470836031822
q172_1103980,171,What instrument does the piano sound like with the arpeggio texture of the introduction?,Instrumentation,Low,percettiva,A,A,True,0.2188910380399742,0.7811089619600258,0.45225610034274594,0.4962055017075635,2.9702840992963955,1.09694804625747,0.45225610034274594,-0.1484462860726796,1.1563851287817482,-0.4006622081073112,,0.035544762657361076,-0.030831471390195465,0.0,-0.06276275892379206,0.08720311552232789,-0.228731663576134,0.329508222163057,0.17387960781744197,0.03455686111393425,-0.07197424828980456,0.046118318484456494,-0.055618589554844285,0.03291081054420304,0.036952982818799295,0.1712654970696585,-0.010051761253733325,0.18607055828333008,0.01725888823884226,-0.022960168798618064,-0.026260437847444175,-0.022044229255236896,-0.055714009156911756,0.02633845290101855,0.01696088897241697
q173_121123,172,What mode is used in the exposition of the melody?,Melody,High,analitica,C,A,False,0.3506944444444444,0.6493055555555557,1.0494413471002297,0.1556721559420616,1.4372940308442899,0.8466522849338353,-0.6764361658452406,-0.10118442853799194,1.1950527013749255,0.36943413199213226,,-0.5389818670872151,0.027243863702034826,0.1865025906274945,-0.09973242565498674,-0.32395688938552003,-0.01767800473413262,0.0,-0.011017861850907407,0.018034775664340516,0.05757442776916219,0.06691085427280236,-0.009944791206425909,-0.2978909792039108,-0.1386987962884892,-0.1773139449332797,-0.06718061525549107,-0.12991526552365187,-0.060234488663663585,0.07225529995182292,0.012982433722159487,0.0,0.0,-0.22851690607336406,0.10431740138475612
q174_121123,173,What is the subdivision of the beats in this tune?,Metre and Rhythm,Medium,percettiva,A,A,True,0.3810810810810812,0.6189189189189188,1.344620806517884,0.36833218300248904,1.6015775176873945,0.567101932109894,-0.6547091354116656,0.36833218300248904,1.3594643783545455,0.21731707589709265,,-0.57517744697588,0.08125407012579129,0.34495583555310916,0.03451384984520296,-0.4244875239888948,0.21665067402762972,0.0,0.03591358900386508,-0.056772476469833175,0.13181989161452212,0.08518572836664796,0.035223871334535584,-0.26594593283464857,0.011527632999940687,-0.19345645461746055,0.04640283428057252,-0.12312935723252302,0.037757937386382764,0.10976768386337449,0.01797041653294116,0.0,0.013251693443597485,-0.21035832648722266,0.0743779054099967
q175_121123,174,What time signature would you say this is?,Metre and Rhythm,High,percettiva,D,A,False,0.30904522613065327,0.6909547738693467,1.132357127816789,0.6995558855909318,2.69936045009464,0.43122260404604407,-0.5654623444458591,-0.10248732551487674,1.503659934147862,-0.03388826028690013,,-0.39894500872258765,-0.3841619375276349,0.283447391685465,0.2802592179909983,-0.4499647274087365,0.018275062047029188,0.0,-0.016859668025269336,0.007017938819838254,-0.0914667089021712,0.09065498727052491,-0.12975072939069782,-0.21484579669491927,0.0452139800011607,-0.17191626650722652,0.017529435530703207,-0.08958489593208221,0.011861063593823645,0.05170061538911548,0.04077994772103105,-0.036494258042214185,-0.008450459758636075,-0.20199466874889568,0.011796145689909757
q176_1076450,175,What type of rhythm is used in the guitar introduction?,Metre and Rhythm,Medium,percettiva,C,A,False,0.32919621749408984,0.6708037825059101,0.5453889004581184,0.3785699707221333,1.6917255574878147,0.48341420133185237,-0.5250063829126924,0.3172642719508755,1.5941082493338,0.11696629525871788,,-0.033120242269662946,0.08897982368637034,-0.03460716586280598,0.012174610998657206,0.010191258772712992,0.24676268665147683,-0.46747023355293643,-0.030652849385628907,-0.01234754673700025,0.0703467182877741,-0.016944078913155344,0.0747698082050646,0.03725090186030783,0.013261741266721899,-0.14680817081056302,0.07412813263083076,-0.07533977848407694,-0.08036313974661517,-0.12336357136073998,0.07175817250472684,-0.05487898746330463,0.055322021483078285,-0.13257515100416004,0.03804081731929413
q177_1076450,176,What instruments seem to duplicate the melody in the beginning of the verse?,Instrumentation,Medium,percettiva,C,A,False,0.33298611111111115,0.6670138888888889,0.6234645778311267,0.34272888469907586,3.1028816183180243,1.1927004407626585,-0.6234645778311267,-0.3023672774317988,1.9522814684271041,-0.25799370838706914,,-0.05366712286186587,-0.050101865960542474,-0.0379813957548715,0.01572430757906102,-0.026198579187154476,0.004456496054577517,-0.505617480027235,-0.27244621510489486,-0.022045031804012984,-0.02362782363918701,-0.03276556725961755,0.07555958477491764,0.026261914156047006,-0.0787736606217285,-0.15982226378777062,-0.05874992839283086,-0.0662934743334177,-0.06484784032843233,-0.16952986879021723,-0.13060864645940184,-0.06640864950813116,-0.021889879792466496,-0.13286163650400656,0.0005709170273305829
q178_1076450,177,"What is the most important word in the vocal melody, taking into account the melodic contour?",Melody,Medium,analitica,A,A,True,0.5027045300878972,0.4972954699121028,0.6321637041265432,1.180842826423121,2.297575076353237,1.0180057241620837,-0.3812476212103787,0.9722470271935324,2.297575076353237,-0.1598765053509985,,0.018044911411935073,-0.10429789961479427,0.0,0.0,0.10741313004614722,0.5056410621761263,-0.506705662668461,0.5709038646322004,0.00031067200091874914,-0.13317007097495245,0.05495521340645031,0.3312901371064513,0.06764165211178182,1.3170045766321778,-0.2171995037026147,-0.12224663872682401,-0.109058777511805,-0.017884349915837663,0.03832885925556044,0.1587692087843131,-0.04814332164103187,-0.31459311303820425,-0.16808241512963842,-0.24692272267359153
q179_1407836,178,When are the electric guitar chords played in the introduction?,Metre and Rhythm,Medium,percettiva,A,A,True,0.3597256857855362,0.6402743142144638,0.33049258946927207,0.33406898174574284,2.611488079001574,0.8219567836303806,0.16477754265526212,-0.08010565620906271,0.626095193275368,-0.5418582651525818,,-0.08285752340700497,-0.027133794339840693,0.06100950950025873,-0.17995352463756206,0.10021601567324986,0.1240939922785737,0.08640954088875849,0.0028876704897663474,-0.05131859261158786,0.04570482615593768,0.0,0.030582442135401868,0.12071271021985946,-0.029425139651702625,0.005992978914771643,-0.013361036312391501,0.12628553531103287,-0.08182420671887666,-0.0246922871419243,-0.019478049361535285,0.037143543343622125,-0.012304492455896147,-0.049346345380511865,0.0
q17_1100505,16,How are the hi-hats played in this song?,Performance,Medium,analitica,A,A,True,0.21277997364953888,0.7872200263504612,0.24193127669954256,0.916030419632375,1.698562377660026,0.4548249703393627,0.24193127669954256,0.9114764239875306,1.5311348877819713,0.3300489530285361,,0.03363880094653818,0.3134091675879167,0.0,-0.002276997822422251,0.1198240090908598,0.2179802409129652,0.08846846666214458,0.38236401330907094,-0.12423566640118923,0.6240186045079317,0.002576592416905249,0.10613338629249552,0.01599428672087481,0.072592488019653,-0.059136560194076634,0.08412621077813212,0.2649167736139362,0.0941888855334768,0.08532989576035485,-0.0785795477540694,0.08277785199433786,-0.033085111182147096,-0.02629189721160051,0.042081507792057916
q180_1407836,179,Which type of radio station would be more likely to play this tune?,Functional Context,Low,unknown,B,A,False,0.2722277722277722,0.7277722277722276,0.9048816103296746,0.8894815991225284,2.5339426967826943,1.1525846145293193,0.5000464681310006,-0.4744808337197828,1.4565450027522007,0.3677457335238803,,-0.20241757109933697,-0.2527937574918195,0.11436147658262419,-0.22421878795861677,0.2545472465620122,-0.2049686709707193,0.33355531608570116,0.20750038270137286,-0.06845362764462337,-0.12625216905716297,0.0,-0.039427839555956086,0.18520681462648825,-0.029654582794486545,0.11914542350224917,0.16013244249086148,0.1475317644522314,-0.26368543676573514,0.11636235021650912,0.04555581962541488,0.08102455279077467,-0.11129873763778678,-0.08077080981262867,-0.10985033002493148
q181_1407836,180,"If you were a teacher, at which moment of the lesson would you use this song?",Functional Context,Low,unknown,D,A,False,0.2677636499626029,0.7322363500373972,0.6546215203400989,0.865335598316223,3.0718169856086126,0.9226434517029758,0.6546215203400989,0.2683903922844797,2.084993762855523,0.43145148588004717,,0.05632226498453133,0.17516008805958255,0.04437037735091949,0.0742898214476843,0.28655891288802987,0.31741308579308447,0.2673699651166182,-0.29847260301587164,0.0,-0.0007020241461875576,0.02139228148357815,0.06555237034530254,0.21449860144826796,0.07233252799310665,0.04607440417766276,0.0,0.2518812457203642,-0.0756887211454554,0.0329244777841934,0.11181377445833957,0.130237030406175,0.017631320459589792,-0.04238652068014255,0.07745114431978409
q182_357330,181,What could be the meaning of the lyrics?,Lyrics,Low,unknown,B,A,False,0.29260450160771706,0.707395498392283,0.7827829125191076,0.4048608107632177,2.5012631041888405,1.2303632141423146,-0.48238729312764517,0.28391855837832364,2.5012631041888405,0.8063887963612664,,-0.18853943047375485,0.08584322508158461,0.06368210527560753,-0.06047112619244706,-0.44404567234962156,0.23878133236877502,0.08651570442012371,0.019765127120411077,-0.13990484290293465,0.15950811014072733,0.01713790197105646,0.0778726075134654,-0.30263953874106186,0.15798454485180113,0.028700530343123594,-0.07421371532339331,0.017472023979311604,-0.09698968043217776,0.0,-0.0476583463814028,-0.00806471748805103,-0.008759481090921808,-0.09508865028908925,0.11617451910022544
q183_357330,182,What is the rhythm pattern of the bass?,Metre and Rhythm,Medium,percettiva,A,A,True,0.4385738831615121,0.561426116838488,0.47446032731030463,0.7694007718314907,2.4594381154497196,1.3169037656811888,-0.27034812255639173,0.6827084504915143,2.0157417532791753,-0.026257674962290256,,-0.21567169262925773,0.01747498918901471,0.013030068443361228,-0.04334616066998819,-0.15673253230409045,0.5790784609398468,0.0890260339335952,0.12950116103264095,-0.04832998786794936,0.046270198818537604,-0.09124803273915685,-0.06173278820107388,-0.14140037101194863,0.20030122896573804,-0.039494898876573384,-0.11319344122738767,-0.019608432505511027,0.08674122966583508,0.0,0.0749238916854575,0.13002257557538893,0.22148097096460306,-0.060288975130641374,0.22791715981980462
q184_357330,183,How could you interpret this song from a feminist perspective?,Lyrics,Low,unknown,C,A,False,0.37606032045240345,0.6239396795475967,0.4496649772252046,0.8844585312707436,3.2318481852712226,0.9682355168620171,-0.2133275997714206,0.6770224759804143,-0.09944224147258897,-0.4360489189179292,,0.05419455939833395,-0.10371802764516463,0.0015269242363631919,0.18241338034025525,-0.3314962884983126,0.5694932589986883,0.06244720509219485,0.02883386428663534,0.030932184923798234,0.2123754916988565,-0.06100193184672083,0.08942752345608385,-0.2595995144048453,-0.09800513210731085,-0.002424631828122234,0.13635452434641096,0.0805605943072128,0.1534294892219044,0.04011019265876683,-0.029779379577311825,-0.004077307907755241,0.11117441516356419,-0.037827185673754815,0.10204554377821705
q185_661634,184,What harmonic progression can be heard in the introduction?,Harmony,High,analitica,A,A,True,0.17866004962779158,0.8213399503722084,0.4404618573346969,0.41810714529085324,1.9817900693895831,0.7759129006114741,-0.15544502299633278,0.41810714529085324,0.499283875970447,0.5704449586971574,,0.03146630631536706,0.024560909334411452,0.044681810612206364,0.045506905069474156,-0.29795344016551484,0.026843125767277834,0.06636030024160865,0.3211962051196898,0.0842510968356196,0.22157518171156934,0.03184324604665531,0.028749212677210912,-0.04617225027181137,-0.10123830572175874,0.1462476288120752,0.15445158562334627,-0.12171516191488004,0.12182636700970595,-0.07136731146189236,0.037825476978727186,-0.06754460682525418,-0.012323581236110534,-0.11098766421684492,-0.032758791751837116
q186_661634,185,Which musical element predominates over the others in this tune?,Harmony,Medium,analitica,A,A,True,0.2682502896871379,0.7317497103128622,0.26896813813501563,0.8484336944733444,2.3581047594442945,0.6530533460015684,-0.11915663413224427,0.8484336944733444,0.9457381156035646,0.08233793811878012,,0.020277286104892968,0.019907412132625788,0.054628465896492714,0.006011622333617279,-0.19294749390325122,0.7984627820185297,-0.0011148922303787362,0.024051877988571516,0.06388882769991067,0.11381059172946936,0.02326697224164024,0.06731426752895717,-0.022614262521745466,0.02492689059272277,0.14612705197885395,0.036106410890800494,-0.11122473035191491,0.22412601294231332,-0.07200189547298606,0.1974804655075718,-0.04913868005937036,0.17709878656748737,-0.0974599176466323,0.007570268714022024
q187_661634,186,How does this tune enhance the tonal harmony?,Harmony,High,analitica,A,A,True,0.14053803339517626,0.8594619666048238,0.3664683180951519,0.42218581194871607,3.8190041113859743,0.5490433493899407,-0.2890842969259775,-0.19442167546510103,2.712191787955278,-0.21843258345928507,,0.016092025722594914,-0.01115948207925206,0.022599984861992294,9.698857855066495e-05,-0.2899372018304611,0.11378507966325688,-0.037839105680103555,-0.2971442616276565,0.04213006290997552,-0.000548023606738491,0.014154780726992385,0.0,-0.035329467347044605,-0.01274944612452521,0.1134743637801568,-0.08873340517591571,-0.14617919925121203,-0.030755923076325926,-0.0963295035478168,-0.04595237036213824,-0.08069373016883763,-0.05710568005199395,-0.10031160402819113,0.041423172932536514
q188_312915,187,What brass instruments are played in the intro?,Instrumentation,Medium,percettiva,A,A,True,0.3112244897959183,0.6887755102040817,0.4434138472526072,0.30319784367649194,4.637169026079826,1.3277336550832513,0.341349576506628,0.12528750413011985,3.94012449478312,-1.0554504213526141,,-0.05103213537298959,-0.0149480037240005,0.09360738049725027,0.11824835088953436,0.14503275169936097,-0.07400716604918556,0.15374157968300634,0.09599432301377156,0.06253521979623769,0.11750273962113869,0.05050722496798862,-0.06303204354657103,0.040738256921425645,-0.002616023566675889,0.020606140105836418,-0.1270588668208483,-0.020021091238048835,-0.018616912801663443,0.08651094275349112,0.08169315695743766,0.029843748470467047,0.0,0.07062913472923028,0.13741545428730217
q189_312915,188,How are the phrases distributed among the brass section in the intro?,Instrumentation,Medium,percettiva,A,A,True,0.32133838383838387,0.6786616161616161,0.41524178501454456,0.3762823041297383,2.629367925246794,1.2593380075843434,0.30037052332108816,-0.10096776591693513,2.0640648517984017,-0.4454902423928727,,-0.0574356308467282,0.11263279774071835,0.08811932180375469,0.025024471365683233,0.13584494858072987,-0.14298369434450128,0.1338418837833318,-0.09564134067883542,0.035035648814837984,-0.11762295144840007,0.06533808290746428,-0.006698761643434956,0.040142009793185815,0.0,0.00723438349871602,-0.0884737378090176,-0.018380674912753196,0.03146517214624365,0.08042018276531145,0.044593064177746486,0.023575097729036144,-0.03669662706943433,0.06700579272528967,0.07246607572936169
q18_1100505,17,"During the introduction, there is a low-pass filter that is changing its frequency. Could you say in which direction it is shifting?",Sound Texture,Medium,percettiva,B,A,False,0.4012919896640827,0.5987080103359173,1.3909566780629985,0.7324816661495563,2.575470338969647,0.858147608446173,1.3909566780629985,0.7103194620471796,0.6285397506386756,0.44957840267501903,,0.16100085330004404,0.26687524393539747,0.15871678891691304,0.04761857663537721,0.23876297492747062,-0.011081102051188417,0.8324760609185708,0.40690674352759326,0.2991313626529991,0.15376104273459829,0.2943034716863539,0.15089311870138505,0.08636274507125584,0.07387686514673146,0.2254593176811771,0.18103681443379765,0.09780038922835242,0.043154515215606,0.04137741506211398,0.04254750758742679,0.120372745725633,0.033956287362928786,0.2261492309551131,0.03109331086470558
q190_312915,189,What region of the world does this type of rhythm usually remind you of?,Metre and Rhythm,Low,percettiva,A,A,True,0.6677966101694915,0.3322033898305085,0.5923428977487357,1.9090185970898257,2.0466151966767154,2.0127413978716286,0.5923428977487357,1.9090185970898257,1.3887214877251592,1.4718162392101881,,0.0271693873388966,0.14736798069518284,0.02756877422323193,0.0,0.11265191823344733,0.38228378437264965,0.4249528179531598,1.3793668320219932,0.1412740956460804,0.1487986858671275,0.018543946038426674,0.08620984217157923,0.036254873665085105,0.36615586097319647,0.10663982296763991,0.5769096514824545,0.0,-0.06073726108156367,0.09505653671474881,0.20079779210283857,0.17179996981948029,0.32589993480689516,0.02277365289727451,0.26498409076729756
q191_1381590,190,What is the main string instrument in the song apart from the ukulele?,Instrumentation,Low,percettiva,C,A,False,0.3138990978950886,0.6861009021049115,0.7920781849985457,1.387263079998035,3.8833868604251216,1.7060601586885162,0.5869232513450192,1.31095007381224,3.7109311789276167,0.9503891717003488,,0.05000061267987987,0.1305384226030748,0.08909226731783632,-0.03815650309289757,-0.10257746682676319,0.4416568234371739,0.5504078381740662,0.7769113308648887,0.0067886872638315,0.0849564372542738,0.11307312969809094,0.17668135503373986,0.4572995576574377,0.4861424824528616,0.0,0.10141858060228008,0.045594431917401944,0.25034072764315696,-0.03997391232059844,0.059809100689298275,-0.05728254973193078,0.00866486376476018,0.061423906860786366,0.14293652637186904
q192_1381590,191,How many voices are recorded in the song?,Musical Texture,Medium,percettiva,A,A,True,0.6666666666666667,0.3333333333333333,0.6688824604654913,0.9412236889733823,1.57986419781029,0.9652504937346879,0.47015994954941515,0.57028857066063,0.8202706205081616,-0.8558322321674676,,0.060557305769410624,0.0077861844097676,0.14278998753106037,0.01851264611562012,-0.09936125545803806,0.7294572992916184,0.3661739117069822,-0.1854675591563762,0.02607193178897508,0.12849693771768061,-0.039064833116574264,0.10562668508504093,0.21260076729145622,0.14775651951645208,0.06763058560014044,-0.08091559932528922,0.012225639394081347,-0.014367296478489527,0.10352614729012227,0.21252474195357487,0.03328043531973747,0.026742950273085785,0.05388927598147656,0.044423631918574416
q193_1381590,192,Which percussion instruments are played in the song?,Instrumentation,Medium,percettiva,A,A,True,0.33075089392133494,0.6692491060786651,0.7881509815100494,2.8398637562415425,3.3960603847142083,1.1385145661739577,-0.43683196277623787,-2.4892909724292562,2.9682152383871907,-1.100725740058826,,0.0,0.1752863919061431,0.17565950936690572,0.0,-0.5543982897017281,-1.5094272839573235,-0.05809318244141548,-1.1551500803780759,-0.3696944914534763,-0.8361219786775709,0.15014221183699145,-0.1330224803035741,0.05692663035855474,-0.1926519422111427,0.043699736113415086,-0.10625981302626838,-0.03077600017086215,-0.31303997704455866,0.001052654471536199,-0.28382950777292804,-0.16798297948223984,-0.32956175973866314,-0.12019972445015695,-0.2948035136545502
q194_1268901,193,What kind of guitar technique is used in this song?,Performance,Low,analitica,A,A,True,0.4649122807017544,0.5350877192982457,0.3576240074923782,1.460656577153363,2.179581003066466,1.276683164573288,-0.07888592609006008,1.0835451165617758,0.2668122018838982,0.6016986811755048,,-0.20728911444617543,-0.15393586135489964,-0.002332908607000375,-0.0346198689408939,0.13936904070115907,1.2721008468575694,-0.008632943738043363,0.0,-0.12316967597458398,0.07612807627937168,0.01123219011090329,0.06755889135851458,0.07835877000216727,0.05829310495360798,0.061424829232329115,0.1335152767015726,0.08613269169422029,0.18244508306191543,-0.13986539837096382,0.24726185766924202,0.0,0.14045867207652585,-0.05299933278413228,0.1778841544610258
q195_1268901,194,What mode is used in the song?,Melody,High,analitica,A,A,True,0.31065088757396453,0.6893491124260355,0.24779087476799466,0.8796130944220385,3.054031838904266,0.34926593138477835,-0.17291038256389202,0.7054250904122202,2.042073356676589,0.09923855256392787,,-0.20076720333432307,-0.050591900306436025,0.01135598681414909,0.11651465037188996,0.02608425928790223,0.6760044420452395,-0.009583425331620269,-0.03650210169847317,-0.11832930307619532,0.16827864411514723,0.008781105977112156,0.08297656054675896,0.09619337429627257,0.17192271226633812,0.028822160948194137,-0.07387585167288165,0.061504155784578976,0.01988180736026985,-0.13840985775751685,0.26563919767302796,-0.03671767021382749,0.04498906689159894,-0.07475434852251019,0.025612953231960837
q196_1268901,195,What is the first chord played by the guitarist?,Harmony,High,analitica,A,A,True,0.507641196013289,0.4923588039867109,0.7356167206463666,0.8133137741338039,1.9014133070710748,1.9856183725582892,0.49566203805350834,0.08453245659907252,0.5536439227228833,-1.7220720947706196,,-0.09967157698710757,-0.29464269406214816,-0.02030576430932159,-0.023770932230992976,0.5578415058206039,0.44892311536643825,0.057797873529333646,-0.0459770324742246,0.17955012447232263,0.19941606544151944,0.06539882450189882,0.1146668401556305,0.021255748004028234,-0.29718908228246765,0.056126537360354424,0.0679288691005007,0.0896647551698243,0.08415431667577306,0.1321789924536289,0.0067822580519844924,0.02064586536977628,0.04098804880017717,-0.06915880927832528,-0.13221485934404517
q197_1078326,196,What is the name of the rhythm used by the drums during this period?,Metre and Rhythm,Medium,percettiva,C,A,False,0.5861913357400722,0.4138086642599278,0.729733081505937,0.4951966766515798,1.3156928263238308,1.2422544538866223,-0.5252127438083269,0.37742812289143995,-0.36841995424492974,-0.7731941831867903,,-0.3916198256258381,0.2965695676371983,0.029070383553643178,0.13853790663058368,-0.23585308703129387,-0.05888427688006993,0.07318978529516182,0.001204925503727916,0.06658917766422022,0.18597975149924,0.06996525605002257,0.0,-0.03080923869334666,0.021683149545833752,-0.11129447395329532,0.19727118318219625,-0.056196869921279625,0.15064909420329653,0.0,0.0265951873065469,-0.11784660413070261,-0.020920959375124313,-0.34561999082394546,-0.1838292834705492
q198_1078326,197,Which cymbal does the drummer use in the bridge?,Instrumentation,Medium,percettiva,D,A,False,0.21676300578034685,0.7832369942196531,0.46801979320870046,0.3884227813537949,2.5329756121811227,0.6641375776036311,-0.18905255924615952,0.27503984753384225,1.532087859358921,-0.29975183817037476,,-0.160086877468747,-0.056691466909976305,0.13845914280273147,0.09854386286086685,-0.16844929875868297,0.19523562616216253,0.0010244741785389866,0.0379518254207892,0.04565672569156023,-0.042120324330820025,0.11921632058951896,0.0375036776388258,0.025384184546608332,0.048666089705138894,-0.04704350786735231,0.07271407088409407,-0.05095417371810473,-0.005120852580136261,-0.036361155556197705,0.06121107257672946,-0.08074522303139212,0.053804745000366486,-0.16420572990080018,0.04838136863964383
q199_1078326,198,What is the predominant component used by the synth during the solo?,Sound Texture,Medium,percettiva,B,A,False,0.2627118644067797,0.7372881355932203,0.4644445917561323,0.3170348429223589,3.2516922518230253,1.3792194261677861,-0.3498788177471538,0.039660110080595334,2.6622082867683523,-0.03340471729745967,,-0.2140675167816016,0.015496257954456624,-0.1694496904974713,-0.12437752890862781,-0.023644497472570164,0.1628512185470205,0.05728288700448925,-0.014309837512253978,-0.043339404925378223,0.06251782285809714,0.05025821907750428,0.0027642354917096837,-0.06222177726120483,-0.02176266662327259,-0.05597831632587884,0.009023976588484077,0.022357875873792017,-0.009278689294955334,-0.11342670533516819,0.00945180004003194,0.028992076770204232,-0.07287468183214257,-0.1765207856210243,0.05981831285264302
q19_435883,18,"During the introduction, the kick is played twice in each bar. On which beats?",Metre and Rhythm,Medium,percettiva,A,A,True,0.24617461746174615,0.7538253825382539,0.48264301632852935,0.43902675494384946,2.4930990829893593,0.5102258017375669,-0.19765673757679747,-0.0994606747916741,1.1928685582560068,0.021907096556391448,,-0.06874362293053454,-0.06428153666278594,0.14249313937586597,0.0963369306563052,-0.008155859414107302,0.0734461094197825,-0.2632503946080216,-0.20496217820497586,0.023293339427078282,0.014718464482588747,-0.024285718757132525,0.0021460005972405074,-0.04876878268658273,-0.038126582017553416,-0.06520511189162986,-0.11300938397629981,0.0029224731311059335,-0.014454553737767876,-0.043404782502069694,0.0,0.0,0.015754332915293597,-0.04220815429756681,0.033511046944824145
q1_1204663,0,Which of the following best fits the guitar pattern heard at the beginning of this excerpt?,Melody,Low,analitica,A,A,True,0.35244648318042815,0.6475535168195719,0.6720302687408897,0.5604592375652651,2.5461951801152187,1.1958016027826863,0.3935707746799893,0.2619869735333161,1.7522411493652412,-0.09217035502952137,,0.19471472304959356,0.09224357039715662,0.0,-0.061512562642037846,0.33808579866084587,-0.0877235693739366,-0.13922974703045016,0.31897953515213395,0.0007178190800683389,0.0,-0.01965241652987107,0.008554951481874878,0.130583770074789,-0.004003217588758032,0.18466521068129918,0.15391596890187345,-0.038705676200961374,0.029499048748771368,-0.06992452380009408,0.08783359900047547,0.11083895863999957,-0.061864086909208214,0.09504763273475969,0.048050709898287206
q200_1121398,199,What instruments are used in the intro as accompaniment to the voice?,Instrumentation,Medium,percettiva,A,A,True,0.27746031746031746,0.7225396825396826,0.2542954173673407,0.44716181537060873,2.551575630221513,2.8576544067624483,-0.21573216816004048,-0.44716181537060873,1.373082180273943,0.2772946542896107,,-0.02979357238940012,-0.07095038472070292,-0.005838836097876297,0.0,0.0192816246036501,-0.10340130128731159,-0.19938138427641416,-0.2728101293625942,-0.035262451833381364,0.1957102035503942,-0.008833562844088504,0.034413500382857176,0.051528910547120485,-0.2842374056096907,-0.07832882588692908,-0.27024373895101794,-0.03560945130887656,0.06346273311419216,0.06044234509402631,-0.03725280177774348,-0.03071621172260278,-0.08173419577726508,-0.13895292020530897,-0.06728011030233498
q201_1121398,200,"Hearing the voice, is it a native English speaker singing?",Performance,Low,analitica,A,A,True,0.31061394380853274,0.6893860561914671,0.31101941522243876,0.9292879367790776,1.3857442166822616,1.0145340856196448,0.0060813269317824825,0.8721513253944735,0.3056974415524014,0.17062681653280637,,0.0862213083766662,0.8400108939085036,0.03409870906668643,0.060708737178271924,0.038230353633758,-0.008801513858453354,-0.15246904414532814,-0.019766791833848607,0.030730731960945334,0.471136332419521,-0.010219843327586409,0.10172700116455166,0.11460173613470645,0.3467082943317685,7.78592845412096e-05,0.2046795866131091,0.0007268471358609918,0.05302712350005997,0.03409870906668643,-0.15497698077120312,-0.03161253572953718,-0.05311117263005824,-0.13232217759383433,-0.09703885923327527
q202_1121398,201,What kind of synth effects are used to create more anticipation for the chorus?,Sound Texture,Medium,percettiva,C,A,False,0.23000000000000004,0.77,0.461773622157548,0.298203508250093,2.235567608653772,0.9717166501018174,-0.20123771339479268,0.298203508250093,1.0826199246971522,-0.058588915232824834,,0.03574419236998884,0.08620028937878299,0.09452376201138882,0.0012290434457061655,-0.08762726153848927,0.028586862611067014,-0.2438784062376811,0.18218731281453684,0.3175052514593158,0.037318102282850166,0.0,-0.03935853274139244,0.020466692244670542,0.022623256264363612,-0.094362265708637,0.03976765651241708,0.07861124896067748,-0.03537712774730538,-0.25952267376919885,0.196483884482071,-0.29127616070302076,0.17230236850041858,0.027340194121400055,-0.09555609930332959
q203_962064,202,What is the main pedal effect used in the guitar solo?,Sound Texture,Low,percettiva,D,A,False,0.3862359550561798,0.6137640449438201,0.5764223857672021,0.37968229736600256,1.886727085910786,0.6401444606175307,-0.5385076555742032,0.37968229736600256,1.7213024787193825,-0.030885772766829703,,-0.094157984265986,0.02889826400036361,0.01895736509649941,0.033122170140528956,-0.3473785382134572,0.1366827811316815,-0.1159284981912594,0.1809790820934285,-0.6337891478210222,0.36959654481778315,0.08550326879550113,0.0024153976649123575,-0.18822391775559516,0.044015667711721884,0.08366376054644357,0.021955360427906443,0.0,0.0,-0.07705051676111588,-0.022220814092462998,0.12797973924233627,-0.03181685138508204,0.06340915817924904,-0.004263007778776237
q204_962064,203,What is the scale predominantly used by the singer?,Melody,High,analitica,A,A,True,0.3130608175473579,0.6869391824526421,0.7074803043901102,0.48621303530180826,2.4113494484021745,1.9604076501579364,0.2759497112965267,0.48621303530180826,1.5805555841087868,1.4733578534537388,,0.07616135884556294,0.10242690023255833,0.17520804047960437,0.08485453080573177,0.2403456085181511,0.29373055715098384,-0.21576529654679175,0.005201047112534309,0.16020992142995344,0.03076897271757619,0.08823424059706905,0.17798614764943357,-0.008099400633527612,0.11771192995876062,0.0,0.061538040636773816,-0.13339803368087086,0.06824787841095982,0.12166557810453563,0.0006110120628609467,0.0855632752782293,0.06893722963378121,-0.038225869798862305,-0.03958817576833798
q205_1221864,204,What kind of accompaniment is the ukulele using in the intro?,Musical Texture,Medium,percettiva,A,A,True,0.39486552567237165,0.6051344743276285,0.15109063534214362,0.13446002004893104,2.334194183749127,0.9700137808536189,-0.11262014843455746,-0.09697708367255194,2.11736532161342,-0.8717974346102145,,-0.012647777937061472,0.01874146818818956,-0.041495920888500806,-0.07082466202425047,0.019235243453793082,-0.013145363772428725,-0.07771169306278827,-0.031748526064062296,0.0578923151237463,0.05257115237907671,0.020967040144252404,-0.015040225681334203,-0.05831265416112245,-0.015703418327051837,0.03088120652147313,-0.04335362168533745,-0.01185921592129319,-0.05483933825433476,-0.0598705067352673,-0.11491796501094262,-0.09372081819967637,-0.022086788450209338,0.0014024847933300014,0.11639312135758155
q206_1221864,205,What chord is the ukulele playing in the intro?,Harmony,High,analitica,A,A,True,0.3175925925925926,0.6824074074074074,0.24273525795889167,0.990965809086883,2.7976311635653452,1.325878123871624,0.03957289351068914,0.7723801418820316,0.20941177188152515,-0.4975548111713173,,-0.01426197719716586,0.0,0.005665019112929107,0.13662049251070033,0.1354890566218613,0.745052482973757,-0.08731920502693542,-0.10929283360242573,0.08599990721224281,0.12636777701835158,0.04744089470832765,0.18207746511713405,-0.05630791383714998,0.0716960061232155,0.071920658004131,0.1376568276279513,0.015378041765947323,0.10520433758330164,-0.06430956095940403,-0.116435416750994,-0.0625038632410759,0.12067861178477951,0.0019547298576702704,0.14513453337829196
q207_1221864,206,What kind of percussion is used for the bass drum?,Instrumentation,Medium,percettiva,A,A,True,0.2636484687083889,0.7363515312916111,0.7072526083915254,0.5761481921271245,2.37462992387257,0.39146465192952246,-0.5274275254627622,0.5185785718288622,2.23832627863392,0.32665726267501577,,0.08991254146438162,0.12373178295084986,-0.04797106981489245,-0.02878481014913112,-0.5572237386290726,0.17898090280471002,-0.012145258483178725,0.24465069622243346,-0.035213461774536714,0.054208700597779935,0.13052166422878558,0.08543794134050764,-0.03537345014390446,0.002749774269930935,-0.04121518263054444,-0.02338684946323229,0.0,0.011039388442933278,-0.2879343323600429,0.01698342527854864,-0.1159537044357324,0.10545943281227987,-0.14225905834678682,0.2660867585501142
q208_1374348,207,What technique does the drummer use on the snare drum to mark the upbeat during the intro?,Performance,High,analitica,A,A,True,0.174384236453202,0.8256157635467981,0.6375125393132955,0.7219219052214787,2.2729077770087702,0.8434483169315038,0.17147126134702761,0.17314695594055157,1.6420857851693473,0.1500376460500673,,0.02135389797216719,-0.0744171731586576,0.38313800235799433,-0.199970301481806,-0.18051718768214153,0.42074194741398635,-0.05250345130099239,0.026792483167028813,0.054214450362649755,-0.03572936374435301,0.09491823397645663,0.06822592401935323,-0.007936370100703305,0.07313825216415884,0.14176261898353487,-0.04273957182738472,0.09394287521322145,0.03763373773805494,0.042663732144986435,-0.02653768431124445,0.01589548757415117,0.04888013580575597,-0.2639897668072695,0.05027552609621078
q209_1374348,208,What is the instrumentation of the piece?,Instrumentation,Low,percettiva,A,A,True,0.39359605911330053,0.6064039408866995,1.0573621087460248,0.5173641213847247,3.4227057350309207,1.0948608079901845,-0.44653618346817014,0.4175970218982738,0.805561022491875,-0.13248044642565207,,-0.27734614141109243,0.17765468599246104,0.30541296263892737,-0.016243588816826512,-0.43721692273296453,0.2898258856490382,-0.037386081963040524,-0.03363996092639892,-0.13724067296566217,0.05504008703901951,0.09180638213338194,0.13409264053806386,0.06343798843444744,0.1459365924318942,-0.041940447627354244,0.08861570123015923,-0.042727832609769416,0.04302075748954389,-0.17533803432884398,0.03410411004571214,0.1601166254551104,-0.009506885830558684,-0.36465019195948,-0.07370598104556028
q20_435883,19,"During the sax solo, what scale is the electric piano using?",Melody,High,analitica,B,A,False,0.4063906390639064,0.5936093609360936,0.9359926634700366,0.32912607845666153,3.2110697594600017,1.33745661193915,-0.9359926634700366,0.12431639671759134,2.866753343509062,-1.230455651642243,,-0.266713413167041,0.22672123758712642,-0.040981421953631046,-0.013527140675527478,-0.44190086804196316,-0.08321352126850015,-0.1863969603074014,-0.00566417892550744,-0.4726502083229811,0.12524883889029248,-0.02729584103904711,0.0,-0.03573179064740138,-0.040303215219157515,0.0,-0.04230916015534965,0.02117817548236773,0.028688850806405795,0.013514832870066214,-0.0013474083165242387,-0.18315637962478706,0.013748915499653028,-0.2518514521882539,0.04058957521227146
q210_1374348,209,What kind of feeling do the acoustic guitar solos in the song produce?,Mood and Expression,Low,knowledge,A,A,True,0.4711769415532425,0.5288230584467574,1.0118365581917148,1.6042122761741318,2.31274831938287,0.9772959064809479,-0.4401308314360551,0.5886976945376718,-0.31512531702382407,0.11985753424360238,,-0.34718257420653464,-0.4072059734267707,0.2858528633778299,-0.07591018280618358,-0.32005082676104857,1.0964549853559018,-0.05875029384630176,-0.024641134585275764,-0.14732238335096703,0.0037799412455654553,0.08497408981443637,0.11169307930340353,0.06799185592288519,0.16204224774494644,-0.029279747634824528,0.14178310705311206,-0.03836756613914347,-0.04372715971375411,-0.17345381710206473,0.07888072687148447,0.16115710703829075,0.1210263619841481,-0.36583036998466767,0.013219390048765794
q211_336086,210,What type of drum sticks are being used to accompany the song?,Instrumentation,Medium,percettiva,D,A,False,0.25321336760925456,0.7467866323907454,0.19407145779318025,0.21709107270669872,1.8807613703875667,0.795717732888305,0.19407145779318025,0.18080420083656643,1.3589624636092748,0.5196319293845622,,0.0786206290246717,-0.018143435935066145,0.031195160316759223,0.04083390010043377,0.06626649393640563,0.15146148984976648,0.01798917451534368,0.006652246821432313,-0.04405111102488229,0.03329331157023267,0.07280596152748617,0.029232456624897225,0.11016009470237334,0.02091254410963616,0.05603953756522784,0.04177607377411959,0.07408279554295924,0.00026006177021093563,-0.09218074358362419,-0.026281645408859085,0.01452933119323709,0.07256707600941226,0.002685591870403044,0.009044322386916666
q212_336086,211,How many guitars are playing during the song?,Instrumentation,Medium,percettiva,A,A,True,0.3897058823529411,0.6102941176470588,0.5169053379925155,1.018189057950718,2.0180043312732643,0.3526222253135436,-0.2527551558334413,1.018189057950718,1.2716572106429733,0.10313582563442739,,0.1276294626505991,0.09895721226526277,0.004445628428938014,0.04065854424788212,-0.3808191818518849,0.8609348747478394,-0.00401106506109355,0.017638426689733887,-0.2967090788563408,0.07675867532081924,0.00863041382654056,0.034971131178428996,0.025894190907366665,0.07131633431204018,0.03505668098500044,0.2957907289255565,0.04320348374322112,0.16272266925924514,-0.09000512214521068,0.10435415115799752,-0.023284911669559483,0.15725803502957028,0.04445918737554083,0.11501733276706022
q213_336086,212,What type of guitar is playing the accompaniment?,Instrumentation,Low,percettiva,A,A,True,0.42363751584283893,0.576362484157161,0.2217965183653371,0.7259014154067615,1.9079240294798065,1.3681479332696065,0.08411534490312916,0.16451867976222767,0.9842259105639135,0.7259383806926603,,0.1114509587375109,-0.21332546905336974,0.030074748678893256,-0.05097361675404927,-0.06884058673110396,0.44521004758449456,0.011430224217828966,-0.016392282014847895,0.09062537423085208,0.015890907265202044,-0.02780636850052335,-0.008819436936114422,0.050828279412280075,-0.05168029414331281,0.05699914660885777,0.14431186241490523,0.01590737493237386,0.08914494567602345,0.03149379782241723,0.006500803829083121,0.01979867160189133,-0.01351993187142012,-0.15373093120501985,-0.017310176472138852
q214_1298301,213,What genre does the song evoke?,Genre and Style,Low,knowledge,A,A,True,0.4870218579234973,0.5129781420765027,0.3465122247339112,0.8981517200708615,1.3674678355953032,0.9957578906053852,0.18347917973175357,0.803549436322883,1.0089982136449909,-0.200915100965942,,0.018267089989596513,-0.02335628859686289,0.022997143708821482,0.03833257507515611,0.2237314685344144,0.8125180031217162,-0.0815165225010788,-0.023944853277126393,0.13967814367599105,0.0663674278075572,0.06167624030996854,0.023538974004182395,-0.0004546552476411697,0.043525488040425435,0.0,0.012326764144106661,-0.0073261132331993856,-0.04653873627178143,0.07192709937165424,0.3808194393197311,-0.036546707335865146,0.09570520921051413,-0.045474827809154544,0.22780487006814748
q215_1298301,214,What type of technique is the guitar using during the chorus?,Performance,Medium,analitica,C,A,False,0.29084507042253516,0.7091549295774648,0.325056401645257,2.045614218804065,1.4101746476396444,0.6137432887040383,-0.07991939058306304,1.9687503984214767,1.0676658089563131,0.48604327255386215,,0.013571147090027505,-0.03843191019129428,0.07450775455003916,0.037314912908811684,0.03448960389103031,0.9404482187183816,-0.20248789611416002,1.0294191769855776,-0.04271320753313884,0.33443295086722913,-0.015089361658916181,0.05710268777870107,0.17412286662078935,0.48267670971394083,-0.07032524069869264,0.07081974033399083,0.08781768757436992,0.1220002013765803,-0.04022609758533384,0.3538335981587619,-0.17350603730214081,0.2716713927178299,0.0,0.2762131174744424
q216_1298301,215,What musical technique is used by the guitar accompaniment to emphasize rhythm in the chorus?,Metre and Rhythm,Medium,percettiva,A,A,True,0.11635446685878963,0.8836455331412104,0.34456911924453226,0.8271619067588425,3.7090767094364927,0.8711606175227956,-0.18774903412731286,0.6518104319225012,1.2591183142225588,0.7155712619201611,,0.07364917435277879,-0.08767573741817063,0.004760868205830909,0.0,-0.022206649278461166,0.33399669036319896,-0.2439524274074614,0.4054894789774729,0.02420666157010712,0.20260085906064404,0.03924111568742239,-0.08460085344709646,0.13197424535070498,0.12375932064408357,-0.06431543373151707,0.03691418249934441,0.030365711503251513,0.08148102146482211,-0.200697599432672,0.1100809456996089,-0.1485237350746098,0.12724250276681726,0.0,0.05433245323427744
q217_770629,216,What is the time signature of the intro of the piece?,Metre and Rhythm,Medium,percettiva,A,A,True,0.3466735966735966,0.6533264033264033,0.7299953480092793,0.6037599028228511,1.2674010467959773,0.7079267625821537,-0.4614126630111052,0.5444658082391559,0.48928207828857073,0.06388298059357807,,-0.0030783710599012835,-0.029647047291847566,0.13429134249908709,0.1827105797810785,-0.5721444716600743,0.38969014845815636,-0.02048116279021665,0.0017121272917686205,-0.02786501927845798,0.1663970534109338,0.006845332335249664,0.0451798109754597,-0.0036037366737537158,0.11042695212661804,-0.14183164760124192,0.3161841856231473,-0.17733600155626578,-0.023590640262772238,-0.0481996892412206,-0.012073711818200952,-0.014232685240174597,-0.11352178988484601,-0.05518921575524017,0.055463948068816216
q218_770629,217,For what type of music was this song made?,Functional Context,Low,unknown,A,A,True,0.5714285714285713,0.42857142857142855,0.5329764334970217,0.7840063345530025,1.8314022139861272,1.1756269013039577,-0.22663084522138696,0.7840063345530025,-1.595800559221356,-0.6851939727842081,,-0.0336966148524278,0.0,0.12054723272666402,0.06153311711438855,-0.34610702450677655,0.5649961518039963,0.03262556141115338,0.15747706563461764,0.08719867534916656,0.1446138083005177,-0.014592583978445733,0.08642072143121252,-0.16464683115115797,0.23003619474023845,-0.00801011758948835,-0.11407458889195315,0.035440585983957586,0.0005784476673828115,-0.03206507946399841,0.26019680972011217,-0.019777348201392972,0.033850924661374196,-0.11017814617002762,0.14238401692411778
q219_1133179,218,How many bars does the drum play in the intro before the guitar comes in?,Structure,Medium,analitica,A,A,True,0.24778761061946905,0.7522123893805309,0.530140331157307,0.228335445837864,2.2007531204676987,0.5751532614923658,0.13833894011238987,0.0993914572615041,-0.743186433830224,-0.22900846971414093,,0.3151854735756602,0.10090059235851212,-0.006897835300230609,-0.02759891901662967,-0.18900286022222795,-0.036873075271550274,0.019054162059188223,0.06296285919117192,-0.06367567929442156,0.26024617935907246,-0.008983816800987011,-0.02611591943819643,0.05119685792023497,-0.05810399129570083,0.05721240587140594,0.0,0.07617332761916878,-0.039801564383643184,0.060661112128755496,-0.06860653158316393,0.06486428400229993,-0.042452999021204196,-0.09910955133406671,0.07422628362434018
q21_435883,20,"In the introduction, the snare is played on the...",Performance,Medium,analitica,A,A,True,0.35791217895608946,0.6420878210439105,0.5269305739083959,0.5050387477498136,2.7209933072761783,1.1911876146086382,-0.25461771575728,-0.28531386558391475,0.2690361404414904,-1.0522881093535439,,-0.09583876960296386,-0.13851275542628128,0.13615642907555797,0.0824761411514589,-0.0077803188867338925,0.027386299931490537,-0.2871550563431402,-0.25666355124058293,0.01818811723276914,0.01272353906619322,-0.031621896556066745,-0.07956155731603953,-0.06751843349859249,-0.03502805787769717,-0.05203044327413317,0.015122644756705723,0.0015966060771685012,-0.15888939732868088,-0.048188684012816896,0.0,-0.03803325762583294,-0.01338613239126232,-0.037009724099775376,-0.02629490449313385
q220_1133179,219,What type of snare drum is the drummer using?,Instrumentation,Medium,percettiva,C,A,False,0.3682336182336182,0.6317663817663818,0.5568926533813091,0.6769013390935039,1.6459400019854602,0.5163516683001174,0.1120993849806052,0.6769013390935039,-1.027232557134326,0.1882744563719223,,0.2610347901174603,0.12568295600421814,0.029813221923410748,0.28890765004172253,-0.22239663420035194,0.186253603011542,0.043648007140086126,0.07605713003602121,-0.22483516274462717,0.13081102695524452,0.11442027642704578,-0.0646073399956906,-7.69396085209921e-05,0.0,0.12239519100047519,0.18699765095451065,0.1567334439680065,0.06185260673481047,-0.04743973949899031,0.18334425861388826,0.0,0.11800614251972927,-0.009097684562783787,0.06049699331101129
q221_1133179,220,Is the singer a native English speaker?,Performance,Low,analitica,A,A,True,0.34514925373134325,0.6548507462686568,0.7825713616997246,0.9841503094179811,1.862388522218629,1.54018702102411,-0.23482318616673326,0.9538165616393355,0.8872151661396548,1.3915326401498556,,0.14918465922409962,0.5384811606083483,0.08009252306200712,0.02877673049451679,-0.5086972739332289,0.4017255444257932,0.044596905480388964,-0.015166873889322849,-0.33968274880887434,-0.001831416354459367,0.1016218764957994,-0.007210693984706501,-0.02495853962303042,0.10066025799927546,-0.02603414232449351,0.012850319718483633,0.16524397862576717,0.1617184026151221,-0.11541998715803096,0.32956950203055413,-0.0004978718863880745,0.0,0.004904248512517466,0.3580601896150659
q222_1227366,221,What is the key of the bass pattern?,Harmony,High,analitica,A,A,True,0.47602441150828245,0.5239755884917175,0.8139660061819327,2.6473471120007086,2.9176212552961847,1.0280167335208286,-0.3928760388616933,1.5423721846945837,2.4628538497332513,0.05989826705384775,,-0.37642813744969544,0.20566316142397442,0.017049699591163314,-0.5524874636530623,0.1934952840689564,1.8318776264488725,-0.22699288507211757,0.05731886047479923,-0.34402802302487256,-0.2726993867257054,0.02504939788987791,0.20966899609004583,0.1488885978002528,0.3101207172651781,0.0,0.27817890477761664,0.005549162446488329,0.08737820487206421,-0.09572211208554787,0.1581275979777618,0.01216322623871692,0.14360554132667191,-0.14477628812660875,0.6279916091109506
q223_1227366,222,What extended technique is used by the flutist during the solo?,Performance,High,analitica,C,A,False,0.23403395311236866,0.7659660468876314,0.6658896848393379,0.1935365180434506,2.140219224356912,0.6289292592483927,-0.514456711674687,0.17311640928223246,1.103735957277794,-0.3387944805424551,,-0.38300432342372714,0.12449732318269649,-0.03382236010350496,0.05730051004177872,0.0757164865823254,-0.010210054380609072,-0.1733465147297803,0.001528630438366308,-0.34074027685112585,-0.04966580895910569,-0.0051211588033911876,0.030203735654095325,0.08118254807294313,0.018459123449177717,0.0,0.015365792072808512,-0.054246315013344176,-0.024116478369501537,-0.016766876409675925,0.05940736288680479,0.013300723632841772,0.03488952174786822,-0.1920653563029348,0.08857316080008512
q224_1227366,223,What percussion instruments are playing during the song?,Instrumentation,Low,percettiva,A,A,True,0.3581661891117479,0.6418338108882521,1.0295717709595134,0.586515844203163,3.54153881437161,0.9425070289752565,-1.0295717709595134,-0.23669655508011375,3.0936972885480665,-0.14294050811577447,,-0.35209912841420016,0.17490964456152464,-0.09560224259084683,-0.3250448147916392,-0.35098650306829016,-0.03730288392214219,-0.2308838968861761,-0.049258500927856975,-0.19554181326930908,-0.0571491916976043,-0.08993490494574716,-0.09181684162845483,-0.04975896687278194,0.0,0.026323343032900695,0.06214297246624747,0.0,0.07474113928668401,-0.3149831982209405,-0.09932673170083832,-0.16059830850767298,-0.12528790180614774,-0.24507792217596233,0.0
q225_26435,224,How does the song begin?,Metre and Rhythm,High,percettiva,D,A,False,0.33234859675036926,0.6676514032496307,0.6786876824413702,0.49538113176759613,2.4148182083730503,1.0523688758918575,-0.42978370121859105,-0.03772055761754184,-1.9437425456627628,-1.0324370693660119,,0.10667357530115425,-0.26655084469256896,0.017778415310235288,0.04443449875571707,-0.548193984867914,0.1778022443055396,-0.0060417069620665904,0.006593544013770467,0.0,-0.05355136679997218,-0.031800122842226976,0.02945185329435192,-0.02336658468883484,-0.012589139762763404,-0.03265979521179197,0.029367973947476082,-0.04088866227546388,-0.04380598941677963,0.0027725605679467177,-0.08086752301700167,-0.001419829506581878,-0.05532101503131106,-0.30242126726163826,0.1495946491684581
q226_26435,225,What is this genre of music good for?,Functional Context,Low,unknown,A,A,True,0.4557522123893805,0.5442477876106195,0.7548102115820513,1.0083074836955652,1.7550088878797836,1.165643583311096,-0.3758696416424697,0.9504300971301383,1.0081612610851813,-0.31243340328504493,,0.16365561276752857,0.1360717083445052,0.007821275062988069,-0.028938693282713448,-0.5653399266122605,0.8432970820683465,0.017993397139274187,0.0,0.0,0.21332078959047568,0.0014455107555250701,0.045200424012042606,-0.00803236113802417,0.08626137956192438,-0.03346380783072127,0.009651527870104842,-0.0446646036824624,0.27228933408929634,0.049010881772377536,0.13337418407162172,0.006336506936547921,0.1473088238169994,-0.34650176845571234,0.04302363411767332
q227_26435,226,Which of these options is most related to this song?,Functional Context,Medium,unknown,A,A,True,0.5070960698689957,0.49290393013100436,0.6940476907470463,0.9142977458071962,2.055795015195417,1.3303197604727561,-0.49287969479008464,0.7520088579041294,1.0001993671134786,-0.713475304713445,,0.09463078426685073,-0.040071787528530634,0.005953213711630108,0.055403841359197736,-0.5934636927685655,0.7777494604964651,0.0,-0.04107265642300268,-0.07400694664366982,-0.009794339139513109,-0.02754840098691496,0.0,-0.007798945150323023,0.09233116783425827,-0.04853334094772001,-0.08558997167538686,-0.06320861127597477,0.32737013854493413,0.052612458891640346,0.15386612538051703,0.0036334522328171637,0.08971165292559116,-0.3280293609099396,0.18411408403372886
q228_7360,227,How are the different instruments introduced in the song?,Instrumentation,Low,percettiva,C,A,False,0.20742187499999998,0.7925781249999999,0.35092726541710384,0.39959817945785997,3.4697715317951396,0.8534977659901282,0.35092726541710384,0.39959817945785997,2.7515213688994398,0.7169389593868118,,0.21364387509455599,0.10885207032495925,0.024195529045846625,0.007475544433669146,0.1003089934858968,0.055764336900117416,0.012778867790804435,0.22750622779911417,-0.02514051547003814,-0.11768243891760893,0.0551116151985213,0.13003975066582213,0.07444682387589668,0.08010474319976191,0.0830916186353827,-0.05734711798516619,0.03335281131492997,0.05999042642577502,0.04286774932030727,0.08926748037370016,0.0405213878422167,0.10901134283671443,0.04667577469988732,0.10621399285886145
q229_7360,228,Which instruments make the song groovy?,Instrumentation,Medium,percettiva,A,A,True,0.17176573426573424,0.8282342657342657,0.15112010801481277,0.7877422229918849,3.296423391627651,0.961150174846153,0.15112010801481277,0.47152393644640844,2.8360628812790276,0.5799169439417546,,0.048719345720032156,-0.14897076526999029,0.05402443982908605,-0.009138378002747888,0.008465800434408574,0.23651353970650854,0.03991052203128599,0.3931195400126381,-0.07672833806286168,0.0,0.05077572466125683,0.13770275273358037,0.11030015359689194,0.14933803749836871,0.10920453366198615,0.0368746700810288,-0.04566311706043977,-0.03528766558940655,-0.001911486055978233,-0.044343728395958584,0.007275232501634549,0.046800222081139396,-0.00213259522767701,0.18043964803765625
q22_1215874,21,"During the introduction, the bass and the lead play their melodies in a...",Melody,Medium,analitica,A,A,True,0.20933014354066987,0.7906698564593302,0.4581589043040818,0.3154895208840257,2.8880716450909287,1.1657121211535255,0.4581589043040818,0.045582566455735524,2.7550871271941237,0.7706710066547469,,0.10293205302806868,0.16723126505493374,0.019439832754331865,0.013304778614946854,0.10679725330637072,-0.03075478867898697,0.2289897652153105,-0.1041986885351581,0.07327841626571105,-0.11996603754542662,0.01576949921511629,0.12645937590290812,0.06994255174362565,0.028317828585739557,0.08466837504032593,0.027146519751145088,0.041665917754519784,0.006780156081461732,0.042587298321745,-0.015835556486831926,0.0546259443025233,-0.007319719833260456,0.07562090166051476,0.0
q230_7360,229,What harmonic techniques is the composer using in the chorus?,Harmony,High,analitica,B,A,False,0.25,0.75,0.5426257244886128,0.38504615655409813,2.325887524273524,0.5079262070952925,-0.5426257244886128,0.017615253211135523,1.6789260216509296,0.23487394070833406,,-0.2455148624855764,0.09037361834790646,-0.10432797296112728,-0.053743423440794164,-0.02990032784453619,0.11095708653471038,-0.16288256119737288,-0.12997202823068715,-0.5045229178459212,0.005736166264254196,0.059179758686765484,-0.002199539235727306,0.03755467003597819,-0.04176784848469107,-0.04254118511184457,-0.06471955501510704,-0.1575849062917568,-0.045052919443293434,0.0009354122587802577,0.08188754510910366,0.09766489316797372,0.021833106915125484,-0.0333114493885878,0.061898297101471045
q231_1321293,230,What roots would you say this song has?,Historical and Cultural Context,Low,knowledge,A,A,True,0.40354671280276816,0.5964532871972318,0.3866276041255069,0.8419941541462281,2.4916872861400647,1.8576820558535612,0.3866276041255069,0.8419941541462281,-2.0884255509486596,1.7895720659955434,,0.06687368036727614,0.1750895229257098,0.09068988836101763,0.03327441915576452,0.09555133471155612,0.07361810238879803,0.13351270068565704,0.5600121096759557,0.04941312494854012,0.1287773278088973,-0.025804728015166204,0.0,0.04477433410897634,0.06912207394585768,0.12985940392972847,0.0,0.19906620330224073,0.46485314491900875,-0.020624340517067984,0.04066620406116128,0.041918691345509775,0.08463845024386017,-0.03197508497725428,0.053936953167442965
q232_1321293,231,What are these lyrics about?,Lyrics,Low,unknown,A,A,True,0.3815789473684211,0.6184210526315789,0.1993028326081181,0.7244001189556206,1.3724010294353386,1.5544619396957382,-0.034113165269377174,0.1415116575803203,0.8868514704074985,0.827826880725423,,-0.03305985312399428,-0.04702408797651014,-0.039230541262910285,-0.18291428938155027,-0.04441760455184307,-0.06150585332958972,0.08259483366937047,0.43295588826797043,0.05922830074135362,-0.10474512157465452,-0.07047786781430476,-0.017968120129952407,-0.023095824451937717,-0.004574661788628299,-0.11411380528146385,0.040506211244001916,0.06554160448392729,0.23196730861231019,0.023753034858883647,0.02231591954176456,0.032050380697697015,-0.1676543750124483,-0.006998988503532408,0.1416644966879272
q233_1321293,232,What type of language is used in the lyrics of the song?,Lyrics,Low,unknown,A,A,True,0.31128848346636256,0.6887115165336375,0.09479223651257507,1.7529721884391456,2.792640061499688,0.8247740351574465,0.02211585426275091,1.7529721884391456,0.9827636127935498,0.24292188430487638,,0.03252956258280139,0.2832872688446645,0.0259244828048616,0.18368349546091808,-0.010509327381992305,0.30852984537415257,-0.025828863742919775,0.9774715787594104,-0.2944540706386735,0.4655836454192204,0.08556616841168153,0.05482942836636069,0.05300013225754811,0.030188306933147807,0.08772300455981227,0.5664996349604428,-0.040646954477704944,0.04259559417865907,0.04852492843574155,0.10216045574035187,0.059353949086798974,0.32992198000386896,0.023048696627546935,0.1611931428370939
q234_156528,233,To which city does the introduction of the song transport you?,Mood and Expression,Low,knowledge,A,A,True,0.4042821158690177,0.5957178841309823,0.24606751490855325,0.30836991932184576,1.6990138760142242,1.7123987109723167,0.14604766994082014,0.021394775210805763,1.3585689841340658,-0.4453249697237311,,0.07600188666444586,-0.06123662604605355,-0.03378867786773928,-0.06567628046396455,0.12005570576024083,0.16488234726632578,-0.016221244616127273,-0.016574665545501913,0.06033699413840027,-0.082244072472764,0.038492235939287245,-0.04858038588994674,-0.011413464537101093,0.05186071052518463,0.12919373388471847,0.0925522946061819,0.10012218900755893,-0.17370108878603163,-0.02854806058715736,0.10533224515314685,-0.02362665867660748,0.04031840962987091,-0.11850929922827885,0.03585666244516384
q235_156528,234,What harmonic system is used here?,Harmony,High,analitica,A,A,True,0.4704952581664911,0.5295047418335089,0.28824785668632324,0.38224972210437425,2.717799353171831,0.9814007268467133,0.18620864388058622,0.24554127043265947,2.717799353171831,-0.8120982817299611,,0.07672964035457827,-0.023234890640402094,-0.05101960640286851,-0.029414459145686432,0.15493388541310904,0.31389549626851687,0.0055647245157674115,-0.015704876049768855,0.0774520601467544,-0.025821979777368907,0.0470987985366951,0.05239352792010239,-0.013597087788241107,0.021057688277157566,0.10828596025914157,0.04821011266558837,0.12025934737922642,-0.003350129038237299,-0.04495906456395084,0.0,-0.004318771798792972,0.11781169340112706,-0.10401259829024637,0.03524035698429028
q236_156528,235,Who do you imagine playing this song?,Performance,Low,analitica,A,A,True,0.4017412935323383,0.5982587064676617,0.22732710699269368,0.433216527578491,1.9839463738930072,0.5049076405713405,0.22166429366904353,0.35799713863675253,1.2492965791773831,-0.18076542776958776,,0.0758631821148803,-0.037609694470869245,0.011418617969763317,0.07662430863121902,0.13721390024622498,0.27877759108993155,-0.0028314066618250755,0.04020493338647121,0.08401018397834979,0.040272638077121066,0.05218467106312111,0.00500219236496869,-0.021311590112936644,-0.11074599425094192,0.12866516210492085,0.0728670548893087,0.13932703957128825,0.16728713994989217,-0.032356417964077636,0.10922576641604795,-0.02361714366227031,0.0301015409349136,-0.10523761130935187,0.043986800255442306
q237_270070,236,What scene does the introduction of this song remind you of?,Mood and Expression,Low,knowledge,A,A,True,0.4749715585893061,0.5250284414106939,0.3651587561951971,1.5946171844334611,1.8781795874636564,1.2760903943990602,0.07810236809421307,0.8871607558376697,1.5254912065333421,1.2760903943990602,,-0.06200894653573452,-0.1510513840725971,-0.03724319690373537,-0.13970354564133564,0.22163056214470508,1.2408889701355654,-0.04427605061102212,-0.06297328458396304,0.0071285690649290166,0.04893130264837538,-0.09044798463561811,-0.0825168668452311,0.02503308475851654,0.10877478872986326,-0.04304922596715335,-0.2833214403745518,0.030614953970645165,0.42727536638605645,0.05473964115461913,0.22178107056995583,0.09408332974827469,0.417539946228529,0.0,0.02869658849467259
q238_270070,237,What could you say about the introduction?,Melody,Medium,analitica,A,A,True,0.4351851851851852,0.5648148148148148,0.19799886242378473,0.3113591521638858,2.8523908207721833,0.7177683990904851,0.13376528661529558,0.2759150880330554,1.6820362622961982,0.12374854225693749,,0.036029108795752066,-0.017722032065415214,-0.004412917160883406,0.014149974074405096,0.12985296572378807,0.227310527118424,-0.027703870743361166,0.05217661890564153,-0.2605659385518642,-0.05152101737786338,-0.06752797931553361,0.06080239901645151,0.07099428848136763,0.09082762363716516,0.2689061532950988,0.01951282044698347,-0.053799504783285865,0.0038062621509651912,0.06352384507653254,0.03349274835604178,0.16569051478408356,0.02992674594056299,-0.053456092371103284,0.0890675058627487
q239_270070,238,What are these lyrics about?,Lyrics,Low,unknown,C,A,False,0.30094228504122494,0.699057714958775,0.7949013246656998,0.8767103742741404,2.289679231449283,1.1567064618053604,-0.5650578093221018,-0.038693974506490036,2.289679231449283,0.3403382894830855,,0.05377345330505741,0.0,0.06114830436674162,-0.04243265940094341,-0.6545587870251729,-0.4152695149893718,-0.025420779968727887,0.4190081998838252,-0.42651492926974754,-0.4939375094309991,0.0,0.11567532415311754,-0.03104853415892983,0.2868579623436818,-0.026325324629178547,0.02025527539134895,-0.02868944207123718,-0.027766238580316537,-0.14405109811563918,0.11852424906292228,0.05301876380624178,-0.0232876023661452,0.03855275511638872,-0.03501543508009971
q23_1215874,22,"During the chorus, we can hear a very popular type of synthesizer sound. Can you guess its name?",Sound Texture,Medium,percettiva,A,A,True,0.3278481012658228,0.6721518987341772,0.604636396415414,0.4686335831939767,2.285270052830418,0.49017530872057874,0.3999015401184363,-0.15782023928542865,1.8924439263936839,-0.2678284658841591,,-0.10236742814848883,0.15521493031699657,0.08728160949706144,-0.012066270438014594,0.004111448188123458,0.00019174163727744137,0.4108759105817402,-0.3011606408016881,0.17719787203942547,0.021458960036446005,0.0,-0.01443976658844131,0.04167822141497223,0.028672813808482328,0.08355235001543396,-0.046919910011517345,0.037265054090603475,-0.01728585592642935,-0.0010900683202457184,0.04825453118177879,-0.16096143120633516,0.0,0.22225954208458207,-0.1775610117857478
q240_1163315,239,"This song could have been written recently. However, its style sounds like it was written...",Genre and Style,Medium,knowledge,A,A,True,0.21200000000000002,0.788,0.42420511184256776,0.5239327770511883,2.282356188790048,0.9200355871227444,-0.41664289245430147,0.4724010441312064,-1.8948427502520027,0.4508637526665255,,-0.2632020415104067,-0.02576586645999098,0.0037811096941331723,0.2604541973275405,-0.0005860352089067204,0.0737586373881129,-0.1566359254291212,0.163954075875544,0.04045746366158081,-0.05075202374427374,-0.04205261091430677,0.1026070913592253,-0.018885266985177288,-0.02401725946756815,-0.12573267091244994,0.1732165194900675,-0.07852542124356707,0.0,0.007418875505206774,0.023337732864898333,-0.052623188115748246,0.06939318298125054,-0.1467000734498397,0.17861580064760665
q241_1163315,240,What is the rhythmic accompaniment of the organ?,Metre and Rhythm,Medium,percettiva,A,A,True,0.28711604095563137,0.7128839590443686,0.570084349001231,0.6225004226384561,2.3278292293201943,1.092909973078299,-0.570084349001231,-0.6225004226384561,1.1190196091625821,-1.092909973078299,,-0.2599709473488714,-0.03323292296819582,-0.04093772851358728,-0.12369226061474545,-0.0651382205764281,-0.22397233595438254,-0.20403745256234415,-0.24160290310113222,0.05671096794662822,0.04444306882926175,-0.09018424130437672,-0.07090533352134408,-0.020905059315211125,0.0,-0.16362341133690222,-0.16914570605366314,-0.080266211000525,-0.04022683076219069,-0.007637934822822705,-0.06713894001491189,-0.04610575141900127,-0.10334447270086305,-0.21807270774902013,-0.21618220841474495
q242_1163315,241,What instrument would mark the movement of the foot if you were to dance to this song?,Metre and Rhythm,Medium,percettiva,D,A,False,0.26917989417989424,0.7308201058201058,0.3671817889316498,0.7148849897252417,2.3646509360822474,0.8316645320161606,-0.3671817889316498,0.07974068262902911,1.261334096034635,0.10853668179125268,,-0.07414974327907345,0.13234615928269705,-0.05429353335851004,-0.3175721535481063,-0.057198810552355206,0.15268679149782488,-0.18153970174171113,0.11227988539661349,0.09660742306554176,-0.05340797938801911,-0.03756226214656397,0.06828655849025253,0.0,0.0,-0.04688918045244471,0.09081636515578367,-0.11546682987682269,-0.06069719716970621,-0.05609251701116978,-0.008642884551291516,-0.042900061143180054,-0.023829262606976542,-0.16487836136701042,0.06721508269898623
q243_78733,242,What element in the introduction creates intrigue?,Melody,High,analitica,A,A,True,0.21034180543383002,0.78965819456617,0.1718722980835439,1.2483788889982972,5.517703508185621,0.8718392026597581,-0.13108160698753554,-1.203881006173201,5.517703508185621,0.39425334278369534,,0.0,0.022248941412548125,0.020395345548004176,-0.003434538832213025,-0.06455138400846111,-0.3176778493184403,-0.08692556852707861,-0.9050175594350958,0.07816442721070564,0.015201061635150195,0.08516729361532281,-0.015732171433776053,-0.19255845220484252,-0.7058584513026592,-0.07506368149549089,-0.17826481365761773,0.023404473590604442,0.0015899523747484046,0.004365517963524475,-0.1721560343066502,-0.013647816168249087,-0.08377600822902743,-0.040913369499110404,-0.06488454125336879
q244_78733,243,Which instrument sometimes doubles the notes of the vocals?,Instrumentation,Medium,percettiva,A,A,True,0.3592681258549931,0.6407318741450068,0.15257035047675946,0.46266543095691137,2.188216103722609,1.3225288399398203,-0.006722946773717556,-0.3068450109373273,1.7352075025181033,-1.1811740765396541,,-0.011794583995366401,0.019148693304927532,0.02567528401142429,0.005029938502675135,-0.0678520646298721,-0.38475522094711934,0.04724841784009666,0.053731578202189365,0.07428970581498584,-0.08047520288888593,0.09657248909130985,0.05268663166293677,-0.11922497473047226,-0.12336896103476869,-0.08101288367728421,-0.19043458394257093,0.021734363426586276,0.031044426912617776,0.0258871448797531,-0.017890787361296595,0.011450952022199532,0.053569310467991786,-0.036419743600795654,-0.03197584475335148
q245_78733,244,What resource is used here to make the song harmonically ambiguous?,Harmony,High,analitica,D,A,False,0.21978984238178625,0.7802101576182137,0.5468577070079538,1.314525790079419,3.4949020625316414,0.6684834031875956,0.545133374562307,1.1587271263315913,3.0486917142586725,-0.03539480726090034,,-0.0008621662228233719,-0.044243477755291125,0.0063380087890357855,-0.03365585411862273,0.2606352148221363,0.7852120476973584,0.2790223171739583,0.45141441050814674,0.10785041939743488,0.0,0.08679354410459353,0.10567199082000364,0.05144512141084079,0.39327549540254525,0.09694581999240977,0.36919313277647975,-0.013107666378188073,0.0762775590329606,0.12438894091016887,0.08948867682565992,0.08094902743620765,-0.05110767648277054,0.00986816768883965,0.17592794795671263
q246_785425,245,What interval is repeated in the bass voice?,Melody,High,analitica,A,A,True,0.24910714285714283,0.7508928571428571,0.11028614591773074,0.9471034235420932,2.4431873782285702,0.9998792895492284,-0.07193888267262659,0.5625075348262023,2.379687269567097,-0.31059373439147236,,-0.014256140717461743,-0.01703770752207566,0.008643735372255247,-0.17526023683586972,-0.07685637357771692,0.7460795798830261,0.010529896250296841,0.008725899301121665,0.09526768682925556,0.1467265155234327,0.0,0.05848471817625303,0.031232452684780594,0.09189316190908242,-0.010396609695360022,0.025527443992667737,0.019628505716858306,0.07098763431200518,-0.07250143173099834,0.07779076006399377,-0.004796590864809165,0.06652831651725993,-0.13037289561235352,0.024568984331507643
q247_785425,246,What roots would you say this song has?,Historical and Cultural Context,Medium,knowledge,B,A,False,0.33150851581508517,0.6684914841849148,0.23433201089634603,0.6341350373627178,2.4277143384525544,0.9184688101754133,-0.2255746626196305,0.2647257532847399,-1.9538432466348115,0.2551585830654355,,0.004378674138357769,0.0009610978063676959,-0.008227052350206047,-0.18470464203898895,-0.21777574965678198,0.41018818084084485,-0.00395053475100024,0.03828111667651631,0.07934870958990575,-0.03096178536496609,-0.03704300570620293,-0.08920774056223524,0.01847580218494962,-0.016118810799331473,-0.028489979636263763,-0.034880998334056446,0.006272596435786969,0.09163596018773348,-0.08488309248380076,0.11208821728794673,-0.045765283258916586,0.018323421160417384,-0.1334904097450888,0.21384748970923156
q248_785425,247,How do the different instruments relate to each other?,Musical Texture,Medium,percettiva,B,A,False,0.4283536585365853,0.5716463414634146,0.3027321643367619,0.2805687450963593,4.435848684890183,1.4811373048024805,-0.22213262694168184,0.16087089880153155,3.5123813252774445,0.7586177316492316,,0.002690221844247562,-0.017108669353513625,0.03760954685329246,-0.02824863479838252,-0.2500397046810961,0.22071982194894543,-0.01239269095812577,-0.014491618995517735,0.06343711512657262,-0.08821909972701919,0.0039053715627119477,0.056969648566231657,0.03248675184939439,-0.028526548874430166,-0.010207960783437975,0.06590041104038959,0.0010816344997574105,-0.0462900726812452,-0.10368224616249716,0.021431274574585726,-0.03563350359973415,0.12391237692662102,-0.17351978943444893,0.05569290897639809
q249_6730,248,What is the theme of this song?,Lyrics,Low,unknown,B,A,False,0.43874833555259657,0.5612516644474035,0.6472632765023865,0.5160853785156682,1.6589042234171916,0.9376947914086036,-0.4860460917582876,-0.5160853785156682,0.7273013598890781,0.137494472944767,,0.029128636148894153,-0.03151310188945327,0.02238699325028743,-0.011129131922130213,0.02909296297286787,-0.37444085392200854,-0.566654684130337,-0.09900229078207612,0.053462859362054624,-0.047926563933463194,-0.13358567448281028,-0.19179883979355117,-0.0800636286043237,-0.09256450854730397,-0.22651149807734228,0.08867009738215384,0.08804573221970817,-0.03909029881562945,-0.1158566685139779,0.0,-0.017949425589345834,-0.12729195621983455,-0.05358778807225041,-0.10608330858803966
q24_1215874,23,Which of these tempos is most accurate for the song?,Metre and Rhythm,Medium,percettiva,A,A,True,0.4817424727738629,0.5182575272261372,0.8023372381538676,1.3056558522016612,3.1607048713644588,1.4749574499521843,0.8023372381538676,0.82751830808906,1.1893864298240115,0.05283380186335094,,0.31633078914936946,1.0665870801453607,0.05231430105406194,-0.04424622548751806,0.08007252504988267,-0.10511874607067381,0.3536196229005536,-0.08970380049810886,0.25046124607211684,0.2441073063550397,0.09893410482395797,0.27750794592526495,0.02487609470166195,0.051363207009092186,0.13875722308675523,-0.18476744583775787,0.08197147960011192,0.26939679726710564,0.14135716950374597,0.1336989079751951,0.04348595879039636,-0.0030037136810535103,0.022493961575121457,0.039215303076173644
q250_6730,249,What cadence is played at the end of the song?,Harmony,High,analitica,A,A,True,0.33426073131955486,0.6657392686804452,0.5137493029345296,1.8410191851388622,4.655541142646441,0.5986261038307353,-0.06895349762204053,1.8410191851388622,4.645277162360049,-0.07045856416925864,,-0.01960224069147442,0.05130176883498602,0.07279061300804152,0.004611031601316828,-0.2717491595868106,1.134829360072842,0.149607289648203,0.6502770246297174,-0.14702879528449264,0.4982443255519684,0.02720446489194559,0.33907429728726746,-0.058642390920557314,0.15985587430366888,0.20652779378476083,0.5709562786489119,-0.08779305990171515,0.12329542715394003,-0.017521224310994427,0.11233418868841522,-0.014514372625126318,0.05381985286578592,0.022814086744138918,-0.016561059361095396
q251_6730,250,How was the tide in the story told by the singer?,Lyrics,Low,unknown,A,A,True,0.5368647100930566,0.46313528990694336,0.18102881156868994,2.810787618072011,1.5029686898574455,1.3614309183447162,0.05194335013559932,2.7139027559818834,0.46715703687805776,1.1037756198477453,,-0.004651927251105562,-0.02062370015111878,0.01545642272082246,-0.02781873089394489,-0.05989080346543975,0.5027538981083777,0.10102965813132217,2.2595912889185694,0.0300554541257198,0.03769518823586804,-0.12302841350667403,0.08275168149871634,-0.0468221836964106,0.13741341938295573,0.426573387400244,3.1699462005439885,-0.033506283073561655,-0.6743361366037424,-0.11485940903235987,0.05337887774489277,-0.013164864785855736,0.02605543234229897,-0.07330433729550251,-0.11900190716309471
q252_231013,251,What drug is commonly associated with this genre of music?,Genre and Style,Low,knowledge,A,A,True,0.4015401540154015,0.5984598459845984,0.7459095362213062,0.38968476717534095,2.239386061982546,0.6041959816502489,-0.43282882639440623,-0.24536371393612666,1.1209166241649755,-0.24019142296291604,,-0.18165129389216741,0.02884005779597073,-0.10669828856908514,-0.132164241979367,0.15654035491344997,0.04332046882363641,-0.3010195988466037,-0.1853599985763668,-0.33354152552965566,-0.054350570892836986,0.045581708720908665,0.03429828179558164,0.018636170224582582,-0.04540205361332841,-0.1470022101934005,-0.052158788588669784,-0.009853123374497844,-0.07508624635881511,-0.024957119922371245,0.03017530394043101,0.06480934474014428,-0.05971629837781153,-0.04650207106011649,-0.02312334184067752
q253_231013,252,Which instrument sounds soft and shy?,Instrumentation,Low,percettiva,A,A,True,0.3454133635334088,0.6545866364665912,0.15686428882358858,0.804467426058596,1.5413748481629526,1.723036694472727,-0.1321435098739668,0.804467426058596,1.2590123032505156,1.6924489072499873,,0.0056770959018099185,0.1659607276464116,-0.11489087627292921,0.00834079766052961,0.006683293573000959,0.21499997766741463,-0.029613023075848482,0.4151659230842402,0.16604432135225147,0.06760427416609599,0.047502372488570116,0.0645297285334516,0.018438355628314987,0.10728892168294689,0.05481831977300253,-0.07465876614708508,-0.20323098875231432,0.14582545421372775,0.0,0.06304363685410941,-0.12067670312362991,0.2347638026093245,-0.09503918724016173,0.19607037414602502
q254_231013,253,How would you imagine the temperature in the place where this song was created?,Mood and Expression,Low,knowledge,A,A,True,0.3657142857142857,0.6342857142857142,0.603434893140589,0.7725314972157028,3.351280399594032,0.7954979275929477,-0.2557973637901976,0.7725314972157028,1.8086959284961748,-0.30475668767578146,,-0.1512741642223953,0.37013872496239797,-0.04129386042252141,0.12178921821701641,0.1738187646751957,0.20217734216552902,-0.2370481038204765,0.07842621187075938,-0.30272033745278776,0.1562392817924273,0.04095646396745496,0.11058343212294752,0.031542616702045924,0.0,-0.09110587685239958,0.2147280980534665,0.06164243373238425,0.13990635327651174,-0.03744905699257763,0.027062838952340115,0.09143224500574201,0.043789590312405445,-0.05009585190005972,0.0802219027056042
q255_266919,254,How would you rate the sound production of this track?,Sound Texture,Low,percettiva,B,A,False,0.375936329588015,0.6240636704119851,0.8941874569607658,1.1097051122091193,3.144114578112502,1.3498263462442948,-0.23007200682552187,1.1097051122091193,0.7841560902216791,0.05025019947649484,,0.1694833063089765,0.22146980620811366,0.16257441875864548,0.47933272782479597,-0.5621297318931439,0.4089025781762096,0.0,0.0,-0.12887561465168723,0.10384963491093296,0.0,0.16670004549234427,-0.04898391552968551,0.14336619512665238,-0.2148122943329652,0.38542054841391143,0.009584272092394097,0.1120110594070092,-0.03468791193474587,0.038493990310724376,0.19723959029206792,0.07096161474085122,-0.009536132760900068,0.0889020238066934
q256_266919,255,What is the main scale used in the song?,Melody,High,analitica,A,A,True,0.2649867374005305,0.7350132625994694,0.9559839616515098,0.7072767945020941,2.683636642495823,0.6475830263275609,-0.34320786886520205,0.21784682698376479,2.413720592959398,0.0713892276990269,,0.20364981282790526,0.061367342109689665,0.10273823356524858,0.40119446863323976,-0.6495959152583559,-0.24471498375916467,0.0,0.0,-0.10047108216409346,0.10945475268406608,0.027855608058029564,0.06188241996971901,-0.1191750582350676,-0.08311408630776043,-0.2994421373556676,-0.023451688539825988,0.018621897524118296,0.027976953535450367,-0.03890063894526318,0.01591307236071414,0.1592847925961439,-0.060671206696997465,0.009018749656598005,0.16985660997839905
q257_266919,256,What musical backgrounds would you guess these musicians have?,Genre and Style,Medium,knowledge,A,A,True,0.27793696275071633,0.7220630372492837,0.8693276322851493,0.5439124957938922,2.4540447171891357,0.9970232165556363,-0.4483374593296659,0.5439124957938922,1.887087492556172,-0.22366923931452606,,0.1800526394263683,0.19929217571063768,0.030442447051373382,0.07055769853187749,-0.6588325458074076,0.252960939764424,0.0,0.02110168178695308,-0.046853714751984674,0.037749521107486354,-0.056980662184077255,0.04661976842814669,-0.03863607038616267,0.03117809114672277,-0.16007976389685652,-0.0016088555196170362,-0.011941323919648316,-0.06068289356439196,0.024788159090617663,0.07927902596621189,0.011303437215298792,0.06627426620639329,-0.16993752049685285,0.3451035720229403
q258_349850,257,Where is the vocalist's accent from?,Historical and Cultural Context,Low,knowledge,A,A,True,0.4957155098543273,0.5042844901456727,0.47066518128251755,1.453754241149508,2.2429196231852195,1.0319701281395404,-0.3326166625949417,0.1371585907083055,1.8829452283060708,-0.25300811529788914,,-0.00874986153321948,-0.16989158439904417,0.06902425934378792,-0.0375952910786899,-0.24736079611804418,-0.4508109497428672,-0.14553026428746596,0.7954564159289067,0.10654095934982026,0.0,0.02819587190456663,0.0,0.026028228031240448,-0.07140131842026759,-0.1968827414828464,0.17636675127027535,-0.10836480939219093,0.027848896760316766,-0.06155286084696452,0.16624862013305727,0.03373463721933441,-0.06177834126270479,-0.16031594737790167,-0.1001260177723715
q259_349850,258,There is something strange in the mix. What is it?,Sound Texture,Medium,percettiva,A,A,True,0.5339439655172414,0.46605603448275856,1.0714962448218404,1.332613173895572,2.048883623900769,0.8235953894210757,-1.0714962448218404,-1.3000394690642678,1.8097357878839255,0.23650126597432392,,-0.3508456800055967,-0.8118737856159937,-0.16479312826628978,0.016286852415652038,-0.27479319978114025,-0.13213517168362485,-0.2810642367688137,-0.37231736418030126,-0.1730260667695467,-0.20557701822187757,0.0,-0.12145926478842833,-0.02232212208086344,0.0,-0.06862652481407568,-0.07525698592636534,-0.5223834466104962,-0.30462530030556617,-0.09219650995294505,-0.16494455174800005,-0.08905349095270484,-0.22561364835254372,-0.10388808364120855,-0.20256269972148655
q25_135660,24,"When the drums start playing, we can hear something known as...",Metre and Rhythm,High,percettiva,A,A,True,0.35900473933649285,0.6409952606635071,0.3599996760165649,0.49921376823310953,1.1827020108059176,0.4968178034248955,-0.2820163179900036,0.1617088608105287,0.9227413590821886,0.12016721633098579,,0.038991679013280656,-0.1687524537112904,-0.04610333335354798,0.08809149635566545,-0.014774777547532224,0.21173851538454497,-0.26012988610220406,0.030631302781608707,0.1360479249938384,-0.003290614496780732,-0.055517948119945246,0.026418769486062706,-0.04576478740015976,0.01679295015155776,-0.11992694059554866,0.09197865892395546,-0.13641025020637407,0.03363348631450176,0.0,0.044872432441491625,0.047325118279146684,0.05180383208000893,-0.10776943494096097,-0.10050065409026879
q260_349850,259,Which of these musical elements contributes to adding emotion to the song?,Melody,Medium,analitica,A,A,True,0.3685213414634147,0.6314786585365852,0.5668342037883571,0.6186264743659093,2.7561643299585206,1.0172681030335762,-0.46425508748912153,0.4246564420077807,1.494908715421661,0.8579758800101145,,-0.3438080959008466,-0.09698501617906433,0.001853258927881539,0.015090133997778091,-0.1717365497378927,0.06386257675957151,0.04943629922173628,0.44268874742949543,-0.04715257648606859,-0.003239691860812924,0.029379875493399835,0.06181476803710609,-0.02872058485926155,-0.00314880650625516,-0.06547829792100252,-0.03896902238844382,-0.18747840861340287,0.007883303862851618,-0.09276146634681429,0.11768372644762885,-0.00015900900738233248,0.0695191533814185,-0.07188461974858915,0.21311301103428756
q261_924963,260,What could be the intended mood of this tune?,Mood and Expression,Low,knowledge,B,A,False,0.3800505050505051,0.6199494949494949,0.7507308411781244,0.3321767459657345,2.075236492829662,1.1163575607272962,0.667696215108702,-0.22269718965798382,-0.29324252306834425,0.24812151166337237,,-0.04151731303471122,0.05473977815387532,0.042083227907966717,-0.011551789289834843,0.6095145734322371,-0.2367154564287125,0.057615726803209394,-0.02916972209331179,0.015741138796738326,-0.043006818829897285,0.08464582320949832,0.0040932982628967916,0.10230804614430872,0.057935913784609515,0.06416883231804245,-0.03973911154378337,0.12686856749707517,-0.01689190625999239,0.028110217567340903,-0.03222171940337981,0.19255284163664746,-0.0527773122550669,0.05330074793905068,-0.10008953341337037
q262_924963,261,What does not contribute to creating this mood?,Mood and Expression,Medium,knowledge,D,A,False,0.31074438202247195,0.689255617977528,0.21758589969915917,1.4661308065390863,3.033406092502145,1.5490293938929194,-0.10610710444479418,-1.0419832895211134,0.08417750879058178,-0.8344916383542769,,0.019624522369033615,0.10448983933207512,0.00419238445610751,0.07516565772131883,-0.16184650207197668,-1.2540570480300999,0.03192249080204138,0.03241826145559246,-0.0962527907918426,0.013585867836441421,0.03140411685074167,-0.47468793617151217,0.008818781772241562,-0.2837727005842192,-0.08828294646681782,0.04384671463200265,-0.00803105125189827,-0.26342689190126584,0.04016155373440481,-0.025022663095525186,0.06703849542464262,-0.0668204738455216,-0.06096326371626614,0.01431479360848645
q263_924963,262,Which of these genres cannot be recognized in this tune?,Genre and Style,Medium,knowledge,A,A,True,0.1838291380625477,0.8161708619374524,0.6908420468437402,0.9509409703206753,2.436586963361534,2.0736675109309575,0.667498648593849,0.9155321813880799,1.78713782565114,-0.9329204677151455,,-0.011671699124945575,0.057715364963787125,0.035438346383357064,-0.01770439446629767,0.5892644882268097,0.8605595895742911,0.05446751310862786,0.014961621316299276,0.038784148607866324,0.0071282154340724,0.10090012756162427,0.18030011873615723,0.08756279561116947,0.2718613000882837,0.05964336899508524,0.2126053064574076,0.14156733383881198,0.29724159374046744,0.029996035121639515,-0.014839439477242115,0.16726307219524267,0.022301537241806852,0.04178176666240951,-0.06106645083287317
q264_1138775,263,Which of these genres cannot be recognized in this tune?,Genre and Style,Low,knowledge,A,A,True,0.18731848983543076,0.8126815101645692,0.54757238725814,0.7705100377529669,1.884121887037371,1.9839662065912251,0.3422222864414799,-0.2843731946180834,0.33096346737588844,1.7303090815336812,,0.4448973368498099,-0.06063654040990413,0.0,-0.06913409976146093,-0.01758606292898806,0.24306842156744174,-0.08508898747934199,-0.3976709760141601,0.0311154840793004,0.08764531797755723,0.04217199849894117,0.03409389815038072,0.14656612052770507,0.0724059524056055,-0.037794873044081766,-0.23241527948218532,0.0028316552301884956,-0.0998865664025347,0.055023610157534895,-0.06784889373227801,0.09796100435779848,0.02449865476114772,0.004347286634093131,-0.10286627829577655
q265_1138775,264,What type of drums are featured in this song?,Instrumentation,Low,percettiva,A,A,True,0.3429895712630359,0.6570104287369641,0.5166785969334691,0.3007204041037772,2.060932940147973,1.182278493895556,0.43036376300892165,0.2519337536408027,-0.5084722020428372,0.1775035470357173,,0.47352117997119536,0.13771112234694677,0.0,-0.02439332523148726,-0.016390164906429958,0.04383523664951141,-0.026767252055843713,0.09478071987583178,0.02746817119278357,-0.11404251788986791,0.043934299541141295,0.034572630401166864,0.13686350961581775,0.0541043795702046,0.010431353198972825,0.15353546269942162,0.007303300682860732,-0.04386279031812994,0.07500069948542476,0.08719801305750254,0.10202355103747685,0.08042857612050497,0.027338878254443907,0.0
q266_1138775,265,Who is the primary audience intended for the song?,Functional Context,Low,unknown,A,A,True,0.5407706093189965,0.4592293906810036,0.9903000259514835,3.923581870442116,1.362389685837845,1.5182459100730106,0.8295260914931842,3.214553531719737,1.063432043920402,1.2550999810046475,,0.6512534886460554,1.1889452757164793,0.0,0.11040461473008802,-0.08038696722914958,-0.3545141693611896,0.2586595700762785,2.269717810634359,0.030776601265780433,0.11040461473008802,0.13729897298388344,0.5346870759399546,0.16527193880316218,0.4926754113234614,0.07734483685657567,0.7394871010859337,0.06502039807650664,0.1769629853883337,0.09820381177536011,0.4579976253292433,0.13143831718572058,0.0809284053761598,0.12417121454619517,0.6214103125465621
q267_1070646,266,Which instrument is not present in the song?,Instrumentation,Medium,percettiva,A,A,True,0.14500941619585686,0.8549905838041432,0.2490536043836774,1.2906776884871125,4.050899572936051,1.6579743963429507,-0.2490536043836774,1.1422959373278938,4.050899572936051,0.34221718085290165,,-0.06693075734052292,0.32969067629573534,-0.0018870240780212606,-0.0690420754826272,-0.12075401920436205,0.8867961366117678,-0.059481803760771175,-0.005148800096982233,-0.008567258445147538,0.0,-0.013754997906406665,-0.009093549292432251,-0.03194916834277882,0.04648609280250715,0.11180236322758083,0.2072790831443459,-0.12523367835352248,0.37531405166533305,-0.008663441158476105,0.22446839016344383,0.0,0.1456919433429921,-0.1726874234049266,0.15214992550170406
q268_1070646,267,Where could the roots of this song be?,Historical and Cultural Context,Medium,knowledge,A,A,True,0.4349894291754757,0.5650105708245243,0.45289273079223025,0.5407050002516922,1.7187015904883194,1.8820627917779735,-0.4412692077857193,-0.5037846456371919,0.5374636111818555,-1.470512495596938,,-0.130190331789013,-0.2309010050176395,0.005811761503255436,0.018460177307250168,-0.26681460990368083,-0.29029469555156334,-0.050076027596280964,-0.0010491223752392663,0.021761707753604385,0.16147173901471157,-0.01738768926855102,0.04597651746193952,-0.025022606729472645,0.09433639853439649,0.06969598623418952,-0.10049434785021708,-0.21425267364076703,-0.4042227581205632,-0.05341333026009656,-0.10564611493143236,0.0,-0.05235417082919632,-0.22265060187462601,-0.14285190891683053
q269_1070646,268,Which scales or modes are related to the one we hear in this song?,Melody,High,analitica,A,A,True,0.29513888888888884,0.7048611111111112,0.34467755294276575,1.238320718215385,2.95033805226778,1.082747212666078,-0.33204762189787707,1.1338472332958405,1.4713502650054895,0.6376120650336604,,-0.08506938630845785,0.46096848233589993,0.0063149655224443366,-0.03169125852582783,-0.2052751549149643,0.7251154934197128,-0.04801804619689924,-0.02054548393394444,0.0017829317352427258,0.03062743230679199,-0.01725999293311162,0.03552406586485364,-0.030679144784098826,-0.050577286140363734,0.10607381004675107,0.17510640865068974,-0.1582751085894861,0.40897658965524386,-0.029644145954694657,0.21233961547077118,0.0,0.18591071106019305,-0.20404597141847963,0.1359396964276608
q26_135660,25,What kind of pattern is the bass following in the verse?,Melody,High,analitica,B,A,False,0.38419519300801164,0.6158048069919883,1.3361465854925956,1.2739790399997348,2.108765710195074,1.588686292838328,0.5293976341622488,-0.9125063601119878,0.9438484523872179,0.1884317981692437,,-0.2672240238914047,0.17304544703560937,-0.13615045177376867,-0.21937982015816307,0.14171265896983404,0.007690892908264205,0.7910594508575882,-0.8738628798976983,-0.10224732438412794,-0.1365017674477163,-0.13228222503368842,-0.004371612901792662,-0.016624918155560553,-0.006751128234169096,-0.06775151484998995,0.0,-0.03857949447723386,0.0,0.004931715749883776,-0.015358816254723844,0.05607814505502593,0.04740357180932863,0.8258732502579398,-0.7969266070829145
q270_17954,269,What instrument does the sound of the lead bass imitate at the beginning of the song?,Instrumentation,Low,percettiva,C,A,False,0.29846938775510207,0.701530612244898,0.6217061112815887,0.8730941655858516,2.2566743677339822,0.8263242669796439,-0.5590543872591758,0.5172008012757712,1.3018641523820678,-0.18185319956473306,,-0.0686244055827161,0.45807546701025487,-0.07786003029463147,-0.1779466821550402,-0.44389581339303463,0.21181587751342382,0.031325862011206455,0.025256138907132693,0.12092591201403124,0.0869613816831406,-0.021644587160751638,0.03774722556119718,-0.05618497315609615,0.045102322567477,-0.02558024717577869,0.03250085210445125,-0.030695886173698554,0.015507497361247527,-0.13141745021561407,0.041128928818631394,-0.13798652261764444,-0.026990287587474883,-0.27647063277362344,0.2852428807671011
q271_17954,270,What comping technique is used by the keyboard player?,Performance,High,analitica,C,A,False,0.5008748906386702,0.49912510936132987,0.9706906829447552,0.4418997457534958,1.6789171336343807,0.8148022545935962,-0.8618321199939473,-0.4418997457534958,0.9022965839367566,-0.2337830671872374,,-0.3829368078129741,-0.13081482496542535,0.05442928147540397,-0.09114032816462243,-0.3330745846321112,-0.1280015483716397,-0.2002500090242659,-0.0919430442518083,-0.2343833272444353,-0.21392386420024412,0.049143090504372704,0.02154043792269503,-0.06274084671889474,0.0015840630336746986,-0.04837940172810732,-0.0359756371671715,-0.3381858422251379,-0.16205076905176338,-0.004166185058352985,-0.0764872028713311,0.011824922115527221,0.0,-0.23494452963891896,0.02341322658064459
q272_17954,271,What solo technique does the sax player use to make the improvisation harmonically interesting?,Harmony,High,analitica,A,A,True,0.17731878409976617,0.8226812159002338,0.5979056087172898,0.5133674705759003,5.053424866533046,0.8683080309998246,-0.34516746105095764,-0.09785550251199801,4.386177421498512,-0.0897508060182188,,-0.4033001210610986,0.17853859831682511,0.051996123705855796,-0.030141631621991957,-0.06823641382302509,-0.2754698549219572,0.07437295012731021,0.029217385715126023,0.022993048585345194,0.01582244478970081,0.052821058959577866,-0.15069887333201926,-0.016598877577210527,-0.06233483102151868,0.04216971176185774,0.0,-0.33816882377216356,0.43165334982929676,0.03900552397533642,-0.12493658088666246,0.028223597207470155,-0.11296420740662722,-0.17561270019117092,-0.09439680448416797
q273_1131366,272,Which of the following statements is true?,Melody,Low,analitica,D,A,False,0.25287356321839083,0.7471264367816093,0.5180978653639507,0.8655866845221447,5.5483447973351,0.357720863731917,-0.15355009756097224,0.6116270056440682,5.5483447973351,0.017650895170197894,,-0.2065807979489868,-0.028013604962154687,-0.12924318351347472,0.22762923894376175,0.07971333348004703,0.5109776061393447,0.10256055042144221,-0.09896623447688362,-0.03163063254903609,0.0556863249272103,-0.022552439601203757,0.09389569585098895,0.06339863820399505,0.003811751083552792,-0.1591801403767654,0.31689492816663367,-0.20487638549919363,-0.05002859313006891,0.05667457156470502,0.033845750744980876,0.06992716097123283,0.11866945068234588,0.0746891297252937,0.03885169731842467
q274_1131366,273,Which of the following statements is not true?,Harmony,High,analitica,C,A,False,0.2997835497835498,0.7002164502164502,1.3667512996548699,1.452069608493448,2.955678120820309,1.6475088540032432,-1.3667512996548699,1.0311634508738856,2.955678120820309,0.35926449352703443,,-0.4461980429169895,-0.09903614650636389,-0.4030174803224429,-0.11141693230341722,-0.2500998838772748,0.4853219675318994,-0.2674358925381625,0.7562945621517673,-0.6113944841451273,-0.29234044634951717,0.051546413314414966,0.0023457087203244825,0.054174921949229966,0.09820062490237684,0.0,0.117171495359702,0.0,0.15114692944466718,-0.2581047196592279,0.34915926390613683,-0.17346523965576746,0.15377529644867055,-0.4295081914583919,0.45170457844152484
q275_1131366,274,What effect is created by modulating the song?,Mood and Expression,Low,knowledge,C,A,False,0.33181299885974913,0.6681870011402509,0.8442841849208339,0.08027725599458846,2.513681836850659,0.6561723696166555,-0.8442841849208339,0.011243795004102275,2.1075871251093115,0.162185270375765,,-0.11631112593728778,-0.007408714823801475,-0.18366626108898,0.00969188565792916,-0.3889851720446274,0.03606863984141621,-0.15532162584993867,-0.027108015671441617,0.04945164734733526,0.015408049552003693,-0.07991102279388759,0.017557731283049653,-0.043335309672242125,0.0252957741480929,-0.21142348971333327,-0.028563740891226142,-0.09950748756980794,0.0,0.0017404164017704449,0.11085011608702962,-0.33632688240296155,-0.15077071905903852,-0.12497205651770706,0.021466583884191096
q276_30259,275,Which of the following statements is true about the introduction?,Melody,High,analitica,B,A,False,0.15110683349374393,0.848893166506256,0.25375107879685965,0.34421406961336753,3.602759318682493,0.8996176767196353,0.1797282872044445,0.29836296387924166,3.576004898209958,0.7916462759833367,,0.06592487822677981,0.12397090746181194,0.0,-0.02292555286706295,-0.03701139579620759,0.01785225674279385,0.15081480477387227,0.17946535254169885,0.06546224036944562,-0.048873933904871436,0.03507178073071167,0.0,-0.008753647814308953,-0.01788314197701974,0.036008736471724506,0.045524164422415136,0.027843282887997117,0.055758453611860756,0.1435379899792525,0.11338566024197884,0.003851225632660611,0.1069856530390107,-0.12329332105303856,0.043466108445867443
q277_30259,276,What is this music intended for?,Functional Context,Low,unknown,A,A,True,0.5329368709972553,0.46706312900274477,0.3717401035920365,1.809117587797604,1.5572960737221517,1.6438212100831229,0.28094916915094875,0.9569989757487702,1.4503490392705245,1.1372082144934208,,0.23555543867671674,0.5625571243570513,0.0,0.31038897474212107,0.09078919769477589,0.5101121826740147,-0.045395467220543884,-0.42605930602441694,0.0455818023489314,0.11167275198796808,0.04397016974459149,0.08991983062640896,0.017173636130177847,-0.19823521236598982,0.03018876201445224,-0.008321535045412776,0.024864931142821525,0.49985566798945374,0.13237267164244668,0.10018922160964668,0.07406734321725529,0.08532425551384927,-0.08727014708972775,0.2765939954328459
q278_30259,277,What topics do the lyrics cover?,Lyrics,Low,unknown,A,A,True,0.4111033028812368,0.5888966971187632,0.4414494221281745,1.8040084883075553,6.220814674197875,1.2208215841726815,0.4414494221281745,1.8040084883075553,6.012307029985406,0.45615768669403817,,0.18861846815456468,0.22080019947727814,0.021636724601072417,0.24469416088325036,0.06831849086418496,0.1334046191906882,0.1628757385083525,1.2051095087563386,0.050573277813729195,0.1540871671096004,0.04028639309293729,-0.15395943509700313,0.05366686906371339,0.18231085718524087,0.15293238021491554,0.7177662859836176,0.0811975970787171,0.5737229717112681,0.09935927196014266,0.0,0.05632677143610861,0.1571022570322701,-0.09289313853208926,0.1729783843825613
q279_617329,278,Which instrument is least commonly associated with Reggae music?,Instrumentation,Low,percettiva,B,A,False,0.2016990956426418,0.7983009043573581,0.3341361534454264,0.7582840423744933,3.8275215887429135,2.1035976607626887,0.3341361534454264,0.6312034644198016,2.6465646533140927,1.9512073532465757,,0.14361263835479315,0.30652883567781314,0.08877668122175633,0.15665764076059752,0.07402989971882709,0.23155727695873676,0.027716934150049832,-0.06354028897734584,0.07881317061085755,-0.039554594938591425,-0.06354840897011986,0.1686775381847777,0.057752619941092515,0.1562404117280432,-0.07662250482265627,0.03509028479206869,0.0771988520741268,0.04143162647524046,0.10504830313046189,0.08482240709547856,0.17847325421127097,0.1501145838333352,-0.02297913272960717,0.034381207249449215
q27_135660,26,What effect predominates in the electric guitar's sound?,Sound Texture,Low,percettiva,C,A,False,0.2910777385159011,0.7089222614840989,0.8296144498174878,0.5962710228354132,2.204345011701107,1.8546396665441123,-0.5511530405516889,-0.2601523066933581,2.1752211319204733,0.9065275734745435,,-0.5676594923148062,-0.3710066682366403,0.12161361218311703,0.11075053444009342,-0.12272425286978214,-0.05720499652774533,0.01761709244978242,0.05730882363093413,0.10971987815950962,-0.17516263474378338,-0.04893913437336724,-0.011411440346775149,-0.20325409103991143,-0.07410324887895978,0.006118829423054244,0.09329647223629227,-0.059500170628168474,-0.030529390765057587,0.0,0.029578237294191085,0.03910954528160175,0.03182032864777294,-0.3944078973744074,-0.12364063013703848
q280_617329,279,What is the protest content of the lyrics?,Lyrics,Low,unknown,A,A,True,0.232090284592738,0.767909715407262,0.33054954822570565,0.8845368736875932,4.004234613761147,1.623970095426824,0.33054954822570565,-0.7567939945204998,3.098344976506291,0.5159538418438379,,0.16795479594725726,0.06387143958354669,0.05205685756590732,-0.2858459378389776,0.008337194644060197,-0.261674659557087,0.10220070006848085,-0.27314483670798184,0.05883775026198601,-0.05720604420994773,-0.06937334091234182,-0.09182618448158927,0.1127585466669844,-0.1298979302442625,-0.05287121048423145,-0.27693814892583535,0.06480461946383952,-0.11927678686081777,0.08788243598256863,0.11492427722898038,0.15691233715847047,-0.12240285491569447,-0.02840158991157012,-0.07417032211133315
q281_617329,280,Who sings the choir vocals?,Performance,Medium,analitica,B,A,False,0.28382838283828377,0.7161716171617162,0.246563575373125,1.0655005646502902,2.374683926078189,1.2728081221375875,-0.03007198624471996,1.0655005646502902,2.3272830217171396,1.2728081221375875,,0.10824579456420252,0.07148376345089466,-0.027623317124114706,0.06667784458839295,-0.01768689835907497,0.18457338920983402,-0.09300756532573282,0.7427655674011685,-0.13176587760822187,0.21968493946048573,0.059820770145305596,0.06732185899628934,0.1244092930612961,0.14719375974970456,0.0,0.05410368007510716,0.09427868753808938,0.09356932898050636,-0.18724458846122072,0.185533087165197,0.030961251418235036,0.1635593157432083,-0.020531522338203476,0.1345345944797917
q282_852,281,Which instrument has a strong presence in the center of the mix?,Sound Texture,Low,percettiva,B,A,False,0.313848295059151,0.6861517049408489,0.4419490074033008,0.8736182830688448,3.9841276291731265,1.8997707356614952,-0.4419490074033008,-0.47508597047408785,2.099633939217107,-1.4554413101175243,,-0.2065285346734774,-0.08516876457971909,-0.06473660461808303,-0.2125908561701977,-0.10892471428689318,0.1992661562973785,-0.061759153824847174,-0.37659250602154953,-0.17233680922752162,-0.27852883034003306,0.04240710135973483,0.00541138563131726,-0.26684500385992205,-0.0669503192765766,0.0,-0.04163915522160595,-0.09111432867883015,-0.1396011090361594,-0.02942779527390626,0.0,0.018014057495740574,-0.09197681866425955,0.057353770781403884,0.1381988764332295
q283_852,282,What audio effect gives the guitar a funky vibe in this song?,Sound Texture,Low,percettiva,A,A,True,0.3782216494845361,0.6217783505154639,0.33093742120274705,0.17206215366646788,2.2132131924437117,1.1518728512743295,-0.27551549274180553,0.07475702769775892,1.7329693074182446,-0.5058983120331356,,-0.08185241193810584,0.017250755132990778,0.02771096423047074,-0.03285957314777392,-0.015317869636385983,0.10615883554912262,-0.20605617539778448,-0.015792989836580548,-0.04109913128918554,0.05398262165050889,0.06682339667945296,-0.009499989945150528,-0.20690448649461624,0.09094558375851683,-0.05787099643453407,-0.05031047325560521,-0.04750988674205874,0.042627821437168506,-0.017876572783062185,0.0,0.03153434915473788,-0.054324166589095474,-0.0026121648325396173,0.001335630641415897
q284_852,283,Which of these statements is true?,Performance,Low,analitica,B,A,False,0.2345132743362832,0.7654867256637168,1.349430152996824,1.015394414678529,3.4274991840623015,0.5508233633168994,-1.0881064557350943,0.32301619340904053,3.165620410407985,0.32581573624977445,,-0.31764470141982803,-0.28456532995425465,-0.40766526178979334,-0.03060171414209041,-0.4934583411563378,-0.0310220665383992,0.13066184863086483,0.6692053040437848,-0.8017247456842398,0.4687711461032651,-0.09527483318642695,-0.05528080654644,-0.15419059822274583,-0.1519696474007423,0.06276825168589902,0.050390454122859425,0.0,-0.15332561152791768,-0.05726384097723939,-0.06321592228219049,-0.1451346687292639,0.06326904803009933,0.10271397937892246,0.16437753291010704
q285_1222340,284,Which of the following situations would not be suitable for this music?,Functional Context,Low,unknown,A,A,True,0.2340036563071298,0.7659963436928702,0.4139322892666821,1.8706895058046098,3.725571774513512,2.526972214161474,0.20170606047606326,1.7721632926092634,0.18557857296831848,2.526972214161474,,0.06071284929876215,-0.03383571092874344,0.02585152639398517,-0.015427395668929762,0.22125479917862534,1.7114018438757117,-0.10611311439530942,0.11002455533122488,-0.0721544139127362,0.0,0.08118408526393055,0.11665679831344956,0.0594141172936501,0.084373031929323,0.08800737438872269,0.03923458278303866,-0.09234147862278616,0.3319545821692569,0.019421374801644412,0.4190347062779677,0.08782130599874394,0.3084665283479213,0.030353695264893937,0.47244306278830656
q286_1222340,285,Which of the following musical elements is most prominent in this piece?,Melody,Low,analitica,A,A,True,0.37329876863253403,0.626701231367466,0.4417921641699403,2.08772084285043,2.7841972360243106,1.2230439106183615,0.20963389278745453,1.6602132702638213,1.4845822601355798,-1.0043370445461044,,0.05070114296046423,-0.05318038570584349,0.030865523257361444,-0.1605734005874606,0.24414636226087175,1.8437221361730143,-0.11607913569124288,0.030244920384111182,-0.04226969835585388,0.1068737576168788,0.0802164214139995,0.22945208171692544,0.06741514892488952,0.08157184932462357,0.09499945410428642,0.11583211370761756,-0.09724158117911334,0.3021740998419606,0.026453260396533573,0.4006941049559819,0.07991574985830935,0.2955959624797202,0.00014513762440339362,0.12801930062011344
q287_1222340,286,What do the melodic instruments imitate?,Melody,Low,analitica,A,A,True,0.20380078636959373,0.7961992136304062,0.22893038077188932,0.44822212236447495,2.287796622883371,0.44019298216613745,-0.039883707837213164,-0.15076454259171673,2.287796622883371,-0.29957782399166566,,0.03392323652298067,-0.29524376680094344,0.06060009994435741,0.03757691961494679,-0.015660375466454664,0.11115187027143231,-0.11874666883809658,-0.004249565677152414,-0.07220187961793226,-0.09378560835247031,0.05024669748252828,-0.07764614420379448,0.05034957392547491,-0.03499290713795679,0.08865221853413349,0.07889796840865013,-0.1287256617616011,0.005972964454910204,-0.04183436477282674,-0.02511750021091584,0.033601791374339406,-0.05852868724823728,-0.01997208300132915,0.05443537169809767
q288_1222369,287,What type of movie theme would you say this song fits?,Genre and Style,Low,knowledge,A,A,True,0.3999382334774552,0.6000617665225447,0.1968835950044603,0.7755602334008841,4.266977500364887,3.0734261963108787,0.03077220765009496,0.5403924863606208,-0.9989622897822605,1.0374483156175143,,0.03605664297053162,0.29006397111402155,0.014434579914396804,-0.10745716207626355,-0.08305569367718266,0.3679123887667309,0.06333667844234919,-0.010126711443868168,0.06475087355503356,0.0,0.08079191724701554,0.018120677075722007,-0.06221912963335908,0.15872237745313314,0.0,0.0,0.0,0.06505088880540917,0.06466565394570079,0.15972174459958993,0.03212489319061961,0.08803904963565495,-0.14934200065491546,0.05073774879111144
q289_1222369,288,What feeling does this song add to the picture?,Mood and Expression,Low,knowledge,C,A,False,0.3199320498301246,0.6800679501698753,0.7150446691170819,1.123989148951565,2.672316709835116,0.8036559859056627,-0.36749892360917386,-0.7553214942291364,0.1094951915922524,0.30860534412436225,,-0.0244352006247094,-0.17750364765405738,0.06347994380367378,0.11002201553705299,-0.5168365957384184,-0.7621516739362932,0.1102929289502802,0.0743118118241613,0.04102017251692904,0.0743118118241613,0.001845560198481734,-0.03754803928024271,-0.08013491720044516,-0.0663255444683656,-0.03140804606955872,-0.09974520800241657,-0.04594862782533438,-0.25003788556729406,-0.04615080345872546,-0.17574070966459882,-0.01088834283618248,-0.10839493155899482,-0.19583391893433844,-0.09184098751138514
q28_14013,27,The beginning of the song starts with a change in dynamics. What is this called?,Performance,Low,analitica,A,A,True,0.15164520743919888,0.8483547925608012,0.18474837526224416,0.6828314198999221,3.1324526255795884,0.6937787591970207,-0.1190000617135955,-0.5527026650972229,0.6098992825408146,-0.20127633811927342,,0.01637178297201229,0.023658529258709482,0.01650237380231204,0.03689980287738587,-0.10142991541962125,-0.6177670424985725,-0.05044430306829858,0.004506045265254305,0.017360927745376835,-0.07608105398139303,0.010843411632173748,-0.062452078198340574,0.050970948445852024,-0.09713957309407724,0.012878117258140618,0.15633165823558073,-0.11574264437599187,-0.2770848990672262,-0.04141388723916513,0.019516190887691135,0.04854970158447386,-0.05744059877875511,-0.10244663676445559,-0.15835231110070255
q290_1222369,289,Which of these elements does not contribute to creating tension in the song?,Mood and Expression,Low,knowledge,A,A,True,0.23768545994065285,0.7623145400593472,0.7334565715186427,0.9417422380688569,6.478667653141753,1.603748015098614,-0.6511932224642124,0.4941380172238377,6.236813937656362,-1.3282938427080317,,0.0411316745272152,0.37809963284120623,-0.008133943943739369,0.039111201348919315,-0.30636995560966523,0.3007292934562217,-0.377820997438023,-0.22380211042250958,-0.2661846256083241,0.26557761347601205,0.019217543773995375,-0.043434323289188365,0.0,0.06690944579344453,-0.06984023031717324,0.03428461187345755,-0.26236087165322236,0.09029521634977787,-0.03495368907390464,0.03810104059418892,0.001014655538525866,0.06492722895914434,-0.038086005124109264,-0.02252281653299923
q291_1352257,290,Which of these statements is true?,Metre and Rhythm,Medium,percettiva,A,A,True,0.35949098621420994,0.6405090137857901,0.7554283700564085,0.2560625751780013,2.7290827354918306,0.6092048201423754,-0.3060081075336098,0.2560625751780013,2.2417975549358804,-0.3539852599686411,,0.21525019037493215,0.0957684384195087,-0.11469442698564768,0.03739918414507616,-0.41602381180936143,0.10752295077577351,0.009459940886467174,0.0153720018376429,-0.03710228321144788,-0.024733865115447413,0.04407721401347753,0.02937984664714012,-0.03628025280462745,0.04832265888430357,0.0226254481205806,0.057511037255059655,-0.1959889773867129,0.015452346958465417,0.09400084772047912,0.047973140498577274,0.0759797636137254,0.1103693236497447,-0.2733198675990842,-0.028211913599842025
q292_1352257,291,Which country does this music remind you of?,Historical and Cultural Context,Low,knowledge,C,A,False,0.370257966616085,0.629742033383915,1.1968243930890146,0.6324441721596206,2.1207043441965068,0.6598019763327158,-0.9845216859860981,-0.5184134496849415,-0.08298123083624309,-0.15256415113990945,,-0.2792659538509707,-0.26276951043550845,-0.23292119777153997,0.05701536123733958,-0.5784858879150456,-0.3126593004867726,0.10615135355145819,0.0,-0.21818227929237993,-0.19610903311114247,0.02926438468275295,0.1142215895384203,-0.02253166238179986,0.0,-0.01291167929753238,0.018832860951339788,-0.12360646559150193,-0.15305495236152813,-0.23740346119948866,-0.06349376843919893,-0.07053774042030049,-0.03604125080842189,-0.3286127824858478,-0.20276889545441013
q293_1352257,292,What is the main goal of the bass line?,Harmony,High,analitica,C,A,False,0.3912663755458515,0.6087336244541485,1.0338067193506828,0.7989552904997502,2.4094089392168656,0.5987824464052666,-0.8281874493921578,0.5981051905085245,1.6565694052337907,-0.29514665124165473,,-0.2399419062555571,-0.0162291172426441,-0.23584789084220487,-0.07979884339552577,-0.45520728727365833,0.6985302405041374,0.10280963497926254,-0.004397089357443006,-0.19239944476747228,0.047270054764121695,0.028657367560940804,0.07128998266257056,-0.025191928199753685,0.01884652016584909,-0.01939954444986383,0.0342814360620117,-0.0808380389934023,0.11215502669036283,-0.21345483204352497,0.084787339010157,-0.04662202931092142,0.09330091023049408,-0.27893899918816,0.1361739209229575
q294_1936726,293,What is the most important element in this song?,Sound Texture,Medium,percettiva,A,A,True,0.21399387129724207,0.7860061287027579,0.718218712995764,0.9053320303002773,2.255447509193672,1.5543931093824688,-0.3477228085433205,-0.6426654196418805,0.6478881452079623,1.0002776350563465,,0.04021489395348905,0.03230003100001932,0.1450330582727327,-0.23891280366071443,-0.38156406751125405,0.09903327432917909,-0.1514066932582882,-0.5350859213103645,-0.006956704685173919,0.0,-0.09816831757276472,-0.09759773089397439,-0.13582952153376254,-0.040098169195235886,0.1775768267489709,0.1629044448079992,-0.3562662094253938,-0.2686574790972236,0.1066700949802839,-0.10692747046415547,0.066627807035998,-0.13740834930174686,-0.10137678409147832,-0.15488066549754342
q295_1936726,294,What is the decay time of the reverb used in this song?,Sound Texture,Medium,percettiva,A,A,True,0.30619380619380626,0.6938061938061937,0.6626034329435724,0.44444687259474736,2.629934409735746,1.2994770783743184,-0.27101782509740296,0.44444687259474736,1.7484070500064746,0.2591437251084374,,0.0,0.0,0.1957928039230847,0.01690933491348965,-0.3750779395580356,0.2197836511135798,-0.09173268946245208,0.2077538865676779,0.0017844858183405435,0.07739884255365363,-0.08786170960417351,0.07879238750685022,-0.12158869941509903,0.12592105861487457,0.14261260909087436,-0.03429387082937924,-0.29847480335964555,0.1472766528470364,0.10732707487712176,-0.023683644997767348,0.07072358548897376,0.020098504135719633,-0.08554036799379529,0.0529369427637595
q296_1936726,295,How is the reverb size used in this song?,Sound Texture,Medium,percettiva,A,A,True,0.34298780487804875,0.6570121951219512,0.610311880088017,0.7763519099981274,2.6343841124060474,1.463807190520333,-0.2306350290179825,0.7172034777277673,0.11525038051316094,1.1577046982463834,,0.03151862730905564,0.0,0.15831979822596162,-0.029574216135180062,-0.3457650242860851,0.37814575588125743,-0.07470843026691469,0.3686319379816899,0.004732700966789419,0.09627881158330477,-0.0829201177399976,0.13224553983246595,-0.10723646564765432,0.20956659313145823,0.13372503775185637,-0.13824994585136172,-0.2750957264766085,0.23429865376083642,0.10226386307914123,-0.10904294369691714,0.07622485172142053,0.13564976890299368,-0.08232917267292954,0.15645700006498714
q297_1320579,296,What type of pedal effect is applied on the voice in the intro?,Sound Texture,High,percettiva,C,A,False,0.2343587069864442,0.7656412930135559,0.31854038920058864,0.5670778235393148,3.148435378684158,0.8419330405876924,0.08213295986621483,0.4123003351777697,2.6032631431007847,0.23085916423513234,,0.038647322053645655,-0.06281914760340912,0.05466524710946466,-0.014569596577363394,0.10702410537029142,0.07704158350342662,-0.1182037146671869,0.4126474958551156,0.18224718334387596,0.13362949391128226,0.0033492805319473087,0.047512768877276436,-0.05125607530639845,-0.0010412672521789047,0.04512086589619782,0.0032989732792521147,-0.019642494578247488,0.02472408849989848,-0.060702334606627203,0.07031408229692124,-0.047725044449608095,0.05873629490857609,0.030741579035074976,0.07512590065674205
q298_1320579,297,What instrument plays the bass line?,Instrumentation,Low,percettiva,A,A,True,0.2987111448066717,0.7012888551933284,0.49086150816973845,2.6191685131226503,3.182455782060084,1.722120216712409,0.49086150816973845,2.6191685131226503,3.182455782060084,1.5844856025347753,,0.0,0.0,0.08943702294552815,0.2838770867188341,0.2833031071030466,1.2925193797822914,0.1181213781211637,1.0427720466215251,0.13514821462698434,0.26586875422191786,0.08793424223147547,0.21188714559297964,-0.04109219077971031,0.5021283493513969,0.04313506797837405,0.17882577589495074,0.08328298334103668,0.15752196011071687,0.21590233443447068,0.73998880348711,0.003100688075354772,0.2527758655943322,-0.03654983173824719,0.3101718588692464
q299_1320579,298,What region of the US does this type of music usually remind you of?,Historical and Cultural Context,Low,knowledge,A,A,True,0.4108786610878661,0.5891213389121339,0.7217851782970373,0.8791478074786307,2.309419935554697,0.7090880044872659,-0.7217851782970373,-0.8202304954237546,0.7269796048253612,-0.12903754223335326,,-0.0013725115050705963,0.029458656027438107,-0.2203492563621067,-0.21686532342202613,-0.2232846599444289,-0.041174507007777084,-0.27677875048543116,-0.5916493210213895,-0.2537361004556943,-0.14074595094210818,-0.05854589403890802,-0.07487415387058982,-0.018074746254427093,-0.4266416024227448,0.04734691653871436,-0.09484361023677212,0.02465882013547384,-0.14805801695622803,-0.2229113512102664,0.14710399335301838,-0.09991793192948395,0.05810785330895606,-0.14060489108244584,-0.14027900765728604
q29_14013,28,What is the interval between the two voices that play the melody?,Melody,Medium,analitica,A,A,True,0.37542229729729726,0.6245777027027027,0.20146077286657116,0.3910044644411873,3.1950121296254026,1.4624529858115358,-0.08773883070522384,0.38373321756688455,1.9792566532089653,-1.4624529858115358,,-0.03299220126526585,-0.0034259888930259375,0.007208505354668203,0.003054760472592761,-0.11160760052063165,0.38431408053144317,0.04965246572600545,-0.00020963454412543242,0.023696715510733823,0.07096448006015836,-0.010919097988672667,0.03579951181557441,-0.008331595598848744,0.02567191012640444,0.1567858743605989,0.010826887169681705,-0.089486595997473,0.2132088650397257,0.024416132069792193,0.028136873373763853,0.039903379734965556,0.049683220708218734,-0.22380364279631992,-0.050558530726642646
q2_1204663,1,"Which section of the song follows this harmonic progression: vi, IV, I, V?",Structure,High,analitica,B,A,False,0.39736070381231664,0.6026392961876833,0.8390528574496727,0.45730807192277495,2.1215669803180304,1.2391694302145224,0.8390528574496727,0.3533531919289695,1.842837755888373,0.9453966024740401,,0.2833451049660029,0.085368006147761,0.06422589552026337,-0.0519774399969027,0.3570441065547346,0.17583529622104963,0.13443775040867176,0.1441273295570616,0.23575349778220184,0.008565212728862036,-0.06439034224269471,0.04216103675427363,0.05411227835815599,-0.00491891347322064,0.15041868298538993,0.010746376541366433,0.3799596155911421,0.12027093453514136,0.042730366268706986,0.048057414283891285,0.0,0.0,0.040468758706770434,0.1284711305586554
q300_1079319,299,Which instruments are used to accompany the voice in the intro?,Instrumentation,Low,percettiva,A,A,True,0.3285106382978723,0.6714893617021277,0.7551164427797321,0.6584430581128277,2.888751771104527,1.7276513215318263,0.4611322372819906,-0.04004913300864474,0.5835896235438874,1.3278219916742895,,-0.14699210274887073,-0.08607603505742292,0.09352774195296773,0.03170472394872598,0.1131554361997079,0.27749223860336547,0.4014411618781857,-0.26317006050331326,-0.053198245999424354,0.18748948060989307,0.11014489445964991,-0.02277380938852209,0.07592006252861062,-0.13272071833907897,0.03539843973102788,-0.08212256254976882,0.03812230646341859,-0.0028267004566067747,0.14507911533860657,0.004778895344198973,0.05162474937694987,-0.053118759992646675,0.05804091538315152,0.06124504176388659
q301_1079319,300,What do the lyrics suggest?,Lyrics,Low,unknown,A,A,True,0.35940695296523517,0.6405930470347648,0.6253189395107721,1.0762013683474283,1.9812827380849287,0.868627152427556,0.2207763643639256,0.684062013705588,1.9812827380849287,0.4207223489164348,,0.048925938267913,-0.12880191052567916,0.14057338725203689,0.22997431434046575,-0.20227128757342322,-0.06726776679524105,0.23354832641739892,0.6501573766860425,-0.30777553046461864,-0.2606538110772417,0.08592145222942676,0.23397858643510683,0.11426214604647081,0.17438170249333945,0.04899550851961376,0.10914285053278355,0.05709364558514268,0.3375668074436744,0.033814505813897486,0.04590701203419603,0.15607280359662418,0.16715106201346575,0.03239183303736859,-0.12341219616973631
q302_1079319,301,What´s the style of the song?,Genre and Style,High,knowledge,A,A,True,0.5819022457067372,0.41809775429326285,0.47709837930683296,0.47111605778113386,3.1878840027358586,0.5931991738197768,0.47709837930683296,0.47111605778113386,2.3202904786513945,0.44725418340292505,,0.12698545681410586,0.09114725627922594,0.13563142852571,0.2301261657535074,0.08083689753485841,0.0933989519566758,0.1336445964321587,0.0564436837917247,0.2642787408063908,0.0960044135594386,0.009471922428167003,0.0876830101862407,0.01930886958347626,-0.203772081217193,0.0,0.0378490617438397,-0.023150725367922065,-0.07752170801275839,0.10264983105453196,0.2208827549871001,0.08722445881099855,0.0930102223595139,0.017315281991190472,0.21698038417495222
q303_498814,302,What kind of music does the intro evoke?,Genre and Style,Low,knowledge,B,A,False,0.4935446009389671,0.5064553990610328,0.582136772436805,1.2433648908072297,1.4058094345375902,0.4259504038551391,0.3309431994141304,0.5006189123302652,0.8635574575554672,0.07788168685455792,,-0.07487788089634514,-0.06794763526552028,-0.05071890561499215,-0.26803101331621154,0.4326883111754514,0.8719919015687474,0.023851674750016254,-0.03539434065675043,0.01626334067242026,-0.10703563859318785,0.04597491881341147,0.1132905181743252,0.07516426367618537,0.1466917365400196,0.02517461317443971,0.11884534094035878,-0.05395696454961199,-0.05052446231100227,-0.02720942811330023,0.13557700773725628,0.13012887010774998,0.05856275310918421,0.1194035856328358,0.08521165673331119
q304_498814,303,Which tonality is used in the intro?,Harmony,High,analitica,A,A,True,0.4505597014925373,0.5494402985074627,0.7346057845802221,0.784531746778282,3.801864111623824,1.604788175994606,0.5310124803959442,0.17719902565230322,1.4296265492752,-0.10737658609543399,,-0.05871542851906855,-0.16169562220176747,-0.04308122357307036,-0.14197073836122184,0.5990422340419553,0.4715697854255062,0.03376689844612778,0.00929560078978637,-0.02608531885528074,0.009508079313804249,0.0704620057051689,0.04804643263507964,0.10805069160927999,0.01809165016361628,0.059250588374051186,-0.04045387709462568,0.04409130870828032,0.3720523146616431,-0.006703959079042289,-0.12490807970154308,0.1530531152536428,0.0,0.12889404867984405,-0.1051374943256713
q305_498814,304,What mode is mainly played by the guitar?,Melody,High,analitica,A,A,True,0.45448954489544896,0.5455104551045511,0.48590730108578967,0.4862044701096543,1.8976256343058893,0.4424407771231381,0.2213390453057376,0.1978410693822101,1.5459171517540415,-0.20163171726289453,,-0.12730490906828174,-0.09731768408802931,0.08921801134514626,-0.0468640162756928,0.26440516185061735,0.3420227697459322,-0.004979218821744291,0.0,0.1859439958305716,-0.1916267295038655,0.008602925443871534,0.0881673763564032,0.15637091840703876,0.02260438403541226,0.0765939508772578,0.01738899725831565,-0.3175894202352467,0.19400457787082215,-0.007184350817421942,0.06692971995301947,0.08487610941303403,-0.03711027732377545,0.033724916386632504,0.03748302073587835
q306_785413,305,How many guitars are playing during the song?,Instrumentation,Medium,percettiva,B,A,False,0.24068479355488415,0.7593152064451159,0.6328982879755721,0.9809671842919425,1.5605986711676993,0.7161834684036925,-0.6328982879755721,0.6601489494400703,0.5881113552309615,-0.41853635798292554,,-0.05112240277980906,-0.15082973967601743,-0.052828206134690976,-0.009579377749918752,-0.5087081913960316,0.8034301693335972,-0.02023948766504049,0.0171278975324092,-0.17664771250855096,0.3222713411356593,0.057573739329580424,0.016486196214665134,-0.04290676748750376,0.17433998670439974,-0.018537018690198796,-0.03695935517691894,-0.0628374635861947,0.014923778500663537,-0.22419293234079424,0.1312972272385471,-0.056122541469937115,0.05455582192800081,-0.10922759122197306,-0.016766047104946332
q307_785413,306,What type of guitars are used?,Instrumentation,Low,percettiva,A,A,True,0.4357894736842105,0.5642105263157894,0.42965390972510126,1.1745164516706885,2.055132099153214,1.0878146852612678,-0.19793945273080626,1.059425786456143,2.055132099153214,-0.5534950140201162,,0.1158572284971475,0.1380768252997945,-0.05517628644136642,-0.05754533260727279,-0.2586203947865873,0.928130857667131,0.0,0.05076343609649004,-0.039463277257032886,0.20153342230039503,0.07168494106466144,0.04939601315256972,0.018932531688021635,0.11390495556289677,0.004682802826407956,0.045778518061462097,-0.008751910661519459,0.1295941490129528,-0.13979596562255675,0.26862205794906396,-0.028681589465737786,0.1369627504633923,-0.07654698530305039,0.11363391995341003
q308_785413,307,Which percussion instruments are used in the song?,Instrumentation,Medium,percettiva,A,A,True,0.17677286742034945,0.8232271325796506,0.46475357924845173,0.5270684108875955,2.7265677926475496,0.8211295320786863,-0.38730481418387763,0.17826565630793934,2.395953537617875,0.16535427942267697,,0.03872438253228705,-0.17440137728982807,-0.05226111866120761,0.02020038343293548,-0.35175163290924377,0.26803408346579977,-0.022016445145713347,0.06443256669903215,-0.049697628170277966,0.15473088222861467,0.06195636888991909,-0.0008301575671532842,-0.016311729505189068,-0.02139381022506619,0.00028912324727946304,0.022151656444148023,-0.027436532768942444,0.05523876991807263,-0.20617188364036293,-0.07933965179644711,-0.07572978975676956,0.045865923448112494,-0.07420274247953429,0.0018420438576580954
q309_964594,308,What is the configuration in the brass section?,Instrumentation,Medium,percettiva,A,A,True,0.5039473684210527,0.49605263157894736,0.9555527105293886,0.41823184661594415,2.298631343126229,0.9573275332128008,-0.45644570506752213,0.13981563540892328,2.090386727577293,-0.32757792708746536,,-0.19408357620215988,0.029942524321394656,0.10740490940295569,-0.012252022490875862,-0.5119156315962955,0.24908121669103905,0.14214859332797755,-0.12695608311263457,-0.30678589097548936,-0.04619035411303638,-0.05818338289409836,-0.00759003148877474,0.02053061114498564,0.0019647491730915984,0.0,0.1382641700679527,-0.03677819417991764,0.027111719690047272,-0.10851258050719627,-0.07817731072821668,0.03328373234419389,0.07278978720907585,0.0,0.03164290559878367
q30_14013,29,What is the name of the ornament played by the piano in the melody?,Melody,Medium,analitica,C,A,False,0.3116826503923278,0.6883173496076722,1.4493515475810739,0.11152115051600947,2.087943171259295,0.5234720914805326,-1.0654606785406755,0.07176065802487384,2.087943171259295,-0.17296913329783448,,0.028655955521535097,-0.019880246245567813,0.06340414142076944,0.0022224739283265398,-1.2574061130608747,0.0744579437710319,0.09988533757789446,0.014960486571083216,-0.3336165930759983,0.10801885516126158,-0.06391772175263553,-0.009307915981050425,-0.0396993346094439,0.013757694663497487,0.006380922893910733,0.02168591798847843,0.012075426960317843,0.0,-0.08212749846244016,-0.003990697998536189,-0.133511637978676,-0.0280497571215618,-0.43104424251571033,-0.030353438687215236
q310_964594,309,What type of genre is this song?,Genre and Style,Medium,knowledge,C,A,False,0.46240601503759404,0.537593984962406,0.6503873019647376,1.7422380015792314,1.756777075688388,0.46339515565781053,-0.243620780532829,1.2659654663186286,1.756777075688388,0.07921169734757434,,-0.14883131673373462,-0.23813626763030138,0.15806647481039432,0.01589027789934079,-0.2981727245150487,0.7815616537583208,0.04531678590556001,0.7066498022912683,0.014204157619958802,0.42753376516219965,0.1509623524910442,0.2719158787787175,-0.08500599275338955,0.23758043070189222,-0.05164351704240664,0.15112595422601371,-0.36575423880752556,0.12742388945985275,0.005399357530310889,-0.06591490252924355,0.0,0.05014603496506494,0.0882171004291789,0.06615441555413126
q311_964594,310,What's the instrument used to mark the rhythm?,Instrumentation,Medium,percettiva,A,A,True,0.27389903329752957,0.7261009667024705,1.0546539639636858,0.591861675016341,2.2120010116597584,0.8985964056961092,-0.4998526956480183,-0.2331232843302989,2.2120010116597584,-0.6984197401621347,,-0.17247917260120185,-0.12141257192039256,0.10474512338371228,0.015142118258455906,-0.6047741572046502,-0.2910799077529274,0.1726555107741215,0.16422707708456516,-0.34392590432999937,-0.34761167898817197,-0.053772429109828816,-0.030646478239440725,0.013111235486657595,-0.06356876458750738,-0.0457395111964679,0.02434911163648362,-0.04131601659211586,0.09753882106321865,-0.06381358396356385,-0.02366134300264957,0.035603514057299855,0.013657917380596928,0.0,0.09681913040717154
q312_1051203,311,Which piano technique is used during the accompaniment?,Musical Texture,Medium,percettiva,D,A,False,0.43889925373134325,0.5611007462686567,0.7301188606428806,0.8072803093987815,3.06879120485072,1.2934271629047767,0.7301188606428806,-0.8072803093987815,2.9277219532250265,-0.9426084613095942,,0.0,-0.0005005442390353144,0.029794055778462298,-0.03231317202776367,0.27028634277092545,-0.09999700211909107,0.4300384620934928,-0.6744695910128915,0.16022797271704142,0.0,-0.022181224565339077,0.05657485679386879,0.19647552475310914,-0.16075398463244053,0.24923176205011155,-0.2544877078495194,0.012287311888646693,0.03325979217847995,0.11707560912374146,-0.32747078536668695,-0.058805621258174526,-0.039600398480597446,0.07580752593374389,-0.11480208204188594
q313_1051203,312,What emotions do the lyrics evoke?,Mood and Expression,Low,knowledge,A,A,True,0.4861904761904761,0.5138095238095239,0.15747233756187667,0.4803853630041387,4.4829725652649755,0.7414841253294182,0.15747233756187667,0.3969695999543988,4.4829725652649755,-0.6630059598583361,,0.0623156011802646,-0.04170788152486994,0.013207646522820596,0.03154154465027878,0.05041182750534584,0.12564387330068272,0.03153726235344566,0.28149206352830725,-0.187892514500514,-0.281724946777414,0.1482797718375674,-0.01153454895763674,0.16607034561297246,0.1809027400189752,-0.048231911407106344,-0.003861776465406166,0.02793803569857841,0.06783452557795726,0.11599819731266703,0.16085265049581068,-0.06468958699228827,0.15131685713956225,0.0,0.13318409892255031
q314_1051203,313,What dynamics are used by the piano to accompany the bridge?,Performance,Medium,analitica,A,A,True,0.11206193969030155,0.8879380603096985,0.4674508322672504,0.3273286540958184,3.529741507657074,0.646397011879519,0.4674508322672504,-0.28515761195632394,2.3991598909240763,0.14033197531428343,,0.025361305397413582,0.021085521069747218,0.05157889831915616,-0.03664874935347297,0.06029760628197896,-0.11052581984096047,0.33021302226870175,-0.15906856383163775,0.23860447153742645,0.005819096231148265,0.018082197787244788,-0.030477639190684313,0.06758327616026907,-0.02272206945812895,-0.04686495823892249,-0.011134945299276371,0.18127088230672456,-0.10728859294807154,0.003240361335484993,-0.05374543008404832,-0.013253714690637193,-0.05961007089169857,0.01878831606966028,-0.005997960315564186
q315_1351134,314,What´s the rhythm used by the drums in the song?,Metre and Rhythm,Medium,percettiva,A,A,True,0.33181818181818185,0.6681818181818181,0.41611793805612307,0.558132338131446,2.510324298367316,0.3434794213248016,0.11853620958160271,0.14665480942488487,1.6018023049676593,-0.06774148851440896,,0.09502052619811469,0.3002937291359582,-0.054319030189115686,0.05209984464220724,-0.09447183404814449,-0.06569114322425042,0.1723065476207482,-0.14004762112903016,-0.31610023110954927,-0.04287204044612869,0.06840941529352945,0.006789485959729984,0.10117065489633079,0.024777619547749263,0.052705726935113516,0.006045149615691588,0.0,-0.024054831827877342,0.2084263473918909,0.07808881264462877,-0.05483986656950096,0.040749062079416906,0.05876416274378833,0.057131551851674386
q316_1351134,315,Where is this type of music usually played?,Functional Context,Low,unknown,A,A,True,0.5386046511627907,0.4613953488372094,0.7752383794231074,1.865441455971795,2.0298742440651987,1.2545823370931832,0.7752383794231074,1.3913683880244634,1.2218566867899012,1.2545823370931832,,0.39891053460587955,1.1056567741868402,0.04201571575166802,0.05694699428054256,0.11731778385868367,0.4658011535307466,0.2169943452068761,-0.2370365339736658,0.0310956804834845,0.06685729061762939,0.12032629489174282,0.06944087744156258,0.19345140987606463,0.292041173313077,0.10676656452266885,0.014192997498102752,0.09789814290392473,0.0,0.03375661359877631,0.434164281354577,0.12905608014134148,0.3758485363370374,0.06288759300510406,0.13882323146247733
q317_1351134,316,What percussion instrument is used to divide tempo?,Metre and Rhythm,Low,percettiva,B,A,False,0.32067510548523204,0.679324894514768,1.166455175841021,0.2898894670223062,2.5793237026157234,0.5933757088853482,0.9874243308359674,0.24102788218302695,1.2812178764067168,-0.04882465072430278,,0.21731228518729095,0.23139006551352975,0.2529022073315965,-0.022929883341625712,-0.08951542250252684,-0.0015009090780139095,0.6067252608196068,0.03406860908913683,0.315775031591004,0.04629134506640084,-0.0829190866095143,0.030057251981116535,0.3017173158203027,0.03255229079171629,0.002046928466878324,0.0573538722804229,0.0792856816625162,-0.060731188397187004,0.17579233521128795,0.052572567813714124,-0.06240582748862265,0.04662597582605435,0.25813195218211515,0.03630576682078895
q318_307395,317,What type of technique is used by the guitar?,Performance,Medium,analitica,A,A,True,0.5814931650893798,0.4185068349106204,0.14939473667432615,1.2990677663873602,2.1319519710837262,1.0562176894617075,0.11908781078768929,1.2990677663873602,1.2650805652838792,-0.3250822110528947,,-0.0024510895127052984,0.07118380128913945,0.043609780618196536,0.0652221600027911,-0.012702373430613131,0.8927302477074743,0.09063149311281118,0.2699315573879554,0.04094101115480836,0.24445400828465325,0.05221995378564491,0.0,0.14970597564838845,0.460191535728415,0.0,0.1513467512429396,0.0646289920301616,0.03918886309755289,-0.05234910864823191,0.1665105834899131,-0.0654576765667158,0.06911739537737745,-0.07060133661636629,0.168258629166509
q319_307395,318,What kind of clave is used by the percussion?,Metre and Rhythm,High,percettiva,B,A,False,0.2756756756756757,0.7243243243243244,1.276216459385213,0.9984478885700927,2.925851761208597,0.7740824104782533,-1.276216459385213,0.9515782984841799,1.5052840496869728,0.5612686830087229,,-0.07935725182065445,-0.02203509612363167,-0.08404192690453238,-0.0013996989193246975,-0.6929373444499025,0.5929800483661357,-0.4198799362101237,0.38203304516100056,-0.665798804872681,0.44952538695716004,0.061595646181049915,-0.02055469603027444,-0.12295206899476392,0.10807073415858946,-0.13490797296305845,0.07809053664287849,-0.16852223427609256,0.08450283468388732,0.058481170576828924,0.03633561218248306,-0.05234482493363322,0.08873719606921585,-0.25176737010286293,0.12687069382024008
q31_644172,30,The melody starts with four notes on D. Can you guess which note is played after?,Melody,Medium,analitica,C,A,False,0.2778804682686383,0.7221195317313617,0.5464162585469827,0.38322923836057743,3.8348406455305395,1.3556555582778764,-0.1492322016194162,0.38322923836057743,3.104662155966338,-0.1546525242259146,,-0.016167350025388258,0.14160868401900367,0.19859202846378327,0.17875532349382578,-0.16652952360628898,0.012593172760528792,-0.1651273564515222,0.05027205808721917,0.1085784192925308,-0.030431596670058583,-0.04600460540199501,0.06544724872642119,-0.05118508808260506,0.0,-0.03641444868693561,0.06260422003986675,-0.06646577210606922,0.09155594788004112,-0.030373583250343495,0.07208374213336377,0.05262956841155826,0.07393318562963558,-0.07999669179555687,0.04803649062130756
q320_307395,319,What is this genre called?,Genre and Style,High,knowledge,A,A,True,0.24999999999999997,0.75,0.5723834682494268,0.429018769015149,1.8474465201836385,0.6218910311038599,-0.3672524060983262,0.41302491569320665,1.475544843726181,0.5911412662236233,,-0.15724013103279602,0.1366772020380566,-0.0865881913044412,0.06290945274870208,-0.22598961483663926,-0.007996926660971189,0.1025655310755503,0.22143518756741912,-0.3717299628397372,-0.09252160902750318,0.1209919564818101,-0.17378856697338593,0.019865270311227298,0.2527243016486174,-0.021660098813784674,0.14753369784684683,-0.037598223513175565,0.03810219387208112,-0.020841428256709003,0.22577069677378017,-0.053410574058761234,-0.026820902641178826,-0.002869345409195888,0.04202510419394897
q32_644172,31,This verse of the tune is written...,Harmony,Low,analitica,A,A,True,0.7578947368421053,0.24210526315789477,0.7353038192733881,1.4737828624112492,2.6621203815868504,1.211366754921895,0.7172222326165745,1.3071709768195798,2.6621203815868504,1.060098761015186,,0.18613034156770125,0.27774550563859773,0.06068679850374269,-0.08330594279583466,-0.00904079332840678,0.28117720964968146,0.4794458858735373,0.8315542043271353,0.08856683172753156,0.06713004778717574,0.0,0.14314565895149445,-0.03866127883326732,0.07910552883699339,0.025209194213357364,0.22635430180028765,0.18545432423421485,0.3640354230241678,0.23461076504839265,0.16116966799797383,0.054936103112684036,0.14743148248597132,0.16710629311366135,0.11879886593551567
q33_644172,32,What is the time signature of the tune?,Metre and Rhythm,Medium,percettiva,A,A,True,0.413715146948003,0.586284853051997,0.817395198434657,1.2479150510901993,3.6544756087640913,0.8514205863180966,0.015459561498541108,0.4299802478701016,2.2659624473138233,-0.25716646955969225,,0.2965674906670508,0.6403034835380942,-0.03758734382585714,0.013528106871627421,-0.3633804746422008,-0.40896740161004885,0.11985988929954827,0.18511605907042883,-0.5578760195068335,-0.49015144872045424,0.1558337720807636,0.08573192022851356,0.04470057737726958,0.07549031654505298,0.14952702719358157,0.12362422879641731,0.15370206605276737,0.3752413905567265,0.07612674776572048,0.15801406207823698,0.05200737139701631,0.0,-0.05856198086174427,0.10202977838560845
q34_355486,33,What compositional technique do the piano and the drums use in the introduction?,Musical Texture,Medium,percettiva,A,A,True,0.29988974641675853,0.7001102535832414,0.3784658981667042,0.4861335355163585,2.832309941482781,0.8730041571794697,-0.3617631942306282,0.17476559863105395,1.4579284744598808,0.8474033238751116,,-0.07042613077710051,0.3303306759227985,-0.04839748467513189,-0.15489909498992474,-0.25129093074643377,0.00011889115090774754,0.008351351968037978,-0.0007848734527275691,-0.2612473285593078,0.13991629075394452,0.027506902618288698,0.05601411979815287,0.08746661687351298,-0.0038223057841740467,-0.0043296526533205815,-0.04231914303462016,-0.03770712868488733,0.0,0.03097175319950883,-0.06064946989328596,0.0,0.0,-0.20442435702442296,0.0856261067910367
q35_355486,34,In the verse there is a dissonance that doesn't belong the key and mode of the tune. Do you know which one is it?,Melody,High,analitica,A,A,True,0.41335636154288996,0.58664363845711,0.43797723462543525,0.7310831227417601,1.8191438117117502,1.3236099806630217,-0.3661795197695541,-0.3864955064906908,-0.9452051817456186,-0.6046466598513534,,-0.09358736085371626,-0.08841239703815226,0.010784673423490487,0.17229380812553463,-0.3084910163437784,-0.44276428514186433,0.025114184004450063,-0.027612632436208862,-0.24269358046379924,0.3493018941903362,-0.005361642725128794,-0.23049094515644206,0.11328976344589443,-0.03649176131898649,0.0067809163847447895,-0.09200895424486633,-0.02169330591582604,-0.03976362458614754,0.01743360574444065,-0.1949282758020086,0.0,-0.061640218782358036,-0.23393527623987992,-0.08047362079021793
q36_355486,35,What element does the piano player introduce in the piano solo?,Harmony,High,analitica,A,A,True,0.5969597370583402,0.40304026294165984,1.054239235564245,0.32276089756213205,1.7703956709674091,1.3022258428599123,-0.7733008426686714,-0.32276089756213205,1.7016457698970835,-1.1880118100542727,,-0.302123423949864,-0.013352642950088311,0.14046919644778677,-0.17529127481399592,-0.6044316005247324,-0.11666895508017414,-0.007215014641861663,-0.017448024717873697,-0.6024199154565419,-0.09947883306868532,0.0,-0.039960075326370637,-0.02294353412340443,-0.020872532221638537,-0.07262864226549767,-0.11430352950575967,-0.07091217367268332,-0.013601579636509261,0.05185538890373747,0.003998626185721103,0.14232446681188263,0.017512172204164927,-0.1985764328661641,-0.0560551461930547
q37_337998,36,Which percussion instrument plays during the verse?,Instrumentation,Medium,percettiva,A,A,True,0.27401415571284127,0.7259858442871587,0.259099731012598,0.30151371860219367,2.845068250988991,0.481200065368594,0.15426690972198923,0.09746240178229318,1.0677062243221527,-0.2147226550050108,,0.01285731265425422,-0.027857320490263217,0.004883193166570153,0.08494639938297821,-0.05241641064530439,0.11454166080926524,0.18894281454646925,-0.07416833791968705,0.03546476439594064,0.0,0.07403144577126561,0.017041949589969487,0.01970475578583228,-0.0008274220996699715,0.15808016248835474,-0.026417510929446497,-0.05948207372837007,0.09029989508127637,-0.032123839246652394,0.06606457447750516,-0.08006618520780136,-0.016718448168721853,0.038657879463419795,-0.0319806361686195
q38_337998,37,"Here, the singer uses a specific vocal technique. Do you know what it's called?",Performance,Low,analitica,A,A,True,0.26904761904761904,0.7309523809523809,0.23415107704851684,0.2984506452725523,1.9766837678430216,0.5403935989249664,0.23415107704851684,0.29803323670427645,1.6885848350608148,-0.30323611194613564,,0.02561742463180392,0.06002171466368676,0.08677437772512772,-0.00020870428413792552,0.10330934958232471,0.10829337931425101,0.01844992510926049,0.1299268470104766,-0.038542854837305025,0.004340360786496446,0.025848575182745796,0.018557699184632716,0.013574151526716618,-0.008266034003109081,-0.012984251104079067,0.027274776234668178,0.004774312886130054,0.005670825934068424,0.17664102969571335,0.13869504816064926,0.02551352880346689,0.09057734891512259,0.039326584895128205,0.02118321149174792
q39_337998,38,What type of instruments predominate in the song?,Instrumentation,Low,percettiva,C,A,False,0.22315789473684214,0.7768421052631579,0.9261921576256855,0.8159072456926999,3.516174381367329,1.1080612166911625,0.1557555679954487,0.7894599729558294,1.3041713506038746,0.2685697666472139,,0.03051438047540427,0.03970366840768555,0.034458538956116384,-0.013223636368435286,-0.3852182948151184,0.2888690998596185,0.4760009433790464,0.47411084105696055,-0.009386886432301213,0.13175620111741934,0.10664529209107769,0.017470054308370758,0.019645012444249724,0.06763609964592313,0.14420420317584526,0.15032294958749426,-0.040458220693018576,0.2687493183889358,-0.007451513073385707,0.06350708352690655,-0.1338464739738572,0.0,0.07640415445683871,0.09001826638077948
q3_1204663,2,What type of beat do you hear in the drums?,Metre and Rhythm,Low,percettiva,A,A,True,0.5111940298507462,0.4888059701492537,1.0690500101486862,0.7441464805205498,2.0413745218638,1.7263947205208514,1.0690500101486862,0.7441464805205498,-0.22932917170858172,1.4176746585470505,,0.3417250570746016,0.09586218174823219,0.0632112555267113,0.13319572670749522,0.5155864640687826,0.30695455760319834,0.14852723347859076,0.2081340144616241,0.24432318197143893,0.03139505634290976,-0.012527320148914015,0.0,0.10249050896612912,0.15186514905706938,0.18166986668015234,0.17869265435864123,0.46426729034318776,0.1853366892614439,0.036356644066142176,0.031228188660774932,0.0,0.06665167581584829,0.05246983827054999,0.09897706702386239
q40_457120,39,The piano introduction features a typical accompaniment style from a specific country. Which country is it?,Genre and Style,Medium,knowledge,A,A,True,0.291692498450093,0.708307501549907,0.3345492600797506,1.2066450029877362,2.009056213374733,1.0218831630247478,0.1999210116458638,1.1276259163785973,-0.3016563772839742,0.3573817298812908,,-0.0673141242169434,-0.039509543304569496,0.0987315473979899,0.53293692815817,0.15568381130888778,0.4865690606563112,0.01281977715592951,0.14762947086868564,0.0836362100744972,0.0,0.021775652884723447,0.16717954152379105,-0.015371874610647943,0.09692407389310662,0.0915871149556904,0.3686965113040529,0.033685934854577895,0.2470328817860057,-0.06589318519106623,0.07413427029379348,0.10311622943555761,0.048847711218807315,-0.052615070757468616,0.1248109263590404
q41_457120,40,The guitar is a typical accompaniment from a specific country. Which country is it?,Instrumentation,Medium,percettiva,B,A,False,0.35065835065835077,0.6493416493416493,0.37751587117546226,0.8383233822588707,2.116446643837288,0.9329602244524245,0.1696655486065078,0.8383233822588707,-0.16104606125037677,-0.2155565848457214,,-0.10392516128447721,0.0348023112815413,0.07090716833046005,0.23796487698734742,0.07867582192143863,0.416500545429766,0.12400771963908633,0.14905564856021591,0.0395415076937235,0.04246926772273634,-0.005610955519991707,0.158029336568727,0.02765350842988903,0.10375601052242123,0.051700982286454665,0.3157968783551452,0.0379514742451272,0.20568058230775343,-0.023554375460140786,-0.05628658689101037,0.11247298018495955,0.0,-0.07048957325351363,0.06887789367309786
q42_457120,41,What is the singer pursuing with her tone?,Mood and Expression,Low,knowledge,A,A,True,0.32193308550185873,0.6780669144981413,0.3295186082898237,1.176829881419846,1.506526826821073,1.5375400839853226,0.1907766652540577,1.071570270142319,1.506526826821073,0.9810913911195878,,-0.06937097151788305,-0.05262980563876338,0.07264488379562399,0.34030348655383946,0.15600344366753774,0.46261099454340854,0.031499309308779,0.3212855946838344,0.0898846909086809,0.0,0.011027098233483981,0.22407270964912457,-0.015196316379707822,0.039935678940579825,0.05673222104973844,0.1486097543362154,0.027034373101655337,0.15550845366330662,-0.08098097790899121,-0.0732388870138291,0.16915306374973002,0.44456744727865055,-0.06687748750053196,0.13211511328827114
q43_1235672,42,How would you define the harmonic rhythm of this tune?,Harmony,Medium,analitica,A,A,True,0.40101809954751133,0.5989819004524887,0.7374251443453519,0.9874102395708227,2.119622842201977,0.5313110468762907,-0.17834739805739502,0.5516187900046835,1.0478906957535605,0.0005046060716874801,,0.26821558076443774,0.2966043270870108,0.01132329237954064,0.10763303903869322,-0.25976224730462133,0.3652771486620492,-0.1981240238967521,-0.21789572478306962,-0.37848051513162295,0.4365144553351349,0.0777845731367639,0.04478633938808159,0.0411487617784768,0.03750789402922265,-0.05134783131520647,0.09254074009697671,0.11736714373885754,-0.07088487494475629,0.053044225647814476,-0.054128418994897655,0.0,0.03697983589485086,-0.03786375591247835,0.02830281920007086
q44_1235672,43,How could you call the section after the second verse?,Structure,Medium,analitica,A,A,True,0.2272036474164134,0.7727963525835866,0.9541520679880247,0.7115405549881123,3.6236542872667936,0.9327733504135698,0.9541520679880247,0.7115405549881123,2.5509601182067345,0.035502615637393806,,0.5956296759060904,0.10836304730653858,0.10831851177757892,0.0,0.08686954555394126,0.46398217502439887,0.16333433475041415,0.13919533265717488,0.3924119721454305,0.1205346152170148,0.1159869554919342,0.07090843414792941,0.05866240174485384,0.062255132650953615,0.18094571395172246,0.1462138496138679,0.0,0.06681010924318702,0.14097751223486912,0.12539501713351398,0.003554713195618151,0.06068990894782019,0.061612799223596394,0.05873348803382542
q45_1235672,44,In what decade could this song be created?,Historical and Cultural Context,Low,knowledge,A,A,True,0.39012875536480685,0.609871244635193,0.763167647793041,1.333903097848645,2.4492118878905176,1.186663348325443,0.763167647793041,1.2332517058454997,-0.547365580132245,0.21844036990994925,,0.5714377747392066,0.6042969381098894,0.04623251852820799,-0.050325696001572696,0.13915342545790593,0.30507797788525925,0.006343929067720369,0.3742024858519237,0.21156594148677516,0.23727059118819738,0.14705738680850206,-0.07972761362617431,0.1683252796329787,0.10941658210529458,-0.08494113767448397,0.35437438541311,0.17326603547565197,0.08064247501039382,0.07727868518891032,0.2435262870095619,0.0,0.0,0.07061545687470676,0.2877489987451162
q46_510027,45,What level of musicianship is required for a synth bass player to perform this song?,Performance,Medium,analitica,B,A,False,0.30892143808255657,0.6910785619174433,0.4147686350345865,0.2693854084413964,1.3377407470360998,0.35491539681234313,-0.10973481151071715,0.05543575506643668,1.2156829107979623,0.07491838135686563,,-0.121063069476461,0.16241058175391654,0.09686193618351314,-0.006509794290829585,0.05565497557842154,-0.03609240632465219,-0.14118865379619083,-0.06437262607199808,-0.04399059086586827,0.01620369377194312,0.02491228364645745,0.006596843005505913,-0.19580084719039204,-0.05971284976105376,0.09428385434399567,0.055567690957472,-0.019928686057914865,0.05392906071172067,0.06056709377174717,-0.04008179098653857,-0.02293843115741211,0.009451590328353854,-0.006839488001330159,0.013481517039033471
q47_510027,46,What is the intention behind adding new voices in the last section?,Musical Texture,Low,percettiva,D,A,False,0.2332872928176796,0.7667127071823205,0.4806823204636052,0.8553948569136296,4.68493341606784,0.9064957193704005,-0.28891998298961347,-0.8553948569136296,4.68493341606784,-0.8124771364792273,,-0.029081599430231673,-0.18307811052593906,-0.17457215827672665,-0.15205013221644736,0.09588116873699586,-0.027322325395300717,-0.18114739401965102,-0.49294428877594243,-0.34675163795478814,-0.20051037568320706,0.01942318941745753,-0.1459715595262323,0.007739477826674092,-0.04539907203795825,-0.08366492081410098,-0.2072734957886235,0.10463715698426912,-0.14846891108500976,-0.002198306538325659,-0.03949465350916489,-0.005416093054687175,-0.06827678928343371,0.017311151143887746,0.0
q48_510027,47,Does this song have a differentiated chorus section?,Structure,Medium,analitica,B,A,False,0.3414322250639386,0.6585677749360613,1.1591946258988757,1.4669477888999327,3.5773565382601675,1.692934357743658,0.6986894883354451,1.4669477888999327,1.5038587688498815,1.5267900284073708,,-0.23025256878171535,0.3978232260057146,0.13972021907924323,0.19818784771157816,0.01782381216836649,0.10457679187740171,0.7713980258695508,0.7663599233052384,0.18566913055818823,0.7195985297479983,0.1635952930211078,-0.08833448149475076,0.031113520140445567,0.0,0.016001355728030898,-0.0056575701020413,-0.13723852507001097,0.22657912197854124,0.0129191937720524,0.22790216375314148,0.1454698739496663,0.08939125818718563,0.2811596462359647,0.2974687668298582
q49_1149194,48,What is the most obvious digital music techniques used in this tune?,Sound Texture,Low,percettiva,B,A,False,0.24569789674952203,0.7543021032504781,0.35956894723945587,0.6072064648847211,3.1268858941727187,1.0507115424931586,0.1593271563077481,0.6072064648847211,2.4160776133560855,0.25500290004150283,,-0.1001208954658539,0.06340412290836323,0.031634757855967435,0.12340159159382898,0.10065833488436073,0.20595555663255,0.12715495903327384,0.2144451937499789,0.037039872631303254,0.03083781635254208,-0.001340632727968083,-0.02419483727217243,0.014735574327742855,0.0,0.1129967405329087,0.01339193998862518,-0.13161092316856227,0.36181646517665966,0.05677338593003828,0.1012136921928151,0.020936285670564315,0.03240608892029824,0.04979685311172102,0.09173529952595333
q4_196219,3,What kind of accompaniment best defines the beginning of the song?,Musical Texture,Medium,percettiva,A,A,True,0.2711471610660487,0.7288528389339513,0.20581156860324962,0.33086881683580377,2.714356423163148,1.0619671928613026,0.020703319699933533,-0.3172964449669336,1.5811882769953431,-0.4437656532301753,,-0.06913177068678551,-0.001634316010156782,-0.0015657074277429517,-0.059581000346197954,0.11325744415159159,-0.26286731454501394,-0.02185664633712959,0.006786185934435075,0.02377931599035795,-0.0991865854460811,0.04711807477980159,-0.010117780012328402,0.010347149166727746,-0.01604462366199178,0.08585225694082134,-0.01855149906312337,-0.08201879198030378,-0.1574377668570868,-0.03269023687606552,-0.026217611848788045,0.09263183100913965,0.03433436816557127,-0.12431627933054547,-0.024074946243105362
q50_1149194,49,Where would you imagine this song being played?,Functional Context,Low,unknown,A,A,True,0.6499498495486459,0.3500501504513541,0.15258121555807438,1.185820301517533,1.1329151086186886,1.5177410931980828,-0.09980856027651935,0.8416925652766853,-0.8032113104648247,0.9157476283321002,,0.026386327640777512,1.013745590659561,-0.021423178081635203,-0.13400069606807688,-0.06725528000718253,1.084273754818621e-05,-0.03751642982847913,-0.038063172052346925,-0.00476273323769286,0.0,-0.015203478025670299,0.046225923183732254,0.01019426633220347,0.011415885975330088,0.020990491974841777,0.14802378238486674,-0.14204029357272366,0.3793856978615785,0.03101318625252221,0.06013185060232281,0.0,0.07877219213741864,0.0,0.11773723313143632
q51_1149194,50,What would you expect a professional jazz musician to say about this tune?,Mood and Expression,Low,knowledge,B,A,False,0.2617627567925778,0.7382372432074221,0.19250422858170513,0.6356308385959166,4.510388810095485,0.902049659736559,-0.03395367493645585,-0.3691200682933527,3.3987747015607943,0.22451789721503446,,-0.07209471426450574,0.13325538515128196,-0.041134237494574746,-0.07585131433585421,0.04381819577327588,-0.04796320147979784,0.03545708104934876,-0.37856093762898263,0.023641303094049028,-0.041188053250374806,0.01088085616152893,-0.028257967977230465,0.005023987024832113,-0.034256655214691796,0.08119291468974324,-0.08877884924512866,-0.20819662027789643,-0.20011094027074583,0.05490037473474724,-0.0022606844296276796,0.020105683573935693,0.0,-0.021502173937395643,0.025733082094446528
q52_1107251,51,How would you describe the electric guitar motif?,Melody,Low,analitica,A,A,True,0.2796420581655481,0.7203579418344519,0.45779788900328755,0.2958693995480809,2.001771776697978,0.7768979889206149,-0.10658278126438153,-0.18385441620803814,-0.29476916631965966,-0.495239462772452,,-0.01983363036099371,0.056007491670021385,0.04409773843849882,0.0,0.1315098154309542,-0.11760788740779854,-0.26235670477284084,-0.12225402047026099,0.03446536980419141,0.028299859697826932,-0.0005677762476454379,0.0,-0.012203699529585034,0.005213954001441118,-0.09169583317640222,-0.1388899137429506,0.0,0.040749858499193624,0.02091700746522211,-0.046647677599396614,0.012948568696189168,-0.021432706729481193,-0.07044641827635154,-0.05114779033467144
q53_1107251,52,Does this tune explore any themes other than love?,Lyrics,Low,unknown,D,A,False,0.2562919463087248,0.7437080536912751,0.21329812981894342,0.7966833667449849,2.43855787259298,1.267445286766482,0.06595246184384121,0.7966833667449849,0.5666595808132959,1.0930345933422467,,-0.0736728339875511,0.10782339424779745,0.09305125811843488,0.06486746011988778,0.03167714877825927,0.2038266100575399,0.014896888934698163,0.4201659023197597,-0.10327924336711435,-0.000908930489418959,0.06816138927216016,-0.02847656148826949,0.0303589409377663,-0.024735326748894323,0.0976548267667832,0.0,-0.034403294386755406,0.056009638494665316,0.10513739432379621,0.8439793706655178,-0.014587494148249565,-0.1235014215773918,-0.08309005755454535,0.07431659788877637
q54_1107251,53,What level of humor does this song display?,Mood and Expression,Low,knowledge,A,A,True,0.3890784982935154,0.6109215017064846,0.22853089489598996,2.1107785686239455,2.688167305957585,1.3962504273593912,0.09768508584915439,2.1107785686239455,1.6412870006854559,0.9742812661794115,,0.0,0.4593275191297858,0.10585080492980416,0.16100365050659562,-0.06542290452341779,0.41302676026254764,0.05725718544276801,1.0774206387250165,0.12647131305648673,1.0519832218449987,0.01914803440462575,0.0,0.006518703860367174,-0.054752015804787404,0.026952278507392378,0.1373592137422404,-0.013135297744584426,0.14873221855017218,0.02223338242914196,0.447353997043309,0.0,0.11198559762113376,-0.09050332866427518,0.2681163356268791
q55_189585,54,What is the harmonic interval between the voices in the first two notes of the verse?,Harmony,High,analitica,A,A,True,0.29355716878402904,0.706442831215971,0.29938909171924644,0.4693258297347377,3.10643465547788,0.6626077999121873,-0.1594590500502832,0.22798041406038244,2.5498234690376096,0.2944065956401244,,0.03998547514236221,-0.08212240956185506,0.029979545692119396,0.0769176277313455,-0.025541308115435035,0.27173549416621456,-0.2038827627693298,-0.03855029827532257,0.03414384669455793,0.01771269848685476,0.05872007295012096,0.02910380529605414,0.07553936398507335,0.09248589303780194,0.0,0.08822870727874726,-0.11910120707795668,0.022749877905428352,-0.07691473218150482,0.0,-0.05685465990751851,-0.04156665926155875,-0.07499173451305544,0.019266091317054763
q56_189585,55,What harmonic technique is used during the chorus?,Harmony,High,analitica,A,A,True,0.42028199566160523,0.5797180043383947,0.5783495394133451,0.8962834726769673,2.933637989791338,1.0213457993137722,-0.3832680190438356,0.8862954524386968,2.6905533494730003,-0.20570309905019124,,-0.235495831153061,0.0456282436200921,0.09754076018475479,-0.004994010119135261,-0.1410724272905391,0.4843924056006044,-0.1042405207849903,0.3612688133371355,-0.0897026948035007,0.2536074637129364,0.0074699344568797885,0.24869759679982364,-0.031223992224671773,0.06750143924661961,0.0,0.0,-0.07697169477807882,0.13041746831399503,-0.03724257189869591,0.048719322976366594,-0.12439188406011696,0.09349043310363331,-0.03120511573565122,0.043861728285322206
q57_189585,56,Which guitar comping style can we here in the tune?,Genre and Style,Low,knowledge,B,A,False,0.32198327359617684,0.6780167264038232,0.6013625204294606,0.26703594408530634,1.5401078809618316,1.0733972852209934,-0.5397420932484038,0.1999718565515362,0.3245639952013855,1.039413455199231,,-0.47867320349015674,-0.026992767092274855,0.006432972416884404,-0.006539276674610194,-0.09187910334877547,0.062071324551744966,0.024377241173644017,0.1714325757666763,-0.1610885145473299,-0.049672615342431135,0.02302058218692899,-0.0011741742789826773,-0.02860280237719212,0.029107575395814534,-0.3078698480278574,0.03196786153436253,-0.06836142070158119,0.026545440156375298,-0.05114882180965446,-0.07925150024093,0.07184516472946449,0.05351138222510193,-0.01753643270118225,0.18893788710222575
q58_170946,57,Which country does this tune remind you of?,Historical and Cultural Context,Low,knowledge,D,A,False,0.4423765211166785,0.5576234788833214,0.6937048767488319,1.059116109066371,1.6645348309080599,1.469663583086358,-0.3649178978757134,0.48208078666970133,0.553473768990721,-0.4067178331894298,,-0.2983525072890527,-0.2085756836953453,0.1588490392650715,0.11035407870507716,-0.23095888002321988,0.660244369162959,0.005544450171487747,-0.07994197750298959,-0.10686025257766174,-0.02836748780503775,-0.08959195405454251,0.2184685025673167,-0.06066993721556125,-0.032128131201586384,-0.07908586924201756,0.02032236558480588,0.04211218343107521,0.21005168994277557,0.03495141991802489,0.0,0.0,0.09373384758142725,-0.10577348813503035,0.0
q59_170946,58,What effect do the brushes have on the song?,Sound Texture,Low,percettiva,A,A,True,0.211139896373057,0.7888601036269429,0.6258783050789719,0.580981452404586,2.5437104026731907,0.5223506342902796,0.11865229469106618,0.5192972546034527,1.638423935631198,-0.009745281840056151,,-0.2536130051939529,0.07988244253209259,0.2691602160249223,0.19733925641126365,0.1031050838600968,0.272917654560663,0.0,-0.03084209890056661,-0.029809899546951138,0.09143603815689755,0.014333690508556901,0.0984947672240932,-0.045848717679684944,0.0015536135774596553,-0.0647786905517351,-0.09593768596608414,0.09374059518502653,0.11691950957217069,0.11041749720324305,0.10849870579706705,0.06520673648064751,0.08072199544635028,-0.024608916908036585,0.11761031079549834
q5_196219,4,What type of articulation best defines the melody of this song?,Performance,Low,analitica,A,A,True,0.38083889418493794,0.619161105815062,0.35009394006986555,0.7119459888449596,2.2893881314664046,0.9187485576053239,0.15301617375101392,0.6227742006716387,1.9598204894409157,-0.0009681699020972698,,-0.07227737216353493,-0.0432350319237759,0.005968864225110228,-0.0013508621628845266,0.2455861926853295,0.6244379674326993,-0.026261510995890892,0.04292212732559983,0.03551986369012441,-0.0247006403829507,0.04868014329813737,0.02022618615819284,0.017474460454543084,0.010191679988377776,0.10292469727567945,0.07873776501216395,-0.04370067061090535,0.15967873360628268,-0.0060782989246266,0.1888011875002233,0.10266854228915688,0.10486315546904562,-0.10447256372109531,0.08497613332030324
q60_170946,59,Which instrumentalist do you think is the leader of the band?,Instrumentation,Low,percettiva,C,A,False,0.4915188897455668,0.5084811102544333,0.598371065643087,0.9924520434510171,1.5391369456754418,1.7027346272279724,-0.24506980235243586,0.22032490294422974,1.06164863587034,-0.7929823009942377,,-0.42172043399776143,-0.1628569553225752,0.026977070609485898,-0.22320661493081853,0.14967356103583968,0.6063884731976235,0.0,0.0,-0.06459919584905977,-0.014923162202528088,-0.1976837002370468,-0.1107416912804497,-0.1355689553408591,-0.1714738442158022,-0.06326103582176504,-0.18882465834284531,-0.10305424009119799,-0.025730827683015767,0.2544252412843914,0.39203263258904447,0.18470962107080027,0.37227148765636364,-0.12003753736769886,-0.03228503357653725
q61_1278743,60,What music genre does the introduction remind you of?,Genre and Style,Medium,knowledge,C,A,False,0.35284552845528455,0.6471544715447154,0.6278440740379295,1.091619118330755,3.4764650521289844,1.1292402656553626,-0.22318829530603687,-1.091619118330755,2.516439665047315,-0.9684664755745997,,-0.23579426255459668,-0.5563042387175763,0.022782326222358127,-0.06184368358501417,-0.18972192211738653,-0.22136594958562417,0.1795455631435882,-0.25210524644254045,-0.10534967538017248,-0.05129490894052695,-0.07523283853939558,0.06616251377683856,-0.03142917167816936,-0.23968817906256776,-0.13915494444289966,-0.35821279069509543,0.0616185301022224,-0.10730312029473593,0.07181721831980863,-0.07928517370379137,-0.005457413687430877,-0.16558948622910474,0.0,-0.15640797318177146
q62_1278743,61,How much fusion between genres and countries is there in this song?,Genre and Style,Low,knowledge,A,A,True,0.2537906137184116,0.7462093862815884,0.5206226784742367,0.6075418464351046,3.996908774300876,0.9345803673573307,-0.29869794826555945,-0.07350849975493706,3.910825807928892,-0.5858113352621321,,-0.3361269019356773,0.13940254391183093,0.028537358933707128,0.02507101405152757,-0.07353341143422076,0.10254311537672528,0.08242500617063148,-0.34052517309502084,-0.12135531765299767,-0.043365227202970674,-0.10486123667565245,0.10936600114863795,-0.003912732941822802,0.14374408497827762,-0.14272629448144492,0.09617259181294169,0.04170240018593697,-0.04787997455489891,0.030626419992961652,-0.08040013982309853,-0.0012357411166063204,-0.09244873269143955,0.003064554424066071,-0.15869710342238666
q63_1278743,62,What effect introduces the kick in the song?,Sound Texture,Low,percettiva,A,A,True,0.42245657568238215,0.5775434243176178,0.6542832381245814,0.630034454592314,3.009852115025718,1.999652880380347,-0.2386702791424967,-0.048202125981444466,2.6510041158747546,-1.999652880380347,,-0.32781186209573965,-0.02403622872858946,0.03242519309516887,-0.026785029016185416,-0.11866489653779946,-0.28829703254210437,0.1753812863958735,0.29091616430543477,-0.10373970581876887,-0.03542264012219757,-0.1202560982147386,-0.0646573333488401,-0.043955520221437505,-0.14499860468800316,-0.15982958043902795,-0.06528780220533051,0.06516666518250078,0.07987194512115199,0.069278675921402,0.02622290433900069,0.020057618547469076,0.13601640395314968,0.03460766590010429,0.02005300096962452
q64_261271,63,What surprises you about the harmony in this song?,Harmony,High,analitica,B,A,False,0.1638830897703549,0.8361169102296451,0.4454244029090874,0.9150506770111138,3.428441554900305,0.7085600512933294,-0.3740565622711258,-0.8643972877764681,2.9819320492935786,-0.0567907780997922,,0.03568392031898079,-0.04473924413097609,-0.003741801343317492,0.025326694617322777,-0.1747474820096934,-0.43231548687051613,-0.23125119923709575,-0.41266925139229865,-0.051801768355561106,-0.07973822291509881,-0.14720521076460397,-0.14668468171455673,0.07782289197688626,-0.10022875317820786,-0.33200530486966906,-0.3471443982552206,0.10939522987418726,-0.02019599821340665,-0.08532467227555303,-0.06510591501292151,0.06251837913710452,-0.022407624307634363,-0.007456106993916686,-0.08289169417942156
q65_261271,64,Which music genre does the introduction remind you of?,Genre and Style,Low,knowledge,D,A,False,0.27922885572139305,0.720771144278607,0.61518879377529,0.3628533482234586,2.5868124982641705,0.5338962902713398,-0.4834873050778234,-0.1832457091673705,2.12896879937972,-0.22607755807176333,,0.06585074434873328,-0.0026935855730631855,-0.03242834069175425,-0.02624085836488234,-0.20170003901522465,-0.24411508475746904,-0.31520966971957776,0.08980381952804403,-0.05498869101803015,-0.06473669060731112,-0.16696945491624407,0.11914925483544501,0.021456006866673406,0.0,-0.23888968322654897,-0.14217792366972443,0.09975397159953377,0.07237052493111387,-0.1403487723267451,-0.08941609311603442,0.051213186788109315,0.02720929931650895,-0.05471386884457159,-0.10564408085736837
q66_261271,65,What could this music be used for?,Functional Context,Low,unknown,A,A,True,0.19161676646706585,0.8083832335329341,0.6321955965684355,1.0287062147667836,3.5974519410299712,0.37742519990809925,-0.554036662492947,-0.14390937313276886,3.369812485401578,0.11384806969618473,,0.039079467037744196,0.02223506821662408,-0.027334892042613444,0.018255944156308195,-0.1803642666092213,-0.5863077939497762,-0.3854169708788565,0.401907408444075,-0.048627970270438345,-0.09386733088918714,-0.24823006015294705,-0.08170654828524675,0.016548555561050254,0.04696836434327217,-0.26911212366076553,-0.07369490394398313,0.0995430687328352,0.08466714734077635,-0.155540225189134,-0.001263652854514949,0.049238697621704255,0.019050700687642835,0.00214339486474812,-0.04406314953152825
q67_1051201,66,What are your thoughts on the piano bass voice of the outro?,Mood and Expression,Low,knowledge,A,A,True,0.44763205828779595,0.5523679417122039,0.8742863383981134,0.9024015944557706,3.5149508141588024,0.872702537763646,-0.7258916778072657,-0.6855432401660518,3.5149508141588024,-0.5192498891415199,,0.00042238612073444703,-0.09941013790518363,0.07377494417468941,0.023080926606480368,-0.6040438643121989,-0.6945622794057276,-0.19604514379049065,0.08534825053837904,-0.40245960426477184,-0.1993420142611579,0.017053336919163577,0.007950244285954141,-0.02151569359600132,0.0,-0.07350102100414109,-0.05972483780213052,-0.04300220078484395,0.0,-0.198560948164235,-0.41037481115040286,-0.010612198614631812,-0.05621753904725988,0.006706651702195756,0.03216571780894517
q68_1051201,67,What feeling does the music aim to create?,Mood and Expression,Low,knowledge,A,A,True,0.5212031558185404,0.47879684418145957,0.31548480756194275,0.3584796515765908,2.736501969338986,0.6183986118140707,0.05634924784739467,-0.06405691706566999,1.7669764767107452,0.2239352422358058,,0.0286454505555915,-0.055737381809275344,-0.009894429592775991,-0.07256766587288652,0.15727157714907722,0.1472113672554604,-0.11967335026449805,-0.08296323663896854,0.0416232845380121,0.043322349317241035,-0.009616148016989508,-0.037640901548666464,0.0653596714928733,-0.04744678630482204,0.028393895709375158,0.137615876863825,-0.07273368441568032,-0.15793863100614422,0.0,0.006985167023941918,0.022407582941535713,0.03030157254317184,-0.019085354401731747,-0.039255563954217074
q69_1051201,68,What level of musicianship do the instrumentalists display in this song?,Performance,Low,analitica,B,A,False,0.2832134292565947,0.7167865707434052,0.3952397282229044,0.5601303100526878,3.068805653099599,0.4547308741225036,0.22442141144429245,0.34110700940858807,2.794875087190906,0.08980969235809938,,0.04594394367982115,-0.028004796685946246,0.014929450409325624,-0.08150685363610359,0.24895717574445164,0.2154651757222914,-0.08540915838930596,0.2351534840083465,0.0686951106290153,0.04091847663713636,0.024488037764727508,0.050355345518137536,0.04769145922120043,0.1081072761391072,0.05164448860385233,-0.1646297187177605,-0.01184886675661543,0.19041854768865385,0.0,0.026525382944407847,0.03885292433696054,0.029380159653874433,0.00489825764515181,0.060031539545031334
q6_196219,5,What level of ornamentation is present in the melody?,Melody,Medium,analitica,A,A,True,0.3490016638935108,0.6509983361064892,0.21546675662897838,0.2873782532499356,3.9440243458175046,1.0885622419512908,0.02224099558646956,-0.2873782532499356,-0.22495741470334396,-0.5670753285275524,,-0.06815721853449752,-0.02793009235245296,-0.003254453463174087,-0.016118680858744433,0.11885387610772397,-0.21917071336877525,-0.025201208523582798,-0.02415876666996295,0.031866101250160477,-0.05342080817531586,0.05075406937320291,-0.02879639891037649,0.013857764204207368,-0.008270333219447782,0.08998690454455631,0.021320782153546172,-0.07881379233686095,-0.1185705285675296,-0.037668175482120106,-0.04279080133635227,0.08779603104383643,0.04042132748044533,-0.13553790701051294,-0.0972714926749051
q70_1247308,69,What stands out when you listen the beginning of this song?,Metre and Rhythm,Low,percettiva,A,A,True,0.4392138939670932,0.5607861060329069,0.4557284968106389,0.506571868684138,2.370598557883582,0.7489833091029724,-0.4557284968106389,-0.29860213347209796,1.87810475831697,0.7489833091029724,,-0.39677601932448225,0.10398486760601999,-0.009397098708234491,-0.2697811926846314,-0.04955537877792217,-0.11455806263061787,0.0,-0.01824774576286872,-0.04171798121426464,0.296308207032003,0.02295830061008062,-0.24718796936387083,-0.010634271832417372,-0.2311963314501887,-0.18374212804163337,0.10052524761645362,-0.04157532775434057,-0.08967456146669649,-0.041786475966369106,0.0,-0.0410596863000917,-0.039824014986135775,-0.11817092631160278,-0.08755271085366279
q71_1247308,70,What harmonic interval does the electric guitar use during its solo?,Harmony,Medium,analitica,B,A,False,0.36699779249448117,0.6330022075055188,1.142314309048079,0.9184870193809874,4.114156364243911,0.9668333924648803,-1.142314309048079,-0.9184870193809874,3.2844588665283494,-0.44537356293885255,,-0.48900646759884314,-0.13257372336516546,-0.23802976606239842,-0.20659747484876506,-0.41527807538683725,-0.5793158211670569,0.0,0.0,-0.5047215405878046,-0.30184267335759946,-0.05839631518971745,-0.0737852259969021,0.01060534763751518,0.0,-0.0876634741229841,-0.1561571791631143,-0.2816215168545937,-0.15536892833680627,-0.06889538915414586,-0.07848910583707194,0.052054287133143966,-0.024466791566646884,-0.20367570790949224,-0.12837711512284658
q72_1247308,71,What is the longest section of the tune?,Structure,Medium,analitica,C,A,False,0.3132530120481928,0.6867469879518072,0.5479217618219074,0.767518285343814,1.7983818211077072,0.45630908506353074,-0.5479217618219074,0.767518285343814,0.6070540592377784,0.06343396492022116,,-0.18569177659722844,0.22407522323495255,-0.05543506821267458,0.045519164749069224,-0.2774243355183846,0.4979238973597923,-0.029370581493619805,0.0,0.01800364896813276,0.15574416417966597,-0.0032377600712613364,0.03154140582249287,-0.08117604741595061,0.06126857702725205,-0.14087946506203103,0.1837604911856789,-0.11174857083414627,0.07815758866260661,-0.12702841903967155,0.09508958647732073,-0.06364741927056258,0.14266008926651613,-0.03820772909641673,0.019296382722280764
q73_26738,72,Which instrument plays the lead sounds in the intro?,Instrumentation,Low,percettiva,A,A,True,0.3277674706246135,0.6722325293753866,0.32860746525306517,1.0615298129750304,3.0864387942581755,1.779459361907628,0.04049757997805095,0.7744099744478854,1.5060011244536822,-0.1390687469111127,,-0.026330154064495664,0.0,-0.11772478857301147,0.30846572052922183,0.08020458093070482,0.609504173182236,0.10434794168485326,-0.14355991926357245,0.13047718190356927,0.19304443663081755,0.0,0.028870353380344146,-0.008312636924791166,0.08660691722197758,-0.16229584879111067,-0.21539798914444516,0.040778964739346474,0.25816919200826094,-0.03373333394759688,0.028158539400788024,0.0848990254116612,0.18272333447321482,-0.011315772413027277,0.21223519047692752
q74_26738,73,What type of synths are firstly introduced in the intro?,Instrumentation,Medium,percettiva,B,A,False,0.301418439716312,0.6985815602836879,0.22420790652371902,0.45743178170676757,2.71294769869273,2.018583020697152,-0.06796726090808848,0.3001797783178743,1.1914156377991725,-1.5966020293129979,,-0.025901210541529364,-0.045831668610352705,-0.10416133363050661,-0.03279433308409392,-0.01602503954386779,0.16456220953441178,0.07812032280781527,0.21424357047790912,0.148913657684344,0.12116561152327408,-0.02038043534813992,0.03693081845045629,-0.050009288627940296,0.04755251688724607,-0.21972727147244217,0.06107896378145062,0.016847776724188405,0.02286702695992849,-0.040316425563398185,-0.015088751935075893,0.07340268818823863,0.006357795668984305,0.023302037507061092,0.01931579698161033
q75_26738,74,What type of choral music does the intro remind you of?,Genre and Style,Low,knowledge,A,A,True,0.30965909090909083,0.6903409090909092,0.32034484665535545,0.3212392631319464,3.45512276339742,2.0154435474024797,-0.03707304339350073,0.3009030644204893,3.0807150119056574,-0.9902246073324686,,-0.02221434102725846,0.03062273984825331,-0.15649460399716963,-0.01016809935572855,0.01062851776058827,0.13689636758044407,0.1310073838703391,0.1435520563475205,0.11755715275086669,0.08437961146272219,0.0,0.07258550092769146,-0.026557375546558293,-0.0036642542160783206,-0.11723729452535916,0.07240423385657674,0.01038489117053741,-0.015556648948435964,-0.05050098418238353,0.06594334090278303,0.053128939787586066,-0.01651849489675412,-0.02384837284818985,0.04132977533198429
q76_1087890,75,Which guitar technique is used at the beginning of the song?,Performance,Low,analitica,A,A,True,0.3252032520325204,0.6747967479674797,0.4517587542497389,0.662410851471818,4.059243625167485,1.346614420275467,0.13504782941749144,0.6064206852251754,3.3804516832069162,1.0263846583080116,,-0.15109044961298695,0.24845156365020127,0.09473397411429652,-0.027995083123321263,-0.007265012803136753,0.16103477722882187,0.19866931771931864,0.22492942746947361,0.0,0.0,-0.04992917074469236,0.12416793545705143,-0.0732604750557685,0.12749011048489256,-0.04368583641080264,0.15870785813727623,0.04964619676914095,0.012582164463674071,0.11939527280065387,0.07546101862557719,0.06377901234568538,-0.005199312777548953,0.0691028297132748,0.11321091083425291
q77_1087890,76,What kind of instruments are used during the song?,Instrumentation,Low,percettiva,A,A,True,0.5426573426573427,0.4573426573426574,0.3837961932194416,1.33999611839505,2.3192848827339727,1.72709249985367,0.00478054535552104,1.33999611839505,-0.1246100448196531,-0.12336500004190573,,-0.18950782393196025,0.7092488100780217,0.0868635825647355,0.08198950770374083,0.00012115813949041543,0.13978717768804025,0.10730362858325537,0.40897062292524733,-0.1920127743248681,0.2293413995594756,0.17580841923918988,0.17415736817164407,-0.0034687609632809563,0.30893761599062586,0.045597869392026036,0.0,-0.07017075780854619,0.09264637367967261,0.04925164546939787,0.15464057369690243,0.020624837687677647,0.17688497093103336,-0.020849933336075176,0.20338781636569608
q78_1087890,77,What is the predominant tempo of the song?,Metre and Rhythm,Medium,percettiva,A,A,True,0.3997326203208556,0.6002673796791445,0.4390725454685739,1.4117340088327939,3.8981213327430653,0.8656564613560687,0.012294781015856474,1.4117340088327939,3.7685146884585943,0.37988081514006516,,-0.2133888822263587,0.3753990910353055,0.10375197556947359,0.2777040259645567,0.05942104503883011,0.6939335856693503,0.06251064263391148,0.06469730616358142,-0.17876897465191358,0.15759206717959498,0.13981632604983485,-0.02862566933296043,0.027392842312547454,0.493955385613922,0.01845194453992173,0.0,-0.06462826759421884,0.08249495614932899,0.044665593964473095,0.32516164986811047,0.025365316395211737,0.1476091969472696,0.0,0.23354642240752815
q79_467850,78,What kind of string instrument is heard at the beginning?,Instrumentation,Low,percettiva,C,A,False,0.3585485854858549,0.6414514145141451,0.3680671923350297,0.3710386570554639,2.0547900912185497,1.268327734881908,-0.1238838927326735,0.3710386570554639,1.213630612955488,-0.7928600605103286,,0.08074134694108251,0.1510266375193261,0.033408492200031115,0.06425589482146186,0.007941810660064493,0.06901237311300162,-0.24597554253385162,0.08674375160167427,-0.045182684217712536,0.028697115476534675,-0.05718508905847415,-0.09994247068030537,0.1538877074047622,0.2495134103697305,-0.12364198464845275,0.2887384335818272,-0.09818251412716511,-0.09122882817112724,0.0195717955593091,0.029146156987856,0.05792672485520647,-0.023974123847014327,-0.031077848500146717,-0.009911036662037586
q7_171574,6,What type of beat do you hear in the drums?,Metre and Rhythm,Medium,percettiva,A,A,True,0.41543026706231456,0.5845697329376855,0.6839341301016052,1.325188424077161,1.7133408499151028,1.031229402636914,-0.6637332234247316,0.7179838486888394,1.1439110616519383,-0.31928852239508937,,-0.31979292503159457,-0.24889541992272785,-0.25370098276620284,-0.008355348490637377,-0.10033976896537104,1.021586136383,0.010100453338436802,-0.04635151928079549,-0.0943090148045552,-0.04400365553861753,-0.01905557633862886,0.0,-0.2821776095266345,0.5081281562820179,-0.04760916608655853,0.054079426227739806,-0.0744344117135928,0.06685356616983684,0.028388545151985585,0.1503820154624076,-0.03962225562770258,-0.010482287248412464,-0.13491373447904476,-0.006973372666132793
q80_467850,79,What genre does the song evoke?,Genre and Style,Low,knowledge,A,A,True,0.3682634730538922,0.6317365269461078,0.758206403738843,0.8432818235436572,2.44932991811431,0.7652371201485784,-0.758206403738843,-0.3937945561647294,2.44932991811431,-0.6164751194065337,,-0.0969991362935956,0.0689370325574148,-0.2002153182938784,-0.1721731555708056,-0.2747280767124072,0.15580660113204908,-0.18626387243896186,-0.4463650342833877,-0.44726384027572264,-0.27614167091525493,0.025954487513280503,-0.0625373345202634,0.024085616002107253,-0.101924644742507,-0.06863602343959901,0.005874341932511542,-0.04217230863783221,-0.02184318451978104,-0.184144800355125,-0.15777853314870977,-0.06007691370568827,0.11041270080015665,-0.005952620840263649,0.11014376894911858
q81_467850,80,Which continent does the rhythm of the song remind you of?,Metre and Rhythm,Low,percettiva,A,A,True,0.4858125537403267,0.5141874462596733,0.5892330592773628,0.5041136120397751,1.5478283288736139,1.5747163511516784,-0.5892330592773628,0.5041136120397751,0.24993806213475128,0.6250352622693363,,-0.07259414241713551,0.21750678649993568,-0.18655655065551824,0.009440761882141172,-0.24102486110188087,0.24077364998114079,-0.08905750510282817,0.036392413676557434,-0.41609517001605323,0.0,0.035819072989333095,0.02666696082610059,0.04607748067109874,0.1654714344354205,-0.04291458829426782,0.18350255240972504,0.011655168512369259,0.11134280502951431,-0.16513801173759152,-0.1099774641953217,-0.0642377224570055,0.062371116018474754,0.005600711054754279,0.06473620751586152
q82_875005,81,What is the tempo of the intro?,Metre and Rhythm,Medium,percettiva,A,A,True,0.46945137157107225,0.5305486284289277,0.4334626076728285,0.12736944031044914,2.1720288110001365,1.8326240621286045,-0.29908613605193635,0.11838375452401498,-0.49947632007671006,-0.08952937886366186,,0.009202548901328614,0.012839645414383467,0.05798568690911744,0.01714323707912909,-0.16881799362757038,0.0928937149237195,-0.19745637823481205,-0.004492842893217074,0.04614120316320382,0.09152414329292698,-0.034037766528591015,0.04631483939325549,-0.017814283318695365,0.009902600505759427,-0.02349562684656869,0.04211934130761239,-0.10334305804894764,0.042923444821031026,0.014372073743916051,-0.05926188811578463,-0.09929694960471333,0.003876795856305921,-0.08161172861154023,-0.05901552253709158
q83_875005,82,How many chords are played in the intro?,Harmony,Medium,analitica,A,A,True,0.3931178310740354,0.6068821689259645,0.26576165463334844,0.5701196570875803,2.4238609027134403,0.6890751991185269,0.03497730123018493,-0.563147792709293,-0.19404330025987476,0.022886557369360655,,0.011944922394112071,-0.054510769226977035,0.027019630718477003,0.0034859321891436423,0.1114049248191776,-0.13841208529341256,-0.11539217670158176,-0.37371087037804707,0.14901753904318052,0.18571475526829304,-0.006158749483884188,-0.0008587251305266011,0.06467405994670612,-0.11257146152975626,0.0,-0.05705438283003999,-0.09119179030486534,-0.3170996257473889,-0.015989656936939267,-0.26798387181266664,-0.16999149168073355,0.117887962535497,0.10461739064672063,-0.11118244346270464
q84_875005,83,What kind of chord does the guitar play right at the beginning of the song?,Harmony,High,analitica,D,A,False,0.2790432801822323,0.7209567198177677,0.22649111349181147,0.6307347359808597,2.9377201411041383,1.3931420823267464,0.21564880557802554,-0.3758787160251942,1.6131525895945409,-0.18475298869390358,,0.03531538023782968,0.005756213695100324,-0.005421153956892973,0.12167179628273246,0.12933698477960465,-0.3644441111041432,0.05641759451748419,-0.13886261489888374,0.09076981899470977,0.21286365805359622,-0.044428713701564995,-0.022648794648966162,0.0,-0.17919862232212436,0.0,-0.08663368526170881,-0.010637078847463212,-0.11449480512918726,0.1280642949765142,-0.18439985416111734,0.08852888374901008,-0.04722364821269965,-0.0366483995931803,0.04585703565701323
q85_1215807,84,What kind of accompaniment does the guitar play?,Musical Texture,Medium,percettiva,D,A,False,0.37546992481203006,0.62453007518797,0.8876851350530254,0.5178997326208608,2.3112935328467343,0.8025160770948818,0.32016191599760346,-0.5178997326208608,0.8560172119953279,0.4042456348397122,,0.37675722955597185,-0.14755194574456484,-0.10186415386517514,-0.17194352508709942,0.22716629596934254,-0.16217204797827023,-0.18189745566253582,-0.03623221381092627,0.21323631020136902,0.0,0.0,-0.05405445461472555,0.042906257030562105,-0.08620619122658724,-0.08864578425007609,-0.1191699688464703,0.09850846181264515,-0.18171260942445405,0.0354032495940846,-0.030720604997253022,0.0030055770117004554,0.015413784805753561,0.015747844597318206,-0.06144968831712416
q86_1215807,85,What human sound does the lead instrument resemble in the introduction?,Sound Texture,Low,percettiva,A,A,True,0.3318924111431316,0.6681075888568685,0.9225003517556634,0.5797493125450852,2.657920775325546,0.4402008049523131,0.2767437788984904,0.1408781027486352,0.9724163619941688,0.11428183708154413,,0.4314706613918014,0.03995826424316319,-0.14950129187734623,-0.219435604898225,0.1681514039352755,0.08414729001811572,-0.17337699455124028,0.2362081533855813,0.14169662193947313,0.22648147632612073,0.0,0.0,0.04912908550693107,-0.1664803511478384,-0.05101154991168369,-0.06775433162148621,0.16863551040619368,0.26703666290706674,-0.04239041605059292,0.05608377075610037,0.0002114878644235707,-0.14215902082348436,0.010473039143745505,-0.03233010364784365
q87_1215807,86,Which instrument creates a mood of excitement in the song?,Instrumentation,Medium,percettiva,C,A,False,0.3530529172320217,0.6469470827679784,1.0580852617213172,0.9001646828706857,3.545706785446923,0.8629522867263135,-1.0580852617213172,-0.6121434669367838,1.9051488781570214,-0.45987682773218963,,-0.04019231708515514,-0.09103348105638315,-0.47259496134049406,-0.3250220953316898,-0.12720035996175064,0.14401060796695092,-0.41809762333391737,-0.3400984985156618,-1.096125542172629,-0.7170229955139342,0.05275741402169947,-0.04335577982913909,0.26755487400814615,0.05923175815161031,-0.08478937624638003,-0.09778239250610765,-0.1714700179766176,-0.07470034434678467,-0.09997907209859318,-0.03635390255507496,-0.06894604293790785,0.22366065260231588,0.14291250168096495,0.07417953706033056
q88_306166,87,What kind of chord does the guitar play right at the beginning of the song?,Harmony,Low,analitica,A,A,True,0.3392612859097127,0.6607387140902873,0.5653180210011658,0.6735189378102218,3.158994969951201,1.2744796753667056,0.5653180210011658,0.3580702518843827,2.55960420772158,0.9463776000197902,,0.11492317306409601,0.14839905821947197,0.24232257327680878,-0.15772434296291954,0.16301694369815986,0.22879571923371914,0.04505533096210115,0.13859981739411115,0.07923300129830932,-0.004896624737449132,0.03640555930303913,0.055095821438781,0.06962288917139378,0.08026049325940399,0.04521882424261063,-0.047292509208932056,0.02019455091732065,0.025202429787395307,0.07644727392123071,0.12316568177679595,0.047866830343917824,0.0,0.19032909180334373,0.12653495956838764
q89_306166,88,Which is the first interval sung by the lead voice?,Melody,Medium,analitica,C,A,False,0.35574572127139364,0.6442542787286064,0.8093705020411891,0.7100134674623446,3.226223540227378,0.728513927251125,0.47959446599038047,0.7100134674623446,1.8686556913024512,0.564791432948134,,0.17733165039056636,0.2448966064877457,0.2501561688638125,0.03891804809049497,0.21699466476140594,0.2874607706756317,-0.16488801802540431,0.1387380422084723,0.11834995013617493,0.19012747642943176,0.05912864429367605,0.13645665489349385,0.023203536745187492,0.0,0.033746339923762275,0.09232212781443086,0.011220578285711158,0.10141209810613003,0.013596350670949157,0.057650066038468686,0.0,-0.12260276906582421,0.2203490659349194,0.25464781324621366
q8_171574,7,How many chords are played in the song?,Harmony,Medium,analitica,A,A,True,0.39461538461538453,0.6053846153846154,0.6343282955664993,0.11926372238721106,1.9830756697197285,0.9855235446481263,-0.5591377479883096,-0.07632720923475395,0.3798111530267632,0.24302472773532632,,-0.36896878368715536,-0.01714543542775184,0.03759527378909483,0.021468256576228553,-0.2277642380902491,-0.04186225169313632,0.0,-0.038787778690094345,-0.13669595489229242,0.11148132247699485,0.011524209542283267,0.01502152616689053,0.028762109191917257,0.0,0.027165313815677383,-0.06960668378547477,-0.1327291442109796,-0.030056573919509715,-0.0473539078690048,-0.03338803316456618,-0.050290043344452695,-0.025851584982955512,-0.259520330221458,-0.04392718202613317
q90_306166,89,How does the drummer create anticipation for the final verse?,Performance,Medium,analitica,A,A,True,0.2880228136882129,0.7119771863117871,0.8668996380049839,0.9852408257049807,2.758086303478366,1.2499870463169638,-0.24295508270610724,0.12180889981091775,2.551663807033726,0.7933285759790977,,0.07935080973684434,-0.11512016595507693,0.23262146791259397,-0.08718403152151935,-0.37940565788417946,-0.22941176547043518,-0.1755217024713661,0.5535248627579492,-0.09326155111937742,-0.03819583215342828,-0.048398063633926916,0.0703838283333193,0.05074478461553375,0.026051112859300753,-0.10417691814867298,0.06929773125759278,0.06607908397148218,0.0,-0.08011155443964563,0.01868378947024467,0.0,-0.048296555546992595,-0.033830863951500256,0.023884825590881092
q91_8559,90,Which country does the song evoke?,Historical and Cultural Context,Low,knowledge,B,A,False,0.40621336459554513,0.5937866354044549,0.7338003734441507,0.6918701319959271,1.8399746611479886,0.5939889187794676,-0.048722183143922446,0.6918701319959271,-0.24476034677130926,-0.5939889187794676,,-0.37019597611303723,0.4719452955831068,0.24554472488814713,0.05225418646715082,0.096994370261967,0.13958887881398518,-0.02106530218099935,0.028081771131684172,0.007987940781110398,0.03714432667931583,0.0825431697059153,-0.028468519589300745,0.10278329176761754,0.08492748130328401,0.03316336521192505,0.07922863501357827,0.0,0.07254214217483543,-0.1887573397457738,0.17767107989025707,-0.003833736139290018,0.07506679099374719,-0.08260887472542691,0.19375819553020998
q92_8559,91,Which guitar instrumental technique is used in the song?,Performance,Low,analitica,B,A,False,0.18946648426812585,0.8105335157318742,0.7138064733573021,0.7174418410840868,2.868725753272827,0.6136160364082295,-0.1340995742563736,0.2812260103193255,1.7172340351449193,0.39209607454274253,,-0.4027502121505942,0.41517750881946186,0.22127863296775552,-0.21810791538238067,0.06857481658270864,0.08415641688224429,-0.021202811656243555,0.0,0.014808599529796435,0.08690758081724323,0.07692421719600093,-0.04575063248626787,0.08764957684186368,-0.01366681555029154,0.005486296854198748,0.04897691943141065,0.0,0.0324156223459284,-0.1938062496888544,0.13118023409916907,-0.035849262574806945,0.0035642167841020214,-0.08931275241457205,0.03759888487803146
q93_8559,92,What kind of bass is used in the song?,Instrumentation,Medium,percettiva,D,A,False,0.3873355263157895,0.6126644736842105,0.5877714691789655,2.2482593753703926,2.115066870575088,0.7741249996598238,-0.5877714691789655,-1.7815993641591477,-0.3197344529119789,-0.18752415543735257,,-0.22516140147774222,0.23333000560562245,-0.03254751978844503,-0.6272955448535062,-0.31156658271941196,-1.3876338249112639,-0.018495965193366264,0.0,0.0016925725999135388,-0.0912087769736488,0.0,-0.23834309032145778,-0.002309870163588079,-0.5171629909429087,-0.008518049724214868,-0.16082620660444724,-0.0609830958466102,-0.10336800684865428,-0.21474835309058338,-0.23236147132359503,-0.07549865747367238,-0.26756552419762575,-0.22740601548021008,-0.17076329694681003
q94_1420928,93,What kinds of string instruments are used in the intro?,Instrumentation,Low,percettiva,A,A,True,0.5613948919449901,0.43860510805500985,0.5761005542915515,1.2020350357043856,1.6313477907121905,0.8153428626817341,-0.5045509091278719,-0.7877483043648552,1.1303671753698972,-0.14900631316293372,,0.0,0.16787234441460247,0.035774822581839734,-0.13533799253014864,-0.01945494103202633,0.03927102125516273,-0.5208707906776854,-0.8595536775044718,-0.4840650839008087,-0.710680221948239,0.02459476052518486,0.03337988275726756,0.09768648285731169,0.011503746942630708,0.06322443087569014,-0.1135772411432949,0.0,0.10214794333983176,-0.026105302790852474,-0.13954515593173364,-0.0661137941697885,0.06037354056666618,-0.11377240252460896,-0.03135079894798394
q95_1420928,94,What emotions does the song create?,Mood and Expression,Low,knowledge,B,A,False,0.26777522935779813,0.7322247706422018,0.4676883736999035,0.8252859606924745,2.923273589796916,1.0174083044317588,-0.3207070022487856,-0.6194885528125009,1.7654069134011934,-0.05592805803495063,,-0.07350000738329827,-0.38372481283136517,-0.018369090685630744,-0.06463671693656092,0.07349068572555893,0.10289870393998682,-0.30232858990541556,-0.27402572698456157,-0.37997829543426886,-0.20987529626327894,0.04886957155838607,0.029330227746175278,0.04781964830613065,-0.10517758449995353,-0.0325879646368654,-0.09702467560772712,-0.029213032839726302,-0.12154691017804699,-0.0394362097166342,-0.0999636657856493,-0.0035564499713309702,0.011981384608470095,0.06737573048552345,-0.027212032832490376
q96_1420928,95,How many chords does the song use?,Harmony,Medium,analitica,A,A,True,0.468590831918506,0.5314091680814941,0.45470244205416177,0.7179660338548122,2.552264108572138,0.6135498906567606,-0.29656372510578244,0.6960113998993447,-1.116519137864312,-0.4319462782330259,,-0.014014086130874513,0.09998237263399284,0.029412542491235323,-0.010977316977733735,0.04965681598295432,0.3410186650335932,-0.3616189974490976,0.2659876792094924,-0.3534840996446201,0.35981907757075926,0.030130978630747415,0.016150636946653155,0.09682690616536732,0.018059224341775145,0.08203175203292329,-0.015108520137974394,0.0,-0.0019903810087825158,0.0,0.06406788702427732,-0.07805635446445344,0.043952574420816,-0.07401290782574696,0.21106090074182074
q97_1319502,96,In what style is the acoustic guitar accompanying?,Genre and Style,Low,knowledge,D,A,False,0.48690476190476195,0.513095238095238,1.4978139197741416,1.2159071802112988,2.352952693747733,1.6414944957712838,1.4146473501512307,0.4216242313087765,2.067292873414983,0.3270596327760279,,0.4752132278034998,0.2618832465339216,-0.04158328481145555,-0.0378280890419072,0.2959302230270167,-0.359313385409354,0.6850871841321696,0.5568824592261161,0.4132180808146971,0.04110063635868499,0.33402008040893594,-0.0539938533700213,0.28185863707112657,0.05253229890388514,0.12350990517876559,0.11076428580888807,0.04981108877267485,0.08405413833397944,0.14572376465585113,0.15679551858099494,0.10808907806063495,0.03182838877449666,-0.04158328481145555,-0.0014571820821313863
q98_1319502,97,What kind of drums are used in the song?,Instrumentation,Medium,percettiva,C,A,False,0.37243243243243246,0.6275675675675675,1.1916332057368269,0.8534771114561763,1.9050747378650261,1.4322327926113965,1.1916332057368269,0.7833163213947458,0.7652752041652175,0.3481536082753789,,0.35323473129988553,-0.03508039503071522,0.006147629572898713,0.03447864405408234,0.3702674563127751,0.18265904388418744,0.4619833885512675,0.6012590284871913,0.3781540095320957,0.054263640771024635,0.2654280651287826,0.02719967457561598,0.32376204095610883,0.22280799292959225,0.037257302959215984,0.06596627750252056,0.0456021407208648,0.028252960046022787,0.09448724116216815,0.19238045033050633,0.07660339980387834,0.1350046850014885,-0.02966099452628756,0.05744064023797485
q99_1319502,98,Which country do you imagine this song is from?,Historical and Cultural Context,Low,knowledge,A,A,True,0.5583103764921946,0.44168962350780533,0.3140681363950294,1.3349144698236621,2.691751095740706,1.881562133864993,0.15264395356857136,1.114852207478756,-2.2202415776642273,-0.21102257126692803,,0.12268283721653882,0.551021096970524,-0.0379405905911664,-0.11003113117245308,-0.04277150082206263,0.0,0.11067320776526157,0.673862241680685,-0.6062511284006429,-0.010335551678560317,0.144539827446944,0.05325413317249246,0.20609648299015937,0.19864023566196248,0.08280074710550356,0.26430472361859586,0.1666170760842698,0.15221212437934067,0.10718649462618351,0.17088143400979988,0.0,0.12538777936189838,0.05165445371615405,0.16050732895322656
q9_171574,8,What type of filter is applied to the melodic instruments at the beginning of the song?,Sound Texture,Medium,percettiva,A,A,True,0.24208375893769155,0.7579162410623085,0.8566480014586755,0.33869865677091077,2.0168430085652718,0.6043159182691193,-0.853950035514979,-0.33869865677091077,0.9095102787535836,-0.5120853984149765,,-0.3234555845913594,-0.22952649943556866,-0.24195232696882354,-0.10062948743370423,-0.2898911069266442,-0.007351505744201528,0.001348982971848281,-0.0011911641574363536,-0.11292008238753029,-0.13567058917368338,0.0,-0.100162742431904,-0.3609231816606405,0.08634895445080115,-0.058388028562176494,0.0,-0.086059761791101,-0.06074447180428477,-0.045932205695526224,0.017924480434675243,-0.04949116691729569,-0.05964864050817055,-0.14023560850070876,-0.08674564773834449
