sample_id,category,difficulty,macro_family,correct_baseline,target_letter,prob_original_target,prob_original_correct,baseline_above_chance,feature_source,n_positive_available,minimal_sufficient_k,minimal_necessary_k,auc_sufficiency,auc_necessity
q100_1247352,Instrumentation,High,percettiva,True,A,0.8826653972343637,0.8826653972343637,True,MI,11,1.0,,0.7121915891326999,0.2818133139281016
q100_1247352,Instrumentation,High,percettiva,True,A,0.8826653972343637,0.8826653972343637,True,MI_balanced,11,1.0,,0.7121915891326999,0.2818133139281016
q100_1247352,Instrumentation,High,percettiva,True,A,0.8826653972343637,0.8826653972343637,True,UC_audio,5,1.0,,0.45300153890164646,0.3187873008522541
q100_1247352,Instrumentation,High,percettiva,True,A,0.8826653972343637,0.8826653972343637,True,UC_text,1,1.0,,1.0,0.0
q101_1247352,Melody,High,analitica,False,C,0.3824574411253276,0.33751750716353185,True,MI,8,2.0,,0.24003592247794645,0.3308588521401328
q101_1247352,Melody,High,analitica,False,C,0.3824574411253276,0.33751750716353185,True,MI_balanced,8,2.0,,0.24003592247794645,0.3308588521401328
q101_1247352,Melody,High,analitica,False,C,0.3824574411253276,0.33751750716353185,True,UC_audio,11,3.0,,0.7182434535714454,0.09248276452872911
q101_1247352,Melody,High,analitica,False,C,0.3824574411253276,0.33751750716353185,True,UC_text,1,1.0,,1.0,0.0
q102_1247352,Instrumentation,Medium,percettiva,True,A,0.5602456810116401,0.5602456810116401,True,MI,12,6.0,,0.8471660847751165,-0.2692346940530768
q102_1247352,Instrumentation,Medium,percettiva,True,A,0.5602456810116401,0.5602456810116401,True,MI_balanced,12,5.0,,0.9255956660874626,-0.2777549179852222
q102_1247352,Instrumentation,Medium,percettiva,True,A,0.5602456810116401,0.5602456810116401,True,UC_audio,6,1.0,,1.4190165922780589,-0.2786574398422168
q102_1247352,Instrumentation,Medium,percettiva,True,A,0.5602456810116401,0.5602456810116401,True,UC_text,1,1.0,,1.0,0.0
q103_625206,Metre and Rhythm,Medium,percettiva,True,A,0.3814567136141832,0.3814567136141832,True,MI,3,,,0.18291843673062594,-0.040132930877017435
q103_625206,Metre and Rhythm,Medium,percettiva,True,A,0.3814567136141832,0.3814567136141832,True,MI_balanced,3,1.0,,0.19012536173032998,-0.032509658914451664
q103_625206,Metre and Rhythm,Medium,percettiva,True,A,0.3814567136141832,0.3814567136141832,True,UC_audio,7,1.0,,2.6498712335253334,-0.1698417234917197
q103_625206,Metre and Rhythm,Medium,percettiva,True,A,0.3814567136141832,0.3814567136141832,True,UC_text,1,1.0,,1.022782286853903,-0.03797047808983823
q104_625206,Instrumentation,Medium,percettiva,False,B,0.3247916156326475,0.15342069583557838,True,MI,12,1.0,,-0.5205577752688871,-1.1469400433681591
q104_625206,Instrumentation,Medium,percettiva,False,B,0.3247916156326475,0.15342069583557838,True,MI_balanced,12,1.0,,-0.6247864123697009,-1.1884809043296778
q104_625206,Instrumentation,Medium,percettiva,False,B,0.3247916156326475,0.15342069583557838,True,UC_audio,8,,,-0.10004644199625316,-0.44618803296637655
q104_625206,Instrumentation,Medium,percettiva,False,B,0.3247916156326475,0.15342069583557838,True,UC_text,1,1.0,,1.0057435941681867,-0.07466672418642771
q105_625206,Instrumentation,Medium,percettiva,False,B,0.5002428334658674,0.44146275107376953,True,MI,16,1.0,4.0,0.5256103136400455,0.8725191260167209
q105_625206,Instrumentation,Medium,percettiva,False,B,0.5002428334658674,0.44146275107376953,True,MI_balanced,16,1.0,3.0,0.3871629024438331,0.9226447955929199
q105_625206,Instrumentation,Medium,percettiva,False,B,0.5002428334658674,0.44146275107376953,True,UC_audio,8,1.0,,1.539871135581964,0.2318162545385256
q105_625206,Instrumentation,Medium,percettiva,False,B,0.5002428334658674,0.44146275107376953,True,UC_text,1,1.0,,1.0,0.0
q106_395289,Instrumentation,Low,percettiva,True,A,0.8435244253938211,0.8435244253938211,True,MI,7,5.0,,0.48040400210531237,-0.04610000687640796
q106_395289,Instrumentation,Low,percettiva,True,A,0.8435244253938211,0.8435244253938211,True,MI_balanced,7,5.0,,0.47412305707551083,-0.045736286221610155
q106_395289,Instrumentation,Low,percettiva,True,A,0.8435244253938211,0.8435244253938211,True,UC_audio,6,1.0,,0.6701183837946306,0.0417626350519341
q106_395289,Instrumentation,Low,percettiva,True,A,0.8435244253938211,0.8435244253938211,True,UC_text,1,1.0,,1.0007748043409925,-0.0008854906754201927
q107_2083,Metre and Rhythm,Medium,percettiva,False,C,0.6272430709364052,0.29628864714891745,True,MI,5,,,0.05727506465027181,-0.019441392313229073
q107_2083,Metre and Rhythm,Medium,percettiva,False,C,0.6272430709364052,0.29628864714891745,True,MI_balanced,5,,,0.05779431857762611,-0.02348319183131918
q107_2083,Metre and Rhythm,Medium,percettiva,False,C,0.6272430709364052,0.29628864714891745,True,UC_audio,8,1.0,,0.7574842542760751,0.10590977840159127
q107_2083,Metre and Rhythm,Medium,percettiva,False,C,0.6272430709364052,0.29628864714891745,True,UC_text,1,1.0,,0.9998623456939187,2.294238434680397e-05
q108_2083,Genre and Style,Low,knowledge,False,B,0.5929386539017307,0.3596354729201376,True,MI,13,1.0,,0.9484126998380781,-0.24270141139064513
q108_2083,Genre and Style,Low,knowledge,False,B,0.5929386539017307,0.3596354729201376,True,MI_balanced,13,1.0,,0.9427799072830086,-0.2609137610701951
q108_2083,Genre and Style,Low,knowledge,False,B,0.5929386539017307,0.3596354729201376,True,UC_audio,5,1.0,,1.0721089384428677,-0.22916782363676882
q108_2083,Genre and Style,Low,knowledge,False,B,0.5929386539017307,0.3596354729201376,True,UC_text,1,1.0,,1.0,0.0
q109_2083,Instrumentation,Low,percettiva,False,C,0.5199028405925545,0.13145202407316103,True,MI,7,,,0.33694635575509896,0.3179793528646837
q109_2083,Instrumentation,Low,percettiva,False,C,0.5199028405925545,0.13145202407316103,True,MI_balanced,7,,,0.3273667364463058,0.3091158113746424
q109_2083,Instrumentation,Low,percettiva,False,C,0.5199028405925545,0.13145202407316103,True,UC_audio,8,2.0,,0.758808527253866,0.12531468097620552
q109_2083,Instrumentation,Low,percettiva,False,C,0.5199028405925545,0.13145202407316103,True,UC_text,1,1.0,,1.0882912720950424,-0.08829127209504259
q10_1093606,Sound Texture,Low,percettiva,True,A,0.5665813335761721,0.5665813335761721,True,MI,13,10.0,,0.20847950861714867,-0.2686802008495265
q10_1093606,Sound Texture,Low,percettiva,True,A,0.5665813335761721,0.5665813335761721,True,MI_balanced,13,11.0,,0.259026938901833,-0.29446218373808275
q10_1093606,Sound Texture,Low,percettiva,True,A,0.5665813335761721,0.5665813335761721,True,UC_audio,11,11.0,,0.2686132947813226,0.029743264462998072
q10_1093606,Sound Texture,Low,percettiva,True,A,0.5665813335761721,0.5665813335761721,True,UC_text,1,1.0,,0.9967576178588441,0.006809002496427031
q110_1336202,Performance,Medium,analitica,False,B,0.8599773026632144,0.04281574876250468,True,MI,8,4.0,,0.6658537342986839,0.04613253025064802
q110_1336202,Performance,Medium,analitica,False,B,0.8599773026632144,0.04281574876250468,True,MI_balanced,8,4.0,,0.6672511869567407,0.050335682289364005
q110_1336202,Performance,Medium,analitica,False,B,0.8599773026632144,0.04281574876250468,True,UC_audio,12,1.0,,0.7536241238904452,0.05554134056817593
q110_1336202,Performance,Medium,analitica,False,B,0.8599773026632144,0.04281574876250468,True,UC_text,1,1.0,,1.0112245120723675,-0.00748300804824494
q111_1336202,Functional Context,Low,knowledge,True,A,0.9378591346604863,0.9378591346604863,True,MI,10,4.0,,0.6447348553066639,0.12594919665603632
q111_1336202,Functional Context,Low,knowledge,True,A,0.9378591346604863,0.9378591346604863,True,MI_balanced,10,3.0,,0.6657896851396897,0.1341304221657106
q111_1336202,Functional Context,Low,knowledge,True,A,0.9378591346604863,0.9378591346604863,True,UC_audio,9,1.0,,0.5836375082487874,0.1184396557925296
q111_1336202,Functional Context,Low,knowledge,True,A,0.9378591346604863,0.9378591346604863,True,UC_text,1,1.0,,1.0048845297944202,-0.009769059588840149
q112_1336202,Instrumentation,Medium,percettiva,False,C,0.5049239704636466,0.3470288315042338,True,MI,11,1.0,,1.2411293312899236,-0.7058548574789529
q112_1336202,Instrumentation,Medium,percettiva,False,C,0.5049239704636466,0.3470288315042338,True,MI_balanced,11,1.0,,1.188490506922068,-0.7925603075295978
q112_1336202,Instrumentation,Medium,percettiva,False,C,0.5049239704636466,0.3470288315042338,True,UC_audio,8,1.0,,0.3150946576989581,0.23998771502333235
q112_1336202,Instrumentation,Medium,percettiva,False,C,0.5049239704636466,0.3470288315042338,True,UC_text,1,1.0,,0.9870387947751408,0.010673933714589807
q113_1327741,Historical and Cultural Context,Low,knowledge,True,A,0.9606354878853829,0.9606354878853829,True,MI,11,1.0,,0.9744350928459549,0.03396497133589037
q113_1327741,Historical and Cultural Context,Low,knowledge,True,A,0.9606354878853829,0.9606354878853829,True,MI_balanced,11,1.0,,0.997388364980631,0.03649652206347388
q113_1327741,Historical and Cultural Context,Low,knowledge,True,A,0.9606354878853829,0.9606354878853829,True,UC_audio,11,2.0,,0.89594717171437,0.047167224167698175
q113_1327741,Historical and Cultural Context,Low,knowledge,True,A,0.9606354878853829,0.9606354878853829,True,UC_text,1,1.0,,0.9938380996195258,0.003399669175434103
q114_1327741,Melody,High,analitica,True,A,0.8879571781379055,0.8879571781379055,True,MI,11,1.0,,0.5605031810799875,0.043600216616743334
q114_1327741,Melody,High,analitica,True,A,0.8879571781379055,0.8879571781379055,True,MI_balanced,11,4.0,,0.5915158211277085,0.04939003970471956
q114_1327741,Melody,High,analitica,True,A,0.8879571781379055,0.8879571781379055,True,UC_audio,11,8.0,,0.39375771390602765,0.11108177348862736
q114_1327741,Melody,High,analitica,True,A,0.8879571781379055,0.8879571781379055,True,UC_text,1,1.0,,1.0,0.0
q115_1327741,Musical Texture,Medium,percettiva,False,D,0.7990704708696658,0.0954353581902495,True,MI,12,1.0,,1.0385109511235597,0.0729011716930275
q115_1327741,Musical Texture,Medium,percettiva,False,D,0.7990704708696658,0.0954353581902495,True,MI_balanced,12,1.0,,1.0389133513516433,0.0829432526762253
q115_1327741,Musical Texture,Medium,percettiva,False,D,0.7990704708696658,0.0954353581902495,True,UC_audio,11,1.0,,0.9051806296558801,0.05270993594413122
q115_1327741,Musical Texture,Medium,percettiva,False,D,0.7990704708696658,0.0954353581902495,True,UC_text,1,1.0,,1.0046920801155423,-0.012903220317740906
q116_1162034,Harmony,High,analitica,True,A,0.7551234503357622,0.7551234503357622,True,MI,14,1.0,,0.6777241701051159,-0.012700689903275006
q116_1162034,Harmony,High,analitica,True,A,0.7551234503357622,0.7551234503357622,True,MI_balanced,14,1.0,,0.6979655583058529,0.0025620114833333598
q116_1162034,Harmony,High,analitica,True,A,0.7551234503357622,0.7551234503357622,True,UC_audio,8,2.0,,0.6922514330232562,0.03834982693309538
q116_1162034,Harmony,High,analitica,True,A,0.7551234503357622,0.7551234503357622,True,UC_text,1,1.0,,1.019733392744686,-0.022552448851069443
q117_1162034,Melody,High,analitica,True,A,0.6067616152119109,0.6067616152119109,True,MI,12,1.0,,1.0710881353899067,0.0252446579106466
q117_1162034,Melody,High,analitica,True,A,0.6067616152119109,0.6067616152119109,True,MI_balanced,12,1.0,,1.061616351112434,0.015159470675850672
q117_1162034,Melody,High,analitica,True,A,0.6067616152119109,0.6067616152119109,True,UC_audio,3,1.0,,1.1002911388476202,0.1057037323963403
q117_1162034,Melody,High,analitica,True,A,0.6067616152119109,0.6067616152119109,True,UC_text,1,1.0,,1.0,0.0
q118_1162034,Instrumentation,Low,percettiva,False,B,0.45651594269589846,0.3137585130120449,True,MI,8,5.0,,0.5177232541459568,-0.6992700985821153
q118_1162034,Instrumentation,Low,percettiva,False,B,0.45651594269589846,0.3137585130120449,True,MI_balanced,8,4.0,,0.5548014893849024,-0.7214288143641228
q118_1162034,Instrumentation,Low,percettiva,False,B,0.45651594269589846,0.3137585130120449,True,UC_audio,9,6.0,,0.572503139144265,-0.20200163985388375
q118_1162034,Instrumentation,Low,percettiva,False,B,0.45651594269589846,0.3137585130120449,True,UC_text,1,1.0,,1.0,0.0
q119_1227239,Mood and Expression,Low,knowledge,True,A,0.960278382956892,0.960278382956892,True,MI,7,1.0,,1.0261123278209723,0.014508199625778694
q119_1227239,Mood and Expression,Low,knowledge,True,A,0.960278382956892,0.960278382956892,True,MI_balanced,7,1.0,,1.0266574210754613,0.013150911687157601
q119_1227239,Mood and Expression,Low,knowledge,True,A,0.960278382956892,0.960278382956892,True,UC_audio,15,1.0,,1.0039269319203588,0.020688765113952293
q119_1227239,Mood and Expression,Low,knowledge,True,A,0.960278382956892,0.960278382956892,True,UC_text,1,1.0,,1.004772757156465,-0.000707075134291157
q11_1093606,Harmony,High,analitica,False,B,0.37444798032824594,0.33044918281873453,True,MI,12,,,-0.322036323976091,0.14520701201646116
q11_1093606,Harmony,High,analitica,False,B,0.37444798032824594,0.33044918281873453,True,MI_balanced,12,,,-0.280337813333361,0.1597854393202441
q11_1093606,Harmony,High,analitica,False,B,0.37444798032824594,0.33044918281873453,True,UC_audio,11,10.0,8.0,0.2359938534160218,0.3231580402064529
q11_1093606,Harmony,High,analitica,False,B,0.37444798032824594,0.33044918281873453,True,UC_text,1,1.0,,0.9661092327016629,0.04431869569782501
q120_1227239,Harmony,Medium,analitica,False,C,0.467937046365803,0.11831301366519653,True,MI,5,1.0,,0.7316446843633918,0.03978329922637903
q120_1227239,Harmony,Medium,analitica,False,C,0.467937046365803,0.11831301366519653,True,MI_balanced,5,1.0,,0.7149627624974141,0.02603174397619699
q120_1227239,Harmony,Medium,analitica,False,C,0.467937046365803,0.11831301366519653,True,UC_audio,16,1.0,,0.5756745309931854,0.08934662073901123
q120_1227239,Harmony,Medium,analitica,False,C,0.467937046365803,0.11831301366519653,True,UC_text,1,1.0,,1.02013318088537,-0.024447433932234953
q121_1227239,Instrumentation,Low,percettiva,True,A,0.6939484842736241,0.6939484842736241,True,MI,6,2.0,,0.8870922932054562,-0.00819806934869069
q121_1227239,Instrumentation,Low,percettiva,True,A,0.6939484842736241,0.6939484842736241,True,MI_balanced,6,2.0,,0.8914501435511835,-0.005603851662733054
q121_1227239,Instrumentation,Low,percettiva,True,A,0.6939484842736241,0.6939484842736241,True,UC_audio,16,1.0,,1.0588044077206256,0.05555479410712104
q121_1227239,Instrumentation,Low,percettiva,True,A,0.6939484842736241,0.6939484842736241,True,UC_text,1,1.0,,0.9972612630605427,0.00337075315625541
q122_114772,Structure,Medium,analitica,True,A,0.7346836780993795,0.7346836780993795,True,MI,12,3.0,,1.1477367255553923,-0.14117390025118892
q122_114772,Structure,Medium,analitica,True,A,0.7346836780993795,0.7346836780993795,True,MI_balanced,12,2.0,,1.2172333326369829,-0.15050559359117024
q122_114772,Structure,Medium,analitica,True,A,0.7346836780993795,0.7346836780993795,True,UC_audio,11,1.0,,1.2271180803574389,-0.19477436341571153
q122_114772,Structure,Medium,analitica,True,A,0.7346836780993795,0.7346836780993795,True,UC_text,1,1.0,,0.9873048643102214,0.009708044939242695
q123_114772,Harmony,Medium,analitica,True,A,0.5786281957993334,0.5786281957993334,True,MI,7,3.0,,1.6868144009447155,0.22859850479251992
q123_114772,Harmony,Medium,analitica,True,A,0.5786281957993334,0.5786281957993334,True,MI_balanced,7,3.0,,1.6888881259420545,0.2317405513260223
q123_114772,Harmony,Medium,analitica,True,A,0.5786281957993334,0.5786281957993334,True,UC_audio,12,2.0,,0.5761575409587311,0.029489499584902174
q123_114772,Harmony,Medium,analitica,True,A,0.5786281957993334,0.5786281957993334,True,UC_text,1,1.0,,0.9732078628305987,0.03297493805464737
q124_114772,Musical Texture,Low,percettiva,True,A,0.586881999106475,0.586881999106475,True,MI,5,1.0,,1.0819903558612083,0.16641223282488687
q124_114772,Musical Texture,Low,percettiva,True,A,0.586881999106475,0.586881999106475,True,MI_balanced,5,1.0,,1.07801666991698,0.16732523976063812
q124_114772,Musical Texture,Low,percettiva,True,A,0.586881999106475,0.586881999106475,True,UC_audio,5,1.0,,1.2980825416664785,0.0453454786063311
q124_114772,Musical Texture,Low,percettiva,True,A,0.586881999106475,0.586881999106475,True,UC_text,1,1.0,,1.0217798986802777,-0.005444974670069454
q125_187621,Functional Context,Low,knowledge,True,A,0.4005975958753005,0.4005975958753005,True,MI,12,,6.0,-0.6868402772307808,0.4958557495607587
q125_187621,Functional Context,Low,knowledge,True,A,0.4005975958753005,0.4005975958753005,True,MI_balanced,12,,5.0,-0.6740810860018412,0.5433010815343552
q125_187621,Functional Context,Low,knowledge,True,A,0.4005975958753005,0.4005975958753005,True,UC_audio,8,,,0.09230883404226779,0.0649755576106357
q125_187621,Functional Context,Low,knowledge,True,A,0.4005975958753005,0.4005975958753005,True,UC_text,1,1.0,,0.9561526791684128,0.07175016136077858
q126_187621,Mood and Expression,Low,knowledge,True,A,0.8371915122696395,0.8371915122696395,True,MI,7,,,-0.006987362497408334,-0.0764630632641398
q126_187621,Mood and Expression,Low,knowledge,True,A,0.8371915122696395,0.8371915122696395,True,MI_balanced,7,,,-0.010201343726283677,-0.07574992298207125
q126_187621,Mood and Expression,Low,knowledge,True,A,0.8371915122696395,0.8371915122696395,True,UC_audio,10,3.0,,-0.13165881442280186,-0.05785809520931766
q126_187621,Mood and Expression,Low,knowledge,True,A,0.8371915122696395,0.8371915122696395,True,UC_text,1,1.0,,0.999353431139579,0.0010580217715983773
q127_187621,Instrumentation,Low,percettiva,True,A,0.9967559298672427,0.9967559298672427,True,MI,11,1.0,,0.439693369402488,0.007219480774479921
q127_187621,Instrumentation,Low,percettiva,True,A,0.9967559298672427,0.9967559298672427,True,MI_balanced,11,10.0,,0.4744546257628882,0.0080712410998887
q127_187621,Instrumentation,Low,percettiva,True,A,0.9967559298672427,0.9967559298672427,True,UC_audio,14,3.0,,0.8815890831558455,0.007631128530606649
q127_187621,Instrumentation,Low,percettiva,True,A,0.9967559298672427,0.9967559298672427,True,UC_text,1,1.0,,0.9997485634836906,5.028730326184238e-05
q128_332470,Metre and Rhythm,Medium,percettiva,True,A,0.41290897217794487,0.41290897217794487,True,MI,12,6.0,,0.7954644971520424,-0.15332840223157912
q128_332470,Metre and Rhythm,Medium,percettiva,True,A,0.41290897217794487,0.41290897217794487,True,MI_balanced,12,5.0,,0.8653212743886767,-0.16334564538600063
q128_332470,Metre and Rhythm,Medium,percettiva,True,A,0.41290897217794487,0.41290897217794487,True,UC_audio,8,1.0,,1.37334013162443,-0.5783303504093474
q128_332470,Metre and Rhythm,Medium,percettiva,True,A,0.41290897217794487,0.41290897217794487,True,UC_text,1,1.0,,1.0738778951038257,-0.07387789510382593
q129_332470,Historical and Cultural Context,Low,knowledge,True,A,0.7496767588331285,0.7496767588331285,True,MI,14,5.0,,0.6311714432954644,0.03585084515887659
q129_332470,Historical and Cultural Context,Low,knowledge,True,A,0.7496767588331285,0.7496767588331285,True,MI_balanced,14,4.0,,0.7046465978166828,0.0374241745363439
q129_332470,Historical and Cultural Context,Low,knowledge,True,A,0.7496767588331285,0.7496767588331285,True,UC_audio,9,6.0,,0.281730018067492,-0.01117811877595053
q129_332470,Historical and Cultural Context,Low,knowledge,True,A,0.7496767588331285,0.7496767588331285,True,UC_text,1,1.0,,1.022699348212741,-0.02128063894944427
q12_1093606,Instrumentation,Low,percettiva,True,A,0.6449288463752191,0.6449288463752191,True,MI,10,1.0,,0.5300162268948916,0.22473607003756726
q12_1093606,Instrumentation,Low,percettiva,True,A,0.6449288463752191,0.6449288463752191,True,MI_balanced,10,1.0,,0.529804641806815,0.24485897291028957
q12_1093606,Instrumentation,Low,percettiva,True,A,0.6449288463752191,0.6449288463752191,True,UC_audio,13,1.0,10.0,0.5224368698434966,0.36078109483546733
q12_1093606,Instrumentation,Low,percettiva,True,A,0.6449288463752191,0.6449288463752191,True,UC_text,1,1.0,,0.9912662651264716,0.058952710396316506
q130_332470,Melody,Medium,analitica,False,B,0.39935991684886,0.1886442672248343,True,MI,14,7.0,,-0.03280758150253851,-0.17736388779303816
q130_332470,Melody,Medium,analitica,False,B,0.39935991684886,0.1886442672248343,True,MI_balanced,14,6.0,,-0.049670797174121435,-0.2152810422258507
q130_332470,Melody,Medium,analitica,False,B,0.39935991684886,0.1886442672248343,True,UC_audio,5,,,-0.31776456575393414,-0.15286481165974206
q130_332470,Melody,Medium,analitica,False,B,0.39935991684886,0.1886442672248343,True,UC_text,1,1.0,,1.0,0.0
q131_182074,Sound Texture,Low,percettiva,False,D,0.41181126003947344,0.22042668332893392,True,MI,9,,,-0.24466598742702822,0.21258737062089728
q131_182074,Sound Texture,Low,percettiva,False,D,0.41181126003947344,0.22042668332893392,True,MI_balanced,9,,,-0.266542399500618,0.23608224010698456
q131_182074,Sound Texture,Low,percettiva,False,D,0.41181126003947344,0.22042668332893392,True,UC_audio,10,,4.0,0.29142496950029917,0.8117401151837228
q131_182074,Sound Texture,Low,percettiva,False,D,0.41181126003947344,0.22042668332893392,True,UC_text,1,1.0,,0.9443668688205846,0.01693182253286557
q132_182074,Instrumentation,Medium,percettiva,True,A,0.6384502928142984,0.6384502928142984,True,MI,7,1.0,,0.941786268272244,-0.09594783926227825
q132_182074,Instrumentation,Medium,percettiva,True,A,0.6384502928142984,0.6384502928142984,True,MI_balanced,7,1.0,,0.9413032252048428,-0.09889393053528563
q132_182074,Instrumentation,Medium,percettiva,True,A,0.6384502928142984,0.6384502928142984,True,UC_audio,12,1.0,,0.8439314211892271,-0.07504943371387918
q132_182074,Instrumentation,Medium,percettiva,True,A,0.6384502928142984,0.6384502928142984,True,UC_text,1,1.0,,0.9932011967503922,0.0010459697307089104
q133_182074,Sound Texture,Low,percettiva,True,A,0.8090842665329052,0.8090842665329052,True,MI,5,1.0,,0.7404028246296731,0.04959388292589987
q133_182074,Sound Texture,Low,percettiva,True,A,0.8090842665329052,0.8090842665329052,True,MI_balanced,5,1.0,,0.7392434934053035,0.04878036179905787
q133_182074,Sound Texture,Low,percettiva,True,A,0.8090842665329052,0.8090842665329052,True,UC_audio,7,1.0,,0.8694595801196435,0.02141968923340131
q133_182074,Sound Texture,Low,percettiva,True,A,0.8090842665329052,0.8090842665329052,True,UC_text,1,1.0,,1.0149156606162166,-0.01392128324180235
q134_172015,Metre and Rhythm,High,percettiva,True,A,0.36846820428789107,0.36846820428789107,True,MI,12,6.0,,0.8334091521590122,0.23373982706205162
q134_172015,Metre and Rhythm,High,percettiva,True,A,0.36846820428789107,0.36846820428789107,True,MI_balanced,12,4.0,,0.89324619224798,0.2481897178073942
q134_172015,Metre and Rhythm,High,percettiva,True,A,0.36846820428789107,0.36846820428789107,True,UC_audio,9,4.0,7.0,0.6616805055545155,0.28409360793249944
q134_172015,Metre and Rhythm,High,percettiva,True,A,0.36846820428789107,0.36846820428789107,True,UC_text,1,1.0,,0.9473723941890954,0.0
q135_172015,Metre and Rhythm,Low,percettiva,True,A,0.7988181468741291,0.7988181468741291,True,MI,15,1.0,,0.7265094159523648,0.10915816420058685
q135_172015,Metre and Rhythm,Low,percettiva,True,A,0.7988181468741291,0.7988181468741291,True,MI_balanced,15,1.0,,0.7133725054724481,0.13509482659780014
q135_172015,Metre and Rhythm,Low,percettiva,True,A,0.7988181468741291,0.7988181468741291,True,UC_audio,11,1.0,,0.5359734667747543,0.04167628555172651
q135_172015,Metre and Rhythm,Low,percettiva,True,A,0.7988181468741291,0.7988181468741291,True,UC_text,1,1.0,,1.0,0.0
q136_172015,Instrumentation,Low,percettiva,True,A,0.9942026890639124,0.9942026890639124,True,MI,15,1.0,,0.9990311947757474,0.0024139070384096083
q136_172015,Instrumentation,Low,percettiva,True,A,0.9942026890639124,0.9942026890639124,True,MI_balanced,15,1.0,,0.9989849844839576,0.0026369579567984127
q136_172015,Instrumentation,Low,percettiva,True,A,0.9942026890639124,0.9942026890639124,True,UC_audio,11,1.0,,0.9974020091455943,-2.8690339251520635e-05
q136_172015,Instrumentation,Low,percettiva,True,A,0.9942026890639124,0.9942026890639124,True,UC_text,1,1.0,,1.0,0.0
q137_250001,Functional Context,Low,knowledge,True,A,0.9464772931843841,0.9464772931843841,True,MI,2,1.0,,0.7820376300584119,0.019732100012021865
q137_250001,Functional Context,Low,knowledge,True,A,0.9464772931843841,0.9464772931843841,True,MI_balanced,2,1.0,,0.7818239633803875,0.019820061052642276
q137_250001,Functional Context,Low,knowledge,True,A,0.9464772931843841,0.9464772931843841,True,UC_audio,14,1.0,,0.8478353042756838,0.044315131519141994
q137_250001,Functional Context,Low,knowledge,True,A,0.9464772931843841,0.9464772931843841,True,UC_text,1,1.0,,1.0,0.0
q138_250001,Instrumentation,Medium,percettiva,False,C,0.3954699082136639,0.3490009690639726,True,MI,7,1.0,,1.0547012503893232,0.2765270470181125
q138_250001,Instrumentation,Medium,percettiva,False,C,0.3954699082136639,0.3490009690639726,True,MI_balanced,7,1.0,,1.0487584417032063,0.2764945840150669
q138_250001,Instrumentation,Medium,percettiva,False,C,0.3954699082136639,0.3490009690639726,True,UC_audio,12,3.0,,0.0995906090351984,-0.12254867711808323
q138_250001,Instrumentation,Medium,percettiva,False,C,0.3954699082136639,0.3490009690639726,True,UC_text,1,1.0,,1.0,0.0
q139_250001,Performance,Medium,analitica,False,D,0.7881654582781579,0.09413294016745975,True,MI,5,1.0,,1.2363570393111776,0.031079522647660802
q139_250001,Performance,Medium,analitica,False,D,0.7881654582781579,0.09413294016745975,True,MI_balanced,5,1.0,,1.2324717426912857,0.015061530886471068
q139_250001,Performance,Medium,analitica,False,D,0.7881654582781579,0.09413294016745975,True,UC_audio,8,1.0,,1.0507322087265174,0.035261150211597515
q139_250001,Performance,Medium,analitica,False,D,0.7881654582781579,0.09413294016745975,True,UC_text,1,1.0,,0.9977494204611811,0.014628767002323165
q13_1045016,Metre and Rhythm,Medium,percettiva,True,A,0.955074930070067,0.955074930070067,True,MI,5,1.0,,1.0319856640868357,-0.005591564373878487
q13_1045016,Metre and Rhythm,Medium,percettiva,True,A,0.955074930070067,0.955074930070067,True,MI_balanced,5,1.0,,1.0332398714463018,-0.0051645351294918075
q13_1045016,Metre and Rhythm,Medium,percettiva,True,A,0.955074930070067,0.955074930070067,True,UC_audio,9,1.0,,1.0434556543143192,0.01734586937562969
q13_1045016,Metre and Rhythm,Medium,percettiva,True,A,0.955074930070067,0.955074930070067,True,UC_text,1,1.0,,1.0033561038629824,-0.003356103862982371
q140_1138688,Instrumentation,Medium,percettiva,False,C,0.7089109623536131,0.15817941656093917,True,MI,13,1.0,,1.1226454262424672,0.008949698751301773
q140_1138688,Instrumentation,Medium,percettiva,False,C,0.7089109623536131,0.15817941656093917,True,MI_balanced,13,1.0,,1.057830540267613,0.0019883567975078286
q140_1138688,Instrumentation,Medium,percettiva,False,C,0.7089109623536131,0.15817941656093917,True,UC_audio,6,1.0,,1.188624718029957,-0.06899993060737368
q140_1138688,Instrumentation,Medium,percettiva,False,C,0.7089109623536131,0.15817941656093917,True,UC_text,1,1.0,,1.0,-0.012253919502307335
q141_1138688,Historical and Cultural Context,Low,knowledge,False,B,0.4676460447628438,0.19494387471450522,True,MI,12,1.0,12.0,-0.14541690246526276,0.4244170691296014
q141_1138688,Historical and Cultural Context,Low,knowledge,False,B,0.4676460447628438,0.19494387471450522,True,MI_balanced,12,1.0,11.0,-0.22846449103456218,0.5118416816746678
q141_1138688,Historical and Cultural Context,Low,knowledge,False,B,0.4676460447628438,0.19494387471450522,True,UC_audio,8,,4.0,0.1296072195397013,0.860547901259239
q141_1138688,Historical and Cultural Context,Low,knowledge,False,B,0.4676460447628438,0.19494387471450522,True,UC_text,1,1.0,,0.9955107656092493,0.06284928147050958
q142_1138688,Mood and Expression,Low,knowledge,True,A,0.8755145850264565,0.8755145850264565,True,MI,15,13.0,8.0,0.23415539916038977,0.6043949311897819
q142_1138688,Mood and Expression,Low,knowledge,True,A,0.8755145850264565,0.8755145850264565,True,MI_balanced,15,12.0,7.0,0.31487434259209357,0.6770313340231906
q142_1138688,Mood and Expression,Low,knowledge,True,A,0.8755145850264565,0.8755145850264565,True,UC_audio,12,,5.0,0.2581781435267257,0.5817603143688049
q142_1138688,Mood and Expression,Low,knowledge,True,A,0.8755145850264565,0.8755145850264565,True,UC_text,1,1.0,,1.0,0.0
q143_14458,Harmony,High,analitica,True,A,0.9844697535286762,0.9844697535286762,True,MI,13,2.0,,0.9602078824159654,0.008249965975165151
q143_14458,Harmony,High,analitica,True,A,0.9844697535286762,0.9844697535286762,True,MI_balanced,13,2.0,,0.9602078824159654,0.008249965975165151
q143_14458,Harmony,High,analitica,True,A,0.9844697535286762,0.9844697535286762,True,UC_audio,8,1.0,,0.965998044603215,6.793772552437319e-05
q143_14458,Harmony,High,analitica,True,A,0.9844697535286762,0.9844697535286762,True,UC_text,1,1.0,,1.0,0.0
q144_14458,Melody,High,analitica,True,A,0.9038756657534935,0.9038756657534935,True,MI,11,6.0,,0.44721460413693787,0.03003201552140015
q144_14458,Melody,High,analitica,True,A,0.9038756657534935,0.9038756657534935,True,MI_balanced,11,5.0,,0.46951272511829695,0.0316137730141888
q144_14458,Melody,High,analitica,True,A,0.9038756657534935,0.9038756657534935,True,UC_audio,12,4.0,,0.5463534396213201,0.04901569139212096
q144_14458,Melody,High,analitica,True,A,0.9038756657534935,0.9038756657534935,True,UC_text,1,1.0,,1.0,0.0
q145_14458,Instrumentation,Low,percettiva,True,A,0.48783852322344284,0.48783852322344284,True,MI,13,6.0,1.0,0.6640735697754783,0.9761981531150535
q145_14458,Instrumentation,Low,percettiva,True,A,0.48783852322344284,0.48783852322344284,True,MI_balanced,13,5.0,1.0,0.6359725559709676,1.0016802291188984
q145_14458,Instrumentation,Low,percettiva,True,A,0.48783852322344284,0.48783852322344284,True,UC_audio,6,5.0,4.0,0.9695259325909648,0.9232719851088895
q145_14458,Instrumentation,Low,percettiva,True,A,0.48783852322344284,0.48783852322344284,True,UC_text,1,1.0,,0.9345277905692256,0.06547220943077416
q146_179608,Musical Texture,Low,percettiva,True,A,0.3786604407236947,0.3786604407236947,True,MI,10,,,-0.5607672038785789,0.07002708779916447
q146_179608,Musical Texture,Low,percettiva,True,A,0.3786604407236947,0.3786604407236947,True,MI_balanced,10,,,-0.5414708518011799,0.09186079738444893
q146_179608,Musical Texture,Low,percettiva,True,A,0.3786604407236947,0.3786604407236947,True,UC_audio,12,,,-0.3984503831819933,-0.1772773800872684
q146_179608,Musical Texture,Low,percettiva,True,A,0.3786604407236947,0.3786604407236947,True,UC_text,1,1.0,,0.991641910115755,0.058506629189714936
q147_179608,Performance,Low,analitica,False,C,0.4014884600557021,0.24351506054459426,True,MI,11,1.0,,0.6322359487258967,0.22424981076516473
q147_179608,Performance,Low,analitica,False,C,0.4014884600557021,0.24351506054459426,True,MI_balanced,11,1.0,,0.624698299413913,0.24390479281108696
q147_179608,Performance,Low,analitica,False,C,0.4014884600557021,0.24351506054459426,True,UC_audio,15,,,0.26940839958565466,-0.010104675025022769
q147_179608,Performance,Low,analitica,False,C,0.4014884600557021,0.24351506054459426,True,UC_text,1,1.0,,1.0,-0.012425406835620349
q148_179608,Instrumentation,Low,percettiva,True,A,0.9675013180762967,0.9675013180762967,True,MI,8,1.0,,0.9452538113882082,0.08250846147114912
q148_179608,Instrumentation,Low,percettiva,True,A,0.9675013180762967,0.9675013180762967,True,MI_balanced,8,1.0,,0.9452538113882082,0.08279258251157671
q148_179608,Instrumentation,Low,percettiva,True,A,0.9675013180762967,0.9675013180762967,True,UC_audio,10,1.0,,1.0036316513485115,0.34779654940099136
q148_179608,Instrumentation,Low,percettiva,True,A,0.9675013180762967,0.9675013180762967,True,UC_text,1,1.0,,0.9978307662396522,0.002324179028943808
q149_150794,Structure,Medium,analitica,True,A,0.3534716292207864,0.3534716292207864,True,MI,7,1.0,,0.4870815629527334,0.2221063154178059
q149_150794,Structure,Medium,analitica,True,A,0.3534716292207864,0.3534716292207864,True,MI_balanced,7,1.0,,0.4870815629527334,0.2310864759787952
q149_150794,Structure,Medium,analitica,True,A,0.3534716292207864,0.3534716292207864,True,UC_audio,10,2.0,,0.7760182304803129,0.12296590374821371
q149_150794,Structure,Medium,analitica,True,A,0.3534716292207864,0.3534716292207864,True,UC_text,1,1.0,,0.9678886027993728,0.021407598133751364
q14_1045016,Instrumentation,Low,percettiva,True,A,0.5334020964129315,0.5334020964129315,True,MI,6,1.0,,1.9470804436776576,-0.10558307376721264
q14_1045016,Instrumentation,Low,percettiva,True,A,0.5334020964129315,0.5334020964129315,True,MI_balanced,6,1.0,,1.9470804436776576,-0.09304169670601523
q14_1045016,Instrumentation,Low,percettiva,True,A,0.5334020964129315,0.5334020964129315,True,UC_audio,13,1.0,,1.5558643041068556,-0.17629014420204478
q14_1045016,Instrumentation,Low,percettiva,True,A,0.5334020964129315,0.5334020964129315,True,UC_text,1,1.0,,1.0,0.0
q150_150794,Instrumentation,Low,percettiva,True,A,0.9401167927362187,0.9401167927362187,True,MI,12,4.0,,0.8033039823683109,-0.02592680626340961
q150_150794,Instrumentation,Low,percettiva,True,A,0.9401167927362187,0.9401167927362187,True,MI_balanced,12,3.0,,0.8689882250692796,-0.02723349460895438
q150_150794,Instrumentation,Low,percettiva,True,A,0.9401167927362187,0.9401167927362187,True,UC_audio,10,1.0,,0.9541316681647422,-0.03313369672968634
q150_150794,Instrumentation,Low,percettiva,True,A,0.9401167927362187,0.9401167927362187,True,UC_text,1,1.0,,1.0,-0.004167105083361552
q151_150794,Instrumentation,Low,percettiva,True,A,0.9888204256749443,0.9888204256749443,True,MI,8,1.0,,0.9951503172041196,-0.004586319735666898
q151_150794,Instrumentation,Low,percettiva,True,A,0.9888204256749443,0.9888204256749443,True,MI_balanced,8,1.0,,0.9951504700687818,-0.004550517792529302
q151_150794,Instrumentation,Low,percettiva,True,A,0.9888204256749443,0.9888204256749443,True,UC_audio,12,1.0,,0.9945144044113633,-0.005110093206105229
q151_150794,Instrumentation,Low,percettiva,True,A,0.9888204256749443,0.9888204256749443,True,UC_text,1,1.0,,0.9997944448802694,5.606048719927128e-05
q152_1051378,Functional Context,Low,knowledge,True,A,0.9688765803393952,0.9688765803393952,True,MI,14,1.0,,0.952153680952789,-0.0038701268447742243
q152_1051378,Functional Context,Low,knowledge,True,A,0.9688765803393952,0.9688765803393952,True,MI_balanced,14,1.0,,0.9618877934776653,-0.004898043710383781
q152_1051378,Functional Context,Low,knowledge,True,A,0.9688765803393952,0.9688765803393952,True,UC_audio,13,1.0,,0.9091625711669743,-0.0027588911684355106
q152_1051378,Functional Context,Low,knowledge,True,A,0.9688765803393952,0.9688765803393952,True,UC_text,1,1.0,,1.0,0.0
q153_1051378,Instrumentation,Low,percettiva,True,A,0.9847796037499731,0.9847796037499731,True,MI,9,1.0,,0.979419650552092,0.008059820327257052
q153_1051378,Instrumentation,Low,percettiva,True,A,0.9847796037499731,0.9847796037499731,True,MI_balanced,9,1.0,,0.9862834469689494,0.008162517552633336
q153_1051378,Instrumentation,Low,percettiva,True,A,0.9847796037499731,0.9847796037499731,True,UC_audio,13,1.0,,0.987425567257758,0.006676601887922177
q153_1051378,Instrumentation,Low,percettiva,True,A,0.9847796037499731,0.9847796037499731,True,UC_text,1,1.0,,1.0,0.0
q154_1051378,Harmony,Medium,analitica,False,C,0.9047477070680923,0.0841546458374576,True,MI,11,1.0,,1.031616439508851,-0.00107956222005564
q154_1051378,Harmony,Medium,analitica,False,C,0.9047477070680923,0.0841546458374576,True,MI_balanced,11,1.0,,1.0355647392630973,0.0013237949938905058
q154_1051378,Harmony,Medium,analitica,False,C,0.9047477070680923,0.0841546458374576,True,UC_audio,9,1.0,,0.9660241526280215,0.03967160512082093
q154_1051378,Harmony,Medium,analitica,False,C,0.9047477070680923,0.0841546458374576,True,UC_text,1,1.0,,1.0,0.0
q155_1199044,Mood and Expression,Low,knowledge,False,C,0.6046190129759307,0.3667199688150925,True,MI,11,1.0,,1.0346089262043159,0.1688044556798637
q155_1199044,Mood and Expression,Low,knowledge,False,C,0.6046190129759307,0.3667199688150925,True,MI_balanced,11,1.0,,1.0147507143041328,0.18402702133051269
q155_1199044,Mood and Expression,Low,knowledge,False,C,0.6046190129759307,0.3667199688150925,True,UC_audio,14,1.0,12.0,0.6243079882258726,0.2092330608386473
q155_1199044,Mood and Expression,Low,knowledge,False,C,0.6046190129759307,0.3667199688150925,True,UC_text,1,1.0,,0.9985780262550833,0.0014219737449170423
q156_1199044,Sound Texture,Medium,percettiva,False,C,0.509592276237325,0.07814850662680659,True,MI,11,1.0,,0.6045941192964557,0.06862334686504784
q156_1199044,Sound Texture,Medium,percettiva,False,C,0.509592276237325,0.07814850662680659,True,MI_balanced,11,1.0,,0.5602919353810125,0.10356107362163187
q156_1199044,Sound Texture,Medium,percettiva,False,C,0.509592276237325,0.07814850662680659,True,UC_audio,15,1.0,14.0,0.759627695796177,0.22829435344363216
q156_1199044,Sound Texture,Medium,percettiva,False,C,0.509592276237325,0.07814850662680659,True,UC_text,1,1.0,,1.0,0.0
q157_1199044,Metre and Rhythm,Medium,percettiva,False,B,0.3630670514129528,0.28275690394783365,True,MI,15,,1.0,-1.3834324941523666,1.0033074064688419
q157_1199044,Metre and Rhythm,Medium,percettiva,False,B,0.3630670514129528,0.28275690394783365,True,MI_balanced,15,,1.0,-1.364479388212461,1.0317301664752883
q157_1199044,Metre and Rhythm,Medium,percettiva,False,B,0.3630670514129528,0.28275690394783365,True,UC_audio,13,10.0,1.0,-0.43857659317473563,1.6831165474324457
q157_1199044,Metre and Rhythm,Medium,percettiva,False,B,0.3630670514129528,0.28275690394783365,True,UC_text,1,1.0,,1.0334992577312827,-0.09212295876102779
q158_14014,Genre and Style,Medium,knowledge,False,C,0.9591925356386057,0.02255804628012969,True,MI,14,1.0,,0.9846680028428489,0.010097214163331628
q158_14014,Genre and Style,Medium,knowledge,False,C,0.9591925356386057,0.02255804628012969,True,MI_balanced,14,1.0,,0.9792199663561199,0.013681788653781368
q158_14014,Genre and Style,Medium,knowledge,False,C,0.9591925356386057,0.02255804628012969,True,UC_audio,2,1.0,,1.048293728378527,-0.00506796682441968
q158_14014,Genre and Style,Medium,knowledge,False,C,0.9591925356386057,0.02255804628012969,True,UC_text,1,1.0,,1.0018516991283255,-0.0018516991283258834
q159_14014,Harmony,Medium,analitica,True,A,0.49498920129189883,0.49498920129189883,True,MI,12,,11.0,-0.18536396773426697,0.31148472775262726
q159_14014,Harmony,Medium,analitica,True,A,0.49498920129189883,0.49498920129189883,True,MI_balanced,12,,11.0,-0.1397391099353789,0.3647864122672564
q159_14014,Harmony,Medium,analitica,True,A,0.49498920129189883,0.49498920129189883,True,UC_audio,8,,7.0,0.016643402280455476,0.4534704050330073
q159_14014,Harmony,Medium,analitica,True,A,0.49498920129189883,0.49498920129189883,True,UC_text,1,1.0,,1.0623861190955743,-0.06238611909557436
q15_1045016,Sound Texture,Low,percettiva,False,B,0.4503887036612175,0.273174557558756,True,MI,9,9.0,,0.30676240756066303,0.049544956804493306
q15_1045016,Sound Texture,Low,percettiva,False,B,0.4503887036612175,0.273174557558756,True,MI_balanced,9,8.0,,0.35747358854205064,0.06862604426923684
q15_1045016,Sound Texture,Low,percettiva,False,B,0.4503887036612175,0.273174557558756,True,UC_audio,15,2.0,,0.5931671321947062,-0.0032027653745643407
q15_1045016,Sound Texture,Low,percettiva,False,B,0.4503887036612175,0.273174557558756,True,UC_text,1,1.0,,1.0,0.0
q160_14014,Melody,Medium,analitica,True,A,0.5511932635840767,0.5511932635840767,True,MI,11,8.0,,0.46966341267095274,0.10384176127032822
q160_14014,Melody,Medium,analitica,True,A,0.5511932635840767,0.5511932635840767,True,MI_balanced,11,2.0,,0.49397183442882237,0.09069090464780237
q160_14014,Melody,Medium,analitica,True,A,0.5511932635840767,0.5511932635840767,True,UC_audio,7,4.0,,0.5216813282932193,0.10058941096143766
q160_14014,Melody,Medium,analitica,True,A,0.5511932635840767,0.5511932635840767,True,UC_text,1,1.0,,1.0,0.0
q161_1177896,Sound Texture,High,percettiva,False,C,0.7748804967444657,0.08167180348497892,True,MI,11,1.0,,1.0061936346031364,-0.08325556643419126
q161_1177896,Sound Texture,High,percettiva,False,C,0.7748804967444657,0.08167180348497892,True,MI_balanced,11,1.0,,1.007519478023079,-0.08413369617354687
q161_1177896,Sound Texture,High,percettiva,False,C,0.7748804967444657,0.08167180348497892,True,UC_audio,7,1.0,,1.1046150737330604,-0.10011935084693645
q161_1177896,Sound Texture,High,percettiva,False,C,0.7748804967444657,0.08167180348497892,True,UC_text,1,1.0,,1.0092092480924717,-0.00920924809247212
q162_1177896,Harmony,Medium,analitica,True,A,0.7909813861186156,0.7909813861186156,True,MI,11,1.0,,1.1055791899982272,-0.17067093941626515
q162_1177896,Harmony,Medium,analitica,True,A,0.7909813861186156,0.7909813861186156,True,MI_balanced,11,1.0,,1.123890065633525,-0.1768858651563185
q162_1177896,Harmony,Medium,analitica,True,A,0.7909813861186156,0.7909813861186156,True,UC_audio,6,1.0,,1.0918488283046546,-0.002213589686971953
q162_1177896,Harmony,Medium,analitica,True,A,0.7909813861186156,0.7909813861186156,True,UC_text,1,1.0,,1.0088657343457386,-0.008865734345738733
q163_1177896,Functional Context,Low,knowledge,False,B,0.4895760593271094,0.23125935544887716,True,MI,10,1.0,,0.9386344558949281,0.0761622857165467
q163_1177896,Functional Context,Low,knowledge,False,B,0.4895760593271094,0.23125935544887716,True,MI_balanced,10,1.0,,0.9564408035791492,0.07546509506206091
q163_1177896,Functional Context,Low,knowledge,False,B,0.4895760593271094,0.23125935544887716,True,UC_audio,5,1.0,,0.8615953822445507,-0.07183906312622897
q163_1177896,Functional Context,Low,knowledge,False,B,0.4895760593271094,0.23125935544887716,True,UC_text,1,1.0,,0.9585208231712337,0.05424200046838641
q164_1227240,Sound Texture,Medium,percettiva,True,A,0.4861860986460252,0.4861860986460252,True,MI,6,1.0,,1.1593530167400272,-0.14673739316825413
q164_1227240,Sound Texture,Medium,percettiva,True,A,0.4861860986460252,0.4861860986460252,True,MI_balanced,6,1.0,,1.1514184095257798,-0.1582825182209938
q164_1227240,Sound Texture,Medium,percettiva,True,A,0.4861860986460252,0.4861860986460252,True,UC_audio,12,1.0,,1.471754685986273,-0.4161120899260518
q164_1227240,Sound Texture,Medium,percettiva,True,A,0.4861860986460252,0.4861860986460252,True,UC_text,1,1.0,,1.0119814401896978,-0.032948960521669006
q165_1227240,Melody,High,analitica,False,B,0.35096048266432067,0.1878556093046186,True,MI,11,,1.0,-0.35261466928377116,0.8866695597060548
q165_1227240,Melody,High,analitica,False,B,0.35096048266432067,0.1878556093046186,True,MI_balanced,11,,2.0,-0.3407730927832982,0.8681198802336809
q165_1227240,Melody,High,analitica,False,B,0.35096048266432067,0.1878556093046186,True,UC_audio,10,,9.0,-0.4088066160952863,0.35318393654102453
q165_1227240,Melody,High,analitica,False,B,0.35096048266432067,0.1878556093046186,True,UC_text,1,1.0,,1.0192250096361894,-0.09228004625370914
q166_1227240,Mood and Expression,Low,knowledge,False,D,0.7620353491713443,0.04299109256566024,True,MI,8,1.0,,1.1002895908310177,-0.053693319397527396
q166_1227240,Mood and Expression,Low,knowledge,False,D,0.7620353491713443,0.04299109256566024,True,MI_balanced,8,1.0,,1.0956976990674088,-0.05850403484457334
q166_1227240,Mood and Expression,Low,knowledge,False,D,0.7620353491713443,0.04299109256566024,True,UC_audio,10,1.0,,1.3016195368015113,-0.06549083722141254
q166_1227240,Mood and Expression,Low,knowledge,False,D,0.7620353491713443,0.04299109256566024,True,UC_text,1,1.0,,1.0068524204409623,-0.011835998943480069
q167_7096,Metre and Rhythm,Medium,percettiva,False,C,0.5616452648719304,0.38601276903019366,True,MI,15,3.0,,0.39222101711092605,-0.015089466247679238
q167_7096,Metre and Rhythm,Medium,percettiva,False,C,0.5616452648719304,0.38601276903019366,True,MI_balanced,15,2.0,,0.45185521375598675,-0.01204283558605676
q167_7096,Metre and Rhythm,Medium,percettiva,False,C,0.5616452648719304,0.38601276903019366,True,UC_audio,10,2.0,,1.0503923298300526,0.11559214464856397
q167_7096,Metre and Rhythm,Medium,percettiva,False,C,0.5616452648719304,0.38601276903019366,True,UC_text,1,1.0,,0.9941358569892091,0.005131125134441667
q168_7096,Genre and Style,High,knowledge,True,A,0.887047391095286,0.887047391095286,True,MI,11,3.0,,0.5583317820312246,0.02978743163822104
q168_7096,Genre and Style,High,knowledge,True,A,0.887047391095286,0.887047391095286,True,MI_balanced,11,2.0,,0.5949654219784265,0.034663221004439894
q168_7096,Genre and Style,High,knowledge,True,A,0.887047391095286,0.887047391095286,True,UC_audio,9,3.0,,0.6501275957493962,0.0788805048900014
q168_7096,Genre and Style,High,knowledge,True,A,0.887047391095286,0.887047391095286,True,UC_text,1,1.0,,1.0041159966517055,-0.0033896443014046537
q169_7096,Melody,Medium,analitica,False,B,0.41362197641979137,0.15216302154154035,True,MI,13,,,-0.21690201513615393,-0.08176564239428889
q169_7096,Melody,Medium,analitica,False,B,0.41362197641979137,0.15216302154154035,True,MI_balanced,13,,,-0.19973636803923636,-0.07178286845319998
q169_7096,Melody,Medium,analitica,False,B,0.41362197641979137,0.15216302154154035,True,UC_audio,9,,9.0,0.1744154242248291,0.4168780055707985
q169_7096,Melody,Medium,analitica,False,B,0.41362197641979137,0.15216302154154035,True,UC_text,1,1.0,,0.9428203835191019,0.07477334462886719
q16_1100505,Sound Texture,Medium,percettiva,False,D,0.4638260949038141,0.2482682181426003,True,MI,8,4.0,1.0,1.067390701679641,0.06112656023619857
q16_1100505,Sound Texture,Medium,percettiva,False,D,0.4638260949038141,0.2482682181426003,True,MI_balanced,8,4.0,1.0,1.0906161106604684,0.04975773060759402
q16_1100505,Sound Texture,Medium,percettiva,False,D,0.4638260949038141,0.2482682181426003,True,UC_audio,6,2.0,10.0,2.3215902329612983,0.337803313458232
q16_1100505,Sound Texture,Medium,percettiva,False,D,0.4638260949038141,0.2482682181426003,True,UC_text,1,1.0,,0.9566379661069551,0.02890802259536333
q170_1103980,Harmony,High,analitica,False,C,0.2966017332562214,0.2617501108998378,True,MI,10,1.0,4.0,2.2774097009946326,0.17238043503147488
q170_1103980,Harmony,High,analitica,False,C,0.2966017332562214,0.2617501108998378,True,MI_balanced,10,1.0,4.0,2.2737290433590918,0.21231157970273346
q170_1103980,Harmony,High,analitica,False,C,0.2966017332562214,0.2617501108998378,True,UC_audio,10,1.0,8.0,2.1608951599104773,0.45080484468841486
q170_1103980,Harmony,High,analitica,False,C,0.2966017332562214,0.2617501108998378,True,UC_text,1,1.0,,1.2903084521293535,-0.05806169042587068
q171_1103980,Harmony,High,analitica,False,D,0.6526395343906627,0.14562356382778524,True,MI,10,1.0,,0.9201736503566925,0.14633790317857215
q171_1103980,Harmony,High,analitica,False,D,0.6526395343906627,0.14562356382778524,True,MI_balanced,10,1.0,,0.9177170094023327,0.14572242968894708
q171_1103980,Harmony,High,analitica,False,D,0.6526395343906627,0.14562356382778524,True,UC_audio,9,1.0,,0.5648956729091179,0.11826687849119884
q171_1103980,Harmony,High,analitica,False,D,0.6526395343906627,0.14562356382778524,True,UC_text,1,1.0,,0.9866399937049475,0.016443084670833805
q172_1103980,Instrumentation,Low,percettiva,True,A,0.4605489665382911,0.4605489665382911,True,MI,9,1.0,7.0,1.127740926369596,0.3671688737592539
q172_1103980,Instrumentation,Low,percettiva,True,A,0.4605489665382911,0.4605489665382911,True,MI_balanced,9,1.0,7.0,1.1344422062541555,0.37022810133010065
q172_1103980,Instrumentation,Low,percettiva,True,A,0.4605489665382911,0.4605489665382911,True,UC_audio,9,2.0,,1.422142624545092,-0.1597211585301874
q172_1103980,Instrumentation,Low,percettiva,True,A,0.4605489665382911,0.4605489665382911,True,UC_text,1,1.0,,1.0,0.0
q173_121123,Melody,High,analitica,False,C,0.38109590680697514,0.15886440940276828,True,MI,4,1.0,,2.4146312666089713,-0.04491803739238969
q173_121123,Melody,High,analitica,False,C,0.38109590680697514,0.15886440940276828,True,MI_balanced,4,1.0,,2.4146312666089713,-0.04698429031262878
q173_121123,Melody,High,analitica,False,C,0.38109590680697514,0.15886440940276828,True,UC_audio,6,3.0,6.0,0.09048609788612362,0.2965791859644703
q173_121123,Melody,High,analitica,False,C,0.38109590680697514,0.15886440940276828,True,UC_text,1,1.0,,1.1139930589656935,-0.10639352170131393
q174_121123,Metre and Rhythm,Medium,percettiva,True,A,0.5751823820352931,0.5751823820352931,True,MI,4,1.0,,0.7842244370809767,-0.02677267846952512
q174_121123,Metre and Rhythm,Medium,percettiva,True,A,0.5751823820352931,0.5751823820352931,True,MI_balanced,4,1.0,,0.7842244370809767,-0.022594749006491086
q174_121123,Metre and Rhythm,Medium,percettiva,True,A,0.5751823820352931,0.5751823820352931,True,UC_audio,10,1.0,,1.0106135727327086,0.023115967290029
q174_121123,Metre and Rhythm,Medium,percettiva,True,A,0.5751823820352931,0.5751823820352931,True,UC_text,1,1.0,,0.9590972756124291,0.0409027243875706
q175_121123,Metre and Rhythm,High,percettiva,False,B,0.7660123702082862,0.0712502493439734,True,MI,5,1.0,,0.5306558788928316,0.06762331014352443
q175_121123,Metre and Rhythm,High,percettiva,False,B,0.7660123702082862,0.0712502493439734,True,MI_balanced,5,1.0,,0.5282035040019128,0.0695426759937224
q175_121123,Metre and Rhythm,High,percettiva,False,B,0.7660123702082862,0.0712502493439734,True,UC_audio,11,1.0,,0.4577534533408458,0.06296749955813236
q175_121123,Metre and Rhythm,High,percettiva,False,B,0.7660123702082862,0.0712502493439734,True,UC_text,1,1.0,,0.9992837151883018,0.000881581306705803
q176_1076450,Metre and Rhythm,Medium,percettiva,False,C,0.40157447905977456,0.21494732931830426,True,MI,10,1.0,10.0,1.1318119222085967,0.3906161180913324
q176_1076450,Metre and Rhythm,Medium,percettiva,False,C,0.40157447905977456,0.21494732931830426,True,MI_balanced,10,1.0,9.0,1.1390059962150623,0.42922228890837544
q176_1076450,Metre and Rhythm,Medium,percettiva,False,C,0.40157447905977456,0.21494732931830426,True,UC_audio,7,1.0,,1.2279636625324648,-0.008401272794805098
q176_1076450,Metre and Rhythm,Medium,percettiva,False,C,0.40157447905977456,0.21494732931830426,True,UC_text,1,1.0,,1.0297476971176704,-0.0366125502986714
q177_1076450,Instrumentation,Medium,percettiva,True,A,0.8818571134954749,0.8818571134954749,True,MI,10,3.0,,0.7810712931474769,-0.024849546428230986
q177_1076450,Instrumentation,Medium,percettiva,True,A,0.8818571134954749,0.8818571134954749,True,MI_balanced,10,2.0,,0.8025202274007104,-0.0250809550992564
q177_1076450,Instrumentation,Medium,percettiva,True,A,0.8818571134954749,0.8818571134954749,True,UC_audio,11,1.0,,0.8714272919455773,0.03160887149889724
q177_1076450,Instrumentation,Medium,percettiva,True,A,0.8818571134954749,0.8818571134954749,True,UC_text,1,1.0,,1.0117885032658194,-0.007204085329111879
q178_1076450,Melody,Medium,analitica,True,A,0.4743223188341991,0.4743223188341991,True,MI,14,1.0,,0.2849453822749856,-0.023193168568145114
q178_1076450,Melody,Medium,analitica,True,A,0.4743223188341991,0.4743223188341991,True,MI_balanced,14,1.0,,0.23007867047811795,-0.06666057913424875
q178_1076450,Melody,Medium,analitica,True,A,0.4743223188341991,0.4743223188341991,True,UC_audio,4,,,0.29850890629506693,-0.036557759192454
q178_1076450,Melody,Medium,analitica,True,A,0.4743223188341991,0.4743223188341991,True,UC_text,1,1.0,,1.0,0.0
q179_1407836,Metre and Rhythm,Medium,percettiva,True,A,0.7826681548796773,0.7826681548796773,True,MI,9,1.0,,0.7618700079611374,0.030726361951954904
q179_1407836,Metre and Rhythm,Medium,percettiva,True,A,0.7826681548796773,0.7826681548796773,True,MI_balanced,9,1.0,,0.7655888466693445,0.023870229857195335
q179_1407836,Metre and Rhythm,Medium,percettiva,True,A,0.7826681548796773,0.7826681548796773,True,UC_audio,14,1.0,,0.7231006168188459,0.06063825326663557
q179_1407836,Metre and Rhythm,Medium,percettiva,True,A,0.7826681548796773,0.7826681548796773,True,UC_text,1,1.0,,0.9793385177868481,0.020661482213152164
q17_1100505,Performance,Medium,analitica,False,B,0.4951634192877961,0.38563365868965,True,MI,3,1.0,,1.0031135725119735,-0.12677115293620192
q17_1100505,Performance,Medium,analitica,False,B,0.4951634192877961,0.38563365868965,True,MI_balanced,3,1.0,,0.9886961282311397,-0.12677115293620192
q17_1100505,Performance,Medium,analitica,False,B,0.4951634192877961,0.38563365868965,True,UC_audio,13,1.0,,0.9180829767618378,-0.1257114727162406
q17_1100505,Performance,Medium,analitica,False,B,0.4951634192877961,0.38563365868965,True,UC_text,1,1.0,,0.991068987155248,0.008931012844752454
q180_1407836,Functional Context,Low,knowledge,False,B,0.4784810030812848,0.29021339845885424,True,MI,8,1.0,,0.5110801697471787,-0.059809796724787964
q180_1407836,Functional Context,Low,knowledge,False,B,0.4784810030812848,0.29021339845885424,True,MI_balanced,8,1.0,,0.5141148570528965,-0.059809796724787964
q180_1407836,Functional Context,Low,knowledge,False,B,0.4784810030812848,0.29021339845885424,True,UC_audio,8,1.0,,1.4343492710581336,-0.2537017886265037
q180_1407836,Functional Context,Low,knowledge,False,B,0.4784810030812848,0.29021339845885424,True,UC_text,1,1.0,,0.9887566782511801,0.014702805363841477
q181_1407836,Functional Context,Low,knowledge,False,D,0.3926712568082633,0.26987874489369595,True,MI,11,,8.0,0.016483301480317722,0.5221161772247032
q181_1407836,Functional Context,Low,knowledge,False,D,0.3926712568082633,0.26987874489369595,True,MI_balanced,11,,8.0,0.03399547020497169,0.5221161772247032
q181_1407836,Functional Context,Low,knowledge,False,D,0.3926712568082633,0.26987874489369595,True,UC_audio,16,,14.0,0.03337616771153054,0.3935152026207513
q181_1407836,Functional Context,Low,knowledge,False,D,0.3926712568082633,0.26987874489369595,True,UC_text,1,1.0,,1.0,0.0
q182_357330,Lyrics,Low,knowledge,False,B,0.34412869855837674,0.14345418431038154,True,MI,6,1.0,,2.611348975293072,-1.0429636753077172
q182_357330,Lyrics,Low,knowledge,False,B,0.34412869855837674,0.14345418431038154,True,MI_balanced,6,1.0,,2.6736729133325587,-1.0435412207066108
q182_357330,Lyrics,Low,knowledge,False,B,0.34412869855837674,0.14345418431038154,True,UC_audio,12,,1.0,-0.38582461560972753,0.7718699376254797
q182_357330,Lyrics,Low,knowledge,False,B,0.34412869855837674,0.14345418431038154,True,UC_text,1,1.0,,1.0271622958417637,-0.03343051795909381
q183_357330,Metre and Rhythm,Medium,percettiva,True,A,0.9950193221036545,0.9950193221036545,True,MI,12,1.0,,0.8586264388015155,-0.0001955338151716513
q183_357330,Metre and Rhythm,Medium,percettiva,True,A,0.9950193221036545,0.9950193221036545,True,MI_balanced,12,1.0,,0.8685224106960306,-2.650930146534039e-05
q183_357330,Metre and Rhythm,Medium,percettiva,True,A,0.9950193221036545,0.9950193221036545,True,UC_audio,12,1.0,,0.9730480316136133,0.001035671026449083
q183_357330,Metre and Rhythm,Medium,percettiva,True,A,0.9950193221036545,0.9950193221036545,True,UC_text,1,1.0,,0.9998921337329122,0.0007280973028423951
q184_357330,Lyrics,Low,knowledge,False,C,0.9794142391693731,0.005139494240461523,True,MI,8,1.0,,0.9868110927369753,0.005460437026975717
q184_357330,Lyrics,Low,knowledge,False,C,0.9794142391693731,0.005139494240461523,True,MI_balanced,8,1.0,,0.9846297233264907,0.005447553701946744
q184_357330,Lyrics,Low,knowledge,False,C,0.9794142391693731,0.005139494240461523,True,UC_audio,12,1.0,,1.0014226316437056,0.002065126989664409
q184_357330,Lyrics,Low,knowledge,False,C,0.9794142391693731,0.005139494240461523,True,UC_text,1,1.0,,0.9991197541213964,0.0013203688179053462
q185_661634,Harmony,High,analitica,True,A,0.826192181842697,0.826192181842697,True,MI,14,1.0,,0.9536781915440409,0.018941451761268414
q185_661634,Harmony,High,analitica,True,A,0.826192181842697,0.826192181842697,True,MI_balanced,14,1.0,,0.972179434792595,0.027746750024878794
q185_661634,Harmony,High,analitica,True,A,0.826192181842697,0.826192181842697,True,UC_audio,6,1.0,,0.8238214560585122,-0.045537546530727176
q185_661634,Harmony,High,analitica,True,A,0.826192181842697,0.826192181842697,True,UC_text,1,1.0,,1.0119578674541105,-0.018933290135674855
q186_661634,Harmony,Medium,analitica,True,A,0.37139764131733555,0.37139764131733555,True,MI,14,4.0,,1.3524828346312252,0.03910993698870984
q186_661634,Harmony,Medium,analitica,True,A,0.37139764131733555,0.37139764131733555,True,MI_balanced,14,3.0,,1.3923025843737284,0.06883840617244925
q186_661634,Harmony,Medium,analitica,True,A,0.37139764131733555,0.37139764131733555,True,UC_audio,11,3.0,,1.0752191077912532,0.2603058348652067
q186_661634,Harmony,Medium,analitica,True,A,0.37139764131733555,0.37139764131733555,True,UC_text,1,1.0,,0.8818583630219122,0.1181416369780879
q187_661634,Harmony,High,analitica,False,B,0.4287316500513647,0.378354353210312,True,MI,10,1.0,,1.4644478679574955,-0.19917410972234756
q187_661634,Harmony,High,analitica,False,B,0.4287316500513647,0.378354353210312,True,MI_balanced,10,1.0,,1.3561849456291797,-0.2500858659681232
q187_661634,Harmony,High,analitica,False,B,0.4287316500513647,0.378354353210312,True,UC_audio,8,1.0,,1.21630647554707,0.11998143315656642
q187_661634,Harmony,High,analitica,False,B,0.4287316500513647,0.378354353210312,True,UC_text,1,1.0,,1.080627972109785,-0.08062797210978515
q188_312915,Instrumentation,Medium,percettiva,False,D,0.576817644595839,0.3964405829481815,True,MI,11,1.0,,0.9602477982718786,0.2127058520935908
q188_312915,Instrumentation,Medium,percettiva,False,D,0.576817644595839,0.3964405829481815,True,MI_balanced,11,1.0,,0.9510938190739618,0.23153029594525684
q188_312915,Instrumentation,Medium,percettiva,False,D,0.576817644595839,0.3964405829481815,True,UC_audio,14,1.0,,0.9767562204038293,-0.058994528510094804
q188_312915,Instrumentation,Medium,percettiva,False,D,0.576817644595839,0.3964405829481815,True,UC_text,1,1.0,,1.0,0.0
q189_312915,Instrumentation,Medium,percettiva,True,A,0.5458994361811498,0.5458994361811498,True,MI,10,1.0,,0.9155269321565629,-0.08275832152071659
q189_312915,Instrumentation,Medium,percettiva,True,A,0.5458994361811498,0.5458994361811498,True,MI_balanced,10,1.0,,0.9422683839626047,-0.08390506368369019
q189_312915,Instrumentation,Medium,percettiva,True,A,0.5458994361811498,0.5458994361811498,True,UC_audio,11,1.0,,0.9643286907662506,-0.09833965560848677
q189_312915,Instrumentation,Medium,percettiva,True,A,0.5458994361811498,0.5458994361811498,True,UC_text,1,1.0,,1.0,0.0
q18_1100505,Sound Texture,Medium,percettiva,True,A,0.3718550053338136,0.3718550053338136,True,MI,10,7.0,6.0,0.7811558284711742,0.5036226825364374
q18_1100505,Sound Texture,Medium,percettiva,True,A,0.3718550053338136,0.3718550053338136,True,MI_balanced,10,7.0,6.0,0.7846115036941582,0.5095332673733398
q18_1100505,Sound Texture,Medium,percettiva,True,A,0.3718550053338136,0.3718550053338136,True,UC_audio,15,15.0,4.0,0.15000862694071693,0.7681170489277227
q18_1100505,Sound Texture,Medium,percettiva,True,A,0.3718550053338136,0.3718550053338136,True,UC_text,1,1.0,,1.1702303343920653,-0.07295585759659941
q190_312915,Metre and Rhythm,Low,percettiva,True,A,0.9885228212931265,0.9885228212931265,True,MI,7,1.0,,0.930638959137412,0.002287805210227268
q190_312915,Metre and Rhythm,Low,percettiva,True,A,0.9885228212931265,0.9885228212931265,True,MI_balanced,7,2.0,,0.9534941042537748,0.0023642982716173587
q190_312915,Metre and Rhythm,Low,percettiva,True,A,0.9885228212931265,0.9885228212931265,True,UC_audio,12,1.0,,0.9660963428693,0.010443676731092488
q190_312915,Metre and Rhythm,Low,percettiva,True,A,0.9885228212931265,0.9885228212931265,True,UC_text,1,1.0,,1.0007683649793682,-0.0008781314049919945
q191_1381590,Instrumentation,Low,percettiva,False,B,0.4965194144546919,0.18265928472036383,True,MI,6,1.0,,1.8264678283255233,-0.6793265501182547
q191_1381590,Instrumentation,Low,percettiva,False,B,0.4965194144546919,0.18265928472036383,True,MI_balanced,6,1.0,,1.828836483472197,-0.6721264601357732
q191_1381590,Instrumentation,Low,percettiva,False,B,0.4965194144546919,0.18265928472036383,True,UC_audio,14,1.0,11.0,1.7279507480229015,-0.1386804525685784
q191_1381590,Instrumentation,Low,percettiva,False,B,0.4965194144546919,0.18265928472036383,True,UC_text,1,1.0,,1.0103145633763793,-0.020629126752758277
q192_1381590,Musical Texture,Medium,percettiva,True,A,0.4480094871931048,0.4480094871931048,True,MI,2,,,-0.6157025029309457,0.018905251680062064
q192_1381590,Musical Texture,Medium,percettiva,True,A,0.4480094871931048,0.4480094871931048,True,MI_balanced,2,,,-0.61411592801955,0.013320778913047044
q192_1381590,Musical Texture,Medium,percettiva,True,A,0.4480094871931048,0.4480094871931048,True,UC_audio,15,11.0,4.0,0.14712329150102404,0.8813362675625952
q192_1381590,Musical Texture,Medium,percettiva,True,A,0.4480094871931048,0.4480094871931048,True,UC_text,1,1.0,,0.9607293638641786,0.02480250703315021
q193_1381590,Instrumentation,Medium,percettiva,True,A,0.7890270916774439,0.7890270916774439,True,MI,8,1.0,,1.251280944614211,-0.10297587635546676
q193_1381590,Instrumentation,Medium,percettiva,True,A,0.7890270916774439,0.7890270916774439,True,MI_balanced,8,1.0,,1.2678993861961492,-0.10628477324609784
q193_1381590,Instrumentation,Medium,percettiva,True,A,0.7890270916774439,0.7890270916774439,True,UC_audio,5,1.0,,1.2402666894866954,0.01955093155604549
q193_1381590,Instrumentation,Medium,percettiva,True,A,0.7890270916774439,0.7890270916774439,True,UC_text,1,1.0,,1.0072226192644824,0.0
q194_1268901,Performance,Low,analitica,True,A,0.8389172029464906,0.8389172029464906,True,MI,9,6.0,,0.9018756386022119,-0.03980420552983297
q194_1268901,Performance,Low,analitica,True,A,0.8389172029464906,0.8389172029464906,True,MI_balanced,9,6.0,,0.9046917319186808,-0.046420431088263686
q194_1268901,Performance,Low,analitica,True,A,0.8389172029464906,0.8389172029464906,True,UC_audio,7,2.0,,0.822114902452814,0.0043990451097716135
q194_1268901,Performance,Low,analitica,True,A,0.8389172029464906,0.8389172029464906,True,UC_text,1,1.0,,1.0137414429503795,-0.027482885900758078
q195_1268901,Melody,High,analitica,True,A,0.4980398096877671,0.4980398096877671,True,MI,11,1.0,,1.183556337653287,-0.24239031242389053
q195_1268901,Melody,High,analitica,True,A,0.4980398096877671,0.4980398096877671,True,MI_balanced,11,1.0,,1.1951957827288844,-0.25207006876279053
q195_1268901,Melody,High,analitica,True,A,0.4980398096877671,0.4980398096877671,True,UC_audio,5,1.0,,1.2576007417735744,0.0034365430788790693
q195_1268901,Melody,High,analitica,True,A,0.4980398096877671,0.4980398096877671,True,UC_text,1,1.0,,1.0338703803812026,-0.03239775514723683
q196_1268901,Harmony,High,analitica,True,A,0.9960089286497507,0.9960089286497507,True,MI,8,1.0,,0.9816953558712377,0.00240130403166674
q196_1268901,Harmony,High,analitica,True,A,0.9960089286497507,0.9960089286497507,True,MI_balanced,8,1.0,,0.9816953558712377,0.00240130403166674
q196_1268901,Harmony,High,analitica,True,A,0.9960089286497507,0.9960089286497507,True,UC_audio,11,1.0,,0.9153451546990865,0.0017477223457094957
q196_1268901,Harmony,High,analitica,True,A,0.9960089286497507,0.9960089286497507,True,UC_text,1,1.0,,1.0,0.0
q197_1078326,Metre and Rhythm,Medium,percettiva,False,C,0.8866890945518422,0.008692794007011465,True,MI,8,1.0,,0.9455732400855346,0.005696289424820353
q197_1078326,Metre and Rhythm,Medium,percettiva,False,C,0.8866890945518422,0.008692794007011465,True,MI_balanced,8,1.0,,0.944805206262401,0.00927428975884778
q197_1078326,Metre and Rhythm,Medium,percettiva,False,C,0.8866890945518422,0.008692794007011465,True,UC_audio,12,1.0,,0.9076984108250497,0.03166369510778995
q197_1078326,Metre and Rhythm,Medium,percettiva,False,C,0.8866890945518422,0.008692794007011465,True,UC_text,1,1.0,,1.0,0.0
q198_1078326,Instrumentation,Medium,percettiva,True,A,0.3687101202572733,0.3687101202572733,True,MI,11,7.0,,0.7585696200344825,-0.23555985140956665
q198_1078326,Instrumentation,Medium,percettiva,True,A,0.3687101202572733,0.3687101202572733,True,MI_balanced,11,6.0,,0.8567132759838754,-0.21791109750538243
q198_1078326,Instrumentation,Medium,percettiva,True,A,0.3687101202572733,0.3687101202572733,True,UC_audio,12,2.0,,0.9039156338307681,-0.3065785786055743
q198_1078326,Instrumentation,Medium,percettiva,True,A,0.3687101202572733,0.3687101202572733,True,UC_text,1,1.0,,0.9764417326597045,0.026923734103194694
q199_1078326,Sound Texture,Medium,percettiva,True,A,0.4859145761402283,0.4859145761402283,True,MI,8,1.0,,0.9756230686604579,-0.13695423707333634
q199_1078326,Sound Texture,Medium,percettiva,True,A,0.4859145761402283,0.4859145761402283,True,MI_balanced,8,1.0,,0.9967521168455634,-0.14385890996896603
q199_1078326,Sound Texture,Medium,percettiva,True,A,0.4859145761402283,0.4859145761402283,True,UC_audio,12,1.0,,0.9763347720046951,-0.11214071364447303
q199_1078326,Sound Texture,Medium,percettiva,True,A,0.4859145761402283,0.4859145761402283,True,UC_text,1,1.0,,1.031949562889414,-0.07099902864314217
q19_435883,Metre and Rhythm,Medium,percettiva,True,A,0.6928657060225297,0.6928657060225297,True,MI,9,1.0,,1.1158133179926917,-0.033342221091313476
q19_435883,Metre and Rhythm,Medium,percettiva,True,A,0.6928657060225297,0.6928657060225297,True,MI_balanced,9,1.0,,1.1080231669690146,-0.031534024708850576
q19_435883,Metre and Rhythm,Medium,percettiva,True,A,0.6928657060225297,0.6928657060225297,True,UC_audio,4,1.0,,1.0952602255346304,-0.02048712999813717
q19_435883,Metre and Rhythm,Medium,percettiva,True,A,0.6928657060225297,0.6928657060225297,True,UC_text,1,1.0,,1.002637353682265,-0.01714279893472338
q1_1204663,Melody,Low,analitica,True,A,0.5221145724485213,0.5221145724485213,True,MI,2,1.0,,0.996606253409905,0.08287249122795658
q1_1204663,Melody,Low,analitica,True,A,0.5221145724485213,0.5221145724485213,True,MI_balanced,2,1.0,,0.9974447944001821,0.07902792886616289
q1_1204663,Melody,Low,analitica,True,A,0.5221145724485213,0.5221145724485213,True,UC_audio,11,2.0,,0.9438388764088865,-0.033032173969753865
q1_1204663,Melody,Low,analitica,True,A,0.5221145724485213,0.5221145724485213,True,UC_text,1,1.0,,1.0,0.0
q200_1121398,Instrumentation,Medium,percettiva,True,A,0.9527317444400437,0.9527317444400437,True,MI,7,1.0,,0.7459612218079738,-0.007621836427194529
q200_1121398,Instrumentation,Medium,percettiva,True,A,0.9527317444400437,0.9527317444400437,True,MI_balanced,7,1.0,,0.7459612218079738,-0.007621836427194529
q200_1121398,Instrumentation,Medium,percettiva,True,A,0.9527317444400437,0.9527317444400437,True,UC_audio,11,1.0,,0.9156735627458024,0.04510130785965003
q200_1121398,Instrumentation,Medium,percettiva,True,A,0.9527317444400437,0.9527317444400437,True,UC_text,1,1.0,,1.0,0.0
q201_1121398,Performance,Low,analitica,False,B,0.5998619865510356,0.3210829838355466,True,MI,6,1.0,,0.594760042489952,0.054911324351600586
q201_1121398,Performance,Low,analitica,False,B,0.5998619865510356,0.3210829838355466,True,MI_balanced,6,1.0,,0.594760042489952,0.054911324351600586
q201_1121398,Performance,Low,analitica,False,B,0.5998619865510356,0.3210829838355466,True,UC_audio,14,4.0,,0.6363706118206715,0.023598044415038353
q201_1121398,Performance,Low,analitica,False,B,0.5998619865510356,0.3210829838355466,True,UC_text,1,1.0,,1.0,0.0
q202_1121398,Sound Texture,Medium,percettiva,True,A,0.8890508329707634,0.8890508329707634,True,MI,8,1.0,,1.0744617321803458,-0.00013957287494096847
q202_1121398,Sound Texture,Medium,percettiva,True,A,0.8890508329707634,0.8890508329707634,True,MI_balanced,8,1.0,,1.0742346230282656,0.000491001547524954
q202_1121398,Sound Texture,Medium,percettiva,True,A,0.8890508329707634,0.8890508329707634,True,UC_audio,6,1.0,,1.0471464218423294,-0.04800663749312002
q202_1121398,Sound Texture,Medium,percettiva,True,A,0.8890508329707634,0.8890508329707634,True,UC_text,1,1.0,,1.0008859771712266,-0.012403680397174658
q203_962064,Sound Texture,Low,percettiva,True,A,0.5089068616589429,0.5089068616589429,True,MI,6,1.0,6.0,1.1915752307049792,0.45084525569897776
q203_962064,Sound Texture,Low,percettiva,True,A,0.5089068616589429,0.5089068616589429,True,MI_balanced,6,1.0,5.0,1.2162280847653013,0.4957715939320539
q203_962064,Sound Texture,Low,percettiva,True,A,0.5089068616589429,0.5089068616589429,True,UC_audio,8,3.0,3.0,0.6171521067529212,0.3624865357580452
q203_962064,Sound Texture,Low,percettiva,True,A,0.5089068616589429,0.5089068616589429,True,UC_text,1,1.0,,1.0,0.0
q204_962064,Melody,High,analitica,True,A,0.46870248548572135,0.46870248548572135,True,MI,9,,,0.2755603205130785,0.1862205271549051
q204_962064,Melody,High,analitica,True,A,0.46870248548572135,0.46870248548572135,True,MI_balanced,9,,,0.29083401040288437,0.177426346576835
q204_962064,Melody,High,analitica,True,A,0.46870248548572135,0.46870248548572135,True,UC_audio,15,14.0,,0.16343407765763143,0.13946481771433114
q204_962064,Melody,High,analitica,True,A,0.46870248548572135,0.46870248548572135,True,UC_text,1,1.0,,0.9670949000105066,0.054196635276812434
q205_1221864,Musical Texture,Medium,percettiva,True,A,0.758998901161513,0.758998901161513,True,MI,11,4.0,,0.4680602785217116,0.05398500986340246
q205_1221864,Musical Texture,Medium,percettiva,True,A,0.758998901161513,0.758998901161513,True,MI_balanced,11,3.0,,0.5016811952947176,0.059773928229242615
q205_1221864,Musical Texture,Medium,percettiva,True,A,0.758998901161513,0.758998901161513,True,UC_audio,8,4.0,,0.35549463731496617,-0.09441925666198517
q205_1221864,Musical Texture,Medium,percettiva,True,A,0.758998901161513,0.758998901161513,True,UC_text,1,1.0,,1.0,0.0
q206_1221864,Harmony,High,analitica,True,A,0.7007958512315466,0.7007958512315466,True,MI,6,3.0,,0.6563560199984139,0.01004944596116627
q206_1221864,Harmony,High,analitica,True,A,0.7007958512315466,0.7007958512315466,True,MI_balanced,6,3.0,,0.6563560199984139,0.01004944596116627
q206_1221864,Harmony,High,analitica,True,A,0.7007958512315466,0.7007958512315466,True,UC_audio,12,8.0,,0.4806227730963799,0.0012419793048886528
q206_1221864,Harmony,High,analitica,True,A,0.7007958512315466,0.7007958512315466,True,UC_text,1,1.0,,1.0,0.0
q207_1221864,Instrumentation,Medium,percettiva,False,B,0.6808158816972149,0.22102855580975114,True,MI,9,4.0,,0.7094708781979558,0.2426324901423716
q207_1221864,Instrumentation,Medium,percettiva,False,B,0.6808158816972149,0.22102855580975114,True,MI_balanced,9,3.0,,0.754794997324882,0.2630007464331191
q207_1221864,Instrumentation,Medium,percettiva,False,B,0.6808158816972149,0.22102855580975114,True,UC_audio,8,1.0,,0.9188553330487553,-0.02994327422157449
q207_1221864,Instrumentation,Medium,percettiva,False,B,0.6808158816972149,0.22102855580975114,True,UC_text,1,1.0,,0.9714391408953537,0.04704141499588836
q208_1374348,Performance,High,analitica,True,A,0.5339239164865794,0.5339239164865794,True,MI,11,1.0,,1.1175240220479996,-0.04811299107582778
q208_1374348,Performance,High,analitica,True,A,0.5339239164865794,0.5339239164865794,True,MI_balanced,11,1.0,,1.1376722271572923,-0.05458769744938048
q208_1374348,Performance,High,analitica,True,A,0.5339239164865794,0.5339239164865794,True,UC_audio,13,1.0,,1.1871593136393377,-0.12389313620176812
q208_1374348,Performance,High,analitica,True,A,0.5339239164865794,0.5339239164865794,True,UC_text,1,1.0,,1.0,0.0
q209_1374348,Instrumentation,Low,percettiva,True,A,0.9619461681452152,0.9619461681452152,True,MI,6,1.0,,0.9210051928297781,0.042102634105778323
q209_1374348,Instrumentation,Low,percettiva,True,A,0.9619461681452152,0.9619461681452152,True,MI_balanced,6,1.0,,0.921782224825787,0.042102634105778323
q209_1374348,Instrumentation,Low,percettiva,True,A,0.9619461681452152,0.9619461681452152,True,UC_audio,14,1.0,,0.7995301049765705,0.029021915600114943
q209_1374348,Instrumentation,Low,percettiva,True,A,0.9619461681452152,0.9619461681452152,True,UC_text,1,1.0,,0.9972485971576592,0.00019652877445292547
q20_435883,Melody,High,analitica,False,B,0.4097722879539446,0.17081850356476466,True,MI,14,1.0,,1.71966512463813,-0.07967377533847095
q20_435883,Melody,High,analitica,False,B,0.4097722879539446,0.17081850356476466,True,MI_balanced,14,1.0,,1.7410197172119026,-0.07899396503989743
q20_435883,Melody,High,analitica,False,B,0.4097722879539446,0.17081850356476466,True,UC_audio,6,1.0,,1.176898339163246,0.009882186470123877
q20_435883,Melody,High,analitica,False,B,0.4097722879539446,0.17081850356476466,True,UC_text,1,1.0,,1.0227642400704504,-0.029768621630589024
q210_1374348,Mood and Expression,Low,knowledge,True,A,0.9081525689584458,0.9081525689584458,True,MI,6,1.0,,1.059182708412621,-0.0435808865804338
q210_1374348,Mood and Expression,Low,knowledge,True,A,0.9081525689584458,0.9081525689584458,True,MI_balanced,6,1.0,,1.0592150270808367,-0.0435808865804338
q210_1374348,Mood and Expression,Low,knowledge,True,A,0.9081525689584458,0.9081525689584458,True,UC_audio,13,1.0,,0.947857333151624,-0.04035565496630021
q210_1374348,Mood and Expression,Low,knowledge,True,A,0.9081525689584458,0.9081525689584458,True,UC_text,1,1.0,,1.0004380531508947,-0.0008761063017898289
q211_336086,Instrumentation,Medium,percettiva,False,B,0.6387731156567922,0.028065731983029623,True,MI,7,1.0,,1.3814003403089496,-0.25911070733311425
q211_336086,Instrumentation,Medium,percettiva,False,B,0.6387731156567922,0.028065731983029623,True,MI_balanced,7,1.0,,1.3797078878509579,-0.2545706222220376
q211_336086,Instrumentation,Medium,percettiva,False,B,0.6387731156567922,0.028065731983029623,True,UC_audio,8,1.0,,1.530586675797551,-0.186337007149628
q211_336086,Instrumentation,Medium,percettiva,False,B,0.6387731156567922,0.028065731983029623,True,UC_text,1,1.0,,1.0,0.0
q212_336086,Instrumentation,Medium,percettiva,True,A,0.31649016643525524,0.31649016643525524,True,MI,6,,6.0,-1.0407002539804937,0.3444954180141638
q212_336086,Instrumentation,Medium,percettiva,True,A,0.31649016643525524,0.31649016643525524,True,MI_balanced,6,,6.0,-1.0407002539804937,0.33837029676585323
q212_336086,Instrumentation,Medium,percettiva,True,A,0.31649016643525524,0.31649016643525524,True,UC_audio,10,,3.0,-0.5102872758120235,0.5348511110960019
q212_336086,Instrumentation,Medium,percettiva,True,A,0.31649016643525524,0.31649016643525524,True,UC_text,1,1.0,,1.0,0.0
q213_336086,Instrumentation,Low,percettiva,True,A,0.5416134599957075,0.5416134599957075,True,MI,7,,,-0.21190067357685136,0.02301021542704964
q213_336086,Instrumentation,Low,percettiva,True,A,0.5416134599957075,0.5416134599957075,True,MI_balanced,7,,,-0.21080017377941243,0.0037442002149543864
q213_336086,Instrumentation,Low,percettiva,True,A,0.5416134599957075,0.5416134599957075,True,UC_audio,11,10.0,3.0,0.34781136443404287,0.7663797961878429
q213_336086,Instrumentation,Low,percettiva,True,A,0.5416134599957075,0.5416134599957075,True,UC_text,1,1.0,,1.000284264495701,-0.00012791902306547238
q214_1298301,Genre and Style,Low,knowledge,True,A,0.7396191873728629,0.7396191873728629,True,MI,14,1.0,,0.6951688290285252,-0.014692998143252593
q214_1298301,Genre and Style,Low,knowledge,True,A,0.7396191873728629,0.7396191873728629,True,MI_balanced,14,1.0,,0.7106161505656914,-0.01741856841825673
q214_1298301,Genre and Style,Low,knowledge,True,A,0.7396191873728629,0.7396191873728629,True,UC_audio,12,1.0,,0.6981542769937962,-0.01917122575036865
q214_1298301,Genre and Style,Low,knowledge,True,A,0.7396191873728629,0.7396191873728629,True,UC_text,1,1.0,,0.9994182534574337,0.001163493085132008
q215_1298301,Performance,Medium,analitica,False,B,0.5325505691872191,0.1959144057881277,True,MI,11,1.0,,0.6841304417631625,0.08030897389262091
q215_1298301,Performance,Medium,analitica,False,B,0.5325505691872191,0.1959144057881277,True,MI_balanced,11,1.0,,0.6814620309437948,0.08030897389262091
q215_1298301,Performance,Medium,analitica,False,B,0.5325505691872191,0.1959144057881277,True,UC_audio,10,1.0,,0.6400495840280154,0.22202670622528617
q215_1298301,Performance,Medium,analitica,False,B,0.5325505691872191,0.1959144057881277,True,UC_text,1,1.0,,1.0,0.0
q216_1298301,Metre and Rhythm,Medium,percettiva,True,A,0.3679870867094411,0.3679870867094411,True,MI,7,1.0,,1.5696315559601624,0.20472440889400617
q216_1298301,Metre and Rhythm,Medium,percettiva,True,A,0.3679870867094411,0.3679870867094411,True,MI_balanced,7,1.0,,1.56858034319668,0.21177003637779185
q216_1298301,Metre and Rhythm,Medium,percettiva,True,A,0.3679870867094411,0.3679870867094411,True,UC_audio,12,1.0,10.0,2.2433230388947196,0.6779686982743224
q216_1298301,Metre and Rhythm,Medium,percettiva,True,A,0.3679870867094411,0.3679870867094411,True,UC_text,1,1.0,,0.8789568574036135,0.2420862851927729
q217_770629,Metre and Rhythm,Medium,percettiva,True,A,0.7998144770170755,0.7998144770170755,True,MI,12,7.0,,0.5019972521621733,0.009487348206253786
q217_770629,Metre and Rhythm,Medium,percettiva,True,A,0.7998144770170755,0.7998144770170755,True,MI_balanced,12,7.0,,0.5022017823705966,0.008941343156370152
q217_770629,Metre and Rhythm,Medium,percettiva,True,A,0.7998144770170755,0.7998144770170755,True,UC_audio,10,5.0,,0.6685933868639272,0.057626499719520184
q217_770629,Metre and Rhythm,Medium,percettiva,True,A,0.7998144770170755,0.7998144770170755,True,UC_text,1,1.0,,1.0052682727810855,-0.005268272781085357
q218_770629,Functional Context,Low,knowledge,True,A,0.9898507358543931,0.9898507358543931,True,MI,11,4.0,,0.7515251724216723,0.033687941023766585
q218_770629,Functional Context,Low,knowledge,True,A,0.9898507358543931,0.9898507358543931,True,MI_balanced,11,2.0,,0.8012124669301282,0.037225753080394226
q218_770629,Functional Context,Low,knowledge,True,A,0.9898507358543931,0.9898507358543931,True,UC_audio,12,2.0,,0.8491533467700726,0.016092869418785984
q218_770629,Functional Context,Low,knowledge,True,A,0.9898507358543931,0.9898507358543931,True,UC_text,1,1.0,,0.998879200865952,0.000896639307238538
q219_1133179,Structure,Medium,analitica,True,A,0.7019277118467646,0.7019277118467646,True,MI,7,4.0,,0.6720938998650986,0.3195172300643017
q219_1133179,Structure,Medium,analitica,True,A,0.7019277118467646,0.7019277118467646,True,MI_balanced,7,4.0,,0.6720938998650986,0.3195172300643017
q219_1133179,Structure,Medium,analitica,True,A,0.7019277118467646,0.7019277118467646,True,UC_audio,11,4.0,,0.6782011665538777,0.26295310794880367
q219_1133179,Structure,Medium,analitica,True,A,0.7019277118467646,0.7019277118467646,True,UC_text,1,1.0,,1.0,0.0
q21_435883,Performance,Medium,analitica,True,A,0.8778650258971336,0.8778650258971336,True,MI,8,1.0,,0.9766824732639617,0.06939904772687111
q21_435883,Performance,Medium,analitica,True,A,0.8778650258971336,0.8778650258971336,True,MI_balanced,8,1.0,,0.9736592131650817,0.07721615203413018
q21_435883,Performance,Medium,analitica,True,A,0.8778650258971336,0.8778650258971336,True,UC_audio,7,1.0,,0.7775854437793929,0.0970223205775642
q21_435883,Performance,Medium,analitica,True,A,0.8778650258971336,0.8778650258971336,True,UC_text,1,1.0,,1.0,0.0
q220_1133179,Instrumentation,Medium,percettiva,False,C,0.7528427157764549,0.1308244475184172,True,MI,8,1.0,,0.894641463243831,0.03027186584902024
q220_1133179,Instrumentation,Medium,percettiva,False,C,0.7528427157764549,0.1308244475184172,True,MI_balanced,8,1.0,,0.9131349637994461,0.03269381653998984
q220_1133179,Instrumentation,Medium,percettiva,False,C,0.7528427157764549,0.1308244475184172,True,UC_audio,9,1.0,,0.8368165883306085,-0.1845988052108334
q220_1133179,Instrumentation,Medium,percettiva,False,C,0.7528427157764549,0.1308244475184172,True,UC_text,1,1.0,,1.0054755093642844,-0.010951018728568872
q221_1133179,Performance,Low,analitica,False,B,0.6521480023188997,0.2718557333759611,True,MI,11,1.0,,0.4214155234614717,-0.008656247797119185
q221_1133179,Performance,Low,analitica,False,B,0.6521480023188997,0.2718557333759611,True,MI_balanced,11,5.0,,0.3985167764539647,-0.00978537567451652
q221_1133179,Performance,Low,analitica,False,B,0.6521480023188997,0.2718557333759611,True,UC_audio,12,7.0,,0.5843250384526587,0.17660287678444736
q221_1133179,Performance,Low,analitica,False,B,0.6521480023188997,0.2718557333759611,True,UC_text,1,1.0,,1.0,0.0
q222_1227366,Harmony,High,analitica,True,A,0.9809843219454295,0.9809843219454295,True,MI,10,1.0,,1.004493889070387,0.011315941228918821
q222_1227366,Harmony,High,analitica,True,A,0.9809843219454295,0.9809843219454295,True,MI_balanced,10,1.0,,1.004423241666736,0.011149188745809389
q222_1227366,Harmony,High,analitica,True,A,0.9809843219454295,0.9809843219454295,True,UC_audio,7,1.0,,0.9957744869286913,0.0055354394529832695
q222_1227366,Harmony,High,analitica,True,A,0.9809843219454295,0.9809843219454295,True,UC_text,1,1.0,,1.0012525081498078,-0.0025050162996158496
q223_1227366,Performance,High,analitica,True,A,0.4790513867129282,0.4790513867129282,True,MI,11,4.0,6.0,0.3803708945551226,0.3160262129349806
q223_1227366,Performance,High,analitica,True,A,0.4790513867129282,0.4790513867129282,True,MI_balanced,11,4.0,6.0,0.3788687911769564,0.33308837322510065
q223_1227366,Performance,High,analitica,True,A,0.4790513867129282,0.4790513867129282,True,UC_audio,8,7.0,4.0,0.48136464318969546,0.37321762425186195
q223_1227366,Performance,High,analitica,True,A,0.4790513867129282,0.4790513867129282,True,UC_text,1,1.0,,1.0863691591804066,-0.11818937572055645
q224_1227366,Instrumentation,Low,percettiva,True,A,0.754515468280372,0.754515468280372,True,MI,8,1.0,,0.8912290019994555,-0.041977982610415535
q224_1227366,Instrumentation,Low,percettiva,True,A,0.754515468280372,0.754515468280372,True,MI_balanced,8,1.0,,0.9068784904666013,-0.03166265086627193
q224_1227366,Instrumentation,Low,percettiva,True,A,0.754515468280372,0.754515468280372,True,UC_audio,7,1.0,,1.2522349476423156,0.18482447654083156
q224_1227366,Instrumentation,Low,percettiva,True,A,0.754515468280372,0.754515468280372,True,UC_text,1,1.0,,1.0409652005922767,-0.08193040118455318
q225_26435,Metre and Rhythm,High,percettiva,False,D,0.9675383766591353,0.022754321648205157,True,MI,9,1.0,,0.9991679746436756,0.004049877385702486
q225_26435,Metre and Rhythm,High,percettiva,False,D,0.9675383766591353,0.022754321648205157,True,MI_balanced,9,1.0,,0.9963799052042308,0.003313346530747669
q225_26435,Metre and Rhythm,High,percettiva,False,D,0.9675383766591353,0.022754321648205157,True,UC_audio,9,1.0,,0.9832201915855011,0.0010214959509404506
q225_26435,Metre and Rhythm,High,percettiva,False,D,0.9675383766591353,0.022754321648205157,True,UC_text,1,1.0,,1.0,0.0
q226_26435,Functional Context,Low,knowledge,True,A,0.995830303523099,0.995830303523099,True,MI,10,1.0,,0.9594246094889449,-0.0005331999375256293
q226_26435,Functional Context,Low,knowledge,True,A,0.995830303523099,0.995830303523099,True,MI_balanced,10,1.0,,0.9594444221243182,-0.0005882672615026475
q226_26435,Functional Context,Low,knowledge,True,A,0.995830303523099,0.995830303523099,True,UC_audio,14,1.0,,0.9805573134079191,0.0014758587031978771
q226_26435,Functional Context,Low,knowledge,True,A,0.995830303523099,0.995830303523099,True,UC_text,1,1.0,,1.0002328776855656,-0.00018112708877300083
q227_26435,Functional Context,Medium,knowledge,True,A,0.8960518373461129,0.8960518373461129,True,MI,11,1.0,,0.9473956944771483,-0.029440322917117324
q227_26435,Functional Context,Medium,knowledge,True,A,0.8960518373461129,0.8960518373461129,True,MI_balanced,11,1.0,,0.9476560129552547,-0.0243515582539192
q227_26435,Functional Context,Medium,knowledge,True,A,0.8960518373461129,0.8960518373461129,True,UC_audio,11,3.0,,0.8951592077153383,0.01969628521738968
q227_26435,Functional Context,Medium,knowledge,True,A,0.8960518373461129,0.8960518373461129,True,UC_text,1,1.0,,0.9960835108992016,0.0052219854677308586
q228_7360,Instrumentation,Low,percettiva,False,C,0.7380765938265089,0.08815067840888995,True,MI,10,1.0,,1.2892070864405654,-0.10379231587388586
q228_7360,Instrumentation,Low,percettiva,False,C,0.7380765938265089,0.08815067840888995,True,MI_balanced,10,1.0,,1.2912753799993304,-0.10472145238409139
q228_7360,Instrumentation,Low,percettiva,False,C,0.7380765938265089,0.08815067840888995,True,UC_audio,8,1.0,,1.4000346042262082,0.006287167024646547
q228_7360,Instrumentation,Low,percettiva,False,C,0.7380765938265089,0.08815067840888995,True,UC_text,1,1.0,,1.0,0.0
q229_7360,Instrumentation,Medium,percettiva,True,A,0.8594014721243642,0.8594014721243642,True,MI,5,1.0,,1.0051370499037262,-0.017009852378194603
q229_7360,Instrumentation,Medium,percettiva,True,A,0.8594014721243642,0.8594014721243642,True,MI_balanced,5,1.0,,1.0029980465568331,-0.020319375991459183
q229_7360,Instrumentation,Medium,percettiva,True,A,0.8594014721243642,0.8594014721243642,True,UC_audio,12,1.0,,0.8826273598539507,-0.01854339981209072
q229_7360,Instrumentation,Medium,percettiva,True,A,0.8594014721243642,0.8594014721243642,True,UC_text,1,1.0,,0.9904753188968786,0.009524681103121492
q22_1215874,Melody,Medium,analitica,True,A,0.5562030131406406,0.5562030131406406,True,MI,7,1.0,,0.9636597094512903,-0.01648319469765973
q22_1215874,Melody,Medium,analitica,True,A,0.5562030131406406,0.5562030131406406,True,MI_balanced,7,1.0,,0.9457963178698783,-0.009776169070634222
q22_1215874,Melody,Medium,analitica,True,A,0.5562030131406406,0.5562030131406406,True,UC_audio,14,1.0,,0.9577441500204107,-0.07180652844719974
q22_1215874,Melody,Medium,analitica,True,A,0.5562030131406406,0.5562030131406406,True,UC_text,1,1.0,,1.0532985653172642,-0.053298565317264256
q230_7360,Harmony,High,analitica,True,A,0.5092717104090576,0.5092717104090576,True,MI,14,1.0,,0.37539756661520823,0.17360918650231494
q230_7360,Harmony,High,analitica,True,A,0.5092717104090576,0.5092717104090576,True,MI_balanced,14,1.0,,0.3125346907151145,0.20449748046091615
q230_7360,Harmony,High,analitica,True,A,0.5092717104090576,0.5092717104090576,True,UC_audio,13,1.0,5.0,0.9162172781148143,0.36907150699243724
q230_7360,Harmony,High,analitica,True,A,0.5092717104090576,0.5092717104090576,True,UC_text,1,1.0,,0.9408504701690238,0.05914952983097613
q231_1321293,Historical and Cultural Context,Low,knowledge,True,A,0.6500155482164295,0.6500155482164295,True,MI,7,1.0,,1.503694721726122,-0.17915642719626942
q231_1321293,Historical and Cultural Context,Low,knowledge,True,A,0.6500155482164295,0.6500155482164295,True,MI_balanced,7,1.0,,1.5051214408176459,-0.18148875617407867
q231_1321293,Historical and Cultural Context,Low,knowledge,True,A,0.6500155482164295,0.6500155482164295,True,UC_audio,8,1.0,,1.356214678520733,-0.2941278322551325
q231_1321293,Historical and Cultural Context,Low,knowledge,True,A,0.6500155482164295,0.6500155482164295,True,UC_text,1,1.0,,1.0076145023534857,-0.007614502353485983
q232_1321293,Lyrics,Low,knowledge,True,A,0.8276392347875218,0.8276392347875218,True,MI,10,1.0,,0.6573637390936918,0.10683266728142347
q232_1321293,Lyrics,Low,knowledge,True,A,0.8276392347875218,0.8276392347875218,True,MI_balanced,10,1.0,,0.6617927587479915,0.1274065964755312
q232_1321293,Lyrics,Low,knowledge,True,A,0.8276392347875218,0.8276392347875218,True,UC_audio,10,1.0,,0.7226386628848489,-0.05119672924443993
q232_1321293,Lyrics,Low,knowledge,True,A,0.8276392347875218,0.8276392347875218,True,UC_text,1,1.0,,1.0089799005269589,-0.008418656744024448
q233_1321293,Lyrics,Low,knowledge,True,A,0.9952199655906966,0.9952199655906966,True,MI,9,1.0,,0.9834330710723396,0.004195946518249145
q233_1321293,Lyrics,Low,knowledge,True,A,0.9952199655906966,0.9952199655906966,True,MI_balanced,9,1.0,,0.9826889095996675,0.004554891262830769
q233_1321293,Lyrics,Low,knowledge,True,A,0.9952199655906966,0.9952199655906966,True,UC_audio,12,1.0,,0.9832315986549818,0.0059303453150387755
q233_1321293,Lyrics,Low,knowledge,True,A,0.9952199655906966,0.9952199655906966,True,UC_text,1,1.0,,0.99960360131371,0.000481341261923873
q234_156528,Mood and Expression,Low,knowledge,True,A,0.9470841509399707,0.9470841509399707,True,MI,9,1.0,,0.7959988417591517,0.015162256478026085
q234_156528,Mood and Expression,Low,knowledge,True,A,0.9470841509399707,0.9470841509399707,True,MI_balanced,9,1.0,,0.8193233549143171,0.017146244902854876
q234_156528,Mood and Expression,Low,knowledge,True,A,0.9470841509399707,0.9470841509399707,True,UC_audio,8,3.0,,0.8490766040475999,-0.0007128751301466366
q234_156528,Mood and Expression,Low,knowledge,True,A,0.9470841509399707,0.9470841509399707,True,UC_text,1,1.0,,0.9958809393339201,0.005069613127482658
q235_156528,Harmony,High,analitica,True,A,0.9139900813700128,0.9139900813700128,True,MI,11,7.0,,0.7326387079027962,0.039358168512108396
q235_156528,Harmony,High,analitica,True,A,0.9139900813700128,0.9139900813700128,True,MI_balanced,11,6.0,,0.7818538902102288,0.045255234657389766
q235_156528,Harmony,High,analitica,True,A,0.9139900813700128,0.9139900813700128,True,UC_audio,9,2.0,,0.8670472329933953,0.0029528471651516365
q235_156528,Harmony,High,analitica,True,A,0.9139900813700128,0.9139900813700128,True,UC_text,1,1.0,,1.0012780154642396,-0.0022074812564140058
q236_156528,Performance,Low,analitica,True,A,0.6483556573159397,0.6483556573159397,True,MI,6,1.0,,0.8741589333131191,0.059262834542960115
q236_156528,Performance,Low,analitica,True,A,0.6483556573159397,0.6483556573159397,True,MI_balanced,6,1.0,,0.8778201287808339,0.06333802890937143
q236_156528,Performance,Low,analitica,True,A,0.6483556573159397,0.6483556573159397,True,UC_audio,10,4.0,,0.5331970029844403,0.024913582422208883
q236_156528,Performance,Low,analitica,True,A,0.6483556573159397,0.6483556573159397,True,UC_text,1,1.0,,0.983986582327386,0.0140117404635372
q237_270070,Mood and Expression,Low,knowledge,True,A,0.981140768939952,0.981140768939952,True,MI,6,1.0,,0.8865820409304797,0.010338418104618682
q237_270070,Mood and Expression,Low,knowledge,True,A,0.981140768939952,0.981140768939952,True,MI_balanced,6,2.0,,0.8854733282076473,0.010356626257487869
q237_270070,Mood and Expression,Low,knowledge,True,A,0.981140768939952,0.981140768939952,True,UC_audio,6,1.0,,0.9600542633297852,0.015964693539983726
q237_270070,Mood and Expression,Low,knowledge,True,A,0.981140768939952,0.981140768939952,True,UC_text,1,1.0,,0.9998117598046059,0.00024616025551501744
q238_270070,Melody,Medium,analitica,True,A,0.9819303633053822,0.9819303633053822,True,MI,9,1.0,,0.9992464670858927,-0.00643755037994854
q238_270070,Melody,Medium,analitica,True,A,0.9819303633053822,0.9819303633053822,True,MI_balanced,9,1.0,,0.999241012941421,-0.006224540066844874
q238_270070,Melody,Medium,analitica,True,A,0.9819303633053822,0.9819303633053822,True,UC_audio,9,1.0,,0.9990761807831224,-0.0057115049502241225
q238_270070,Melody,Medium,analitica,True,A,0.9819303633053822,0.9819303633053822,True,UC_text,1,1.0,,1.001253305330319,-0.0012533053303184784
q239_270070,Lyrics,Low,knowledge,False,C,0.40528209365622153,0.31563401190428375,True,MI,11,,10.0,-0.43733854598715277,0.23820053024722837
q239_270070,Lyrics,Low,knowledge,False,C,0.40528209365622153,0.31563401190428375,True,MI_balanced,11,,9.0,-0.3719824079220552,0.30159709142299695
q239_270070,Lyrics,Low,knowledge,False,C,0.40528209365622153,0.31563401190428375,True,UC_audio,9,5.0,,1.205226331324477,-0.06819886874927922
q239_270070,Lyrics,Low,knowledge,False,C,0.40528209365622153,0.31563401190428375,True,UC_text,1,1.0,,1.098045563664801,-0.09804556366480108
q23_1215874,Sound Texture,Medium,percettiva,True,A,0.9795952680928612,0.9795952680928612,True,MI,9,1.0,,0.8411242233792677,-0.0019982590323134554
q23_1215874,Sound Texture,Medium,percettiva,True,A,0.9795952680928612,0.9795952680928612,True,MI_balanced,9,1.0,,0.8440331011593183,-0.0026933260043089974
q23_1215874,Sound Texture,Medium,percettiva,True,A,0.9795952680928612,0.9795952680928612,True,UC_audio,15,1.0,,0.9661833188999027,0.018746503381592648
q23_1215874,Sound Texture,Medium,percettiva,True,A,0.9795952680928612,0.9795952680928612,True,UC_text,1,1.0,,0.9987533094346809,0.001246690565319526
q240_1163315,Genre and Style,Medium,knowledge,True,A,0.7838581425925749,0.7838581425925749,True,MI,14,1.0,,0.6970345964103111,0.08177621426419868
q240_1163315,Genre and Style,Medium,knowledge,True,A,0.7838581425925749,0.7838581425925749,True,MI_balanced,14,1.0,,0.6673139013585987,0.09317470430348304
q240_1163315,Genre and Style,Medium,knowledge,True,A,0.7838581425925749,0.7838581425925749,True,UC_audio,9,1.0,,0.6448056123915289,0.058304255309240174
q240_1163315,Genre and Style,Medium,knowledge,True,A,0.7838581425925749,0.7838581425925749,True,UC_text,1,1.0,,0.9998624228764509,0.000928645583956531
q241_1163315,Metre and Rhythm,Medium,percettiva,True,A,0.5405734033283626,0.5405734033283626,True,MI,15,1.0,,1.7182609734177965,0.05760986348777028
q241_1163315,Metre and Rhythm,Medium,percettiva,True,A,0.5405734033283626,0.5405734033283626,True,MI_balanced,15,1.0,,1.719330442208342,0.08243143510901813
q241_1163315,Metre and Rhythm,Medium,percettiva,True,A,0.5405734033283626,0.5405734033283626,True,UC_audio,5,1.0,,1.528110863554961,0.004946011147015336
q241_1163315,Metre and Rhythm,Medium,percettiva,True,A,0.5405734033283626,0.5405734033283626,True,UC_text,1,1.0,,0.9714021063366498,0.07864420757421285
q242_1163315,Metre and Rhythm,Medium,percettiva,False,C,0.5567615738341729,0.2980129953549606,True,MI,8,1.0,,1.3263324260539804,-0.17822886009472982
q242_1163315,Metre and Rhythm,Medium,percettiva,False,C,0.5567615738341729,0.2980129953549606,True,MI_balanced,8,1.0,,1.3174560229482422,-0.1670475558674657
q242_1163315,Metre and Rhythm,Medium,percettiva,False,C,0.5567615738341729,0.2980129953549606,True,UC_audio,7,2.0,,1.3160696705239872,-0.02307491847608117
q242_1163315,Metre and Rhythm,Medium,percettiva,False,C,0.5567615738341729,0.2980129953549606,True,UC_text,1,1.0,,1.02854009745249,-0.03732166589941011
q243_78733,Melody,High,analitica,True,A,0.45036333535973094,0.45036333535973094,True,MI,9,1.0,,2.8652040281621445,-0.1499050983326055
q243_78733,Melody,High,analitica,True,A,0.45036333535973094,0.45036333535973094,True,MI_balanced,9,1.0,,2.8529277298377234,-0.1462977685991272
q243_78733,Melody,High,analitica,True,A,0.45036333535973094,0.45036333535973094,True,UC_audio,8,1.0,,2.3090002576301933,-0.26258298342130304
q243_78733,Melody,High,analitica,True,A,0.45036333535973094,0.45036333535973094,True,UC_text,1,1.0,,1.0586106871016336,-0.05861068710163415
q244_78733,Instrumentation,Medium,percettiva,False,C,0.5249343402523233,0.36078174412463415,True,MI,10,1.0,,1.6839591109126961,-0.6300796723195442
q244_78733,Instrumentation,Medium,percettiva,False,C,0.5249343402523233,0.36078174412463415,True,MI_balanced,10,1.0,,1.717349679201696,-0.61744243250824
q244_78733,Instrumentation,Medium,percettiva,False,C,0.5249343402523233,0.36078174412463415,True,UC_audio,11,1.0,,2.1631247117868697,-0.09698758360762054
q244_78733,Instrumentation,Medium,percettiva,False,C,0.5249343402523233,0.36078174412463415,True,UC_text,1,1.0,,0.9280615666503828,0.041648566676094366
q245_78733,Harmony,High,analitica,True,A,0.5528959974224104,0.5528959974224104,True,MI,11,9.0,,0.4256344156102348,0.05172620024069521
q245_78733,Harmony,High,analitica,True,A,0.5528959974224104,0.5528959974224104,True,MI_balanced,11,,,0.408330010184563,0.08073743357888598
q245_78733,Harmony,High,analitica,True,A,0.5528959974224104,0.5528959974224104,True,UC_audio,11,2.0,,0.32837656820333805,0.12504658450567283
q245_78733,Harmony,High,analitica,True,A,0.5528959974224104,0.5528959974224104,True,UC_text,1,1.0,,0.969328643699544,0.032716113387153405
q246_785425,Melody,High,analitica,True,A,0.2731272040286326,0.2731272040286326,True,MI,8,1.0,,1.6017199308889034,-1.3848791813312462
q246_785425,Melody,High,analitica,True,A,0.2731272040286326,0.2731272040286326,True,MI_balanced,8,1.0,,1.7219375927661171,-1.4075527446087406
q246_785425,Melody,High,analitica,True,A,0.2731272040286326,0.2731272040286326,True,UC_audio,10,1.0,,1.2072476725001886,-0.7512998987721023
q246_785425,Melody,High,analitica,True,A,0.2731272040286326,0.2731272040286326,True,UC_text,1,1.0,,1.0,0.0
q247_785425,Historical and Cultural Context,Medium,knowledge,False,B,0.47066467830608083,0.3665540200288266,True,MI,13,6.0,1.0,0.5973318642833355,0.39764472745283824
q247_785425,Historical and Cultural Context,Medium,knowledge,False,B,0.47066467830608083,0.3665540200288266,True,MI_balanced,13,5.0,1.0,0.5810493265633477,0.33180383024031385
q247_785425,Historical and Cultural Context,Medium,knowledge,False,B,0.47066467830608083,0.3665540200288266,True,UC_audio,10,3.0,3.0,0.6528675925920339,0.6027747841371301
q247_785425,Historical and Cultural Context,Medium,knowledge,False,B,0.47066467830608083,0.3665540200288266,True,UC_text,1,1.0,,1.0181489591557051,-0.013107581612453421
q248_785425,Musical Texture,Medium,percettiva,False,B,0.559972219284728,0.3396403195835135,True,MI,8,3.0,,0.9198225868516663,0.1261156555343445
q248_785425,Musical Texture,Medium,percettiva,False,B,0.559972219284728,0.3396403195835135,True,MI_balanced,8,3.0,,0.9459572082298633,0.13836998151760552
q248_785425,Musical Texture,Medium,percettiva,False,B,0.559972219284728,0.3396403195835135,True,UC_audio,11,2.0,,0.8904937742175333,0.11646371561739838
q248_785425,Musical Texture,Medium,percettiva,False,B,0.559972219284728,0.3396403195835135,True,UC_text,1,1.0,,0.9463440256754794,0.04103103918933942
q249_6730,Lyrics,Low,knowledge,False,B,0.5440904454264021,0.15588452254046167,True,MI,10,1.0,,1.250918649384251,-0.5881989245420514
q249_6730,Lyrics,Low,knowledge,False,B,0.5440904454264021,0.15588452254046167,True,MI_balanced,10,1.0,,1.2486560300742948,-0.5744928355263038
q249_6730,Lyrics,Low,knowledge,False,B,0.5440904454264021,0.15588452254046167,True,UC_audio,4,1.0,,1.028419038746409,-0.12479178413366562
q249_6730,Lyrics,Low,knowledge,False,B,0.5440904454264021,0.15588452254046167,True,UC_text,1,1.0,,1.0315493725248903,-0.03380289913381145
q24_1215874,Metre and Rhythm,Medium,percettiva,True,A,0.9572655787405061,0.9572655787405061,True,MI,10,1.0,,0.7997865585899314,-0.014031945730436384
q24_1215874,Metre and Rhythm,Medium,percettiva,True,A,0.9572655787405061,0.9572655787405061,True,MI_balanced,10,1.0,,0.7933350578886852,-0.014175684764937458
q24_1215874,Metre and Rhythm,Medium,percettiva,True,A,0.9572655787405061,0.9572655787405061,True,UC_audio,11,1.0,,1.0246832841355988,0.003766348436774189
q24_1215874,Metre and Rhythm,Medium,percettiva,True,A,0.9572655787405061,0.9572655787405061,True,UC_text,1,1.0,,0.9948948504112214,0.003063089753267036
q250_6730,Harmony,High,analitica,True,A,0.7506741347352488,0.7506741347352488,True,MI,11,2.0,,0.4216614292178937,0.034159851748122076
q250_6730,Harmony,High,analitica,True,A,0.7506741347352488,0.7506741347352488,True,MI_balanced,11,2.0,,0.4163914184852801,0.029717297582580498
q250_6730,Harmony,High,analitica,True,A,0.7506741347352488,0.7506741347352488,True,UC_audio,13,2.0,,0.5562812513635637,-0.024940566861201306
q250_6730,Harmony,High,analitica,True,A,0.7506741347352488,0.7506741347352488,True,UC_text,1,1.0,,1.0075039457385457,-0.007034949129886606
q251_6730,Lyrics,Low,knowledge,False,B,0.2966017332562214,0.2617501108998378,True,MI,13,1.0,2.0,3.9631845745320806,-0.12116762917301456
q251_6730,Lyrics,Low,knowledge,False,B,0.2966017332562214,0.2617501108998378,True,MI_balanced,13,1.0,1.0,3.9936080715152498,-0.22272932381306323
q251_6730,Lyrics,Low,knowledge,False,B,0.2966017332562214,0.2617501108998378,True,UC_audio,10,1.0,1.0,4.039933405035203,-0.4960736018033645
q251_6730,Lyrics,Low,knowledge,False,B,0.2966017332562214,0.2617501108998378,True,UC_text,1,1.0,,1.1974097474479601,-0.16257273319243787
q252_231013,Genre and Style,Low,knowledge,False,C,0.3431547327442291,0.3028329887540268,True,MI,12,1.0,,1.767679279414589,-1.0026336212249285
q252_231013,Genre and Style,Low,knowledge,False,C,0.3431547327442291,0.3028329887540268,True,MI_balanced,12,1.0,,1.6916533983146549,-1.0767831513947814
q252_231013,Genre and Style,Low,knowledge,False,C,0.3431547327442291,0.3028329887540268,True,UC_audio,5,1.0,,2.2227428077937263,0.008207610129948629
q252_231013,Genre and Style,Low,knowledge,False,C,0.3431547327442291,0.3028329887540268,True,UC_text,1,1.0,,0.9324926530569283,0.06328813775912943
q253_231013,Instrumentation,Low,percettiva,False,B,0.46589232724401025,0.13348038657576636,True,MI,13,1.0,,0.4074088543357971,0.15817042166045162
q253_231013,Instrumentation,Low,percettiva,False,B,0.46589232724401025,0.13348038657576636,True,MI_balanced,13,1.0,,0.42083971760235384,0.18060291221796632
q253_231013,Instrumentation,Low,percettiva,False,B,0.46589232724401025,0.13348038657576636,True,UC_audio,11,1.0,,1.3479321006727427,0.03576430040444623
q253_231013,Instrumentation,Low,percettiva,False,B,0.46589232724401025,0.13348038657576636,True,UC_text,1,1.0,,1.0,0.0
q254_231013,Mood and Expression,Low,knowledge,True,A,0.9505115569958758,0.9505115569958758,True,MI,13,1.0,,0.6425809077459326,-0.031753063286607854
q254_231013,Mood and Expression,Low,knowledge,True,A,0.9505115569958758,0.9505115569958758,True,MI_balanced,13,1.0,,0.6251399003502359,-0.03287865343890802
q254_231013,Mood and Expression,Low,knowledge,True,A,0.9505115569958758,0.9505115569958758,True,UC_audio,11,1.0,,0.9874436658507851,-0.010732805601547993
q254_231013,Mood and Expression,Low,knowledge,True,A,0.9505115569958758,0.9505115569958758,True,UC_text,1,1.0,,1.0023809444910807,-0.005555537145855672
q255_266919,Sound Texture,Low,percettiva,True,A,0.3802392203342321,0.3802392203342321,True,MI,10,1.0,,1.0739675144169654,0.11710770010843798
q255_266919,Sound Texture,Low,percettiva,True,A,0.3802392203342321,0.3802392203342321,True,MI_balanced,10,1.0,,1.0643114136730674,0.11757223512600351
q255_266919,Sound Texture,Low,percettiva,True,A,0.3802392203342321,0.3802392203342321,True,UC_audio,9,1.0,,1.2262200736551008,-0.20268543183373
q255_266919,Sound Texture,Low,percettiva,True,A,0.3802392203342321,0.3802392203342321,True,UC_text,1,1.0,,1.0,0.0
q256_266919,Melody,High,analitica,False,B,0.6814523542175939,0.06338494264895361,True,MI,13,1.0,,0.988411143561567,-0.03442962258493187
q256_266919,Melody,High,analitica,False,B,0.6814523542175939,0.06338494264895361,True,MI_balanced,13,1.0,,0.9829424139868068,-0.03159089392980851
q256_266919,Melody,High,analitica,False,B,0.6814523542175939,0.06338494264895361,True,UC_audio,6,1.0,,1.050681474386784,0.014306667350186477
q256_266919,Melody,High,analitica,False,B,0.6814523542175939,0.06338494264895361,True,UC_text,1,1.0,,1.0,0.0
q257_266919,Genre and Style,Medium,knowledge,True,A,0.6684806066055017,0.6684806066055017,True,MI,14,1.0,,0.8536319547269251,-0.12216385376212961
q257_266919,Genre and Style,Medium,knowledge,True,A,0.6684806066055017,0.6684806066055017,True,MI_balanced,14,1.0,,0.8632331923181104,-0.14202367543607572
q257_266919,Genre and Style,Medium,knowledge,True,A,0.6684806066055017,0.6684806066055017,True,UC_audio,5,1.0,,0.9790153996977154,-0.17095551387214286
q257_266919,Genre and Style,Medium,knowledge,True,A,0.6684806066055017,0.6684806066055017,True,UC_text,1,1.0,,1.0,0.0
q258_349850,Historical and Cultural Context,Low,knowledge,True,A,0.7623744215205194,0.7623744215205194,True,MI,8,,,-0.06654319989919945,-0.07338009513277347
q258_349850,Historical and Cultural Context,Low,knowledge,True,A,0.7623744215205194,0.7623744215205194,True,MI_balanced,8,,,-0.06947868068450846,-0.07784831419249369
q258_349850,Historical and Cultural Context,Low,knowledge,True,A,0.7623744215205194,0.7623744215205194,True,UC_audio,7,4.0,,0.2684074651141213,0.18660044389215547
q258_349850,Historical and Cultural Context,Low,knowledge,True,A,0.7623744215205194,0.7623744215205194,True,UC_text,1,1.0,,0.9962590444179504,0.003740955582049495
q259_349850,Sound Texture,Medium,percettiva,True,A,0.981658029915885,0.981658029915885,True,MI,12,1.0,,1.0143238273019017,-0.009606053344551084
q259_349850,Sound Texture,Medium,percettiva,True,A,0.981658029915885,0.981658029915885,True,MI_balanced,12,1.0,,1.0137437379152465,-0.010686225658398864
q259_349850,Sound Texture,Medium,percettiva,True,A,0.981658029915885,0.981658029915885,True,UC_audio,5,1.0,,1.0184576151296705,-0.0012825569346608411
q259_349850,Sound Texture,Medium,percettiva,True,A,0.981658029915885,0.981658029915885,True,UC_text,1,1.0,,1.0,0.0
q25_135660,Metre and Rhythm,High,percettiva,True,A,0.8965172716819617,0.8965172716819617,True,MI,7,1.0,,1.068739827357263,0.06366403388238678
q25_135660,Metre and Rhythm,High,percettiva,True,A,0.8965172716819617,0.8965172716819617,True,MI_balanced,7,1.0,,1.068701621659908,0.06552390372733706
q25_135660,Metre and Rhythm,High,percettiva,True,A,0.8965172716819617,0.8965172716819617,True,UC_audio,10,1.0,,0.9996925344419907,0.009347983951157636
q25_135660,Metre and Rhythm,High,percettiva,True,A,0.8965172716819617,0.8965172716819617,True,UC_text,1,1.0,,1.0,0.0
q260_349850,Melody,Medium,analitica,True,A,0.7946164825757036,0.7946164825757036,True,MI,12,1.0,,0.7815462506484686,0.01326813183013061
q260_349850,Melody,Medium,analitica,True,A,0.7946164825757036,0.7946164825757036,True,MI_balanced,12,1.0,,0.7907048422258918,0.013082060167723978
q260_349850,Melody,Medium,analitica,True,A,0.7946164825757036,0.7946164825757036,True,UC_audio,10,1.0,,0.8992517613283494,0.05244124643177573
q260_349850,Melody,Medium,analitica,True,A,0.7946164825757036,0.7946164825757036,True,UC_text,1,1.0,,1.0,0.0
q261_924963,Mood and Expression,Low,knowledge,True,A,0.7890154880421383,0.7890154880421383,True,MI,7,3.0,,0.9175759688280192,-0.06518365032821134
q261_924963,Mood and Expression,Low,knowledge,True,A,0.7890154880421383,0.7890154880421383,True,MI_balanced,7,3.0,,0.9201033764885537,-0.06518365032821134
q261_924963,Mood and Expression,Low,knowledge,True,A,0.7890154880421383,0.7890154880421383,True,UC_audio,10,2.0,,0.8655158555573017,-0.10737908059850583
q261_924963,Mood and Expression,Low,knowledge,True,A,0.7890154880421383,0.7890154880421383,True,UC_text,1,1.0,,1.0,0.0
q262_924963,Mood and Expression,Medium,knowledge,False,D,0.4948050318975419,0.04061607036240793,True,MI,9,10.0,,0.21105736047281956,0.3019631224891702
q262_924963,Mood and Expression,Medium,knowledge,False,D,0.4948050318975419,0.04061607036240793,True,MI_balanced,9,9.0,,0.2299962364271155,0.3199136685223227
q262_924963,Mood and Expression,Medium,knowledge,False,D,0.4948050318975419,0.04061607036240793,True,UC_audio,9,,2.0,0.1486729385120844,0.3271086240774503
q262_924963,Mood and Expression,Medium,knowledge,False,D,0.4948050318975419,0.04061607036240793,True,UC_text,1,1.0,,1.0,0.0
q263_924963,Genre and Style,Medium,knowledge,False,D,0.5015219447470601,0.16282033679649102,True,MI,9,1.0,,1.1548551715266124,-0.04810404537767908
q263_924963,Genre and Style,Medium,knowledge,False,D,0.5015219447470601,0.16282033679649102,True,MI_balanced,9,1.0,,1.1544347013049312,-0.056384254918158974
q263_924963,Genre and Style,Medium,knowledge,False,D,0.5015219447470601,0.16282033679649102,True,UC_audio,11,1.0,,0.6847885270126158,0.11352232465737382
q263_924963,Genre and Style,Medium,knowledge,False,D,0.5015219447470601,0.16282033679649102,True,UC_text,1,1.0,,1.0,0.0
q264_1138775,Genre and Style,Low,knowledge,False,D,0.4219746890240941,0.09415527994052998,True,MI,10,1.0,,0.9436310024253793,-0.9407917420598376
q264_1138775,Genre and Style,Low,knowledge,False,D,0.4219746890240941,0.09415527994052998,True,MI_balanced,10,1.0,,0.9407029165532059,-0.9130317684777663
q264_1138775,Genre and Style,Low,knowledge,False,D,0.4219746890240941,0.09415527994052998,True,UC_audio,13,1.0,,0.8865738579006807,-0.9939982402693419
q264_1138775,Genre and Style,Low,knowledge,False,D,0.4219746890240941,0.09415527994052998,True,UC_text,1,1.0,,0.9485670634056792,0.05143293659432116
q265_1138775,Instrumentation,Low,percettiva,False,C,0.8202677301433955,0.08645558269023447,True,MI,10,1.0,,0.9681980593259446,0.1139352830816243
q265_1138775,Instrumentation,Low,percettiva,False,C,0.8202677301433955,0.08645558269023447,True,MI_balanced,10,1.0,,0.9677154502755524,0.11619831796435444
q265_1138775,Instrumentation,Low,percettiva,False,C,0.8202677301433955,0.08645558269023447,True,UC_audio,9,1.0,,0.9619006923715673,0.1333121270164785
q265_1138775,Instrumentation,Low,percettiva,False,C,0.8202677301433955,0.08645558269023447,True,UC_text,1,1.0,,1.0,0.0
q266_1138775,Functional Context,Low,knowledge,True,A,0.9903530491234654,0.9903530491234654,True,MI,10,1.0,,0.9499966606844344,0.012138741243097627
q266_1138775,Functional Context,Low,knowledge,True,A,0.9903530491234654,0.9903530491234654,True,MI_balanced,10,1.0,,0.9603222599822787,0.01310398428036162
q266_1138775,Functional Context,Low,knowledge,True,A,0.9903530491234654,0.9903530491234654,True,UC_audio,12,1.0,,0.9890095115389269,0.011790354935112187
q266_1138775,Functional Context,Low,knowledge,True,A,0.9903530491234654,0.9903530491234654,True,UC_text,1,1.0,,0.9987234049608117,0.0007390813384772793
q267_1070646,Instrumentation,Medium,percettiva,False,B,0.3847353495770787,0.024595308029077608,True,MI,11,1.0,10.0,0.5607564358469862,0.9437378568581316
q267_1070646,Instrumentation,Medium,percettiva,False,B,0.3847353495770787,0.024595308029077608,True,MI_balanced,11,1.0,10.0,0.5548995321353735,0.9308449802477333
q267_1070646,Instrumentation,Medium,percettiva,False,B,0.3847353495770787,0.024595308029077608,True,UC_audio,11,1.0,,0.20021549138108127,0.06110766137543409
q267_1070646,Instrumentation,Medium,percettiva,False,B,0.3847353495770787,0.024595308029077608,True,UC_text,1,1.0,,0.9443401190692813,0.08812814480697108
q268_1070646,Historical and Cultural Context,Medium,knowledge,True,A,0.9215164897146227,0.9215164897146227,True,MI,6,1.0,,0.9460755542401176,-0.061162066789615006
q268_1070646,Historical and Cultural Context,Medium,knowledge,True,A,0.9215164897146227,0.9215164897146227,True,MI_balanced,6,1.0,,0.9480744147655976,-0.06179710626544419
q268_1070646,Historical and Cultural Context,Medium,knowledge,True,A,0.9215164897146227,0.9215164897146227,True,UC_audio,13,1.0,,0.9378693709045761,-0.06195487565099849
q268_1070646,Historical and Cultural Context,Medium,knowledge,True,A,0.9215164897146227,0.9215164897146227,True,UC_text,1,1.0,,0.9987302205709147,0.0009170629210061622
q269_1070646,Melody,High,analitica,True,A,0.87961945224461,0.87961945224461,True,MI,11,1.0,,0.7813790066339508,-0.034528575714787964
q269_1070646,Melody,High,analitica,True,A,0.87961945224461,0.87961945224461,True,MI_balanced,11,1.0,,0.7845970780743137,-0.03504683699388462
q269_1070646,Melody,High,analitica,True,A,0.87961945224461,0.87961945224461,True,UC_audio,11,1.0,,0.9836909009268634,-0.01699852861173519
q269_1070646,Melody,High,analitica,True,A,0.87961945224461,0.87961945224461,True,UC_text,1,1.0,,1.0,0.0
q26_135660,Melody,High,analitica,False,B,0.544448827452211,0.050641629586812065,True,MI,12,1.0,,1.1703581506840133,-0.08221858131474587
q26_135660,Melody,High,analitica,False,B,0.544448827452211,0.050641629586812065,True,MI_balanced,12,1.0,,1.1978658863985145,-0.09598335555727819
q26_135660,Melody,High,analitica,False,B,0.544448827452211,0.050641629586812065,True,UC_audio,8,1.0,,1.2221808452644112,-0.05871722913242557
q26_135660,Melody,High,analitica,False,B,0.544448827452211,0.050641629586812065,True,UC_text,1,1.0,,1.0283465317499545,-0.05669306349990874
q270_17954,Instrumentation,Low,percettiva,False,C,0.8950281013210303,0.05049403022392821,True,MI,11,1.0,,0.9424819484366591,0.023617011658982907
q270_17954,Instrumentation,Low,percettiva,False,C,0.8950281013210303,0.05049403022392821,True,MI_balanced,11,1.0,,0.9429256051502974,0.023683916400267947
q270_17954,Instrumentation,Low,percettiva,False,C,0.8950281013210303,0.05049403022392821,True,UC_audio,11,5.0,,0.7934221330070961,0.031619862207819274
q270_17954,Instrumentation,Low,percettiva,False,C,0.8950281013210303,0.05049403022392821,True,UC_text,1,1.0,,1.0041717976150772,-0.004469783159011283
q271_17954,Performance,High,analitica,False,C,0.6943692773116089,0.08293058386254241,True,MI,16,1.0,,0.7785457997451525,0.19812120713687267
q271_17954,Performance,High,analitica,False,C,0.6943692773116089,0.08293058386254241,True,MI_balanced,16,1.0,,0.8116884094861867,0.21943505594791055
q271_17954,Performance,High,analitica,False,C,0.6943692773116089,0.08293058386254241,True,UC_audio,5,1.0,,0.8862001425369613,0.01837003505154118
q271_17954,Performance,High,analitica,False,C,0.6943692773116089,0.08293058386254241,True,UC_text,1,1.0,,1.0,0.0
q272_17954,Harmony,High,analitica,True,A,0.9759046143805102,0.9759046143805102,True,MI,10,1.0,,0.9967516495489025,0.08262581193935452
q272_17954,Harmony,High,analitica,True,A,0.9759046143805102,0.9759046143805102,True,MI_balanced,10,1.0,,0.9989236236742605,0.0880648066284447
q272_17954,Harmony,High,analitica,True,A,0.9759046143805102,0.9759046143805102,True,UC_audio,7,1.0,,0.9915846875747498,0.007995961247494491
q272_17954,Harmony,High,analitica,True,A,0.9759046143805102,0.9759046143805102,True,UC_text,1,1.0,,0.9969904278465317,0.001289816637200629
q273_1131366,Melody,Low,analitica,False,D,0.7017514632371079,0.03959010844696456,True,MI,11,1.0,,0.8897733607334872,-0.1360951399460656
q273_1131366,Melody,Low,analitica,False,D,0.7017514632371079,0.03959010844696456,True,MI_balanced,11,1.0,,0.8722763756741924,-0.14280969550135392
q273_1131366,Melody,Low,analitica,False,D,0.7017514632371079,0.03959010844696456,True,UC_audio,11,1.0,,1.0839898262644636,-0.08734653513232916
q273_1131366,Melody,Low,analitica,False,D,0.7017514632371079,0.03959010844696456,True,UC_text,1,1.0,,1.0332216950654527,-0.03322169506545256
q274_1131366,Harmony,High,analitica,False,D,0.5337436376438135,0.19635331114521892,True,MI,13,1.0,,0.8352691847855819,-0.10177871223699987
q274_1131366,Harmony,High,analitica,False,D,0.5337436376438135,0.19635331114521892,True,MI_balanced,13,2.0,,0.8616753452874596,-0.09917086457742971
q274_1131366,Harmony,High,analitica,False,D,0.5337436376438135,0.19635331114521892,True,UC_audio,3,1.0,,0.8022380163653602,-0.07410027764673491
q274_1131366,Harmony,High,analitica,False,D,0.5337436376438135,0.19635331114521892,True,UC_text,1,1.0,,1.0151546387073278,-0.030309277414655347
q275_1131366,Mood and Expression,Low,knowledge,False,C,0.8183765072250274,0.08625624926116485,True,MI,12,1.0,,1.1767637284489736,-0.11016609692379102
q275_1131366,Mood and Expression,Low,knowledge,False,C,0.8183765072250274,0.08625624926116485,True,MI_balanced,12,1.0,,1.1661652699032983,-0.1229962057000768
q275_1131366,Mood and Expression,Low,knowledge,False,C,0.8183765072250274,0.08625624926116485,True,UC_audio,3,1.0,,1.2728598451228927,-0.019862871005361483
q275_1131366,Mood and Expression,Low,knowledge,False,C,0.8183765072250274,0.08625624926116485,True,UC_text,1,1.0,,1.0090368515395185,-0.008434394770217497
q276_30259,Melody,High,analitica,False,B,0.5416482522288142,0.1758474415264223,True,MI,12,1.0,,1.3841454468361467,-0.1319403172330116
q276_30259,Melody,High,analitica,False,B,0.5416482522288142,0.1758474415264223,True,MI_balanced,12,1.0,,1.393400627633721,-0.12359044681371942
q276_30259,Melody,High,analitica,False,B,0.5416482522288142,0.1758474415264223,True,UC_audio,12,1.0,,1.4004978757616062,-0.2190304646254562
q276_30259,Melody,High,analitica,False,B,0.5416482522288142,0.1758474415264223,True,UC_text,1,1.0,,1.064046002092405,-0.021348667364134884
q277_30259,Functional Context,Low,knowledge,True,A,0.9883883975759206,0.9883883975759206,True,MI,9,1.0,,0.7645311005350217,0.00634119044286008
q277_30259,Functional Context,Low,knowledge,True,A,0.9883883975759206,0.9883883975759206,True,MI_balanced,9,1.0,,0.7659924041295985,0.006665988278964531
q277_30259,Functional Context,Low,knowledge,True,A,0.9883883975759206,0.9883883975759206,True,UC_audio,13,1.0,,0.9401089396176932,0.014232163272998003
q277_30259,Functional Context,Low,knowledge,True,A,0.9883883975759206,0.9883883975759206,True,UC_text,1,1.0,,1.0002195130676068,-0.0014268349394439064
q278_30259,Lyrics,Low,knowledge,True,A,0.6906216631540065,0.6906216631540065,True,MI,10,4.0,7.0,0.3848626986226281,0.40958604705263446
q278_30259,Lyrics,Low,knowledge,True,A,0.6906216631540065,0.6906216631540065,True,MI_balanced,10,3.0,8.0,0.39557317370006373,0.44538186825608345
q278_30259,Lyrics,Low,knowledge,True,A,0.6906216631540065,0.6906216631540065,True,UC_audio,15,1.0,4.0,0.9482771452544934,0.43288975745570835
q278_30259,Lyrics,Low,knowledge,True,A,0.6906216631540065,0.6906216631540065,True,UC_text,1,1.0,,1.0040867956409552,-0.004086795640955396
q279_617329,Instrumentation,Low,percettiva,False,D,0.5218307815128511,0.16941365076168302,True,MI,8,8.0,,0.4340937021387981,-0.4263064982476747
q279_617329,Instrumentation,Low,percettiva,False,D,0.5218307815128511,0.16941365076168302,True,MI_balanced,8,8.0,,0.42837278576744564,-0.42274675492716435
q279_617329,Instrumentation,Low,percettiva,False,D,0.5218307815128511,0.16941365076168302,True,UC_audio,15,8.0,,0.5669152359086093,-0.26215917914763776
q279_617329,Instrumentation,Low,percettiva,False,D,0.5218307815128511,0.16941365076168302,True,UC_text,1,1.0,,1.0116972178624795,-0.027293508345785766
q27_135660,Sound Texture,Low,percettiva,False,C,0.938333585560245,0.017186179110292604,True,MI,7,1.0,,0.9863938217377256,0.021411650601069494
q27_135660,Sound Texture,Low,percettiva,False,C,0.938333585560245,0.017186179110292604,True,MI_balanced,7,1.0,,0.9840529863021351,0.024854177145882835
q27_135660,Sound Texture,Low,percettiva,False,C,0.938333585560245,0.017186179110292604,True,UC_audio,7,1.0,,1.0089931765165827,0.01604945608552688
q27_135660,Sound Texture,Low,percettiva,False,C,0.938333585560245,0.017186179110292604,True,UC_text,1,1.0,,0.9977927129473858,0.004414574105228119
q280_617329,Lyrics,Low,knowledge,False,C,0.6213784355173321,0.13864826982976308,True,MI,10,1.0,,0.8680843327659004,-0.012724634377101
q280_617329,Lyrics,Low,knowledge,False,C,0.6213784355173321,0.13864826982976308,True,MI_balanced,10,1.0,,0.875579258000547,-0.016748866956392234
q280_617329,Lyrics,Low,knowledge,False,C,0.6213784355173321,0.13864826982976308,True,UC_audio,13,8.0,,0.7116595962653242,0.17414894165807748
q280_617329,Lyrics,Low,knowledge,False,C,0.6213784355173321,0.13864826982976308,True,UC_text,1,1.0,,0.9987341965881636,0.0012658034118359991
q281_617329,Performance,Medium,analitica,False,B,0.5936192032869936,0.21838030077385603,True,MI,9,1.0,,1.6202162737398618,-0.09674695417429256
q281_617329,Performance,Medium,analitica,False,B,0.5936192032869936,0.21838030077385603,True,MI_balanced,9,1.0,,1.6394346617048206,-0.10447486019319942
q281_617329,Performance,Medium,analitica,False,B,0.5936192032869936,0.21838030077385603,True,UC_audio,13,1.0,,1.506973664468964,-0.14857351771275393
q281_617329,Performance,Medium,analitica,False,B,0.5936192032869936,0.21838030077385603,True,UC_text,1,1.0,,1.0433144184292258,-0.08662883685845132
q282_852,Sound Texture,Low,percettiva,False,C,0.4123811197207911,0.3211627389624149,True,MI,7,,,-1.2544823043801248,0.21057671402628494
q282_852,Sound Texture,Low,percettiva,False,C,0.4123811197207911,0.3211627389624149,True,MI_balanced,7,,,-1.2544823043801248,0.20853412835221752
q282_852,Sound Texture,Low,percettiva,False,C,0.4123811197207911,0.3211627389624149,True,UC_audio,10,2.0,,0.20007840646719863,-0.052960218282859475
q282_852,Sound Texture,Low,percettiva,False,C,0.4123811197207911,0.3211627389624149,True,UC_text,1,1.0,,1.0,0.0
q283_852,Sound Texture,Low,percettiva,True,A,0.887588610959464,0.887588610959464,True,MI,9,1.0,,0.502016951252671,-0.03650686945147499
q283_852,Sound Texture,Low,percettiva,True,A,0.887588610959464,0.887588610959464,True,MI_balanced,9,1.0,,0.48513524921528217,-0.03981244604493973
q283_852,Sound Texture,Low,percettiva,True,A,0.887588610959464,0.887588610959464,True,UC_audio,6,2.0,,0.5870805137819611,-0.01567561097251924
q283_852,Sound Texture,Low,percettiva,True,A,0.887588610959464,0.887588610959464,True,UC_text,1,1.0,,0.9923688395909148,0.007631160409085487
q284_852,Performance,Low,analitica,False,B,0.7053366818092606,0.25947886434171025,True,MI,7,1.0,,0.5213840760657257,-0.15460258925219705
q284_852,Performance,Low,analitica,False,B,0.7053366818092606,0.25947886434171025,True,MI_balanced,7,1.0,,0.5015727585590534,-0.1404910099234593
q284_852,Performance,Low,analitica,False,B,0.7053366818092606,0.25947886434171025,True,UC_audio,5,1.0,,1.161241037682268,-0.08223970454540074
q284_852,Performance,Low,analitica,False,B,0.7053366818092606,0.25947886434171025,True,UC_text,1,1.0,,1.014815332072704,-0.012963415563616076
q285_1222340,Functional Context,Low,knowledge,False,B,0.5813123464619812,0.037162055002367037,True,MI,12,5.0,,0.782069754082432,-0.0545595043124752
q285_1222340,Functional Context,Low,knowledge,False,B,0.5813123464619812,0.037162055002367037,True,MI_balanced,12,4.0,,0.8681315680663803,-0.056716791847993504
q285_1222340,Functional Context,Low,knowledge,False,B,0.5813123464619812,0.037162055002367037,True,UC_audio,8,4.0,,0.9234744667883797,0.20131852829197594
q285_1222340,Functional Context,Low,knowledge,False,B,0.5813123464619812,0.037162055002367037,True,UC_text,1,1.0,,1.0,0.0
q286_1222340,Melody,Low,analitica,True,A,0.7753605399820387,0.7753605399820387,True,MI,13,4.0,,0.5749427018684137,0.07600704435052022
q286_1222340,Melody,Low,analitica,True,A,0.7753605399820387,0.7753605399820387,True,MI_balanced,13,3.0,,0.6214752626452008,0.07750241577156146
q286_1222340,Melody,Low,analitica,True,A,0.7753605399820387,0.7753605399820387,True,UC_audio,9,3.0,,0.7070333642191284,0.07980232587583992
q286_1222340,Melody,Low,analitica,True,A,0.7753605399820387,0.7753605399820387,True,UC_text,1,1.0,,1.0037466953421512,-0.004899524678198192
q287_1222340,Melody,Low,analitica,False,B,0.28661281177764564,0.2529349186348339,True,MI,11,1.0,,4.0783356855352375,-0.5748790088676857
q287_1222340,Melody,Low,analitica,False,B,0.28661281177764564,0.2529349186348339,True,MI_balanced,11,1.0,,4.24618407318205,-0.43601371637101993
q287_1222340,Melody,Low,analitica,False,B,0.28661281177764564,0.2529349186348339,True,UC_audio,10,1.0,,2.565916576451587,-1.0939593773902758
q287_1222340,Melody,Low,analitica,False,B,0.28661281177764564,0.2529349186348339,True,UC_text,1,1.0,2.0,0.7057358743032085,0.38480693360349666
q288_1222369,Genre and Style,Low,knowledge,True,A,0.8956869294521821,0.8956869294521821,True,MI,7,2.0,,0.7824053823938295,0.04904711313551469
q288_1222369,Genre and Style,Low,knowledge,True,A,0.8956869294521821,0.8956869294521821,True,MI_balanced,7,2.0,,0.7824053823938295,0.04904711313551469
q288_1222369,Genre and Style,Low,knowledge,True,A,0.8956869294521821,0.8956869294521821,True,UC_audio,10,2.0,,0.6060280019127563,0.03613363089095356
q288_1222369,Genre and Style,Low,knowledge,True,A,0.8956869294521821,0.8956869294521821,True,UC_text,1,1.0,,0.9963776529547914,0.003622347045208537
q289_1222369,Mood and Expression,Low,knowledge,False,C,0.5188968077598489,0.2777454465754806,True,MI,5,1.0,,1.3882708052797923,0.1994882993923248
q289_1222369,Mood and Expression,Low,knowledge,False,C,0.5188968077598489,0.2777454465754806,True,MI_balanced,5,1.0,,1.386030165955946,0.1994882993923248
q289_1222369,Mood and Expression,Low,knowledge,False,C,0.5188968077598489,0.2777454465754806,True,UC_audio,6,1.0,,1.0536736932788089,-0.16163517029016977
q289_1222369,Mood and Expression,Low,knowledge,False,C,0.5188968077598489,0.2777454465754806,True,UC_text,1,1.0,,1.0,0.0
q28_14013,Performance,Low,analitica,False,D,0.7851148705243093,0.12040126493871577,True,MI,8,6.0,,0.7311094203012708,0.11076636498771399
q28_14013,Performance,Low,analitica,False,D,0.7851148705243093,0.12040126493871577,True,MI_balanced,8,5.0,,0.7963628118109185,0.11594969165277229
q28_14013,Performance,Low,analitica,False,D,0.7851148705243093,0.12040126493871577,True,UC_audio,10,4.0,,0.7544984468338123,0.25909679819760234
q28_14013,Performance,Low,analitica,False,D,0.7851148705243093,0.12040126493871577,True,UC_text,1,1.0,,1.0,0.0
q290_1222369,Mood and Expression,Low,knowledge,False,C,0.795870967361586,0.13830163647614332,True,MI,14,1.0,13.0,1.112348665809164,0.38539839360196254
q290_1222369,Mood and Expression,Low,knowledge,False,C,0.795870967361586,0.13830163647614332,True,MI_balanced,14,1.0,12.0,1.126988335703527,0.4125121039450954
q290_1222369,Mood and Expression,Low,knowledge,False,C,0.795870967361586,0.13830163647614332,True,UC_audio,8,1.0,,0.9573269845056529,0.009931908513259265
q290_1222369,Mood and Expression,Low,knowledge,False,C,0.795870967361586,0.13830163647614332,True,UC_text,1,1.0,,0.9732363501057836,0.043795063463263235
q291_1352257,Metre and Rhythm,Medium,percettiva,True,A,0.781989023055684,0.781989023055684,True,MI,10,1.0,,0.9750492307517064,-0.1230725030326524
q291_1352257,Metre and Rhythm,Medium,percettiva,True,A,0.781989023055684,0.781989023055684,True,MI_balanced,10,1.0,,0.9778138622127158,-0.12592576572448072
q291_1352257,Metre and Rhythm,Medium,percettiva,True,A,0.781989023055684,0.781989023055684,True,UC_audio,8,1.0,,0.9412243353804147,-0.009375115312996118
q291_1352257,Metre and Rhythm,Medium,percettiva,True,A,0.781989023055684,0.781989023055684,True,UC_text,1,1.0,,1.0,0.0
q292_1352257,Historical and Cultural Context,Low,knowledge,False,C,0.8965257747246095,0.08338988700020392,True,MI,10,1.0,,1.0764888483035053,0.040812492530428165
q292_1352257,Historical and Cultural Context,Low,knowledge,False,C,0.8965257747246095,0.08338988700020392,True,MI_balanced,10,1.0,,1.0764888483035053,0.036738230692932465
q292_1352257,Historical and Cultural Context,Low,knowledge,False,C,0.8965257747246095,0.08338988700020392,True,UC_audio,6,1.0,,0.9059621131259482,-0.0723586448261435
q292_1352257,Historical and Cultural Context,Low,knowledge,False,C,0.8965257747246095,0.08338988700020392,True,UC_text,1,1.0,,1.0082280185739445,-0.00877655314554041
q293_1352257,Harmony,High,analitica,False,C,0.4176007553336934,0.22352557685052207,True,MI,10,,3.0,-0.6889391850254779,0.6529450747842469
q293_1352257,Harmony,High,analitica,False,C,0.4176007553336934,0.22352557685052207,True,MI_balanced,10,,2.0,-0.6706472984178184,0.686883980736011
q293_1352257,Harmony,High,analitica,False,C,0.4176007553336934,0.22352557685052207,True,UC_audio,8,,4.0,-0.1618800054972819,0.4260258105692326
q293_1352257,Harmony,High,analitica,False,C,0.4176007553336934,0.22352557685052207,True,UC_text,1,1.0,,1.0,0.0
q294_1936726,Sound Texture,Medium,percettiva,True,A,0.9818154569897386,0.9818154569897386,True,MI,12,1.0,,1.005747943259233,-0.006484736423476836
q294_1936726,Sound Texture,Medium,percettiva,True,A,0.9818154569897386,0.9818154569897386,True,MI_balanced,12,1.0,,1.0054983204993142,-0.007460876530387816
q294_1936726,Sound Texture,Medium,percettiva,True,A,0.9818154569897386,0.9818154569897386,True,UC_audio,8,1.0,,1.0028522445556327,-0.009206299578603526
q294_1936726,Sound Texture,Medium,percettiva,True,A,0.9818154569897386,0.9818154569897386,True,UC_text,1,1.0,,1.0,0.0
q295_1936726,Sound Texture,Medium,percettiva,True,A,0.4930919582174306,0.4930919582174306,True,MI,10,7.0,,0.4117323496945596,-0.07494362225359222
q295_1936726,Sound Texture,Medium,percettiva,True,A,0.4930919582174306,0.4930919582174306,True,MI_balanced,10,7.0,,0.4111338895902927,-0.09529372937396184
q295_1936726,Sound Texture,Medium,percettiva,True,A,0.4930919582174306,0.4930919582174306,True,UC_audio,13,7.0,,0.49235113384158785,-0.26430651919720555
q295_1936726,Sound Texture,Medium,percettiva,True,A,0.4930919582174306,0.4930919582174306,True,UC_text,1,1.0,,1.0,0.0
q296_1936726,Sound Texture,Medium,percettiva,True,A,0.6412107990718476,0.6412107990718476,True,MI,6,1.0,,0.8709900778111218,-0.14443123204624927
q296_1936726,Sound Texture,Medium,percettiva,True,A,0.6412107990718476,0.6412107990718476,True,MI_balanced,6,1.0,,0.8730757618441848,-0.14443123204624927
q296_1936726,Sound Texture,Medium,percettiva,True,A,0.6412107990718476,0.6412107990718476,True,UC_audio,9,1.0,,0.8181995938690146,-0.1505495872291239
q296_1936726,Sound Texture,Medium,percettiva,True,A,0.6412107990718476,0.6412107990718476,True,UC_text,1,1.0,,1.0,0.0
q297_1320579,Sound Texture,High,percettiva,True,A,0.5709837827064651,0.5709837827064651,True,MI,9,1.0,,0.7247185465689643,-0.24964243294359917
q297_1320579,Sound Texture,High,percettiva,True,A,0.5709837827064651,0.5709837827064651,True,MI_balanced,9,1.0,,0.7247185465689643,-0.24964243294359917
q297_1320579,Sound Texture,High,percettiva,True,A,0.5709837827064651,0.5709837827064651,True,UC_audio,11,1.0,,0.8869940042365311,-0.3512979960496844
q297_1320579,Sound Texture,High,percettiva,True,A,0.5709837827064651,0.5709837827064651,True,UC_text,1,1.0,,1.0,0.0
q298_1320579,Instrumentation,Low,percettiva,False,D,0.38957469939779166,0.09849990953149325,True,MI,5,,,-0.03145271352393387,-0.44205052319121135
q298_1320579,Instrumentation,Low,percettiva,False,D,0.38957469939779166,0.09849990953149325,True,MI_balanced,5,,,-0.025554706161339147,-0.44205052319121135
q298_1320579,Instrumentation,Low,percettiva,False,D,0.38957469939779166,0.09849990953149325,True,UC_audio,12,4.0,,0.9637606042736692,0.00827930629827367
q298_1320579,Instrumentation,Low,percettiva,False,D,0.38957469939779166,0.09849990953149325,True,UC_text,1,1.0,,1.0297736127341508,-0.05954722546830129
q299_1320579,Historical and Cultural Context,Low,knowledge,True,A,0.3468666740604205,0.3468666740604205,True,MI,11,1.0,7.0,2.5632950415529905,0.4258039218577452
q299_1320579,Historical and Cultural Context,Low,knowledge,True,A,0.3468666740604205,0.3468666740604205,True,MI_balanced,11,1.0,6.0,2.5455359848070582,0.47380869990557806
q299_1320579,Historical and Cultural Context,Low,knowledge,True,A,0.3468666740604205,0.3468666740604205,True,UC_audio,3,1.0,,2.6435887574163455,-0.5744569252340589
q299_1320579,Historical and Cultural Context,Low,knowledge,True,A,0.3468666740604205,0.3468666740604205,True,UC_text,1,1.0,,1.2514112020468802,-0.3910840920729249
q29_14013,Melody,Medium,analitica,True,A,0.7533158376015721,0.7533158376015721,True,MI,9,9.0,,0.3679525977310737,0.0076374105181726045
q29_14013,Melody,Medium,analitica,True,A,0.7533158376015721,0.7533158376015721,True,MI_balanced,9,9.0,,0.3688279600320649,0.005055529664930115
q29_14013,Melody,Medium,analitica,True,A,0.7533158376015721,0.7533158376015721,True,UC_audio,12,2.0,,0.7232642877891118,0.10954844818012681
q29_14013,Melody,Medium,analitica,True,A,0.7533158376015721,0.7533158376015721,True,UC_text,1,1.0,,0.9831521363754232,0.02667578407224674
q2_1204663,Structure,High,analitica,True,A,0.4973685310175713,0.4973685310175713,True,MI,7,1.0,,0.9075426830090382,0.3596327397079285
q2_1204663,Structure,High,analitica,True,A,0.4973685310175713,0.4973685310175713,True,MI_balanced,7,1.0,,0.8676179418692482,0.357515973497218
q2_1204663,Structure,High,analitica,True,A,0.4973685310175713,0.4973685310175713,True,UC_audio,15,8.0,10.0,0.6026718632854123,0.3939557879499468
q2_1204663,Structure,High,analitica,True,A,0.4973685310175713,0.4973685310175713,True,UC_text,1,1.0,,0.9942147453323621,0.009992712607737958
q300_1079319,Instrumentation,Low,percettiva,True,A,0.6609305039419929,0.6609305039419929,True,MI,9,1.0,,1.0241993720051064,-0.3104151822256158
q300_1079319,Instrumentation,Low,percettiva,True,A,0.6609305039419929,0.6609305039419929,True,MI_balanced,9,1.0,,0.9983385327415463,-0.33058168609001526
q300_1079319,Instrumentation,Low,percettiva,True,A,0.6609305039419929,0.6609305039419929,True,UC_audio,10,1.0,,1.1892581075816724,0.11312694199729574
q300_1079319,Instrumentation,Low,percettiva,True,A,0.6609305039419929,0.6609305039419929,True,UC_text,1,1.0,,1.0,0.0
q301_1079319,Lyrics,Low,knowledge,True,A,0.9464230698996778,0.9464230698996778,True,MI,15,1.0,,0.9295021567691235,0.06902307532669248
q301_1079319,Lyrics,Low,knowledge,True,A,0.9464230698996778,0.9464230698996778,True,MI_balanced,15,1.0,,0.9278777904067709,0.06994086366935036
q301_1079319,Lyrics,Low,knowledge,True,A,0.9464230698996778,0.9464230698996778,True,UC_audio,9,1.0,,0.9159750287737403,0.014617250612572028
q301_1079319,Lyrics,Low,knowledge,True,A,0.9464230698996778,0.9464230698996778,True,UC_text,1,1.0,,1.006017113167468,-0.0006685681297186841
q302_1079319,Genre and Style,High,knowledge,True,A,0.7738925711410756,0.7738925711410756,True,MI,14,1.0,,1.3396563492629956,0.07457153802836218
q302_1079319,Genre and Style,High,knowledge,True,A,0.7738925711410756,0.7738925711410756,True,MI_balanced,14,1.0,,1.3431183978752477,0.0872909741876525
q302_1079319,Genre and Style,High,knowledge,True,A,0.7738925711410756,0.7738925711410756,True,UC_audio,13,1.0,,1.136816008938164,-0.10828154433495556
q302_1079319,Genre and Style,High,knowledge,True,A,0.7738925711410756,0.7738925711410756,True,UC_text,1,1.0,,1.0145425959858674,-0.0052882167221335276
q303_498814,Genre and Style,Low,knowledge,False,B,0.5269036287795493,0.21964611086897795,True,MI,9,,,-0.24654829747748186,0.07881440878162582
q303_498814,Genre and Style,Low,knowledge,False,B,0.5269036287795493,0.21964611086897795,True,MI_balanced,9,,,-0.25116944017908155,0.0669489649725218
q303_498814,Genre and Style,Low,knowledge,False,B,0.5269036287795493,0.21964611086897795,True,UC_audio,10,,10.0,-0.11934855907358391,0.29632730479425484
q303_498814,Genre and Style,Low,knowledge,False,B,0.5269036287795493,0.21964611086897795,True,UC_text,1,1.0,,1.029563679835624,-0.08499557952741901
q304_498814,Harmony,High,analitica,True,A,0.8401311867330172,0.8401311867330172,True,MI,7,1.0,,0.9704462407612175,-0.04283380684028211
q304_498814,Harmony,High,analitica,True,A,0.8401311867330172,0.8401311867330172,True,MI_balanced,7,1.0,,0.9555433628679852,-0.04333637576505226
q304_498814,Harmony,High,analitica,True,A,0.8401311867330172,0.8401311867330172,True,UC_audio,10,1.0,,1.0778599855293305,-0.006122998496041297
q304_498814,Harmony,High,analitica,True,A,0.8401311867330172,0.8401311867330172,True,UC_text,1,1.0,,1.0072680213671883,-0.019987058759767903
q305_498814,Melody,High,analitica,True,A,0.7086937300104615,0.7086937300104615,True,MI,10,3.0,10.0,0.6734402465131508,0.3320359650673281
q305_498814,Melody,High,analitica,True,A,0.7086937300104615,0.7086937300104615,True,MI_balanced,10,3.0,9.0,0.6766375815297424,0.34362869019112685
q305_498814,Melody,High,analitica,True,A,0.7086937300104615,0.7086937300104615,True,UC_audio,9,7.0,,0.575550227564311,0.18605105752101495
q305_498814,Melody,High,analitica,True,A,0.7086937300104615,0.7086937300104615,True,UC_text,1,1.0,,0.9947567882440644,0.020972847023742948
q306_785413,Instrumentation,Medium,percettiva,True,A,0.36694471738707113,0.36694471738707113,True,MI,12,1.0,,0.9742239647714352,0.13571344573664793
q306_785413,Instrumentation,Medium,percettiva,True,A,0.36694471738707113,0.36694471738707113,True,MI_balanced,12,1.0,,0.9506009663012436,0.154903370871908
q306_785413,Instrumentation,Medium,percettiva,True,A,0.36694471738707113,0.36694471738707113,True,UC_audio,9,1.0,,0.7746168300036846,-0.08805815477938746
q306_785413,Instrumentation,Medium,percettiva,True,A,0.36694471738707113,0.36694471738707113,True,UC_text,1,1.0,,1.0,0.0
q307_785413,Instrumentation,Low,percettiva,True,A,0.9947743740508653,0.9947743740508653,True,MI,9,1.0,,0.9927210821686193,0.0010154272522372482
q307_785413,Instrumentation,Low,percettiva,True,A,0.9947743740508653,0.9947743740508653,True,MI_balanced,9,1.0,,0.9927550728871232,0.000964985494954335
q307_785413,Instrumentation,Low,percettiva,True,A,0.9947743740508653,0.9947743740508653,True,UC_audio,8,1.0,,0.9965964995408678,0.001650313849958326
q307_785413,Instrumentation,Low,percettiva,True,A,0.9947743740508653,0.9947743740508653,True,UC_text,1,1.0,,1.0001507305450095,0.0
q308_785413,Instrumentation,Medium,percettiva,True,A,0.7367935248907066,0.7367935248907066,True,MI,10,1.0,,1.0357140629983703,0.05439177537137686
q308_785413,Instrumentation,Medium,percettiva,True,A,0.7367935248907066,0.7367935248907066,True,MI_balanced,10,1.0,,1.0375956562531121,0.05439177537137686
q308_785413,Instrumentation,Medium,percettiva,True,A,0.7367935248907066,0.7367935248907066,True,UC_audio,6,1.0,,0.6821618905734758,0.05842581150959985
q308_785413,Instrumentation,Medium,percettiva,True,A,0.7367935248907066,0.7367935248907066,True,UC_text,1,1.0,,1.0013621817686762,-0.0022435935013494007
q309_964594,Instrumentation,Medium,percettiva,True,A,0.6117450621053953,0.6117450621053953,True,MI,15,5.0,,0.5533469429755223,0.1065685203476678
q309_964594,Instrumentation,Medium,percettiva,True,A,0.6117450621053953,0.6117450621053953,True,MI_balanced,15,4.0,,0.6081631554107927,0.1340239112601526
q309_964594,Instrumentation,Medium,percettiva,True,A,0.6117450621053953,0.6117450621053953,True,UC_audio,11,5.0,7.0,0.8119004095394019,0.3853095991855613
q309_964594,Instrumentation,Medium,percettiva,True,A,0.6117450621053953,0.6117450621053953,True,UC_text,1,1.0,,1.0444026532438575,-0.024498015582818167
q30_14013,Melody,Medium,analitica,False,C,0.7025154593192081,0.20127404896339285,True,MI,12,,,0.18700529505135113,-0.05006549599729932
q30_14013,Melody,Medium,analitica,False,C,0.7025154593192081,0.20127404896339285,True,MI_balanced,12,,,0.19260864445364606,-0.05349024844750487
q30_14013,Melody,Medium,analitica,False,C,0.7025154593192081,0.20127404896339285,True,UC_audio,10,,,0.21517157349823926,0.10191591993532242
q30_14013,Melody,Medium,analitica,False,C,0.7025154593192081,0.20127404896339285,True,UC_text,1,1.0,,0.996822884422055,0.003388923283141711
q310_964594,Genre and Style,Medium,knowledge,False,C,0.42181890003916955,0.08306106623950335,True,MI,8,1.0,7.0,2.099320192952253,0.8188429521139509
q310_964594,Genre and Style,Medium,knowledge,False,C,0.42181890003916955,0.08306106623950335,True,MI_balanced,8,1.0,5.0,2.104029665845366,0.8517800730337101
q310_964594,Genre and Style,Medium,knowledge,False,C,0.42181890003916955,0.08306106623950335,True,UC_audio,9,1.0,1.0,2.6212744337162,1.4740252926703994
q310_964594,Genre and Style,Medium,knowledge,False,C,0.42181890003916955,0.08306106623950335,True,UC_text,1,1.0,,1.0,0.0
q311_964594,Instrumentation,Medium,percettiva,True,A,0.5825082395600951,0.5825082395600951,True,MI,15,1.0,,1.0370556384873324,-0.08491092158265579
q311_964594,Instrumentation,Medium,percettiva,True,A,0.5825082395600951,0.5825082395600951,True,MI_balanced,15,1.0,,1.006207873417295,-0.08458988775821856
q311_964594,Instrumentation,Medium,percettiva,True,A,0.5825082395600951,0.5825082395600951,True,UC_audio,5,1.0,,1.3800615902611413,0.06827481902520934
q311_964594,Instrumentation,Medium,percettiva,True,A,0.5825082395600951,0.5825082395600951,True,UC_text,1,1.0,,1.0,0.0
q312_1051203,Musical Texture,Medium,percettiva,False,D,0.770719558180741,0.08123324378691278,True,MI,11,1.0,,0.8833969890932587,0.06922091363771207
q312_1051203,Musical Texture,Medium,percettiva,False,D,0.770719558180741,0.08123324378691278,True,MI_balanced,11,1.0,,0.8815157151681271,0.10310241622430098
q312_1051203,Musical Texture,Medium,percettiva,False,D,0.770719558180741,0.08123324378691278,True,UC_audio,14,1.0,,0.8389650161090486,0.05491736104176524
q312_1051203,Musical Texture,Medium,percettiva,False,D,0.770719558180741,0.08123324378691278,True,UC_text,1,1.0,,0.9972518508827425,0.017862969262174275
q313_1051203,Mood and Expression,Low,knowledge,False,B,0.7408099746398532,0.24050578611050485,True,MI,10,1.0,,0.9697988166799737,0.07141470673294706
q313_1051203,Mood and Expression,Low,knowledge,False,B,0.7408099746398532,0.24050578611050485,True,MI_balanced,10,1.0,,0.9642839920423342,0.07141470673294706
q313_1051203,Mood and Expression,Low,knowledge,False,B,0.7408099746398532,0.24050578611050485,True,UC_audio,14,1.0,,0.9830020014692921,0.017326630119098962
q313_1051203,Mood and Expression,Low,knowledge,False,B,0.7408099746398532,0.24050578611050485,True,UC_text,1,1.0,,1.0,0.0
q314_1051203,Performance,Medium,analitica,False,C,0.706503194395795,0.07446488883979689,True,MI,12,4.0,,0.7959109692676326,-0.16506021967352208
q314_1051203,Performance,Medium,analitica,False,C,0.706503194395795,0.07446488883979689,True,MI_balanced,12,3.0,,0.8365352820270835,-0.17793844004810688
q314_1051203,Performance,Medium,analitica,False,C,0.706503194395795,0.07446488883979689,True,UC_audio,14,5.0,,0.7415651141909626,-0.1950732220628403
q314_1051203,Performance,Medium,analitica,False,C,0.706503194395795,0.07446488883979689,True,UC_text,1,1.0,,1.0276397928620864,-0.027639792862086912
q315_1351134,Metre and Rhythm,Medium,percettiva,True,A,0.7922673835598127,0.7922673835598127,True,MI,10,1.0,,0.7063461609019296,0.12419989763291524
q315_1351134,Metre and Rhythm,Medium,percettiva,True,A,0.7922673835598127,0.7922673835598127,True,MI_balanced,10,1.0,,0.7063461609019296,0.12419989763291524
q315_1351134,Metre and Rhythm,Medium,percettiva,True,A,0.7922673835598127,0.7922673835598127,True,UC_audio,12,1.0,,0.7065774962817614,0.10889015381227288
q315_1351134,Metre and Rhythm,Medium,percettiva,True,A,0.7922673835598127,0.7922673835598127,True,UC_text,1,1.0,,0.9982977473464191,0.0030853329346151263
q316_1351134,Functional Context,Low,knowledge,True,A,0.9800562961602873,0.9800562961602873,True,MI,13,1.0,,0.8615434834305958,0.018205787207549996
q316_1351134,Functional Context,Low,knowledge,True,A,0.9800562961602873,0.9800562961602873,True,MI_balanced,13,1.0,,0.8904629812379464,0.01988362094385071
q316_1351134,Functional Context,Low,knowledge,True,A,0.9800562961602873,0.9800562961602873,True,UC_audio,13,1.0,,0.868338720749466,0.012455996043811809
q316_1351134,Functional Context,Low,knowledge,True,A,0.9800562961602873,0.9800562961602873,True,UC_text,1,1.0,,1.0,0.0
q317_1351134,Metre and Rhythm,Low,percettiva,True,A,0.4155002421884266,0.4155002421884266,True,MI,13,,,-0.07830691900650058,0.0665045368466611
q317_1351134,Metre and Rhythm,Low,percettiva,True,A,0.4155002421884266,0.4155002421884266,True,MI_balanced,13,,,-0.09255406885069248,0.05453610206986254
q317_1351134,Metre and Rhythm,Low,percettiva,True,A,0.4155002421884266,0.4155002421884266,True,UC_audio,15,12.0,14.0,-0.024302631871588216,0.24413605644580855
q317_1351134,Metre and Rhythm,Low,percettiva,True,A,0.4155002421884266,0.4155002421884266,True,UC_text,1,1.0,,0.9214462618034396,0.006042595245889267
q318_307395,Performance,Medium,analitica,True,A,0.7724796665283371,0.7724796665283371,True,MI,13,1.0,,1.0115337769190906,0.04108645566569703
q318_307395,Performance,Medium,analitica,True,A,0.7724796665283371,0.7724796665283371,True,MI_balanced,13,1.0,,1.0237558457317992,0.038029968887114365
q318_307395,Performance,Medium,analitica,True,A,0.7724796665283371,0.7724796665283371,True,UC_audio,13,1.0,,0.9081541183026794,0.03356590549541657
q318_307395,Performance,Medium,analitica,True,A,0.7724796665283371,0.7724796665283371,True,UC_text,1,1.0,,0.9977369052973971,0.0005657736756506781
q319_307395,Metre and Rhythm,High,percettiva,True,A,0.3647618879010472,0.3647618879010472,True,MI,6,1.0,,1.935326664294653,-0.01725521865563159
q319_307395,Metre and Rhythm,High,percettiva,True,A,0.3647618879010472,0.3647618879010472,True,MI_balanced,6,1.0,,1.8638201316204615,-0.0486356013244594
q319_307395,Metre and Rhythm,High,percettiva,True,A,0.3647618879010472,0.3647618879010472,True,UC_audio,5,1.0,,2.2645648327195005,-0.07081605547655324
q319_307395,Metre and Rhythm,High,percettiva,True,A,0.3647618879010472,0.3647618879010472,True,UC_text,1,1.0,,1.0,0.0
q31_644172,Melody,Medium,analitica,False,C,0.4641850402780752,0.2815424587085963,True,MI,10,5.0,9.0,0.4744043565803393,0.266416800759679
q31_644172,Melody,Medium,analitica,False,C,0.4641850402780752,0.2815424587085963,True,MI_balanced,10,4.0,8.0,0.5215454648179736,0.3033203858756348
q31_644172,Melody,Medium,analitica,False,C,0.4641850402780752,0.2815424587085963,True,UC_audio,12,8.0,,0.809412075464796,0.09705453921058514
q31_644172,Melody,Medium,analitica,False,C,0.4641850402780752,0.2815424587085963,True,UC_text,1,1.0,,1.0,0.0
q320_307395,Genre and Style,High,knowledge,True,A,0.9091962200214148,0.9091962200214148,True,MI,8,1.0,,1.0418352173779768,-0.0011949432440558838
q320_307395,Genre and Style,High,knowledge,True,A,0.9091962200214148,0.9091962200214148,True,MI_balanced,8,1.0,,1.0441055614408428,-0.0031342493274563
q320_307395,Genre and Style,High,knowledge,True,A,0.9091962200214148,0.9091962200214148,True,UC_audio,6,1.0,,1.0396902691507384,-0.05936212545793738
q320_307395,Genre and Style,High,knowledge,True,A,0.9091962200214148,0.9091962200214148,True,UC_text,1,1.0,,1.0,0.0
q32_644172,Harmony,Low,analitica,True,A,0.961375941766828,0.961375941766828,True,MI,5,,,0.30667396785738077,-0.012195980699485786
q32_644172,Harmony,Low,analitica,True,A,0.961375941766828,0.961375941766828,True,MI_balanced,5,,,0.30674753702642743,-0.011659865917968918
q32_644172,Harmony,Low,analitica,True,A,0.961375941766828,0.961375941766828,True,UC_audio,15,10.0,,0.42930622472450136,0.01961629662211222
q32_644172,Harmony,Low,analitica,True,A,0.961375941766828,0.961375941766828,True,UC_text,1,1.0,,1.0005076688031946,-0.0003206329283337637
q33_644172,Metre and Rhythm,Medium,percettiva,True,A,0.9887501903964232,0.9887501903964232,True,MI,9,1.0,,0.9984980915708828,0.016040320493998485
q33_644172,Metre and Rhythm,Medium,percettiva,True,A,0.9887501903964232,0.9887501903964232,True,MI_balanced,9,1.0,,0.9987902192803215,0.01675077927125991
q33_644172,Metre and Rhythm,Medium,percettiva,True,A,0.9887501903964232,0.9887501903964232,True,UC_audio,12,1.0,,0.96982494939543,0.00495617974375805
q33_644172,Metre and Rhythm,Medium,percettiva,True,A,0.9887501903964232,0.9887501903964232,True,UC_text,1,1.0,,1.0000749910142224,-9.106051726996891e-05
q34_355486,Musical Texture,Medium,percettiva,True,A,0.9340229633373375,0.9340229633373375,True,MI,11,1.0,,0.9137714381741703,0.011151720697987417
q34_355486,Musical Texture,Medium,percettiva,True,A,0.9340229633373375,0.9340229633373375,True,MI_balanced,11,1.0,,0.9135974579983058,0.011934008945636768
q34_355486,Musical Texture,Medium,percettiva,True,A,0.9340229633373375,0.9340229633373375,True,UC_audio,9,1.0,,0.9956234153748348,0.03144737954329366
q34_355486,Musical Texture,Medium,percettiva,True,A,0.9340229633373375,0.9340229633373375,True,UC_text,1,1.0,,0.9948472461553958,0.0067382165660208335
q35_355486,Melody,High,analitica,True,A,0.781264092023394,0.781264092023394,True,MI,5,1.0,,0.9917483921026446,0.03540595618288382
q35_355486,Melody,High,analitica,True,A,0.781264092023394,0.781264092023394,True,MI_balanced,5,1.0,,0.9918174656619492,0.03648575879016125
q35_355486,Melody,High,analitica,True,A,0.781264092023394,0.781264092023394,True,UC_audio,11,1.0,,0.8246699860171083,-0.05441084266845285
q35_355486,Melody,High,analitica,True,A,0.781264092023394,0.781264092023394,True,UC_text,1,1.0,,0.9910874588609265,0.02450948813245206
q36_355486,Harmony,High,analitica,True,A,0.9299758614958522,0.9299758614958522,True,MI,7,1.0,,1.072616240890173,0.012792878368048351
q36_355486,Harmony,High,analitica,True,A,0.9299758614958522,0.9299758614958522,True,MI_balanced,7,1.0,,1.0728533999847862,0.011128890596211288
q36_355486,Harmony,High,analitica,True,A,0.9299758614958522,0.9299758614958522,True,UC_audio,10,1.0,,1.054466143624411,0.006854659153041742
q36_355486,Harmony,High,analitica,True,A,0.9299758614958522,0.9299758614958522,True,UC_text,1,1.0,,0.9994679430003035,0.0006080651425101112
q37_337998,Instrumentation,Medium,percettiva,True,A,0.4975296219919393,0.4975296219919393,True,MI,11,7.0,4.0,0.10329136482341715,0.3793192809574372
q37_337998,Instrumentation,Medium,percettiva,True,A,0.4975296219919393,0.4975296219919393,True,MI_balanced,11,7.0,4.0,0.10491001205908633,0.3790869554289707
q37_337998,Instrumentation,Medium,percettiva,True,A,0.4975296219919393,0.4975296219919393,True,UC_audio,10,1.0,4.0,0.4593337837787138,0.8404759605268174
q37_337998,Instrumentation,Medium,percettiva,True,A,0.4975296219919393,0.4975296219919393,True,UC_text,1,1.0,,1.0,0.0
q38_337998,Performance,Low,analitica,True,A,0.459400979129893,0.459400979129893,True,MI,9,7.0,,1.345479233336652,-0.25602700804609
q38_337998,Performance,Low,analitica,True,A,0.459400979129893,0.459400979129893,True,MI_balanced,9,7.0,,1.3365982452686456,-0.2511977746616957
q38_337998,Performance,Low,analitica,True,A,0.459400979129893,0.459400979129893,True,UC_audio,15,4.0,,1.023958585558392,-0.21690222820805244
q38_337998,Performance,Low,analitica,True,A,0.459400979129893,0.459400979129893,True,UC_text,1,1.0,,1.0,0.0
q39_337998,Instrumentation,Low,percettiva,False,C,0.7556445929849892,0.10226537501783843,True,MI,8,1.0,,1.0150482011429576,0.18462321884013386
q39_337998,Instrumentation,Low,percettiva,False,C,0.7556445929849892,0.10226537501783843,True,MI_balanced,8,1.0,,1.0148987021315605,0.17680292163285824
q39_337998,Instrumentation,Low,percettiva,False,C,0.7556445929849892,0.10226537501783843,True,UC_audio,8,1.0,,0.8993355989588987,0.0015070866972600632
q39_337998,Instrumentation,Low,percettiva,False,C,0.7556445929849892,0.10226537501783843,True,UC_text,1,1.0,,1.0062451902148335,-0.017954921867646943
q3_1204663,Metre and Rhythm,Low,percettiva,False,C,0.5917045743523033,0.2795014500278869,True,MI,5,,,0.366415445840824,0.24298988089453868
q3_1204663,Metre and Rhythm,Low,percettiva,False,C,0.5917045743523033,0.2795014500278869,True,MI_balanced,5,,,0.3665260938725697,0.2242454621343685
q3_1204663,Metre and Rhythm,Low,percettiva,False,C,0.5917045743523033,0.2795014500278869,True,UC_audio,15,11.0,9.0,0.07460558538351464,0.3023769065196372
q3_1204663,Metre and Rhythm,Low,percettiva,False,C,0.5917045743523033,0.2795014500278869,True,UC_text,1,1.0,,0.9676208369105801,0.030220552216791964
q40_457120,Genre and Style,Medium,knowledge,True,A,0.7130621114123092,0.7130621114123092,True,MI,5,2.0,,0.22970717806045704,0.115684580766178
q40_457120,Genre and Style,Medium,knowledge,True,A,0.7130621114123092,0.7130621114123092,True,MI_balanced,5,2.0,,0.22662916703385463,0.12139098844195192
q40_457120,Genre and Style,Medium,knowledge,True,A,0.7130621114123092,0.7130621114123092,True,UC_audio,6,1.0,,0.9533492034232665,0.10152271423903018
q40_457120,Genre and Style,Medium,knowledge,True,A,0.7130621114123092,0.7130621114123092,True,UC_text,1,1.0,,0.9861570807356723,0.017037439094556735
q41_457120,Instrumentation,Medium,percettiva,False,B,0.7541651618145774,0.16827699333405313,True,MI,4,,,0.19492436026686055,0.0880606097805591
q41_457120,Instrumentation,Medium,percettiva,False,B,0.7541651618145774,0.16827699333405313,True,MI_balanced,4,,,0.19661470513562032,0.09115622441048539
q41_457120,Instrumentation,Medium,percettiva,False,B,0.7541651618145774,0.16827699333405313,True,UC_audio,7,2.0,,0.6689142832926471,0.13039192994774704
q41_457120,Instrumentation,Medium,percettiva,False,B,0.7541651618145774,0.16827699333405313,True,UC_text,1,1.0,,1.002021246153258,-0.000826873426332697
q42_457120,Mood and Expression,Low,knowledge,True,A,0.9924562970219558,0.9924562970219558,True,MI,8,1.0,,0.936303353427747,0.004566355261242144
q42_457120,Mood and Expression,Low,knowledge,True,A,0.9924562970219558,0.9924562970219558,True,MI_balanced,8,1.0,,0.9367960802603129,0.004323896686116038
q42_457120,Mood and Expression,Low,knowledge,True,A,0.9924562970219558,0.9924562970219558,True,UC_audio,16,1.0,,0.9678717412815506,0.018157884584130205
q42_457120,Mood and Expression,Low,knowledge,True,A,0.9924562970219558,0.9924562970219558,True,UC_text,1,1.0,,0.9996394665473212,2.5752389477059484e-05
q43_1235672,Harmony,Medium,analitica,True,A,0.9825207315655308,0.9825207315655308,True,MI,8,1.0,,0.8087575306931748,0.01383809136692022
q43_1235672,Harmony,Medium,analitica,True,A,0.9825207315655308,0.9825207315655308,True,MI_balanced,8,1.0,,0.8092082521102373,0.014170276004620659
q43_1235672,Harmony,Medium,analitica,True,A,0.9825207315655308,0.9825207315655308,True,UC_audio,14,1.0,,0.9436557649363587,0.03127431542289802
q43_1235672,Harmony,Medium,analitica,True,A,0.9825207315655308,0.9825207315655308,True,UC_text,1,1.0,,0.9984428099916992,0.001557190008300866
q44_1235672,Structure,Medium,analitica,True,A,0.44157117463231665,0.44157117463231665,True,MI,7,1.0,,2.5794693157630784,-0.16901464904712388
q44_1235672,Structure,Medium,analitica,True,A,0.44157117463231665,0.44157117463231665,True,MI_balanced,7,1.0,,2.529456353388283,-0.16739682921373494
q44_1235672,Structure,Medium,analitica,True,A,0.44157117463231665,0.44157117463231665,True,UC_audio,13,1.0,,2.6269981799013484,-0.5362990395955166
q44_1235672,Structure,Medium,analitica,True,A,0.44157117463231665,0.44157117463231665,True,UC_text,1,1.0,,1.012434079929324,-0.03574797979680684
q45_1235672,Historical and Cultural Context,Low,knowledge,True,A,0.500865241172902,0.500865241172902,True,MI,16,10.0,,0.46098390888182045,0.08973640040082788
q45_1235672,Historical and Cultural Context,Low,knowledge,True,A,0.500865241172902,0.500865241172902,True,MI_balanced,16,9.0,,0.48548763471415307,0.08845295857883445
q45_1235672,Historical and Cultural Context,Low,knowledge,True,A,0.500865241172902,0.500865241172902,True,UC_audio,11,6.0,,0.6291858333945514,-0.04356743650288024
q45_1235672,Historical and Cultural Context,Low,knowledge,True,A,0.500865241172902,0.500865241172902,True,UC_text,1,1.0,,1.0120633169941289,-0.018094975491193554
q46_510027,Performance,Medium,analitica,True,A,0.2821833983600592,0.2821833983600592,True,MI,9,1.0,2.0,4.424792053017203,-0.522501265534351
q46_510027,Performance,Medium,analitica,True,A,0.2821833983600592,0.2821833983600592,True,MI_balanced,9,1.0,1.0,4.013682506607414,-0.6994381778084108
q46_510027,Performance,Medium,analitica,True,A,0.2821833983600592,0.2821833983600592,True,UC_audio,6,1.0,2.0,3.2023348574413757,1.2392904777077456
q46_510027,Performance,Medium,analitica,True,A,0.2821833983600592,0.2821833983600592,True,UC_text,1,1.0,,0.8968224377351418,0.1782157893665733
q47_510027,Musical Texture,Low,percettiva,True,A,0.7724796665283371,0.7724796665283371,True,MI,9,1.0,,0.891662325949538,0.06927941225084415
q47_510027,Musical Texture,Low,percettiva,True,A,0.7724796665283371,0.7724796665283371,True,MI_balanced,9,1.0,,0.8943787231351628,0.07714329568672003
q47_510027,Musical Texture,Low,percettiva,True,A,0.7724796665283371,0.7724796665283371,True,UC_audio,16,1.0,,0.7664324837302002,0.02565710792122432
q47_510027,Musical Texture,Low,percettiva,True,A,0.7724796665283371,0.7724796665283371,True,UC_text,1,1.0,,1.0062944367802822,-0.0067140658989679435
q48_510027,Structure,Medium,analitica,False,B,0.605656403322809,0.1351402102683404,True,MI,9,1.0,,1.4021396456683093,-0.18819619746334856
q48_510027,Structure,Medium,analitica,False,B,0.605656403322809,0.1351402102683404,True,MI_balanced,9,1.0,,1.4132633779458224,-0.18836895349866747
q48_510027,Structure,Medium,analitica,False,B,0.605656403322809,0.1351402102683404,True,UC_audio,5,1.0,,1.399306236892511,-0.12567033663168029
q48_510027,Structure,Medium,analitica,False,B,0.605656403322809,0.1351402102683404,True,UC_text,1,1.0,,1.0,0.0
q49_1149194,Sound Texture,Low,percettiva,True,A,0.45940097912989286,0.45940097912989286,True,MI,15,1.0,,0.9380220934899458,-0.0221854396911688
q49_1149194,Sound Texture,Low,percettiva,True,A,0.45940097912989286,0.45940097912989286,True,MI_balanced,15,1.0,,0.9118009704224316,-0.038990736098003485
q49_1149194,Sound Texture,Low,percettiva,True,A,0.45940097912989286,0.45940097912989286,True,UC_audio,10,1.0,,0.8114736769204728,-0.15255107411511665
q49_1149194,Sound Texture,Low,percettiva,True,A,0.45940097912989286,0.45940097912989286,True,UC_text,1,1.0,,1.0,0.0
q4_196219,Musical Texture,Medium,percettiva,True,A,0.6039641614563096,0.6039641614563096,True,MI,10,1.0,,0.9894601768937065,0.10290049175183057
q4_196219,Musical Texture,Medium,percettiva,True,A,0.6039641614563096,0.6039641614563096,True,MI_balanced,10,1.0,,0.9839105909637179,0.10850780258915248
q4_196219,Musical Texture,Medium,percettiva,True,A,0.6039641614563096,0.6039641614563096,True,UC_audio,5,1.0,,1.08127893143851,0.27605758629143273
q4_196219,Musical Texture,Medium,percettiva,True,A,0.6039641614563096,0.6039641614563096,True,UC_text,1,1.0,,1.0082653446710912,-0.006320557689657843
q50_1149194,Functional Context,Low,knowledge,True,A,0.7820233768442721,0.7820233768442721,True,MI,15,4.0,,0.6082553171758229,0.08782721199590787
q50_1149194,Functional Context,Low,knowledge,True,A,0.7820233768442721,0.7820233768442721,True,MI_balanced,15,3.0,,0.6341026380379442,0.09232060480456541
q50_1149194,Functional Context,Low,knowledge,True,A,0.7820233768442721,0.7820233768442721,True,UC_audio,11,4.0,,0.4143192260209589,0.03225445746113524
q50_1149194,Functional Context,Low,knowledge,True,A,0.7820233768442721,0.7820233768442721,True,UC_text,1,1.0,,1.0002410779381086,-0.0005357287513522928
q51_1149194,Mood and Expression,Low,knowledge,False,B,0.7771009722686503,0.012560667359722767,True,MI,12,1.0,,1.158127828042667,-0.020470556116688545
q51_1149194,Mood and Expression,Low,knowledge,False,B,0.7771009722686503,0.012560667359722767,True,MI_balanced,12,1.0,,1.1580773423607815,-0.024960229094656228
q51_1149194,Mood and Expression,Low,knowledge,False,B,0.7771009722686503,0.012560667359722767,True,UC_audio,6,1.0,,1.1615225029470253,-0.01770167468934715
q51_1149194,Mood and Expression,Low,knowledge,False,B,0.7771009722686503,0.012560667359722767,True,UC_text,1,1.0,,1.0,0.0
q52_1107251,Melody,Low,analitica,True,A,0.8140413961573215,0.8140413961573215,True,MI,11,1.0,,1.0662011078535667,-0.0011834445657008092
q52_1107251,Melody,Low,analitica,True,A,0.8140413961573215,0.8140413961573215,True,MI_balanced,11,1.0,,1.0669756681660567,-0.00014506425590527598
q52_1107251,Melody,Low,analitica,True,A,0.8140413961573215,0.8140413961573215,True,UC_audio,13,1.0,,1.0508421470948248,0.0251393436765432
q52_1107251,Melody,Low,analitica,True,A,0.8140413961573215,0.8140413961573215,True,UC_text,1,1.0,,0.9907779721121577,0.00922202788784211
q53_1107251,Lyrics,Low,knowledge,False,D,0.5568392378582567,0.23212512932983423,True,MI,14,1.0,8.0,0.2832603136228257,0.4818626189694193
q53_1107251,Lyrics,Low,knowledge,False,D,0.5568392378582567,0.23212512932983423,True,MI_balanced,14,1.0,7.0,0.26041417427422314,0.5142216496208362
q53_1107251,Lyrics,Low,knowledge,False,D,0.5568392378582567,0.23212512932983423,True,UC_audio,6,1.0,6.0,0.4779250733821231,0.39466985052787507
q53_1107251,Lyrics,Low,knowledge,False,D,0.5568392378582567,0.23212512932983423,True,UC_text,1,1.0,,1.0169200091805342,-0.02922547040274121
q54_1107251,Mood and Expression,Low,knowledge,False,D,0.8228287348408189,0.1113577598849059,True,MI,13,1.0,,0.9638456811612084,-0.0368731995531341
q54_1107251,Mood and Expression,Low,knowledge,False,D,0.8228287348408189,0.1113577598849059,True,MI_balanced,13,1.0,,0.9747099686190217,-0.039718507784642455
q54_1107251,Mood and Expression,Low,knowledge,False,D,0.8228287348408189,0.1113577598849059,True,UC_audio,10,1.0,,0.9506520998752719,-0.03576296330409503
q54_1107251,Mood and Expression,Low,knowledge,False,D,0.8228287348408189,0.1113577598849059,True,UC_text,1,1.0,,1.0132338439224133,-0.017305795898540276
q55_189585,Harmony,High,analitica,False,D,0.3818183045784447,0.14046310451734578,True,MI,13,1.0,9.0,1.6001059564207398,0.2946511092760478
q55_189585,Harmony,High,analitica,False,D,0.3818183045784447,0.14046310451734578,True,MI_balanced,13,1.0,8.0,1.5533282170692737,0.36486585225506507
q55_189585,Harmony,High,analitica,False,D,0.3818183045784447,0.14046310451734578,True,UC_audio,6,1.0,,1.8435355153624264,0.09085014142450148
q55_189585,Harmony,High,analitica,False,D,0.3818183045784447,0.14046310451734578,True,UC_text,1,1.0,,0.9875917981943445,0.04076980593286834
q56_189585,Harmony,High,analitica,True,A,0.6143372187573226,0.6143372187573226,True,MI,12,10.0,9.0,0.1327456919123454,0.3845436564931449
q56_189585,Harmony,High,analitica,True,A,0.6143372187573226,0.6143372187573226,True,MI_balanced,12,10.0,9.0,0.1378613282691276,0.3898047287477751
q56_189585,Harmony,High,analitica,True,A,0.6143372187573226,0.6143372187573226,True,UC_audio,14,,,-0.3420017442717536,0.10413089081904538
q56_189585,Harmony,High,analitica,True,A,0.6143372187573226,0.6143372187573226,True,UC_text,1,1.0,,0.9620709501684159,0.043347485521810336
q57_189585,Genre and Style,Low,knowledge,False,B,0.8578072815261951,0.11609159140777639,True,MI,12,1.0,,0.9401298421056368,0.1783801810354307
q57_189585,Genre and Style,Low,knowledge,False,B,0.8578072815261951,0.11609159140777639,True,MI_balanced,12,1.0,,0.9387093634191703,0.18526826184957154
q57_189585,Genre and Style,Low,knowledge,False,B,0.8578072815261951,0.11609159140777639,True,UC_audio,11,1.0,10.0,1.1339090022203484,0.32944508466520955
q57_189585,Genre and Style,Low,knowledge,False,B,0.8578072815261951,0.11609159140777639,True,UC_text,1,1.0,,1.0,0.0
q58_170946,Historical and Cultural Context,Low,knowledge,False,D,0.49245661978105815,0.20528646112598317,True,MI,7,5.0,5.0,0.4155588313807584,0.4113638696780035
q58_170946,Historical and Cultural Context,Low,knowledge,False,D,0.49245661978105815,0.20528646112598317,True,MI_balanced,7,5.0,5.0,0.410788212632062,0.4205710479263149
q58_170946,Historical and Cultural Context,Low,knowledge,False,D,0.49245661978105815,0.20528646112598317,True,UC_audio,10,,9.0,0.07452192368438428,0.4459531450584285
q58_170946,Historical and Cultural Context,Low,knowledge,False,D,0.49245661978105815,0.20528646112598317,True,UC_text,1,1.0,,1.0301230670396075,-0.021755548417494167
q59_170946,Sound Texture,Low,percettiva,True,A,0.6438198033220923,0.6438198033220923,True,MI,6,,,0.286259397510239,0.10503350177829086
q59_170946,Sound Texture,Low,percettiva,True,A,0.6438198033220923,0.6438198033220923,True,MI_balanced,6,3.0,,0.29237803922059674,0.10508936508588383
q59_170946,Sound Texture,Low,percettiva,True,A,0.6438198033220923,0.6438198033220923,True,UC_audio,12,,,0.22546371803393958,0.101075962896698
q59_170946,Sound Texture,Low,percettiva,True,A,0.6438198033220923,0.6438198033220923,True,UC_text,1,1.0,,0.9928718979826132,0.0014850212536221968
q5_196219,Performance,Low,analitica,True,A,0.6430245836962006,0.6430245836962006,True,MI,8,8.0,,0.6092882005250133,0.08318898538124582
q5_196219,Performance,Low,analitica,True,A,0.6430245836962006,0.6430245836962006,True,MI_balanced,8,6.0,,0.6967948414947315,0.0940806329917903
q5_196219,Performance,Low,analitica,True,A,0.6430245836962006,0.6430245836962006,True,UC_audio,11,8.0,,0.36702125500809213,0.06792218747176523
q5_196219,Performance,Low,analitica,True,A,0.6430245836962006,0.6430245836962006,True,UC_text,1,1.0,,1.0,0.0
q60_170946,Instrumentation,Low,percettiva,False,C,0.4820741619799128,0.4254289547633376,True,MI,8,,,-0.1714552423514668,-0.4028929392021294
q60_170946,Instrumentation,Low,percettiva,False,C,0.4820741619799128,0.4254289547633376,True,MI_balanced,8,,,-0.16134588202303332,-0.3963016428221194
q60_170946,Instrumentation,Low,percettiva,False,C,0.4820741619799128,0.4254289547633376,True,UC_audio,12,6.0,4.0,0.8125217822532134,0.4575358165340442
q60_170946,Instrumentation,Low,percettiva,False,C,0.4820741619799128,0.4254289547633376,True,UC_text,1,1.0,,1.0,0.0
q61_1278743,Genre and Style,Medium,knowledge,False,D,0.7855345056320843,0.0209337855016553,True,MI,9,1.0,,0.705954956269603,0.14326351288519615
q61_1278743,Genre and Style,Medium,knowledge,False,D,0.7855345056320843,0.0209337855016553,True,MI_balanced,9,1.0,,0.6699673316494772,0.14185109013759317
q61_1278743,Genre and Style,Medium,knowledge,False,D,0.7855345056320843,0.0209337855016553,True,UC_audio,9,1.0,,0.8888642303473928,0.11796510196487946
q61_1278743,Genre and Style,Medium,knowledge,False,D,0.7855345056320843,0.0209337855016553,True,UC_text,1,1.0,,0.9985050581221745,0.002446268527351365
q62_1278743,Genre and Style,Low,knowledge,True,A,0.7213854867122645,0.7213854867122645,True,MI,11,1.0,,0.5251009343676323,0.04861429972106135
q62_1278743,Genre and Style,Low,knowledge,True,A,0.7213854867122645,0.7213854867122645,True,MI_balanced,11,1.0,,0.5334391404934732,0.05303577401314692
q62_1278743,Genre and Style,Low,knowledge,True,A,0.7213854867122645,0.7213854867122645,True,UC_audio,9,2.0,,0.5747739017967194,-0.023530287400187973
q62_1278743,Genre and Style,Low,knowledge,True,A,0.7213854867122645,0.7213854867122645,True,UC_text,1,1.0,,1.0241716851795557,-0.02762478306234927
q63_1278743,Sound Texture,Low,percettiva,True,A,0.6941260100465549,0.6941260100465549,True,MI,12,1.0,,0.7328164839070905,-0.12888714657820569
q63_1278743,Sound Texture,Low,percettiva,True,A,0.6941260100465549,0.6941260100465549,True,MI_balanced,12,1.0,,0.72024614758411,-0.12039834683447265
q63_1278743,Sound Texture,Low,percettiva,True,A,0.6941260100465549,0.6941260100465549,True,UC_audio,9,1.0,,0.5217964537669284,-0.19314413118536858
q63_1278743,Sound Texture,Low,percettiva,True,A,0.6941260100465549,0.6941260100465549,True,UC_text,1,1.0,,1.0,0.0
q64_261271,Harmony,High,analitica,False,D,0.6552047795893501,0.032620725156366194,True,MI,7,1.0,,0.9122824310699754,-0.10290761642848292
q64_261271,Harmony,High,analitica,False,D,0.6552047795893501,0.032620725156366194,True,MI_balanced,7,1.0,,0.9069684803872035,-0.09905613863719535
q64_261271,Harmony,High,analitica,False,D,0.6552047795893501,0.032620725156366194,True,UC_audio,6,1.0,,1.389941212417057,-0.16707755880681632
q64_261271,Harmony,High,analitica,False,D,0.6552047795893501,0.032620725156366194,True,UC_text,1,1.0,,0.9997118549105504,0.000288145089449862
q65_261271,Genre and Style,Low,knowledge,False,D,0.9473441131724725,0.02860731341834544,True,MI,12,1.0,,0.9818931100042045,-0.0098842593902805
q65_261271,Genre and Style,Low,knowledge,False,D,0.9473441131724725,0.02860731341834544,True,MI_balanced,12,1.0,,0.9814006132895201,-0.010307799825072869
q65_261271,Genre and Style,Low,knowledge,False,D,0.9473441131724725,0.02860731341834544,True,UC_audio,9,1.0,,0.933392223343209,0.0019297983170125793
q65_261271,Genre and Style,Low,knowledge,False,D,0.9473441131724725,0.02860731341834544,True,UC_text,1,1.0,,1.0,0.0
q66_261271,Functional Context,Low,knowledge,False,D,0.41730572678550054,0.22336765944836248,True,MI,8,1.0,8.0,0.16706374280756361,0.4354284017170374
q66_261271,Functional Context,Low,knowledge,False,D,0.41730572678550054,0.22336765944836248,True,MI_balanced,8,1.0,8.0,0.17175509104014255,0.44660311825451476
q66_261271,Functional Context,Low,knowledge,False,D,0.41730572678550054,0.22336765944836248,True,UC_audio,9,1.0,,0.37608975405245365,0.28658560150645934
q66_261271,Functional Context,Low,knowledge,False,D,0.41730572678550054,0.22336765944836248,True,UC_text,1,1.0,,0.9042215802475482,0.08380611728339532
q67_1051201,Mood and Expression,Low,knowledge,False,B,0.43475163563674774,0.38366697184301646,True,MI,8,1.0,,0.5421330494343698,-0.5998641969946077
q67_1051201,Mood and Expression,Low,knowledge,False,B,0.43475163563674774,0.38366697184301646,True,MI_balanced,8,1.0,,0.4535107447139366,-0.64246197432408
q67_1051201,Mood and Expression,Low,knowledge,False,B,0.43475163563674774,0.38366697184301646,True,UC_audio,8,1.0,3.0,1.1680340065037464,-0.4399956614086021
q67_1051201,Mood and Expression,Low,knowledge,False,B,0.43475163563674774,0.38366697184301646,True,UC_text,1,1.0,,1.069936492588868,-0.05759475860259687
q68_1051201,Mood and Expression,Low,knowledge,True,A,0.9407500003950648,0.9407500003950648,True,MI,8,2.0,,0.8984876206699113,-0.046155874721744636
q68_1051201,Mood and Expression,Low,knowledge,True,A,0.9407500003950648,0.9407500003950648,True,MI_balanced,8,2.0,,0.901064224260523,-0.04601634775464111
q68_1051201,Mood and Expression,Low,knowledge,True,A,0.9407500003950648,0.9407500003950648,True,UC_audio,12,1.0,,0.8332735517265566,-0.038695989831483875
q68_1051201,Mood and Expression,Low,knowledge,True,A,0.9407500003950648,0.9407500003950648,True,UC_text,1,1.0,,0.9993658329024037,0.00048495130992659574
q69_1051201,Performance,Low,analitica,True,A,0.44223815631519847,0.44223815631519847,True,MI,6,1.0,,1.7744035006563537,-0.2187433374914967
q69_1051201,Performance,Low,analitica,True,A,0.44223815631519847,0.44223815631519847,True,MI_balanced,6,1.0,,1.7654195882566457,-0.22351039335062026
q69_1051201,Performance,Low,analitica,True,A,0.44223815631519847,0.44223815631519847,True,UC_audio,12,1.0,,1.3583370351696908,-0.14125189931200005
q69_1051201,Performance,Low,analitica,True,A,0.44223815631519847,0.44223815631519847,True,UC_text,1,1.0,,0.920482984586341,0.07951701541365909
q6_196219,Melody,Medium,analitica,True,A,0.5944279190948172,0.5944279190948172,True,MI,9,4.0,,0.6085910862010159,0.3312695899124283
q6_196219,Melody,Medium,analitica,True,A,0.5944279190948172,0.5944279190948172,True,MI_balanced,9,3.0,,0.6758157713045034,0.3486735445379431
q6_196219,Melody,Medium,analitica,True,A,0.5944279190948172,0.5944279190948172,True,UC_audio,7,,,0.23352638169054735,0.3183712761612838
q6_196219,Melody,Medium,analitica,True,A,0.5944279190948172,0.5944279190948172,True,UC_text,1,1.0,,1.0,0.0
q70_1247308,Metre and Rhythm,Low,percettiva,True,A,0.7269698976537319,0.7269698976537319,True,MI,8,1.0,,1.287055988869497,0.12251925380531749
q70_1247308,Metre and Rhythm,Low,percettiva,True,A,0.7269698976537319,0.7269698976537319,True,MI_balanced,8,1.0,,1.2849150939097036,0.1206101266367861
q70_1247308,Metre and Rhythm,Low,percettiva,True,A,0.7269698976537319,0.7269698976537319,True,UC_audio,5,1.0,,1.3309449876923278,0.07417885460180568
q70_1247308,Metre and Rhythm,Low,percettiva,True,A,0.7269698976537319,0.7269698976537319,True,UC_text,1,1.0,,1.0002348489162285,-0.00021919232181293714
q71_1247308,Harmony,Medium,analitica,False,D,0.3786604407236947,0.08449056478055302,True,MI,15,13.0,13.0,0.31267317416331875,0.17206415378415882
q71_1247308,Harmony,Medium,analitica,False,D,0.3786604407236947,0.08449056478055302,True,MI_balanced,15,12.0,12.0,0.3423572212325336,0.19243424284832503
q71_1247308,Harmony,Medium,analitica,False,D,0.3786604407236947,0.08449056478055302,True,UC_audio,4,,,0.3463338940136983,-0.13883318376039533
q71_1247308,Harmony,Medium,analitica,False,D,0.3786604407236947,0.08449056478055302,True,UC_text,1,1.0,,0.9494181271746226,0.05419486374147606
q72_1247308,Structure,Medium,analitica,True,A,0.8975435997097465,0.8975435997097465,True,MI,12,1.0,,1.0415510787626954,-0.07216044920677805
q72_1247308,Structure,Medium,analitica,True,A,0.8975435997097465,0.8975435997097465,True,MI_balanced,12,1.0,,1.0410775702950397,-0.07250664514306535
q72_1247308,Structure,Medium,analitica,True,A,0.8975435997097465,0.8975435997097465,True,UC_audio,9,1.0,,1.053879615919722,-0.055572888679963926
q72_1247308,Structure,Medium,analitica,True,A,0.8975435997097465,0.8975435997097465,True,UC_text,1,1.0,,1.008445106410683,-0.016890212821365994
q73_26738,Instrumentation,Low,percettiva,True,A,0.95909124247739,0.95909124247739,True,MI,10,1.0,,0.9101135318930402,0.019744453174331805
q73_26738,Instrumentation,Low,percettiva,True,A,0.95909124247739,0.95909124247739,True,MI_balanced,10,1.0,,0.9089572489293901,0.022924469938005912
q73_26738,Instrumentation,Low,percettiva,True,A,0.95909124247739,0.95909124247739,True,UC_audio,13,1.0,,0.9174858284545537,0.032205964625356936
q73_26738,Instrumentation,Low,percettiva,True,A,0.95909124247739,0.95909124247739,True,UC_text,1,1.0,,1.0,0.0
q74_26738,Instrumentation,Medium,percettiva,False,B,0.7028857117980072,0.10779101502855733,True,MI,10,5.0,,0.38183851818189585,0.3182125125755176
q74_26738,Instrumentation,Medium,percettiva,False,B,0.7028857117980072,0.10779101502855733,True,MI_balanced,10,5.0,,0.39139683506062206,0.3171444296078068
q74_26738,Instrumentation,Medium,percettiva,False,B,0.7028857117980072,0.10779101502855733,True,UC_audio,9,,,0.21544760109430128,0.2521256057989719
q74_26738,Instrumentation,Medium,percettiva,False,B,0.7028857117980072,0.10779101502855733,True,UC_text,1,1.0,,1.0,0.0
q75_26738,Genre and Style,Low,knowledge,False,C,0.9049554047087764,0.0742832631502097,True,MI,7,2.0,,0.9191116464019077,-0.000941401541893315
q75_26738,Genre and Style,Low,knowledge,False,C,0.9049554047087764,0.0742832631502097,True,MI_balanced,7,2.0,,0.9148887628633646,-0.0018426629876802955
q75_26738,Genre and Style,Low,knowledge,False,C,0.9049554047087764,0.0742832631502097,True,UC_audio,11,1.0,,0.805905829796911,-0.05294859259617579
q75_26738,Genre and Style,Low,knowledge,False,C,0.9049554047087764,0.0742832631502097,True,UC_text,1,1.0,,1.0091619622749437,-0.0033316226454339335
q76_1087890,Performance,Low,analitica,True,A,0.6940213935032739,0.6940213935032739,True,MI,13,11.0,12.0,0.3325447376181469,0.24864067236619322
q76_1087890,Performance,Low,analitica,True,A,0.6940213935032739,0.6940213935032739,True,MI_balanced,13,10.0,11.0,0.41393612212670294,0.29977302119179244
q76_1087890,Performance,Low,analitica,True,A,0.6940213935032739,0.6940213935032739,True,UC_audio,16,5.0,,0.29676011317243156,0.11748671715042039
q76_1087890,Performance,Low,analitica,True,A,0.6940213935032739,0.6940213935032739,True,UC_text,1,1.0,,0.9987654588533488,0.0008230274311007752
q77_1087890,Instrumentation,Low,percettiva,True,A,0.9996708004663114,0.9996708004663114,True,MI,14,1.0,,0.9970558115120599,0.0007412021774344184
q77_1087890,Instrumentation,Low,percettiva,True,A,0.9996708004663114,0.9996708004663114,True,MI_balanced,14,1.0,,0.9980656026428432,0.0007922304514909677
q77_1087890,Instrumentation,Low,percettiva,True,A,0.9996708004663114,0.9996708004663114,True,UC_audio,7,1.0,,0.9881697190574019,0.00018395811803499193
q77_1087890,Instrumentation,Low,percettiva,True,A,0.9996708004663114,0.9996708004663114,True,UC_text,1,1.0,,0.9999713074428926,4.782092851221033e-06
q78_1087890,Metre and Rhythm,Medium,percettiva,True,A,0.9967609128214153,0.9967609128214153,True,MI,7,1.0,,0.9980873399257352,0.0011361801173515739
q78_1087890,Metre and Rhythm,Medium,percettiva,True,A,0.9967609128214153,0.9967609128214153,True,MI_balanced,7,1.0,,0.9988777110125857,0.001159005466092621
q78_1087890,Metre and Rhythm,Medium,percettiva,True,A,0.9967609128214153,0.9967609128214153,True,UC_audio,7,1.0,,0.9876173123743506,0.000635604254810505
q78_1087890,Metre and Rhythm,Medium,percettiva,True,A,0.9967609128214153,0.9967609128214153,True,UC_text,1,1.0,,1.0000176992819012,-2.722966446341437e-06
q79_467850,Instrumentation,Low,percettiva,False,C,0.98351230880536,0.0031303040895965853,True,MI,2,1.0,,1.0011657901270075,0.0005933631578315526
q79_467850,Instrumentation,Low,percettiva,False,C,0.98351230880536,0.0031303040895965853,True,MI_balanced,2,1.0,,1.00061019865574,0.0005933631578315526
q79_467850,Instrumentation,Low,percettiva,False,C,0.98351230880536,0.0031303040895965853,True,UC_audio,10,1.0,,0.9853547519723629,0.0013584610622743901
q79_467850,Instrumentation,Low,percettiva,False,C,0.98351230880536,0.0031303040895965853,True,UC_text,1,1.0,,0.9997206915482123,0.0002606878883352093
q7_171574,Metre and Rhythm,Medium,percettiva,True,A,0.7499296334281207,0.7499296334281207,True,MI,6,1.0,,1.3094719455996997,-0.2528966044206935
q7_171574,Metre and Rhythm,Medium,percettiva,True,A,0.7499296334281207,0.7499296334281207,True,MI_balanced,6,1.0,,1.309279794646296,-0.2500636013829501
q7_171574,Metre and Rhythm,Medium,percettiva,True,A,0.7499296334281207,0.7499296334281207,True,UC_audio,6,1.0,,1.142178395625528,-0.05113991346908164
q7_171574,Metre and Rhythm,Medium,percettiva,True,A,0.7499296334281207,0.7499296334281207,True,UC_text,1,1.0,,1.0,0.0
q80_467850,Genre and Style,Low,knowledge,True,A,0.866212192810039,0.866212192810039,True,MI,5,1.0,,0.9393005426832428,0.052660828381628694
q80_467850,Genre and Style,Low,knowledge,True,A,0.866212192810039,0.866212192810039,True,MI_balanced,5,1.0,,0.9694105147940831,0.056316541094797355
q80_467850,Genre and Style,Low,knowledge,True,A,0.866212192810039,0.866212192810039,True,UC_audio,5,1.0,,0.7425721034093943,0.11108066832857234
q80_467850,Genre and Style,Low,knowledge,True,A,0.866212192810039,0.866212192810039,True,UC_text,1,1.0,,0.9988455929212549,0.002308814157489837
q81_467850,Metre and Rhythm,Low,percettiva,False,B,0.8826014091706971,0.10541170609364588,True,MI,8,1.0,,-0.1561631050221062,0.03190094768139146
q81_467850,Metre and Rhythm,Low,percettiva,False,B,0.8826014091706971,0.10541170609364588,True,MI_balanced,8,,,-0.2016698042961354,0.029402073360066693
q81_467850,Metre and Rhythm,Low,percettiva,False,B,0.8826014091706971,0.10541170609364588,True,UC_audio,7,4.0,,0.3950141265551464,0.0038352139723889797
q81_467850,Metre and Rhythm,Low,percettiva,False,B,0.8826014091706971,0.10541170609364588,True,UC_text,1,1.0,,1.0,0.0
q82_875005,Metre and Rhythm,Medium,percettiva,False,C,0.43598573651137906,0.23336634813898485,True,MI,5,1.0,,1.3823757136310004,-0.3997413450059292
q82_875005,Metre and Rhythm,Medium,percettiva,False,C,0.43598573651137906,0.23336634813898485,True,MI_balanced,5,1.0,,1.3860964223293235,-0.4007534542067893
q82_875005,Metre and Rhythm,Medium,percettiva,False,C,0.43598573651137906,0.23336634813898485,True,UC_audio,5,1.0,,2.1720737285552008,-0.24025487527708123
q82_875005,Metre and Rhythm,Medium,percettiva,False,C,0.43598573651137906,0.23336634813898485,True,UC_text,1,1.0,,0.9082107707655919,0.08031557558010685
q83_875005,Harmony,Medium,analitica,True,A,0.3431547327442291,0.3431547327442291,True,MI,7,1.0,,1.0304992769457098,-0.3021816578803026
q83_875005,Harmony,Medium,analitica,True,A,0.3431547327442291,0.3431547327442291,True,MI_balanced,7,1.0,,1.054199352078847,-0.2664070565941933
q83_875005,Harmony,Medium,analitica,True,A,0.3431547327442291,0.3431547327442291,True,UC_audio,9,1.0,,0.8076897381839611,-0.157599102643428
q83_875005,Harmony,Medium,analitica,True,A,0.3431547327442291,0.3431547327442291,True,UC_text,1,1.0,,1.0,0.0
q84_875005,Harmony,High,analitica,False,B,0.6743619592813902,0.09126496676334403,True,MI,9,5.0,,0.6956388515940845,0.03735516936730552
q84_875005,Harmony,High,analitica,False,B,0.6743619592813902,0.09126496676334403,True,MI_balanced,9,5.0,,0.6956388515940845,0.03735516936730552
q84_875005,Harmony,High,analitica,False,B,0.6743619592813902,0.09126496676334403,True,UC_audio,10,3.0,,0.5686737621595668,0.1328789718646712
q84_875005,Harmony,High,analitica,False,B,0.6743619592813902,0.09126496676334403,True,UC_text,1,1.0,,1.0,0.0
q85_1215807,Musical Texture,Medium,percettiva,True,A,0.5661260017174746,0.5661260017174746,True,MI,9,,8.0,-0.4393070557891779,0.4581029380245358
q85_1215807,Musical Texture,Medium,percettiva,True,A,0.5661260017174746,0.5661260017174746,True,MI_balanced,9,,7.0,-0.4415890942083561,0.5022776333979934
q85_1215807,Musical Texture,Medium,percettiva,True,A,0.5661260017174746,0.5661260017174746,True,UC_audio,10,,5.0,-0.35390569446135806,0.5618217498255389
q85_1215807,Musical Texture,Medium,percettiva,True,A,0.5661260017174746,0.5661260017174746,True,UC_text,1,1.0,,1.0,0.0
q86_1215807,Sound Texture,Low,percettiva,True,A,0.5292563422418969,0.5292563422418969,True,MI,7,1.0,6.0,0.6678382051837753,0.3907495345353754
q86_1215807,Sound Texture,Low,percettiva,True,A,0.5292563422418969,0.5292563422418969,True,MI_balanced,7,3.0,5.0,0.6724421930641372,0.40942914749079695
q86_1215807,Sound Texture,Low,percettiva,True,A,0.5292563422418969,0.5292563422418969,True,UC_audio,10,3.0,3.0,1.6874508527528005,0.45058722806527374
q86_1215807,Sound Texture,Low,percettiva,True,A,0.5292563422418969,0.5292563422418969,True,UC_text,1,1.0,,1.0,0.0
q87_1215807,Instrumentation,Medium,percettiva,True,A,0.6805758861431039,0.6805758861431039,True,MI,6,1.0,,1.4723261134850716,0.21945525639810531
q87_1215807,Instrumentation,Medium,percettiva,True,A,0.6805758861431039,0.6805758861431039,True,MI_balanced,6,1.0,,1.478926753489245,0.23092613786828944
q87_1215807,Instrumentation,Medium,percettiva,True,A,0.6805758861431039,0.6805758861431039,True,UC_audio,8,1.0,,1.4688892519534453,-0.033494382211506836
q87_1215807,Instrumentation,Medium,percettiva,True,A,0.6805758861431039,0.6805758861431039,True,UC_text,1,1.0,,1.0,0.03224124292575247
q88_306166,Harmony,Low,analitica,True,A,0.6215067649955393,0.6215067649955393,True,MI,8,1.0,,1.1243928711890638,-0.2926815956379773
q88_306166,Harmony,Low,analitica,True,A,0.6215067649955393,0.6215067649955393,True,MI_balanced,8,1.0,,1.1243928711890638,-0.2926815956379773
q88_306166,Harmony,Low,analitica,True,A,0.6215067649955393,0.6215067649955393,True,UC_audio,12,1.0,,0.9183049240255319,-0.2794320856773114
q88_306166,Harmony,Low,analitica,True,A,0.6215067649955393,0.6215067649955393,True,UC_text,1,1.0,,1.0,0.0
q89_306166,Melody,Medium,analitica,False,C,0.3985563485293811,0.2739235053383217,True,MI,7,1.0,,0.511115793522145,-0.06809346699099507
q89_306166,Melody,Medium,analitica,False,C,0.3985563485293811,0.2739235053383217,True,MI_balanced,7,1.0,,0.511115793522145,-0.06809346699099507
q89_306166,Melody,Medium,analitica,False,C,0.3985563485293811,0.2739235053383217,True,UC_audio,16,1.0,,0.9481325410042308,0.00010529143935210094
q89_306166,Melody,Medium,analitica,False,C,0.3985563485293811,0.2739235053383217,True,UC_text,1,1.0,,1.0,0.0
q8_171574,Harmony,Medium,analitica,False,C,0.36617639865277085,0.28517846601304486,True,MI,5,,,-0.23141927038528826,0.15157030516871303
q8_171574,Harmony,Medium,analitica,False,C,0.36617639865277085,0.28517846601304486,True,MI_balanced,5,,,-0.24245505301327966,0.14502164463426445
q8_171574,Harmony,Medium,analitica,False,C,0.36617639865277085,0.28517846601304486,True,UC_audio,13,,,-0.10246948367122191,0.10859537823779111
q8_171574,Harmony,Medium,analitica,False,C,0.36617639865277085,0.28517846601304486,True,UC_text,1,1.0,,0.9300873926094403,0.06991260739055973
q90_306166,Performance,Medium,analitica,True,A,0.8936759803607538,0.8936759803607538,True,MI,7,1.0,,1.1293102630718208,-0.03279080883442633
q90_306166,Performance,Medium,analitica,True,A,0.8936759803607538,0.8936759803607538,True,MI_balanced,7,1.0,,1.1303239231793079,-0.03322727164157033
q90_306166,Performance,Medium,analitica,True,A,0.8936759803607538,0.8936759803607538,True,UC_audio,10,1.0,,1.1049305778743526,-0.029241833763819964
q90_306166,Performance,Medium,analitica,True,A,0.8936759803607538,0.8936759803607538,True,UC_text,1,1.0,,1.0021451568783126,-0.004290313756625252
q91_8559,Historical and Cultural Context,Low,knowledge,True,A,0.7186785866025,0.7186785866025,True,MI,7,3.0,,0.6471534082422291,0.11314899918085844
q91_8559,Historical and Cultural Context,Low,knowledge,True,A,0.7186785866025,0.7186785866025,True,MI_balanced,7,2.0,,0.6653010473281434,0.11318868814892573
q91_8559,Historical and Cultural Context,Low,knowledge,True,A,0.7186785866025,0.7186785866025,True,UC_audio,8,2.0,,0.3846691484364463,0.04152760642451067
q91_8559,Historical and Cultural Context,Low,knowledge,True,A,0.7186785866025,0.7186785866025,True,UC_text,1,1.0,,1.0454320706617726,-0.03494774666290181
q92_8559,Performance,Low,analitica,True,A,0.33065623127827526,0.33065623127827526,True,MI,8,2.0,,2.361711945245413,-1.135805282088137
q92_8559,Performance,Low,analitica,True,A,0.33065623127827526,0.33065623127827526,True,MI_balanced,8,2.0,,2.3796425560964187,-1.1681591472681374
q92_8559,Performance,Low,analitica,True,A,0.33065623127827526,0.33065623127827526,True,UC_audio,5,3.0,,4.497709794733878,-0.5956673834217951
q92_8559,Performance,Low,analitica,True,A,0.33065623127827526,0.33065623127827526,True,UC_text,1,1.0,,1.0,0.0
q93_8559,Instrumentation,Medium,percettiva,False,B,0.5986208186842604,0.19434372579792045,True,MI,8,7.0,,0.039981674962590655,-0.0321745495051436
q93_8559,Instrumentation,Medium,percettiva,False,B,0.5986208186842604,0.19434372579792045,True,MI_balanced,8,7.0,,0.03942619010351635,-0.0321745495051436
q93_8559,Instrumentation,Medium,percettiva,False,B,0.5986208186842604,0.19434372579792045,True,UC_audio,15,4.0,10.0,0.7321145831231277,0.2635926180667925
q93_8559,Instrumentation,Medium,percettiva,False,B,0.5986208186842604,0.19434372579792045,True,UC_text,1,1.0,,1.0,0.0
q94_1420928,Instrumentation,Low,percettiva,True,A,0.9949628556778478,0.9949628556778478,True,MI,7,1.0,,0.9805338683492769,0.0019131996507513245
q94_1420928,Instrumentation,Low,percettiva,True,A,0.9949628556778478,0.9949628556778478,True,MI_balanced,7,1.0,,0.9805338683492769,0.0019131996507513245
q94_1420928,Instrumentation,Low,percettiva,True,A,0.9949628556778478,0.9949628556778478,True,UC_audio,11,1.0,,0.9908084773379892,0.001719903113607801
q94_1420928,Instrumentation,Low,percettiva,True,A,0.9949628556778478,0.9949628556778478,True,UC_text,1,1.0,,1.0,0.0
q95_1420928,Mood and Expression,Low,knowledge,False,B,0.4028736819208647,0.16794273672084864,True,MI,8,2.0,3.0,1.950981891593485,0.2570412255896074
q95_1420928,Mood and Expression,Low,knowledge,False,B,0.4028736819208647,0.16794273672084864,True,MI_balanced,8,2.0,3.0,1.9404250501541493,0.27013932563152987
q95_1420928,Mood and Expression,Low,knowledge,False,B,0.4028736819208647,0.16794273672084864,True,UC_audio,4,1.0,,1.380642939294751,-0.06480252145526233
q95_1420928,Mood and Expression,Low,knowledge,False,B,0.4028736819208647,0.16794273672084864,True,UC_text,1,1.0,,0.9867037837657757,0.006648108117112209
q96_1420928,Harmony,Medium,analitica,True,A,0.6961888102574912,0.6961888102574912,True,MI,10,4.0,,0.47884091811157375,0.3186878292811915
q96_1420928,Harmony,Medium,analitica,True,A,0.6961888102574912,0.6961888102574912,True,MI_balanced,10,4.0,,0.47884091811157375,0.3186878292811915
q96_1420928,Harmony,Medium,analitica,True,A,0.6961888102574912,0.6961888102574912,True,UC_audio,11,5.0,,0.46544092255866887,0.4104457497766439
q96_1420928,Harmony,Medium,analitica,True,A,0.6961888102574912,0.6961888102574912,True,UC_text,1,1.0,,1.0,0.0
q97_1319502,Genre and Style,Low,knowledge,False,D,0.5218307815128511,0.2793158895577498,True,MI,11,3.0,,0.4086036879284593,-0.38600472652387374
q97_1319502,Genre and Style,Low,knowledge,False,D,0.5218307815128511,0.2793158895577498,True,MI_balanced,11,2.0,,0.4218053757240796,-0.3970511761063121
q97_1319502,Genre and Style,Low,knowledge,False,D,0.5218307815128511,0.2793158895577498,True,UC_audio,11,3.0,,0.34086817005895503,-0.38496141398302086
q97_1319502,Genre and Style,Low,knowledge,False,D,0.5218307815128511,0.2793158895577498,True,UC_text,1,1.0,,1.0,0.0
q98_1319502,Instrumentation,Medium,percettiva,False,C,0.45272356704718714,0.14697782307314258,True,MI,9,,,-0.7446081513828828,0.2621961197516623
q98_1319502,Instrumentation,Medium,percettiva,False,C,0.45272356704718714,0.14697782307314258,True,MI_balanced,9,,,-0.7393662940667483,0.2568621956903094
q98_1319502,Instrumentation,Medium,percettiva,False,C,0.45272356704718714,0.14697782307314258,True,UC_audio,16,,13.0,-0.2473254709538916,0.34531592159745256
q98_1319502,Instrumentation,Medium,percettiva,False,C,0.45272356704718714,0.14697782307314258,True,UC_text,1,1.0,,1.0193006654457757,-0.03860133089155075
q99_1319502,Historical and Cultural Context,Low,knowledge,True,A,0.7541646289247156,0.7541646289247156,True,MI,11,1.0,11.0,0.5409509944891789,0.3911429877130234
q99_1319502,Historical and Cultural Context,Low,knowledge,True,A,0.7541646289247156,0.7541646289247156,True,MI_balanced,11,1.0,10.0,0.5136857114923123,0.4222368868753251
q99_1319502,Historical and Cultural Context,Low,knowledge,True,A,0.7541646289247156,0.7541646289247156,True,UC_audio,9,2.0,,0.47769369310685783,0.2562551601636515
q99_1319502,Historical and Cultural Context,Low,knowledge,True,A,0.7541646289247156,0.7541646289247156,True,UC_text,1,1.0,,1.020783018495238,-0.03766922102261903
q9_171574,Sound Texture,Medium,percettiva,False,D,0.450920072751672,0.2734968492037403,True,MI,8,1.0,,0.6505418740063476,0.021296682383724806
q9_171574,Sound Texture,Medium,percettiva,False,D,0.450920072751672,0.2734968492037403,True,MI_balanced,8,1.0,,0.6493397485539655,0.021296682383724806
q9_171574,Sound Texture,Medium,percettiva,False,D,0.450920072751672,0.2734968492037403,True,UC_audio,7,1.0,,1.0327000348200537,-0.08740023574573688
q9_171574,Sound Texture,Medium,percettiva,False,D,0.450920072751672,0.2734968492037403,True,UC_text,1,1.0,,1.0311345656293947,-0.0034593961810438804
