sample_id,idx,question,category,difficulty,macro_family,model_answer,correct_answer_letter,correct,a_shap,t_shap,uc_audio_l1,mi_audio_l1,uc_text_l1,mi_text_l1,uc_audio_sum,mi_audio_sum,uc_text_sum,mi_text_sum,base_ucmi,uc_stem_drums,mi_stem_drums,uc_stem_bass,mi_stem_bass,uc_stem_other,mi_stem_other,uc_stem_vocals,mi_stem_vocals,uc_time_seg0,mi_time_seg0,uc_time_seg1,mi_time_seg1,uc_time_seg2,mi_time_seg2,uc_time_seg3,mi_time_seg3,uc_time_seg4,mi_time_seg4,uc_time_seg5,mi_time_seg5,uc_time_seg6,mi_time_seg6,uc_time_seg7,mi_time_seg7
q100_1247352,99,[MASK],Instrumentation,High,percettiva,A,A,True,0.7806451612903226,0.21935483870967745,1.0971153170789711,0.27589297685967107,10.236577897084768,0.12347314422316372,0.30513253021548326,0.011895050262192699,10.236577897084768,0.12347314422316372,,0.03862598516345682,0.019184122349983117,0.41360404429815734,0.12470989121094878,-0.39599139343174394,-0.10893804249762376,0.248893894185613,-0.02306092080111544,0.2170340979394192,-0.03302110159208896,-0.01011817003764657,-0.15938804706711507,0.0,0.0,0.12117434295317855,0.03713460620983845,-0.1328000640214491,-0.10262351163578627,0.10725513246482213,0.04861008415588015,0.026072280309009252,0.02135365654442168,-0.02348508939185022,0.19982936364704273
q101_1247352,100,[MASK],Melody,High,analitica,B,A,False,0.1380952380952381,0.861904761904762,0.3124589508832524,0.20783139425182107,9.422051538562766,0.1890801506123799,0.3124589508832524,-0.12079313131324021,9.422051538562766,0.1890801506123799,,0.009963813241827678,0.011746554549901173,0.011291892056532232,0.031772576919389256,0.27684330498824194,-0.1459525695920689,0.014359940596650505,-0.018359693190461733,-0.030372692384168204,-0.10449072125776138,0.025496291662041783,-0.05277021629126262,0.017081804289951517,-0.01591898967241699,0.03900424459753926,-0.044676054688070455,0.05228446806406667,0.007816087488608363,0.07824130013836936,0.013218757867765881,0.0,0.019481124440453447,0.130723534515452,0.056546880799443575
q102_1247352,101,[MASK],Instrumentation,Medium,percettiva,A,A,True,0.8537906137184115,0.14620938628158844,1.9377435186477459,0.15691584391999638,9.625786823963416,0.04775480966199105,-0.05200644537274013,-0.0002553093008386548,9.625786823963416,0.04775480966199105,,-0.19181523902104747,-0.014116871312585825,0.2093305092613688,8.178415250450002e-05,0.733538027376134,0.07824848315707436,-0.8030597429891956,-0.06446870529783169,0.0248795976294804,-0.06704499194021524,-0.26349855298564895,-0.080845592877929,0.0,0.01891857716010379,0.0,-0.01601983837672175,0.23088902140493942,0.0405568487667833,0.14341677802592157,0.0,0.3580701090795793,0.10204964913969088,-0.5457633985270118,0.0021300388274493806
q103_625206,102,[MASK],Metre and Rhythm,Medium,percettiva,B,A,False,0.7703583061889251,0.2296416938110749,1.317473604311109,0.2879509120374485,10.374200750128631,0.0011525220935127175,1.0390325495934232,0.16171753852337584,10.374200750128631,-0.0011525220935127175,,-0.139220527358843,0.08468530519393366,0.14745702903928845,-0.06311668675703634,1.0083540813624317,0.14014892008647853,0.02244196655054587,0.0,0.4451227573125871,0.01170481000424009,0.11642596416022574,0.006676767588212184,0.1398592092162351,0.01639970120872584,0.2768951497138016,0.03648893426863765,0.04554963193231673,0.02371458282674875,0.03183487065808162,0.02825228550780647,0.038783857167054056,-0.00923615213682201,-0.05543889056687899,0.04771660925582688
q104_625206,103,[MASK],Instrumentation,Medium,percettiva,B,A,False,0.985655737704918,0.01434426229508197,1.2787464931260937,0.30801151840419627,10.519973549995456,0.027307329007912103,1.2787464931260937,0.29129885609951306,10.519973549995456,0.027307329007912103,,0.2305059828150487,0.08674215392344745,0.4653053140671365,-0.00835633115234161,0.5829351962439084,0.21291303332840722,0.0,0.0,0.2726932907057734,0.07037576980657664,0.17627986265532297,-0.0022079054053485148,0.08755754423106188,0.0,0.16565171545841428,0.01852158088750982,0.0,0.03414293276598815,0.08611890145263121,0.02712685975416118,0.3112602835772096,0.06358580288343034,0.17918489504568036,0.07975381540719545
q105_625206,104,[MASK],Instrumentation,Medium,percettiva,B,A,False,0.8542857142857143,0.1457142857142857,1.9907184569830516,0.4289568871209193,10.00681519512946,0.04118611553421705,1.1114488481818867,0.1299956542733996,10.00681519512946,0.04118611553421705,,1.3014492446220964,0.11346973780754824,-0.33191962353925386,-0.14948061642375987,0.24963440796037278,0.15088735473023618,-0.10771518086132849,0.015119178159375048,0.035990340105351584,-0.06928765339732071,0.08890089163584505,0.03617289875492052,0.16093170035683477,0.0030260158587358237,0.4908932448301616,0.07460765402579582,-0.0163287257174072,-0.006285524687969592,0.2853976981432316,0.047865005535006194,-0.003280578131530043,0.028614073800519065,0.06894427695939939,0.015283184383712466
q106_395289,105,[MASK],Instrumentation,Low,percettiva,A,A,True,0.815136476426799,0.184863523573201,2.2238973307994367,0.26166614249351755,10.326767358245128,0.03328368292656373,2.2238973307994367,-0.23122800811349226,10.326767358245128,0.03328368292656373,,0.7495753776038724,-0.13834735812208665,0.4701420797368552,-0.09141620087064536,1.0041798734587088,-0.016683516310772882,0.0,0.015219067190012635,0.5704460044363635,-0.1373721556607632,0.43114903946343675,0.010214517718407187,0.2099271767169106,0.0,0.44737338704861945,-0.02573490366658629,0.4898463916361939,0.011587076574138983,0.074604288403535,0.015785865622568535,0.0,0.0010242005974563408,0.0005510430943770905,-0.10673260929871388
q107_2083,106,[MASK],Metre and Rhythm,Medium,percettiva,D,A,False,0.47413793103448276,0.5258620689655172,1.9031372961085162,0.42038599938681415,9.3665386814793,0.057363168706742684,-0.32700629792386426,0.42038599938681415,9.3665386814793,0.057363168706742684,,0.7880654990923259,0.18753449753177714,-0.7810429475342904,0.14420261183853209,-0.21573015435768833,0.08250317709676494,-0.11829869512421148,0.006145712919740009,-0.30491767948585063,0.11190116053111643,0.021240338698588115,0.0835450619830834,0.04638438874941239,0.055474665874812784,-0.0567576175142247,0.04171020052456158,-0.09243083656823278,0.01084895733050063,0.0,0.02170973869410434,0.039844262358414484,0.02830773195624721,0.019630845838028835,0.06688848249238782
q108_2083,107,[MASK],Genre and Style,Low,knowledge,B,A,False,0.8679867986798679,0.132013201320132,0.8444288066823591,0.18846555586555688,10.691437002379994,0.019336230419403508,0.13856181726510322,-0.12584684948125663,10.691437002379994,-0.019336230419403508,,-0.08320744310088111,0.03130935319215013,-0.26972605160774676,-0.058424746385972476,0.28507307946424937,-0.07431196126764245,0.20642223250948175,-0.02441949501979183,0.07053309032838131,-0.04745944624373513,0.04852846848135582,-0.035332255248826175,0.04945861481980865,0.015506745912773384,-0.03747933298870741,-0.015594644531239234,0.04229961906530399,0.0011981753362279857,0.0,0.001652620021526689,0.04996276291158829,0.0,-0.08474140535262745,-0.04581804472798415
q109_2083,108,[MASK],Instrumentation,Low,percettiva,A,A,True,0.858050847457627,0.1419491525423729,2.73885482664789,0.4541312796984308,9.659833253127976,0.0761183277865545,0.1629331065573436,0.24328744106418557,9.659833253127976,0.0761183277865545,,-0.8252639972311027,0.1638716790158226,1.4508939666026168,0.16875493261576163,-0.07274347407246828,0.016082748749723933,-0.38995338874170227,-0.10542191931712261,-0.1780693204238776,0.09287819801612107,-0.12009663420193788,0.025868088055244792,0.1589169991886637,0.0843800527266137,-0.015432204786903395,-0.02244426697958625,0.32993515684231545,0.0,0.1599922238584481,0.04857012795144176,-0.04968320594249309,0.005883806193146976,-0.12262990797687179,0.00815143510120353
q10_1093606,9,[MASK],Sound Texture,Low,percettiva,B,A,False,0.680327868852459,0.31967213114754095,1.0729209633211676,0.14746346584907438,8.945228349092881,0.041803878914225615,-0.9819514856838343,0.0889349595920484,8.945228349092881,0.041803878914225615,,0.04548473881866662,0.032480168111600025,-0.1765914649125322,0.0036936350512135757,-0.014290937634537579,0.0820254095577478,-0.8365538219554312,-0.029264253128512996,0.13796898738321153,0.03528427355732491,0.04054544666048337,0.04328546932285421,-0.23492511994280518,-0.010710348083863406,-0.1961054408378631,-0.054044206772661904,-0.1948368927780397,0.04960473846924458,-0.15730288030428924,0.014638596830534117,-0.15295639497955593,0.006313735699018623,-0.22433919088497611,0.004562700569597265
q110_1336202,109,[MASK],Performance,Medium,analitica,A,A,True,0.8329411764705883,0.16705882352941176,0.8791717111569043,0.09673861927058097,10.856003363816198,0.06573719204685619,0.8791717111569043,-0.03693026247409581,10.856003363816198,0.06573719204685619,,0.06769732879770589,-0.011796795487723135,0.06841861062007559,-0.03773593172619393,0.7147376996669568,0.02990417839824258,0.028318072072166016,-0.01730171365842133,0.008259576252902821,-0.024973472602221394,0.25014226006315976,-0.007501934571767637,0.2404653590824185,0.014812558399256695,0.023003352706846114,-0.013533346935982803,0.07167856145249904,0.01720837977086217,0.07683863755518308,-0.023319526154888175,0.11398710429734889,-0.04181283220381359,0.09479685974654616,0.042189911824458914
q111_1336202,110,[MASK],Functional Context,Low,unknown,A,A,True,0.9114285714285715,0.08857142857142856,1.4706090842663002,0.30047831223709726,10.422044060477939,0.07727818055228979,1.3970302302344315,0.30047831223709726,10.422044060477939,0.07727818055228979,,-0.02060068684220807,0.02342968695177438,-0.016188740173726273,0.02528318163414453,1.4310550526061738,0.2111437904896334,0.0027646046441920855,0.04062165316154498,0.12296016598079856,0.08209066767540445,0.19222799908041208,0.03776483504841833,0.13537126256622053,-0.0172977271344215,0.10386541953581101,0.014366163406043244,0.02442418615993676,0.015996232371651105,0.2376364550671131,0.038761222911768645,0.2038725902275031,0.08340620645699322,0.37667215161663653,0.04539071150123981
q112_1336202,111,[MASK],Instrumentation,Medium,percettiva,B,A,False,0.9004524886877827,0.09954751131221719,4.043503494180954,0.29300150804950237,10.231484885423951,0.1427751107965745,1.669168446674313,0.2341171284287557,10.231484885423951,0.1427751107965745,,0.0,0.017528513136148637,-1.1871675237533204,-0.02944218981037332,1.9123010161384266,0.18042419695226455,0.9440349542892067,0.06560660815071583,0.5756742682977941,-0.01711669097143338,0.27954136050843065,0.012050166897959059,0.0,0.032588085538481824,0.2141891177703529,0.04093280420770995,0.01790798685185019,-0.0032210815226358432,0.33476556694194903,0.02812975751411409,0.24367304876132412,0.08033479117666831,0.003417097542611991,0.06041929558789167
q113_1327741,112,[MASK],Historical and Cultural Context,Low,knowledge,A,A,True,0.8108108108108107,0.18918918918918917,2.8213944492390715,0.33875666306247126,9.683460822095626,0.023885788264532946,-0.3744998600365068,-0.33875666306247126,9.683460822095626,-0.023885788264532946,,0.36185289291756223,-0.024832951940100607,0.34331299198815574,-0.08406561512231178,0.5182814096955641,-0.11133264816656417,-1.597947154637789,-0.11852544783349471,0.21441056725215393,-0.13570024753526783,0.20499261193976487,-0.019455533001935005,-0.0909215037060238,0.0005442919338875946,-0.09302796559824872,-0.02541407885076374,-0.11955385726700293,-0.089819536596182,0.0,-0.03617981182281666,0.0,-0.06830432307289884,-0.4903997126571503,0.03557257588350521
q114_1327741,113,[MASK],Melody,High,analitica,C,A,False,0.6950354609929078,0.30496453900709214,1.1775553478987608,0.5535608090896337,8.711942527700053,0.15026980835178588,0.014108363751038078,0.5071306724186523,8.711942527700053,0.15026980835178588,,0.40569125054462496,0.17817603990894126,-0.2060702694182323,-0.023215068335490713,0.19014060528027454,0.17519019612375464,-0.3756532226556291,0.17697950472144708,-0.08052390529210537,-0.0068203129528728555,0.14006048033352395,0.1257853593099601,0.0,0.059800257308601695,0.12406561773069423,0.06709529206995052,-0.005255056455377244,0.031189997081037483,0.1260934590428407,0.055800553728502386,0.08642949456584524,0.09570442794491506,-0.3767617261743834,0.07857509792855782
q115_1327741,114,[MASK],Musical Texture,Medium,percettiva,D,A,False,0.7142857142857143,0.28571428571428575,2.115786167366039,0.5822961509346699,8.967141541141338,0.16733915055563328,-0.5563002890585261,-0.4233654913234761,8.967141541141338,-0.16733915055563328,,-0.31790682625220057,-0.06661864179809335,0.6194663947101321,-0.04337392577740613,0.16027654444362438,0.0794653298055969,-1.018136401960082,-0.39283825355357355,-0.09039024947880789,-0.3514451939485705,0.19794195080947863,-0.13902204505382312,-0.08202154625583867,0.0,-0.0473284574731038,-0.035560687613257036,0.0,0.059397296365695976,-0.07227803366432466,0.021910308833109005,-0.03615177029934445,0.020580706162005,-0.42607218269658514,0.000774123931364553
q116_1162034,115,[MASK],Harmony,High,analitica,A,A,True,0.8383838383838383,0.1616161616161616,1.301295742407933,0.20340892719168296,10.318468688548414,0.12086714085377337,0.9228883496016507,0.10172260746664881,10.318468688548414,0.12086714085377337,,0.4518485228439181,0.0659249039807934,0.1444232052221976,-0.006171765194245792,0.5158203179386762,0.08664086334837248,-0.18920369640314122,-0.04467139466827129,0.24088987454627003,-0.011673373832968889,0.21044334492572908,0.009505149486790768,0.15538829071368046,0.037452169858876075,0.0,0.0,0.14217881343397187,0.04163330067553264,0.02455167427635084,0.020576224181102172,0.05201907447591585,0.011052205279945037,0.09741727722973259,-0.006823068182629004
q117_1162034,116,[MASK],Melody,High,analitica,D,A,False,0.5570175438596491,0.44298245614035087,0.6327242247130123,0.1991706967606032,10.072867773281784,0.03754348315756984,0.40723262045441916,-0.14008501709624957,10.072867773281784,0.03754348315756984,,0.27651599170347824,0.02954283983217682,0.01297629610929882,-0.080541161081844,0.23048613477093866,-0.08288669573015768,-0.11274580212929658,-0.006200000116424713,0.13378050215651932,0.005939438487823012,0.10285736158457126,-0.011760749430736748,0.08772416321976075,-0.044357145107673926,0.0,-0.0005178900038037256,0.09121723044912992,-0.013903008539542829,-0.014362512065525003,-0.028943667056755558,-0.0179978217430571,-0.04576891740493033,0.024013696853019996,-0.0007730780406294754
q118_1162034,117,[MASK],Instrumentation,Low,percettiva,B,A,False,0.7275,0.2725,0.8992119351018073,0.1894158304370745,10.321473218441552,0.023832123779553287,0.6996444968856359,-0.133674150174233,10.321473218441552,-0.023832123779553287,,0.32228132527468556,0.0265243366668435,0.17572556658606325,0.0013465034645772402,0.3014213241329728,-0.1418532314049688,-0.09978371910808564,-0.019691758900684943,0.1076837896091346,-0.0819225897957285,0.0844710659188474,0.013536372565150182,0.15393372756188825,-0.0010338491022582608,0.0,0.0,0.12764960003556464,-0.0075559560014189266,0.03694736158401959,-0.007415855693303032,0.09788581135472119,-0.032734038007272634,0.09107314082146034,-0.01654823413940185
q119_1227239,118,[MASK],Mood and Expression,Low,knowledge,A,A,True,0.6636904761904762,0.3363095238095238,1.1724710547891357,0.35663435856053954,9.264949976541303,0.043213979104429,-0.447162467415277,0.13127610726307826,9.264949976541303,-0.043213979104429,,0.36265429368692936,0.24222242891399207,-0.0415663563498847,0.001732803997816841,-0.17338751077130934,-0.040130936843933776,-0.5948628939810123,-0.07254818880479684,0.23862693448995567,0.07322915576085108,-0.12429953371377485,-0.032153772745679196,-0.039942344794300484,-0.018494358563462772,0.04165820698076365,0.07660786055980037,-0.05378813314041886,0.09362051951392195,-0.1658425832472293,-0.03341098600249211,-0.1330633660405279,0.0405271365157739,-0.2105116479497449,-0.06864944777563495
q11_1093606,10,[MASK],Harmony,High,analitica,C,A,False,0.5441988950276243,0.45580110497237564,0.5126080098210694,0.37427883825638386,9.0889381059798,0.1493798092484575,-0.1520439264176565,-0.3371047227349712,9.0889381059798,-0.1493798092484575,,-0.05984549634397526,0.01858705776070634,0.027713286085480966,-0.002150082133291823,0.15256875561622546,-0.08039438824513505,-0.27248047177538764,-0.2731473101172507,0.0656091363993544,-0.016342081016181575,0.04799388322689174,-0.049273280355245794,0.0058721340104825985,-0.0344462183125412,0.027283780290904752,-0.05797000058115313,-0.03814746453836533,0.025436891067953642,-0.05052938535294958,-0.024499136443019393,-0.09932244389923928,-0.056336835131179194,-0.11080356655473578,-0.12367406196360459
q120_1227239,119,[MASK],Harmony,Medium,analitica,C,A,False,0.6593406593406593,0.34065934065934067,0.3879533400192233,0.051162748679800106,9.972152790666085,0.048971371820880044,-0.2376585962691738,-0.02929541028428268,9.972152790666085,-0.048971371820880044,,0.07438596988297698,0.0018195481566075193,-0.008515446578983312,-0.015815728396459214,0.0007614019920477878,0.009114121041151195,-0.30429052156521524,-0.02441335108558218,0.059923747385098744,-0.022262568262727496,-0.006427874373820957,-0.01742454724673207,-0.11859359465565633,-0.03633497311770929,-0.06497695761332915,0.015959251928263224,-0.028311722705723665,0.0022722528240335686,-0.05521063939328433,-0.0020924151314516077,-0.05508494286724863,-0.007392575509040706,0.031023387954790555,0.037980164231081706
q121_1227239,120,[MASK],Instrumentation,Low,percettiva,A,A,True,0.8960880195599021,0.1039119804400978,2.8071807902788115,1.0491457327156306,10.144838285940233,0.10314769627981052,1.8570267493967685,0.9259016619578547,10.144838285940233,0.10314769627981052,,-0.3657315602397292,0.09126268715615002,-0.10934546020129234,-0.06162203537888788,0.899386881898864,0.4874499171570796,1.432716887938926,0.40881109302351304,0.013476268616737286,0.06953514778880843,0.04454295974445294,-0.01151153600650235,0.19482737031835295,0.0,0.39506920262964834,0.0754421631462531,0.2557614017036786,0.18846521240249497,0.3797233182766167,0.17438779405325744,0.43274514720242774,0.2495556210053164,0.14088108090485385,0.18002725956822674
q122_114772,121,[MASK],Structure,Medium,analitica,A,A,True,0.8339920948616601,0.16600790513833993,0.8681918028686505,0.3202658520825903,9.470145646714068,0.06242831509860593,0.7704040622731166,-0.3202658520825903,9.470145646714068,0.06242831509860593,,0.11589138157453038,-0.15265088309500988,0.31543629875944135,-0.0913215815956632,0.3879702522369119,-0.07629338739191718,-0.0488938702977669,0.0,0.11441659422547518,-0.047864325502129296,0.09292243253528414,-0.14094151199670357,0.2599908759840015,-0.046901619806846644,0.25536137896176236,0.013441493945460806,0.07024921128566095,0.04198519407075487,-0.03606758654345514,-0.05237233239087229,0.0,-0.033692581459943506,0.013531155824387686,-0.053920168942310616
q123_114772,122,[MASK],Harmony,Medium,analitica,B,A,False,0.875886524822695,0.12411347517730496,0.6373489591811214,0.2793316281254182,9.709553168843787,0.026398411396877756,0.41276221373460875,0.2047341379317567,9.709553168843787,0.026398411396877756,,-0.11229337272325632,-0.03729874509683072,0.06888309727562393,0.10045981063206966,0.42698807376505776,0.1303909117152982,0.029184415417183373,0.011182160681219576,0.22091827046058024,0.029246428947267488,0.06658326127188255,0.04733015060321926,0.1293084441425006,0.04165846291856817,-0.05115571422252071,0.009201892849249473,0.036819247013649394,0.0781012091669478,0.10334561939675813,0.016001511960854198,-0.03245114653009567,-0.020141453605048817,-0.060605767798145825,0.0033359350906991356
q124_114772,123,[MASK],Musical Texture,Low,percettiva,B,A,False,0.6423357664233577,0.35766423357664234,0.551320600205748,0.41428582553495774,9.820419104577592,0.022057577450410235,0.1505298032660573,0.014153697078565286,9.820419104577592,-0.022057577450410235,,-0.1175786709145252,-0.02241700051840528,-0.050858042989282336,-0.17764906370979094,0.3509252017359027,0.2142197613067615,-0.03195868456603783,0.0,0.14914674909955272,-0.05751271307413554,0.041209179039524965,0.017595401653930608,0.0,-0.011834480196890942,0.025047696857981222,0.048119112547653727,0.11808434797401296,0.04860462705732778,-0.10170653724388026,-0.03166775806827214,-0.004232407377764785,0.004978876761680247,-0.07701922508336947,-0.0041293696027284305
q125_187621,124,[MASK],Functional Context,Low,unknown,A,A,True,0.810064935064935,0.18993506493506493,2.636923664101286,0.6057026753210606,9.976486570455148,0.36887080947390505,0.4984748489738607,0.26739756569720674,9.976486570455148,0.36887080947390505,,1.5676992565375731,0.41803063107968164,-0.07630068895952839,0.0185194894294521,-0.8481638610034209,-0.08859620027650338,-0.1447598576007632,-0.08055635453542356,-0.24760397362341557,0.006601095113659694,0.40110636673351185,0.0699671476300716,0.5054476691496071,0.1303815600384808,0.16569003560093098,0.03080653284841771,0.02566276165270033,0.05079654279034,-0.29486677265245026,-0.056937752947500316,0.0,0.006246405700834193,-0.05696123788702365,0.029536034522903157
q126_187621,125,[MASK],Mood and Expression,Low,knowledge,A,A,True,0.8006329113924051,0.19936708860759494,4.262345978415445,0.5696873449011272,11.179011773256098,0.007631434009653618,1.7239548382208467,0.44758473597836645,11.179011773256098,-0.007631434009653618,,1.2545381334436851,0.05241192596637759,-0.13412945257036607,-0.06105130446138036,1.7386122748744608,0.3658254679651394,-1.135066117526933,0.09039864650822985,0.8750375985516756,-0.01940981743170644,-0.27962007287642404,0.026031563328842416,0.0410750941988649,0.02735004428377586,0.3894298348208675,0.05084446733891204,0.0,0.05051234832116719,0.4535825955673812,0.06232144401760588,0.47340134769406217,0.17220829807269303,-0.22895155973558023,0.0777263880470765
q127_187621,126,[MASK],Instrumentation,Low,percettiva,A,A,True,0.925925925925926,0.07407407407407407,3.3658285284002707,0.5106910191450714,10.838121872210504,0.2708485209137782,1.4258094685360119,0.35148421134625674,10.838121872210504,0.2708485209137782,,2.2114991366877224,0.2564367568705465,0.18431986178041876,0.003804938030251972,-0.39535938798783615,0.1708459203448656,-0.5746501419442933,-0.07960340389940733,0.37053669401746936,-0.02724924553859084,0.23598270663239737,0.05531241607618523,0.34063236112888223,0.08821661254635885,0.396536327184742,0.15360721319498977,0.23088522158838146,0.05313916964667591,0.3809946200160068,0.09710730377768595,-0.2424077887486477,-0.06318591428902051,-0.28735067328321984,-0.005463344068027572
q128_332470,127,[MASK],Metre and Rhythm,Medium,percettiva,D,A,False,0.9353932584269663,0.06460674157303371,0.7239486723923865,0.10171642375400367,10.628350261258566,0.05892887774622567,-0.006253435956494802,-0.04930966576823656,10.628350261258566,0.05892887774622567,,0.35884761821794586,0.022911200853296104,0.0,0.003292178139587443,-0.2725956940492632,-0.06295464576543294,-0.09250536012517746,-0.012558398995687163,0.03840669625332092,-0.010288855512594966,-0.05873846931981482,-0.02611914333646975,-0.0627096982244637,-0.01777252396506444,-0.02341510045114032,0.006553761881873822,0.04323758678354884,0.017826065722187708,0.038998341271256405,-0.004827277863772919,-0.00977504703316541,-0.007713328569813994,0.02774225476396327,-0.006968364124582014
q129_332470,128,[MASK],Historical and Cultural Context,Low,knowledge,A,A,True,0.9610169491525424,0.03898305084745763,2.6190274916659293,0.11620324395843534,11.085763957648771,0.19428849202709111,2.441326915704731,0.019410006189785806,11.085763957648771,0.19428849202709111,,1.1240069742725036,0.04622400153911045,-0.08885028798059921,-0.004158676643175308,1.4061702294128264,-0.044237942241149464,0.0,0.021582623535000123,0.1491293813057316,-0.12250045655227548,0.1711031498079365,0.015691468989265243,0.6076761262081769,0.008254606589858432,0.43371928654321973,0.0342524191875457,0.35352139616175027,0.047157711130316415,-0.006077542615707421,0.0,0.232464765702997,0.005912212497587686,0.4997903525906261,0.030642044347487817
q12_1093606,11,[MASK],Instrumentation,Low,percettiva,A,A,True,0.7418300653594772,0.2581699346405229,1.1957719409900691,0.5506861389914148,10.105921867967389,0.2541291728083705,0.8084762333383457,0.4797797487402126,10.105921867967389,0.2541291728083705,,0.9406033951956065,0.32252029807591676,-0.19130801087330673,-0.03545319512560111,0.06152069196860091,0.0786984435388111,-0.0023398429525549325,0.11401420225108587,-0.2389410324096007,-0.08974784631770141,0.3248449606876113,0.05239967751444225,0.3436834120742282,0.060613465618365614,-0.030030857085172544,0.031123241847756184,0.2221406537649594,0.15188263080157083,-0.02918656794140282,0.0756388326727731,0.09841501291127983,0.04418920623386353,0.11755065133644306,0.1536805403691425
q130_332470,129,[MASK],Melody,Medium,analitica,D,A,False,0.5285714285714286,0.4714285714285714,1.1271778522106213,0.12970961424159094,9.459855393116325,0.08886635006939625,-0.17926625825041723,0.06629254241221563,9.459855393116325,0.08886635006939625,,0.4393310275936302,0.09800107832690329,0.0,-0.008839618409832791,-0.6532220552305192,-0.014004505470894584,0.03462476938647183,-0.008864412033960288,0.1157060059908393,-0.008786203203968088,-0.031263808329251734,0.00410137749845647,-0.04124797995190718,0.026864686106151947,-0.07779178616226758,-0.003818660675299391,-0.05594050278415838,0.030927175623101728,-0.03138565119662856,0.030986522089220505,-0.06744644894570256,0.00846537504815329,0.010103913128659568,-0.022447730073600833
q131_182074,130,[MASK],Sound Texture,Low,percettiva,B,A,False,0.8400900900900902,0.15990990990990991,0.7343665601471024,0.25165097964278255,10.508920826749995,0.08645983995961325,0.5311993171283069,0.1502559371594868,10.508920826749995,-0.08645983995961325,,-0.10158362150939779,-0.05069752124164787,0.17589924579373348,0.05745492204174803,0.45584695625727634,0.13864057836880228,0.0010367365866948836,0.00485795799058435,0.2177233611970663,0.03424717288616422,0.08638098966374368,0.028143727857613907,0.28505091665463506,0.024148392901655713,0.08891896956086401,0.02190351179595261,0.09044111722130603,0.028656669322517935,0.10877149245667306,0.06895310762036586,-0.09096143869285446,-0.0268862026698215,-0.2551260909331268,-0.028910442554961956
q132_182074,131,[MASK],Instrumentation,Medium,percettiva,C,A,False,0.5162601626016261,0.48373983739837406,1.0799995934132554,0.20936088448657064,9.590459459656236,0.09583700835562985,0.18471135040548847,0.1363782456723488,9.590459459656236,0.09583700835562985,,-0.0941556441162742,0.020781034309560315,0.6323554719093719,0.12281964946886102,-0.34367687027250293,0.02926888130103838,-0.009811607115106313,-0.03649131940711091,0.010909278542134526,-0.05661081304784305,0.05532245997891162,0.04318947577897199,0.07737663938793982,0.02500242734125911,-0.052034853913200146,0.03018453990556707,-0.03088394091792071,0.04177451010343593,0.07222169226115208,0.003961284814629979,0.08932605399867666,0.030288682587908382,-0.03752597893220527,0.018588138188419392
q133_182074,132,[MASK],Sound Texture,Low,percettiva,A,A,True,0.7238095238095238,0.2761904761904762,0.5361512675007509,0.5857585457938707,10.369461785653428,0.17781909354935801,-0.09550086390231163,0.39542873861027483,10.369461785653428,0.17781909354935801,,-0.2766417746836992,0.29427912890028374,-0.039184291017832024,-0.07575744674235779,0.08908450450627448,0.19631451330178895,0.13124069729294516,-0.01940745684944009,-0.1345123718305049,0.10480102615703658,-0.18752845589178513,0.027423438027420345,0.08942168122039693,0.0,0.0006594832526723923,0.02296946832026627,0.10359511448207866,0.06229018710438147,-0.10128616644642499,0.043051320553963796,0.09754206525953425,0.02814533899463513,0.0366077860517212,0.10674795945257123
q134_172015,133,[MASK],Metre and Rhythm,High,percettiva,A,A,True,0.5990990990990991,0.4009009009009009,0.5798121828625435,0.31066997918460837,9.727020031013653,0.06744499724473235,-0.5435708064792646,-0.18273338869464317,9.727020031013653,-0.06744499724473235,,-0.06564300614890108,0.0455757429331699,0.014755830354273667,-0.0034492329569115847,0.0033648578373658006,0.018392552311812724,-0.496048488522003,-0.2432524509827142,0.12405434485713673,0.025990881734677163,-0.023578776448509225,-0.024355342066926973,-0.06971659084656412,-0.033238270080716815,-0.049907200306539126,0.010453892754788096,-0.03905278044303844,-0.023833889697371394,-0.08171038275879705,-0.05003710436338166,-0.21510195463817416,0.020826267985146862,-0.18855746589477923,-0.10853982496085841
q135_172015,134,[MASK],Metre and Rhythm,Low,percettiva,C,A,False,0.7814569536423841,0.2185430463576159,1.979514896925169,0.655121887944222,9.45594409802871,0.2800074831146494,1.1311186919268945,0.566138755572053,9.45594409802871,0.2800074831146494,,-0.25120944782224924,-0.02004886167183556,0.0,-0.019486649845869414,-0.17298865467688804,-0.004956054668379558,1.5553167944260318,0.6106303217581375,0.0,-0.012687124282615272,0.3416162369346113,0.08775758117669946,0.19033825714658098,-0.008405373758096538,0.08479654208196477,0.035258365583811076,0.5356303729823619,0.1652217885775076,0.19842877644440104,0.06677498651179906,0.06768253257423448,0.10699943063502959,-0.28737402623725994,0.12521910112791804
q136_172015,135,[MASK],Instrumentation,Low,percettiva,A,A,True,0.6393442622950819,0.360655737704918,1.287744436140033,0.3885190558442514,9.049585369982578,0.31190653512844485,-1.287744436140033,0.3885190558442514,9.049585369982578,0.31190653512844485,,-0.17993248921754296,0.19517354085680297,-0.0071675309053039135,0.03556025424590782,-0.005177576245129024,0.04329774572476881,-1.095466839772057,0.11448751501677182,-0.15056431478799998,0.051474804053628725,-0.1478209725711205,0.013877781640682218,-0.050055520470823324,0.058783595551892484,-0.048156440423845856,0.08477619302160563,-0.20777713668378467,0.045223317240001996,0.05617307171742782,0.03008373271889038,-0.246221916521202,0.04424474004178895,-0.4933212063986844,0.060054891575761056
q137_250001,136,[MASK],Functional Context,Low,unknown,A,A,True,0.923728813559322,0.07627118644067797,1.795399913511793,0.32108763717167554,10.618954801871967,0.13408386842554376,1.795399913511793,0.1835536531335965,10.618954801871967,-0.13408386842554376,,0.5806138888829449,-0.03276985981969366,0.33191190287982264,-0.035997132199345874,0.8828741217490255,0.22320916595205043,0.0,0.02911147920058559,-0.4620821604019419,-0.23419989212771358,-0.204483984403511,-0.06259076720894638,0.6443151440082493,0.04205750853048558,0.41486911038222557,0.05431534627934605,0.35081225032170904,0.07188951512617123,0.20157899873150822,0.08057406046331447,0.40207598217721174,0.1283142215038304,0.4483145726963419,0.10319366056710866
q138_250001,137,[MASK],Instrumentation,Medium,percettiva,A,A,True,0.8558091286307054,0.14419087136929462,4.5929013406449934,0.7273752517853365,10.378144217406659,0.18189149536504523,3.1013652373386424,0.6719243678074238,10.378144217406659,0.18189149536504523,,1.432117202096618,0.29273317760473905,-0.7457680516531754,0.00013914833254443162,2.4150160868952,0.40677748385909673,0.0,-0.027725441988956347,-0.12924043974070057,-0.014238520124907637,0.29355121725182765,0.0,0.0,-0.0183785667015265,0.05407033036780293,0.016543349963091147,0.4348034976978421,0.1269216784468302,0.6388186126160477,0.13270415406947625,0.32252068979294557,0.09168995006274483,1.4868413293528777,0.3366823220917156
q139_250001,138,[MASK],Performance,Medium,analitica,D,A,False,0.34444444444444444,0.6555555555555556,0.6739695259985555,0.3473443695098031,9.616209248121057,0.0050775602176525575,-0.5118409684269497,-0.27493304871075086,9.616209248121057,-0.0050775602176525575,,0.0810642787858029,-0.29270254875308777,-0.539999921768386,0.03620566039952612,-0.05290532544436663,-0.004144082075425881,0.0,-0.0142920782817633,-0.19638962941093985,-0.31613122979471453,-0.0021020199415636154,-0.0142920782817633,0.0,-0.01442820111181459,-0.13367726228205445,0.0,-0.04182384927861971,-0.0012629311722895161,-0.0684340834917506,0.024552229651270817,-0.07284188194738903,-0.0021518494689192168,0.0034277579253675916,0.048781011467479526
q13_1045016,12,[MASK],Metre and Rhythm,Medium,percettiva,A,A,True,0.7109375,0.2890625,1.2756369557882237,0.47661647085394604,10.80633351524055,0.06914487624593951,0.5159495324312872,-0.143502567248475,10.80633351524055,0.06914487624593951,,0.5131705751640949,0.06618384760890259,-0.0926088091085556,-0.022808586349520522,-0.2872349025699127,0.10037310419383294,0.38262266894566055,-0.28725093270169,-0.13529842610895462,0.009877193952703478,0.10169076127653115,0.03271712596623921,0.25974699753848507,0.03627427023810729,0.017177434652743587,-0.09351019822041338,0.1569349732700573,-0.041244222919960154,0.0770143386897791,-0.07806707118939263,-0.06260138439950037,0.08190443754445986,0.101284837512146,-0.09145410262021866
q140_1138688,139,[MASK],Instrumentation,Medium,percettiva,A,A,True,0.9182464454976303,0.08175355450236968,0.7032346975629142,0.3723917415248254,10.317447175234289,0.04260386535807219,0.7032346975629142,0.006494898810148336,10.317447175234289,0.04260386535807219,,0.05338294542101102,0.009315921339486825,0.02073688506796713,-0.005668788058553798,0.1036465988180485,-0.17727963329878474,0.5254682682558875,0.18012739882800005,0.6369080719676294,-0.11987747658202542,-0.059377185494523435,-0.017587666088520314,0.004573372868941064,0.02855558046522408,0.19381217522947133,0.06921215911784846,-0.2638152556844537,-0.056449420443562805,0.3626139552457667,0.03174276526558804,-0.1858924928208699,-0.005832406042916995,0.014412056250952668,0.07673136311851328
q141_1138688,140,[MASK],Historical and Cultural Context,Low,knowledge,C,A,False,0.7303571428571428,0.2696428571428571,1.5765576304061915,0.7626204188577231,9.277615530250108,0.20869626639913177,0.8302108221325762,0.5089037450775299,9.277615530250108,0.20869626639913177,,-0.17458339604841216,-0.08370727215434055,-0.07576911579782303,-0.043151064735756084,-0.12282089229057247,0.2321322697701137,1.203384226269384,0.4036298121975128,-0.20510664085655708,-0.16161791928556413,0.010886287522371557,0.037899001436201986,-0.012847382183471721,0.06488437510358012,1.1088050108705612,0.2832368590881135,0.0,0.06471581653713335,0.3357898913247497,0.1256797075381742,-0.061468760802643616,0.03982263027299056,-0.3458475837424338,0.05428327438690026
q142_1138688,141,[MASK],Mood and Expression,Low,knowledge,A,A,True,0.877906976744186,0.12209302325581396,2.5031092623129303,0.24890254706488715,11.091641183120828,0.018601655775700828,2.4599931555673584,-0.24890254706488715,11.091641183120828,-0.018601655775700828,,0.0,-0.017096075865132232,-0.021558053372786105,-0.05225449114504398,2.179259473738872,-0.1747938166728088,0.30229173520127217,-0.004758163381902131,0.6242136026636087,-0.24275566545004224,0.18268988962677857,-0.04283012988755116,0.3497675408804235,-0.03205497183694189,0.2341611200291453,0.04322578755808407,0.2218004588397,-0.013144884684530744,0.2752628488067438,0.0,0.22215698202397985,-0.050718789541899824,0.34994071269697874,0.08937610677799465
q143_14458,142,[MASK],Harmony,High,analitica,B,A,False,0.45967741935483875,0.5403225806451613,0.2553549103770305,0.18289288764718548,9.456603913499707,0.032702062161928974,0.08925193970199502,-0.15707594994437923,9.456603913499707,-0.032702062161928974,,-0.02026760077925624,-0.006447093425643398,0.0014726996774512488,-0.03315079286721759,-0.0627838845582615,-0.13038653250292137,0.1708307253620615,0.012908468851403128,0.0776154246669309,-0.04168159185454161,-0.020844001432833586,-0.0367464794196833,0.08047551488447577,-0.012649633998879492,-0.10837309818389762,0.026454249137149517,0.30428776947096603,0.04766585609925654,-0.09107031900267752,-0.025778173912650266,-0.1905059117681906,-0.0961474372383142,0.037666561067221646,-0.018192738756716433
q144_14458,143,[MASK],Melody,High,analitica,B,A,False,0.4570552147239264,0.5429447852760737,0.40148401552777996,0.35106761374461554,9.4628364697027,0.08588527330244833,0.2183657789027283,0.316008734819506,9.4628364697027,0.08588527330244833,,0.03148461852394555,0.02636781796409148,0.02566270905407235,-0.017529439462554766,0.25277756963723624,0.22400302587025966,-0.09155911831252583,0.08316733044770963,0.050291697692006504,-0.12911548827866098,0.00727202671991737,0.06920019637624766,0.18432397026105993,0.08851337644646054,0.2315778190363601,0.03621508642263441,-0.024956171799785647,0.05906285124035539,0.0783025701365758,0.022549488864043794,-0.2244434412938356,0.08874705645170711,-0.08400269184957021,0.08083616729671811
q145_14458,144,[MASK],Instrumentation,Low,percettiva,A,A,True,0.7673076923076924,0.2326923076923077,3.217110405801657,0.5215144670642085,9.943960868155097,0.02077944950650286,0.9470926420964031,-0.052551321680083585,9.943960868155097,-0.02077944950650286,,2.08210152394903,-0.053450272239662,-0.15149885143041447,0.0,-0.9564143017674767,0.2344815726920624,-0.027095728654735862,-0.23358262213248399,0.12151691052526553,-0.06648521708934499,-0.005302728185498651,0.013006442830449938,0.0,-0.014278057301412739,0.00800331516508146,-0.03772398746217924,-0.17807313910828826,0.0,-0.00017416440670275923,-0.0811438727195208,0.466726563267157,0.06491913707190639,0.5343958848393888,0.06915423299001786
q146_179608,145,[MASK],Musical Texture,Low,percettiva,A,A,True,0.6134751773049645,0.38652482269503546,0.6489774500467063,0.3779755480626812,9.083789192529535,0.090472873720965,-0.30668850581571844,0.3735299910789771,9.083789192529535,0.090472873720965,,0.014393354860400762,0.03337774267618443,-0.2084643755501142,-0.0022227784918520364,0.15675111725509316,0.24673226167373158,-0.26936860238109817,0.09564276522091317,0.0848774456040854,0.061633481885191396,-0.03980561265775463,0.03363584524477153,-0.1189130087417811,0.01714839725085831,0.030758391034001905,0.08171804225932343,-0.13057125118773413,0.0020162038804422203,-0.05725026568253059,0.025869894214699065,-0.1104055998084901,0.04804452837090585,0.034621395624484796,0.10346359797278534
q147_179608,146,[MASK],Performance,Low,analitica,A,A,True,0.41040462427745666,0.5895953757225434,0.5889066268901667,0.4221067284522954,9.564637828228792,0.046493859731442454,-0.12210223337199655,0.35152470610739744,9.564637828228792,0.046493859731442454,,0.024666412220956488,0.0963932720425546,0.05085150283242897,0.06444419941242163,0.15788428170569963,0.22597824582487022,-0.35550443013108163,-0.035291011172449,0.13016723633414126,0.07470196208102428,-0.06448483326595918,0.010899711147389126,-0.02936873956632172,0.07435775753694952,0.030576641404306642,0.022798453507501787,-0.10883817172959734,0.010580580274522692,-0.034426863934395,0.0,-0.3091282924142401,0.04160057549394554,0.26340078980006887,0.11658566606606457
q148_179608,147,[MASK],Instrumentation,Low,percettiva,A,A,True,0.6318840579710145,0.36811594202898557,1.0085242480437238,0.6493894366715122,10.272279404948623,0.21259152830408776,0.40436416666807334,0.2259347575292356,10.272279404948623,0.21259152830408776,,0.2114201986759821,0.1577646545090404,0.4867234510373741,0.06353341948718584,0.008300557642542339,0.21636402310414765,-0.3020800406878252,-0.2117273395711383,0.1629949192621778,0.08029919460298718,0.15119070792365152,0.03128212532208122,0.10722375526680189,0.0,0.11104611785846792,0.021852756725920026,0.104630588390312,-0.016708063088894564,0.2039757503614256,0.0616509480364176,-0.5333332926809696,0.01736102098780503,0.09663562028620627,0.030196774942919138
q149_150794,148,[MASK],Structure,Medium,analitica,B,A,False,0.5439999999999999,0.45599999999999996,0.434420834668872,0.14260901933504094,9.679989564162879,0.022454685238468792,0.36019346577078376,0.10139917073944675,9.679989564162879,0.022454685238468792,,0.06466256514780817,0.023509337016595543,0.07718811527334392,0.04063846173962417,0.25545646979867576,0.05785629628102415,-0.037113684449044115,-0.0206049242977971,0.13205373735689394,-0.05744655567243122,0.06319486191378915,-0.00519501093881927,0.04442020566821016,0.010508386344243174,0.00917993000861875,-0.007773004630411377,0.020538494053043914,0.03136109793210439,0.020941899750075255,0.024445404362680938,0.02386543942372774,0.053223894354872285,0.04599889759642489,0.05227495898720784
q14_1045016,13,[MASK],Instrumentation,Low,percettiva,C,A,False,0.373134328358209,0.6268656716417911,2.6890220334280985,0.24773801273658377,9.510361690754607,0.14886978598983633,1.8884109364026918,0.10357063195250382,9.510361690754607,-0.14886978598983633,,0.5110046506173195,0.034600403970732815,-0.4003055485127033,-0.05800118131091461,1.1673364000171649,-0.014082509081125363,0.6103754342809106,0.14105391837381098,0.4954820775155097,0.004241972889607981,0.5147610544871855,-0.01504410467670665,0.600999084456036,0.07089309359759742,0.028375037417538135,0.02269840550135573,-0.13891403532348426,0.0,0.0,0.011868170141153395,0.2622888224596034,0.023445887105405617,0.1254188953903034,-0.014532792605909658
q150_150794,149,[MASK],Instrumentation,Low,percettiva,A,A,True,0.9154929577464788,0.08450704225352113,2.122757030554286,0.10439313564794968,10.924405650186255,0.05974485115922707,0.9825393075649577,0.01864960335542984,10.924405650186255,0.05974485115922707,,0.06465084953065611,-0.010216350571613292,-0.49552518844154486,0.012590899437423933,1.4879973195289657,0.048930470064265826,-0.07458367305311941,-0.03265541557464663,-0.21478213026001577,0.01997401780099733,0.39753477152093947,-0.03263249118183825,0.20657595405152301,0.03723929584159851,-0.08868285122805984,-0.0011078774630623664,0.38865864501946007,0.03798635564921056,0.1154631979787723,-0.0064514476840941085,0.18970047466619128,-0.02353151251695458,-0.0119287541838528,-0.012826737090427252
q151_150794,150,[MASK],Instrumentation,Low,percettiva,A,A,True,0.8073248407643312,0.19267515923566877,1.3252796400285702,0.3035915431421511,10.638157807525591,0.06284557852241794,0.691952148688363,-0.2040784345120861,10.638157807525591,0.06284557852241794,,0.07207495300441819,-0.07318851926264122,-0.31666374567010364,0.04975655431503247,0.9365409413540484,-0.17828606040761208,0.0,-0.002360409156865287,-0.5751118681988429,-0.16167012616092422,0.2579039979371356,-0.02251286402144369,0.2766795813392519,-0.062475191607015194,0.2616350832708443,-0.014229809563250564,0.16616845610116723,0.048415550610650074,0.13576661457431388,0.0014952590086856569,0.188217109634806,-0.010138633652228666,-0.019306825970313052,0.017037380873440488
q152_1051378,151,[MASK],Functional Context,Low,unknown,A,A,True,0.7909090909090909,0.2090909090909091,2.4058899306169317,0.5116561087051349,10.17261195268415,0.3621564460263896,0.5348600118341116,0.40305577445026824,10.17261195268415,0.3621564460263896,,1.1983183103062376,0.3958710813789754,0.08114741663587655,-0.05430016712743332,0.19090924428340744,0.03948274144383048,-0.93551495939141,0.022002118754895664,0.09055520449860283,0.033473998686907126,0.006799408263512247,0.06304613571483422,0.10428498518626941,0.0654922051304045,0.10791860008818926,0.0173453437749673,0.04729157633100117,0.055055490049676886,0.08568396102589064,0.03290323125829483,0.036063939269667514,0.1240990767052201,0.05626233717097842,0.011640293129963338
q153_1051378,152,[MASK],Instrumentation,Low,percettiva,A,A,True,0.8222222222222222,0.17777777777777784,1.518364383738454,0.29532304393533315,10.819549830003004,0.33713684861908855,0.4514092347180868,0.29532304393533315,10.819549830003004,0.33713684861908855,,0.149269027297799,0.1418409865807539,0.37361405323447916,0.005662710834039174,0.4620037286959922,0.033692891666763605,-0.5334775745101835,0.11412645485377645,0.11950380102206422,0.0656747367740948,0.1969937035233183,-0.00913472793351639,0.0006216171494147354,0.03260584870906311,-0.08017164061681771,0.07489827596322327,-0.06710077380965612,0.05496711901836135,0.11993209188424321,0.020641535176624214,0.09004163565669601,0.025288686256315262,0.07158879990882419,0.03038156997116754
q154_1051378,153,[MASK],Harmony,Medium,analitica,C,A,False,0.8293768545994065,0.17062314540059348,0.9038072508185289,0.13701413130825926,10.275435902130182,0.20943503091181315,0.9038072508185289,0.13701413130825926,10.275435902130182,0.20943503091181315,,0.15642504363994497,0.04867049065676668,0.5719859505323505,0.009452223766483477,0.04901760105292318,0.021949053953810548,0.12637865559331035,0.05694236293119856,0.2876346566574016,0.00935635506862328,0.14921302766943842,0.02400763644558907,0.03454150730942314,-0.008657582745466942,0.2907090592868989,0.04917693281160982,-0.0024713489321433676,0.02674191002247207,0.0,0.020420954877562514,0.12010295303437774,-0.020409775002655728,0.024077395793132575,0.03637769983052517
q155_1199044,154,[MASK],Mood and Expression,Low,knowledge,A,A,True,0.8348082595870207,0.16519174041297938,1.56021402422944,0.5170040380239915,10.212710744636164,0.06854021440627647,1.56021402422944,-0.055495374385374496,10.212710744636164,0.06854021440627647,,0.4268701494289351,-0.03989395438022741,0.1230047105801341,-0.24635575182445563,0.691412240586924,0.010710430097711887,0.318926923633447,0.22004390172159666,0.49869364157642826,-0.1470847651343075,0.3131340193348011,-0.07827054021321306,0.06430232718525192,-0.07807849909564848,0.10272957125787335,0.07235771775164095,0.0,-0.022100540364562538,0.025614421932461023,0.04028907136770628,0.39821674273671903,0.12572391482417877,0.15752330020590538,0.03166826647883105
q156_1199044,155,[MASK],Sound Texture,Medium,percettiva,B,A,False,0.2605633802816902,0.7394366197183098,1.1528407822855111,0.25768952765031455,9.662103194929882,0.09023852107579129,-0.47449897540354713,0.001420989760934091,9.662103194929882,0.09023852107579129,,0.09121078001399067,-0.0018316706026688598,-0.03494598282860483,-0.12630259834202137,0.24796012342699134,0.04998881682397116,-0.7787238960159243,0.07956644188165317,0.14216672748010667,-0.09104144693528546,-0.01569007622949805,-0.025474078836844244,-0.14589008663601183,-0.0009609910802766027,-0.2008310213507521,-0.02699893472474866,-0.04640909720182112,0.05904008786094757,-0.3197216717986991,-0.029173937838441542,-0.08690726420636186,0.06480067247271604,0.19878351453949022,0.051229618842866996
q157_1199044,156,[MASK],Metre and Rhythm,Medium,percettiva,C,A,False,0.7086614173228346,0.29133858267716534,2.6112412067429807,0.5008150135565788,9.713580998534523,0.14719047377031175,-1.0565930681172098,0.047021525025211605,9.713580998534523,0.14719047377031175,,-0.13035201016495734,-0.04049837831944943,0.7773240693128854,0.13381581888020702,-1.0992800155458708,-0.18639836594623418,-0.604285111719267,0.1401024504106882,-0.03220562493834657,0.026728172602606383,-0.24020913571374616,-0.006517633711574867,-0.18286074492601667,-0.011548358764107177,0.1118740609369853,0.031118226188462536,0.10883148282992258,0.03221476037806697,-0.022384178593314374,-0.007798927956175601,-0.20984708553557638,-0.02122083282588621,-0.5897918421771174,0.004046119113819538
q158_14014,157,[MASK],Genre and Style,Medium,knowledge,B,A,False,0.8421052631578947,0.15789473684210525,0.6258111268718787,0.2363287551438662,9.768910441384005,0.03295886036339915,0.5943925966256381,0.2363287551438662,9.768910441384005,-0.03295886036339915,,0.038170084487627425,0.015675519196571654,-0.015709265123120212,0.00630344316727721,0.5560852065223085,0.1950702311511341,0.0158465707388225,0.01927956162888326,0.24117511226885954,0.03461334326968365,-0.04789836876192888,0.041551857583614404,0.03359711124358373,0.05023660009286419,0.05823418843300623,0.023572157288043943,0.026244560088026857,0.02260977880960844,0.06385121278652311,0.01675138668990798,0.10242273769412838,0.007350473209785336,0.11676604287343921,0.039643158200358276
q159_14014,158,[MASK],Harmony,Medium,analitica,A,A,True,0.871859296482412,0.1281407035175879,1.357560450570641,0.3941456378141622,10.089976220549834,0.22114676802351135,1.3174959226167597,0.3728978147172072,10.089976220549834,0.22114676802351135,,0.047485504585473196,0.0124988424198967,-0.020032263976940554,-0.0106239115484775,1.2106893979101823,0.34726265803712825,0.07935328409804479,0.023760225808659736,1.241859265800439,0.11969205631230184,0.06332322718658843,0.02678560924119978,0.09208214973180691,0.03468456196770007,-0.06581725213824098,0.030464971434487214,0.2494736187411298,0.018953129971351595,0.0920603259100384,0.048221634867280094,-0.33447306032320884,0.05844052753498709,-0.021012352291793213,0.035655323387899514
q15_1045016,14,[MASK],Sound Texture,Low,percettiva,D,A,False,0.3724279835390946,0.6275720164609053,0.5823635932748763,0.25898737714043774,8.988518598573654,0.18871620780985043,-0.3646671999338556,-0.05067126682947244,8.988518598573654,-0.18871620780985043,,-0.27021832852932115,0.045332295119793545,-0.05333482334054564,0.014893512719055188,0.10884819667051035,0.04393224731663391,-0.14996224473449918,-0.15482932198495508,0.06783612385932614,-0.025913867757168807,0.11205345311038176,-0.044387964173823374,0.03608062292574831,0.02430204011249586,-0.08854886860275656,0.05209216332282984,-0.09773356033793226,0.013176124722436929,0.0281554855217997,0.05845242288939012,-0.10911731430446897,-0.01194008037679575,-0.31339314210595376,-0.11645210556883728
q160_14014,159,[MASK],Melody,Medium,analitica,B,A,False,0.7989690721649485,0.20103092783505155,0.06542839490857545,0.07507778637216035,10.05697135410332,0.03923094834068199,-0.06542839490857545,0.02370877787365329,10.05697135410332,0.03923094834068199,,-0.000780933069135549,-0.017695115632756907,-0.005489751593869123,-0.007989388616496625,-0.03582030091039898,0.02316111631429689,-0.023337409335171803,0.02623216580860993,0.14770553195801486,-0.046825102187317294,-0.11193971719441534,0.03836578006126854,-0.05009273134257726,0.025689464421725223,-0.028664889578208234,-0.01605474659080751,-0.04237337927607698,-0.015685318501708095,-0.04003891329956999,0.005415465947760531,-0.00877118658153229,0.008481638486135685,0.06874689040578975,0.02432159623659621
q161_1177896,160,[MASK],Sound Texture,High,percettiva,B,A,False,0.7305699481865285,0.2694300518134715,0.2526152211731921,0.16321519093843995,9.334281688570565,0.08962016216764983,0.05635906211313767,0.16321519093843995,9.334281688570565,0.08962016216764983,,0.026868284088891605,0.009757858378624078,-0.029207603736335214,0.03751248707702846,0.12761885755427327,0.08055569309485298,-0.068920475793692,0.035389152387934456,0.17461812268587606,0.00897095481466537,0.0704646854662854,0.0296777324968406,-0.38340749352148984,-0.07515384331827384,-0.020589820404875357,0.020032634631500415,0.009649734387214642,0.0817075109117395,-0.006601770313128235,-0.0059163358104452925,0.0,0.04741602175793679,0.21222560381325495,0.05648051545447642
q162_1177896,161,[MASK],Harmony,Medium,analitica,C,A,False,0.9555084745762712,0.04449152542372881,2.2712594352680244,0.20124765685223087,9.471295695351882,0.0774260475727361,1.5127211903403357,0.1783547853495779,9.471295695351882,0.0774260475727361,,-0.019687030538997202,0.010666451464332314,-0.3595820919248472,-0.006767563829190479,0.15815450905618672,-0.004678871922135999,1.7338358037479933,0.17913476963657207,1.1503704206486756,0.03936499894870751,-0.02992548468267746,-0.003716762197452317,-0.17654076087125647,0.01071593717475659,-0.23321684077772725,-0.008953041382535908,0.22350531656790634,-0.0034776155548448782,0.3859181823331624,0.10114960419382818,0.0566911601660019,0.01386136559832893,0.1359191969562506,0.02941029856878983
q163_1177896,162,[MASK],Functional Context,Low,unknown,B,A,False,0.48913043478260876,0.5108695652173914,0.8112962238471686,0.22091773010062743,9.244775036780416,0.00810302474359939,-0.7870000780056549,-0.18789487884055267,9.244775036780416,-0.00810302474359939,,-0.1410025773526476,-0.03874276238191856,-0.058942225685329926,-0.01131932077009383,0.012148072920756862,0.016511425630037387,-0.5992033478884342,-0.15434422131857767,-0.19537579145339837,-0.01264355356944237,0.0,-0.05247574243959259,-0.05376256001246288,0.016393053898731604,0.0,-0.018082990564049033,-0.1546615250298073,-0.0109543483475734,-0.1577898986436591,-0.03860126559119964,-0.08515064468694925,-0.040006703978230695,-0.140259658179378,-0.03152332824919653
q164_1227240,163,[MASK],Sound Texture,Medium,percettiva,B,A,False,0.6413043478260869,0.358695652173913,1.5106529644976223,0.529139698088873,9.187291988960727,0.06625486492848592,-0.8953422559930546,0.529139698088873,9.187291988960727,0.06625486492848592,,0.1361539646663497,0.06158504768233285,-0.12576911219025746,0.029208288801093732,0.17150138958593414,0.12032884693064114,-1.077228498055081,0.3180175146748052,-0.01835312467135594,0.04750645896907411,-0.07168337523733775,0.03805363775252671,-0.030595071181883465,0.02452788627331598,-0.0809171520283971,0.021672905205247443,-0.22613998376163894,0.09333551850018425,-0.129187663164545,0.08622163871748534,-0.39021041748911406,0.15743093875674674,0.051744531541217595,0.06039071391429231
q165_1227240,164,[MASK],Melody,High,analitica,B,A,False,0.5490196078431373,0.45098039215686275,0.14706465016426506,0.20858245354514918,9.341083940718907,0.034616918076862076,-0.1060061904058839,-0.09875300871052048,9.341083940718907,0.034616918076862076,,-0.1053244640705353,0.029873076559250537,-0.015432459716707397,-0.017606159276360833,-0.005778496497831773,-0.136061571851474,0.020529229879190578,0.025041645858063823,-0.14847076792124203,-0.06450879195229774,0.10771406849507921,0.025639033344005295,0.06444881696200702,0.006321769105924165,-0.17886729243279706,-0.015136598532898626,0.10873363161714188,-0.001213738877106546,0.10635282878036639,-0.017848938267414773,-0.004036899808515345,-0.0006209884024067844,-0.16188057609792397,-0.03138475512832545
q166_1227240,165,[MASK],Mood and Expression,Low,knowledge,B,A,False,0.8760000000000001,0.124,1.9716774956071863,0.3061925634657947,9.646256247275952,0.03512455923075607,0.7348017994620665,0.23748195422724078,9.646256247275952,-0.03512455923075607,,0.8998859533671589,0.09919764302070587,-0.4117312513162965,-0.03435530461927695,0.4533536941674674,0.054929555497838345,-0.20670659675626338,0.11771006032797351,0.23769250615736057,-0.009025832514569725,0.199991685485272,0.04130379884948572,0.17445020102303385,-0.028793108608054795,-0.10963978764526525,0.020529906698542,0.20048523334619459,0.08058123141133117,-0.09083410118731616,0.003951185130153915,0.1541782440754802,0.05745871791122622,-0.03152218179269323,0.07147605534912627
q167_7096,166,[MASK],Metre and Rhythm,Medium,percettiva,C,A,False,0.6473684210526315,0.3526315789473684,3.6677532266730033,0.3096701937260008,10.000963071619406,0.030065368083149534,-0.730654434820309,-0.17125861320938524,10.000963071619406,-0.030065368083149534,,1.0419578536772738,-0.024225842447000004,0.0,-0.009492268615255036,0.42659154224907325,0.06920579025830777,-2.199203830746656,-0.20674629240543796,0.3736674769755183,-0.24886227677221645,-0.048361657040808026,0.02600279684094773,-0.34315597824209204,-0.0029455849633123372,-0.03396437859571225,0.025316260696886736,-0.1758158034398149,0.0,-0.30277572932555624,-0.012088654031062653,0.07806847479450935,0.04432220607635129,-0.2783168399463535,-0.003003361056979542
q168_7096,167,[MASK],Genre and Style,High,knowledge,A,A,True,0.7467948717948718,0.2532051282051282,0.6092696356506496,0.18607643786341796,9.931008680898321,0.07023720798257685,0.021077742150146267,0.06725992237440467,9.931008680898321,-0.07023720798257685,,-0.17190915377768942,-0.01690744561332723,-0.12218679297256226,-0.01851753426587162,0.2470345424574359,-0.023983277865307788,0.06813914644296207,0.12666818011891132,0.16483560105738776,0.024328435898964114,0.012097018442806338,-0.023876449340227642,0.0,0.03862986434053632,0.1319302091671057,0.01621544446009755,-0.05116683796801842,0.0,-0.10725141186736256,0.007086352377643219,-0.04771186870293988,0.006910210288050854,-0.08165496797883268,-0.002033935650659749
q169_7096,168,[MASK],Melody,Medium,analitica,B,A,False,0.4130434782608696,0.5869565217391305,0.6980806164598972,0.14652811673691127,9.008373235775055,0.14616089887531386,-0.31732858600695807,-0.04159161686971265,9.008373235775055,-0.14616089887531386,,-0.21925596848515372,0.04672630737042388,-0.09619552940934387,0.00574194256317543,0.19037601522646952,-0.016564180933548993,-0.19225310333893003,-0.07749568586976296,-0.09255361204538187,-0.26521049777190386,0.06819711898458831,0.05392915994605679,0.04431303157200211,0.05897586335501162,-0.047181719408595016,0.05555368169857402,-0.020192661048944238,0.0,0.09195710743366867,0.02418299999386068,-0.11633743322493066,-0.020523110116387074,-0.24553041826936542,0.051500286025075157
q16_1100505,15,[MASK],Sound Texture,Medium,percettiva,D,A,False,0.2719298245614035,0.7280701754385965,1.7504044795191729,0.09843840886897609,9.1754672674443,0.032544482369993015,-1.256921146590885,-0.034721771919627865,9.1754672674443,0.032544482369993015,,0.24674166646414392,0.031858318474674116,-0.06773004551192949,-0.011036126409125506,-0.31527755714852773,-0.0468017753840922,-1.1206552103945717,-0.008742188601084278,0.08213929390510083,-0.15775047138532985,-0.05753440955407712,0.035131884714308004,-0.13458019325052467,-0.006226642480158563,-0.28785515588297594,0.01401344594909879,-0.13763772840709051,0.013747297282512868,-0.3133481195343519,-0.0656097312664072,-0.1987472737619593,0.07434275934262344,-0.2093575601050064,0.05762968592372464
q170_1103980,169,[MASK],Harmony,High,analitica,D,A,False,0.7340425531914894,0.26595744680851063,1.3071476728488467,0.247379408312146,9.415408268977536,0.008493581762638158,-0.04223840707621207,-0.004570681345108185,9.415408268977536,0.008493581762638158,,0.056280962146691205,0.04710267236489893,-0.004658547323869781,0.02636696325283566,0.5761736707396261,0.047934727865784316,-0.6700344926386597,-0.1259750448286271,0.28644698325468054,0.013059818794735339,0.04873944471822536,-0.0032075189661982945,-0.05383705721704234,0.02146472144272362,0.10962162496235994,-0.0287554843418275,0.018457772509517224,0.0,-0.11150486194911528,-0.012738061992272991,-0.14431313277439156,-0.007855303811326035,-0.19584918058044595,0.01346114752905768
q171_1103980,170,[MASK],Harmony,High,analitica,D,A,False,0.8658088235294118,0.13419117647058826,0.5272464057004695,0.14166823643078813,9.918245863531833,0.06734550227590584,0.5272464057004695,0.052877523391230905,9.918245863531833,0.06734550227590584,,0.0,-0.015316218670455458,0.026820026089971343,0.028473376972859787,0.095065938524177,0.06879950293814974,0.4053604410863212,-0.02907913784932316,0.41829278600197006,-0.03415281792016537,0.015051079716102304,-0.034782396319758026,-0.02292146826904183,-0.015392543209859895,0.12892716503037216,-0.016636540174167252,0.01962526186808472,0.03612843087344889,-0.08948856854275757,-0.04001202619841142,-0.016612476393268363,0.04350925346905032,0.07437262628900801,0.11421616287109365
q172_1103980,171,[MASK],Instrumentation,Low,percettiva,D,A,False,0.4418604651162791,0.5581395348837209,1.2875786051503875,0.19268970516345946,9.930553077105216,0.007371658189314387,-1.2562582304968035,-0.19268970516345946,9.930553077105216,-0.007371658189314387,,0.015660187326791985,-0.004731450030569174,-0.05890599455763451,-0.00030424230451916653,-0.725842360450453,-0.11960829488583535,-0.48717006281550795,-0.06804571794253576,-0.29547831266331487,-0.05147201935110238,-0.08540457155492634,-0.048484166090593264,-0.19119953816458368,-0.02775892406069751,-0.17322432852486994,-0.049248979326260565,-0.03808490773362505,-0.05240394521266599,-0.10062157781272742,0.013993397624795498,-0.0791687496337678,-0.015210572915384472,-0.2930762444089884,0.03789550416844922
q173_121123,172,[MASK],Melody,High,analitica,D,A,False,0.9040816326530613,0.09591836734693877,1.5771954994763275,0.25368293136766035,9.932193910858592,0.0714224378240019,1.2753307310521391,-0.23279895809297624,9.932193910858592,-0.0714224378240019,,1.2697968915364892,-0.06786729235960352,0.15646622372774405,-0.12116309774194464,-0.1509323842120942,-0.054210554628770134,0.0,0.010441986637342048,0.3299914069451118,-0.013818347814421511,0.6210368449203235,-0.08879911264914492,0.22400447957788722,0.022001717932007336,0.0,0.0,-0.0377478612810387,-0.0003166660124913328,0.18681236699254944,-0.06261229297704851,0.09366602162069132,-0.045814654872259844,-0.1424325277233855,-0.04343960169961747
q174_121123,173,[MASK],Metre and Rhythm,Medium,percettiva,B,A,False,0.5043103448275862,0.4956896551724138,0.548767956791663,0.2609007332970581,9.78948870312806,0.11594706824624522,0.32854891980959294,-0.20362244077559838,9.78948870312806,-0.11594706824624522,,0.3329794015235673,-0.1831964481049589,0.10567903677706071,-0.04147013215602677,-0.11010951849103505,0.02863914626072988,0.0,-0.007595006775342603,0.10439340615527809,-0.0464470199726254,0.17063978114140632,-0.04436427901126631,0.17177063037467383,0.0,0.0,0.006829804459201876,0.002103410786466288,-0.02412692962845868,-0.010799743400934994,-0.012912612181156614,-0.042081573498754576,-0.04322467870232127,-0.06747699174854196,-0.039376725738971975
q175_121123,174,[MASK],Metre and Rhythm,High,percettiva,D,A,False,0.6012658227848102,0.3987341772151899,1.1302638854335936,0.20179806745064163,10.008263727155285,0.22696742091295657,0.21303437401587222,-0.20179806745064163,10.008263727155285,0.22696742091295657,,-0.4586147557088607,-0.05589382488522576,0.1533039235772581,-0.11583330158980963,0.5183452061474748,-0.02150479843625637,0.0,-0.008566142539349871,0.16311246012710734,-0.049304922962522105,0.016165884520824847,-0.011086228668772328,0.025933716842300655,-0.01014093504748077,0.04702367431723019,0.008045803248165876,-0.003838695099019171,0.008955612935422047,-0.006742435459805629,-0.033439024042038724,-0.051161251098525456,-0.0452098057595135,0.022541019865759515,-0.06961856715390213
q176_1076450,175,[MASK],Metre and Rhythm,Medium,percettiva,D,A,False,0.5203488372093024,0.4796511627906977,0.930800482789087,0.17024729864898305,9.56996036866706,0.10358126564818115,-0.05774326026970139,0.16796649582331707,9.56996036866706,0.10358126564818115,,0.015500010557920746,-0.00114040141283299,-0.0131500059130054,0.026408337485289854,0.42102860070177206,0.13126499403574582,-0.4811218656163888,0.011433565715114398,-0.10261248727994406,0.027550123232617282,0.14834086633853213,0.04930581612843793,0.030721806316804462,0.00682917690034705,-0.061044785293389886,0.008224711215509859,0.11318320447410574,0.03775165895898821,-0.0012664330796856443,0.006760339917024788,0.061026803398797555,-0.009776587286321461,-0.24609223514492176,0.04132125675671343
q177_1076450,176,[MASK],Instrumentation,Medium,percettiva,A,A,True,0.83615221987315,0.1638477801268499,0.7289525897538134,0.11604207864894442,10.991608552769122,0.0549518944107423,0.4161826257825944,0.03303787377106082,10.991608552769122,0.0549518944107423,,-0.09057410885695663,0.029664867274606793,-0.06581087312865283,0.016191943136178596,0.3344190917408111,-0.041502102438941806,0.2381485160273928,0.028683165799217238,-0.10470935610655023,-0.021234635745085585,0.24455696654196715,0.021246127875022607,0.15064772381542363,-0.05186002099091092,0.2145722163025309,0.015527127242627232,-0.11030650715145802,-0.020153808000818552,0.06285424227375502,0.014314772079336995,0.21284452310295993,0.028003674356963146,-0.2542771829960339,0.04719463695392591
q178_1076450,177,[MASK],Melody,Medium,analitica,A,A,True,0.858339984038308,0.14166001596169195,4.977858561914692,0.26509292353772695,9.772737678922296,0.1504437401854278,4.75457487521399,0.12154649072791021,9.772737678922296,0.1504437401854278,,0.2566535507975906,0.009515067810427373,-0.11164184335035109,-0.004302360709552469,0.15187495425872555,-0.06747085569535591,4.457688213508025,0.18380463932239122,0.793592487479217,0.06217872470350225,0.9834607508185955,0.05491383191941955,2.853629745540291,0.07658096203870479,0.0,-0.04240647982874737,0.5210999973763802,0.029350757175717865,0.1276313473274219,0.012502010559392655,-0.2361041244412515,-0.022240081271230658,-0.28873532888666353,-0.04933323456884883
q179_1407836,178,[MASK],Metre and Rhythm,Medium,percettiva,B,A,False,0.8811475409836065,0.11885245901639344,1.8464072721929532,0.37512220417467573,10.975602499152908,0.25818778537476594,1.6740378050761473,0.25579724590285585,10.975602499152908,0.25818778537476594,,0.1981171380517763,-0.0421595899965355,-0.08618473355840292,-0.017502889139374433,0.6481950613121537,0.07858827544626751,0.9139103392706203,0.23687144959249828,0.1088379482740879,-0.04800153741768814,0.13556056587342238,-0.01239016688980111,0.44770345674303036,0.021132442313188293,0.19081407869998257,0.06303500937384747,0.4347728708381141,0.09216469960729987,0.14122141410631775,0.0653312935892789,0.05545140258785999,0.04202119817230569,0.15967606795333222,0.032504307154424886
q17_1100505,16,[MASK],Performance,Medium,analitica,D,A,False,0.7626262626262627,0.23737373737373735,1.0149770004784344,0.28261046686476154,9.671806116831085,0.12308437377167224,-0.6992280829158535,-0.28261046686476154,9.671806116831085,-0.12308437377167224,,0.15787445878129047,-0.06615243434611633,0.0,-0.014712298626022512,-0.2168900401634966,-0.03816326789499845,-0.6402125015336473,-0.16358246599762427,-0.32943179337211687,-0.028373846331118127,0.04053240928912066,-0.1050824880372852,-0.0372893895399231,-0.01887293762253691,-0.06931919716618573,-0.046142704678698514,-0.10540555873529772,-0.042017617416808734,-0.055816796564543476,0.0,-0.04758934219263728,-0.0221807663001001,-0.09490841463426988,-0.019940106478213995
q180_1407836,179,[MASK],Functional Context,Low,unknown,B,A,False,0.8404761904761905,0.1595238095238095,0.4071115648609095,0.16316785809656845,9.934151918198497,0.010970498325716586,0.4071115648609095,0.0833703257754054,9.934151918198497,-0.010970498325716586,,0.10198355484030769,-0.03989876616058152,0.11519594618968312,0.0005598272080507838,0.10440034913301362,0.029695477319864688,0.08553171469790503,0.09301378740807145,-0.02382393812291882,-0.021103145827192207,0.03666572621504253,-0.0015113374140296714,0.04477877413177264,-0.007279887521848848,0.2944421144162113,0.07545546410243038,-0.017596729386361216,0.06609306604706976,0.035383878531196206,-0.037041064139001295,0.025940013878794677,0.025057663280324088,0.011321725197172089,-0.016300432752346793
q181_1407836,180,[MASK],Functional Context,Low,unknown,A,A,True,0.6300813008130082,0.3699186991869919,0.37641607832814883,0.405354452396956,9.363265535084759,0.16930842596623671,-0.18720674388325925,0.18085627541218935,9.363265535084759,0.16930842596623671,,0.07294211342849224,-0.03838062690897807,0.02166255379395255,0.014970651827783418,-0.003568143138333188,-0.07386846158340524,-0.27824326796737087,0.27813471207678925,0.014432446340630109,-0.06515669210870445,0.0,0.01753398618891559,-0.012943191167086573,0.037825288801186074,-0.06322753897312652,0.06750480090823377,-0.11720471886767778,0.05255114102134985,0.09676949608769633,0.10022211087259585,-0.11389120094656417,-0.026773529821021567,0.008857963642869348,-0.0028508304503657433
q182_357330,181,[MASK],Lyrics,Low,unknown,D,A,False,0.7861356932153393,0.21386430678466076,2.4155368550578524,0.2954528275823806,10.306800721222839,0.05905709247078792,2.044559802718994,0.08974071542952822,10.306800721222839,-0.05905709247078792,,0.3283859712602097,0.03134822386646405,-0.18548852616942926,-0.020512068574890706,0.37279027375743123,-0.0823439875015355,1.5288720838707823,0.16124854763949037,0.497469298975661,-0.06204813285730549,0.24090015707200502,0.005405133409556777,0.2071871142942654,0.030877794656871585,-0.4229284400834987,-0.1099696558575532,-0.535709752885497,-0.10466841412735246,-0.14007568009888885,-0.0462949969514807,0.6882144854350409,0.21552642282100945,1.5095026200099062,0.16091256433578222
q183_357330,182,[MASK],Metre and Rhythm,Medium,percettiva,A,A,True,0.9611829944547136,0.038817005545286505,1.552648040793315,0.2149678760779318,11.491178298225622,0.29057725444294696,1.0518544685328952,0.12928427099798478,11.491178298225622,0.29057725444294696,,0.6703611372264252,0.02968381207639266,0.07514330703504775,-0.021683035277810382,0.5567468104016321,-0.021158767262163123,-0.2503967861302099,0.14244226146156563,0.064521279182983,-0.07655207361265699,0.13747101134080827,-0.009504093264261892,0.36771419293501106,0.023384958437119203,0.26937794450970487,-0.03520787408608218,0.0682894848001094,0.0,0.07650834546164487,0.045805241635595906,0.17879916051438224,-0.02517025320981027,-0.11082695021174857,0.206528365098081
q184_357330,183,[MASK],Lyrics,Low,unknown,A,A,True,0.8963414634146342,0.10365853658536588,3.107047588195554,0.4891910024339031,9.740971712885216,0.29354770393859336,3.107047588195554,0.3909290351404229,9.740971712885216,0.29354770393859336,,0.37279681733245473,0.10325621839154715,0.1003864086541088,0.014899197055705238,0.36165145915772917,-0.04913098364674013,2.2722129030512614,0.3219046033399106,0.9620826800606036,0.07299573601513197,0.31034762625671036,-0.012058721440194688,0.1388445576295434,0.015611261356834757,0.2676777376240653,0.000524304065237402,-0.2859459649458705,-0.02397635880761382,-0.3173750955972933,0.07700630743328443,1.5416923318242524,0.221931693770763,0.48972371534354275,0.03889481274697984
q185_661634,184,[MASK],Harmony,High,analitica,C,A,False,0.4357798165137614,0.5642201834862385,0.8286195963581646,0.08336761201915917,9.915740545236428,0.007440873602685115,-0.24725114859366032,-0.03543724036507742,9.915740545236428,0.007440873602685115,,-0.016844087431567376,-0.018776486480647718,0.02826793902119542,-0.04062593971147058,0.2624162848610567,0.017842130252602183,-0.5210912850443451,0.00612305557443869,0.05059082098853243,-0.00852017157547998,-0.009824702393225068,-0.004949208049024888,0.021479405081887316,-0.020569504778453783,0.029650149634016715,-0.014210723364644762,-0.02784907511759183,0.016428357387511666,-0.14942551259074593,0.009329334902110048,-0.04474925570882965,-0.027363640272891322,-0.11712297848770434,0.014418315385795605
q186_661634,185,[MASK],Harmony,Medium,analitica,A,A,True,0.7209302325581396,0.2790697674418605,1.2717622436065907,0.33683070871269494,9.54449472528574,0.04251985402030488,0.12880513191707865,0.1934872748900394,9.54449472528574,-0.04251985402030488,,-0.01407323647478061,0.008421567855205347,0.04599150628518317,0.029422451873597294,0.6542921814766515,0.2273149720725645,-0.5574053193699754,-0.07167171691132776,0.09651250243852913,0.08216963217191228,0.024366876073016762,0.0,0.11282763063987905,0.021137997111907496,-0.029892259125735274,-0.05711308490451422,-0.02760726117911187,0.03445858303461982,0.04758172144533239,0.028212196972522915,0.02143917701207461,0.05870382875339973,-0.11642325538690614,0.025918121750191328
q187_661634,186,[MASK],Harmony,High,analitica,B,A,False,0.40340909090909094,0.5965909090909091,0.7329005400927295,0.2558987654069035,10.009283866471684,0.023692501902798525,-0.15043461923105744,0.15994604256768447,10.009283866471684,-0.023692501902798525,,-0.039904158892268546,0.0,0.025182757353930857,-0.03011241217349865,0.2660502030769052,0.20792240398729397,-0.40176342076962496,-0.017863949246110834,0.09611323136958913,0.016282225942617586,0.0,-0.0003363934591533273,0.0,0.02563947485370255,-0.06449273000021793,0.0,0.01194878174989164,0.030264311982659442,-0.10755415510960613,0.0274291856591084,-0.12979270233480317,0.03975862889449232,0.04334295509408903,0.020908608694257515
q188_312915,187,[MASK],Instrumentation,Medium,percettiva,D,A,False,0.6851851851851851,0.3148148148148148,0.7538602722451953,0.24103731146754176,10.487825394973344,0.06536440856469726,0.7538602722451953,-0.21284871129322228,10.487825394973344,-0.06536440856469726,,0.42190432530941885,-0.03186802815596061,0.04715150320148925,0.014094300087159742,0.11511767296059941,-0.17539671039355298,0.16968677077368782,-0.01967827283086842,0.44021565339257973,-0.010112856536219144,0.14342074387013803,-0.036726739896871176,0.06121901658497757,-0.0461005695494982,0.13070307924122512,-0.055024126836004446,0.053193794728733985,-0.016570343539417772,0.03250003594572268,-0.038665187369156265,-0.05887103468190081,-0.027136452174207792,-0.04852101683628103,0.017487564608152522
q189_312915,188,[MASK],Instrumentation,Medium,percettiva,C,A,False,0.5750000000000001,0.42500000000000004,0.4738669318031673,0.10065904238469171,10.009044246493062,0.08586282774721603,-0.2931801898587538,0.023123427550064753,10.009044246493062,-0.08586282774721603,,-0.3001228508602864,-0.03801432484647947,-0.06155175590854313,0.030996451111799495,0.09034337097220675,0.030894783855578735,-0.02184895406213104,-0.0007534825708340031,-0.06808834207034045,0.03256719342890397,-0.0313692902638776,-0.006556533360183015,-0.057740270785732614,0.006749391183665158,-0.0015635012803964649,0.00787710476559797,-0.045431097785566435,-0.026095152308059713,0.03812339470477424,0.004506524704879737,-0.02104614331767142,0.0,-0.10606493905994309,0.0040748991352606454
q18_1100505,17,[MASK],Sound Texture,Medium,percettiva,B,A,False,0.8274021352313168,0.17259786476868327,0.9015035607635857,0.40363297297318546,9.738244487399212,0.12252698513372019,0.9015035607635857,0.18594143884408,9.738244487399212,0.12252698513372019,,0.04655393897198649,-0.05137737649656835,0.13473677050784627,-0.02757445150552023,0.0031149574843127026,-0.02989393906246414,0.7170978937994402,0.2947872059086327,0.27163838333656465,-0.02854173054589126,0.06920288685868961,-0.012935917538971935,1.5546539238619521,0.26178633706704835,-0.21760258468798407,0.00701881056616621,-0.13928639458068204,-0.021586556504163603,-0.05001530015560656,-0.0067052261128510765,-0.22783217044238188,-0.02248396397164106,-0.35925518342696594,0.009389685884384345
q190_312915,189,[MASK],Metre and Rhythm,Low,percettiva,A,A,True,0.9387351778656126,0.061264822134387366,1.9016229034958867,0.2752093102974784,10.640235135309494,0.28150541947079843,-0.2402142410370527,0.2752093102974784,10.640235135309494,0.28150541947079843,,-0.5871771340178031,0.03473984036094137,0.13730931389705156,0.007556526320805359,0.6933950173323654,0.0961672604738906,-0.48374143824866656,0.13674568314184107,0.4138976290599316,0.005072464078801563,0.2525646911790611,0.024362336990283118,-0.18212253868221218,0.02108211829434038,-0.09148216742883111,0.07867615437941751,-0.04344567508262117,0.0,-0.40980445574792135,0.020384390020953286,-0.1712695267100976,0.026788915737369197,-0.008552197624362011,0.09884293079631337
q191_1381590,190,[MASK],Instrumentation,Low,percettiva,B,A,False,0.8760683760683761,0.12393162393162394,2.519145455329002,0.417578967515532,9.955175704920109,0.15681417818714138,0.755379633470046,-0.3667516935337222,9.955175704920109,-0.15681417818714138,,0.12499949699434422,0.005796068470180637,-0.7492879778446828,0.01961756852072426,1.51226304740518,-0.336418676111004,-0.13259493308479536,-0.055746654413623094,0.4285048745101946,-0.18308730338574122,0.16975682776502704,-0.0766102746960829,0.09048145895922259,-0.01868790731402796,-0.08593847698314307,-0.010970442809468593,0.1279249158285428,-0.01787261398979747,-0.03991624169101729,0.008840606663365908,-0.08833865762326942,-0.04816920947096073,0.15290493270448863,-0.020194548531009205
q192_1381590,191,[MASK],Musical Texture,Medium,percettiva,A,A,True,0.8476331360946745,0.15236686390532544,4.110613595725233,0.12286884570770049,10.567398772915192,0.08252783992108438,3.911439510379008,0.056682552317385275,10.567398772915192,-0.08252783992108438,,-0.0026175482032588446,0.008520955888619326,-0.09696949446985377,-0.0330931466951576,0.5285109149744088,0.07410819518306097,3.482515638077712,0.0071465479408625784,0.0,0.016473489878675772,0.007574391386481721,-0.0037739123770371037,0.6629223820818066,-0.03231007828587377,0.38346083322240687,-0.013082566502843665,0.4149043037711898,-0.007128367575374665,0.5937413077732141,0.07179050554540907,0.8223723899617535,0.03930365711825213,1.0264639021821553,-0.014590175483822507
q193_1381590,192,[MASK],Instrumentation,Medium,percettiva,A,A,True,0.8432203389830508,0.15677966101694915,5.871907373773672,0.3281268572280098,9.090534750182576,0.021317370217293973,-1.0530142538082172,-0.29006596724202227,9.090534750182576,0.021317370217293973,,2.4094465599827277,0.012148884884730121,0.0,-0.0718172144144172,-2.6661589295950745,0.006881560108263671,-0.7963018841958704,-0.23727919782059886,-0.6186555247930632,-0.16241557577433996,-0.12735491513453784,-0.0922872513092356,-0.09917393405889408,0.0,-0.24266901987393436,-0.02548339589387806,-0.08969957420668345,-0.032639320146978554,0.073682797819562,0.0032276519151767206,-0.027478028300514795,0.02605394670603188,0.07833394473984823,-0.006522022738798733
q194_1268901,193,[MASK],Performance,Low,analitica,B,A,False,0.8925233644859812,0.10747663551401869,1.7257857922902813,0.27453691281533493,9.611837814548922,0.013218606332370592,-0.48225388807597175,0.24620448833626418,9.611837814548922,-0.013218606332370592,,0.5415478346253191,0.14019192905666433,0.08021811748183565,-0.014166212239535384,-1.0724405389558251,0.09420716690749445,-0.031579301227301314,0.02597160461164077,0.10962806781792953,0.05636106962500468,-0.27086779450078874,0.01523091237257436,0.09258314285702925,0.07548664801112416,-0.0436000279142323,0.013507912414283485,-0.03705965549160718,0.036818593491594165,0.06902405172930154,0.06342713526907674,-0.013872753453724712,0.026209439244226314,-0.38808891911987886,-0.040837222091619704
q195_1268901,194,[MASK],Melody,High,analitica,A,A,True,0.6682464454976303,0.33175355450236965,0.16552544660543753,0.23609080144054506,9.416971000883315,0.11788904171844411,0.16552544660543753,-0.1694760086752588,9.416971000883315,-0.11788904171844411,,0.024219967626871786,-0.003627436542980105,0.12229492537897975,-0.015413182986365709,0.019010553599586005,-0.18374278552855614,0.0,0.03330739638264313,-0.23193948375952228,-0.25806872647591056,0.0709527212604403,-0.04135962943799056,0.20337121621118537,0.038530112730098154,0.1261733757605074,0.02786092159594057,0.09327252122240405,0.04027686188152471,0.1281014648749384,0.03117901783882969,-0.1240777555985198,-0.036442817162517724,-0.10032861336599594,0.028548250354766908
q196_1268901,195,[MASK],Harmony,High,analitica,A,A,True,0.7287822878228781,0.27121771217712176,1.2468287982437893,0.4782024487113793,10.287161747831446,0.135299239537213,1.2468287982437893,0.31741680659284555,10.287161747831446,0.135299239537213,,0.1352557132324134,-0.06065244080629412,0.019982944412869175,0.029017541541771566,1.0858933404454199,0.36879208611034087,0.005696800153086802,-0.01974038025297275,0.20341239921028087,-0.0007526121714914839,-0.001096012504576041,0.010934122364134767,-0.03486839732777681,-0.024282668020015247,0.0618200959493066,-0.004615144449926089,0.5659826115901544,0.10488211024457478,0.3654084330074008,0.08403313508184027,0.09628553782206636,0.08235674778261527,-0.01011586950306699,0.06486111576111332
q197_1078326,196,[MASK],Metre and Rhythm,Medium,percettiva,B,A,False,0.9089805825242718,0.09101941747572816,0.9533506380353798,0.34056545040813285,10.870340548744545,0.027884781105416184,0.9533506380353798,0.08422678977411212,10.870340548744545,-0.027884781105416184,,0.07079427429453383,0.09213395096344469,0.4327018107374486,-0.12816933031701036,0.4498545530033973,0.10940233877648098,0.0,0.010859830351196803,0.07656371130834186,-0.03822076740497044,0.08144623804896886,-0.013140633527624875,0.3133122656318145,0.014395664723825146,0.23044985471520124,0.07021093698175991,0.16532725765284778,0.03935405216020109,-0.04426967505100582,-0.013269279957204871,0.01678683873564607,0.01817571173342386,0.11373414699356521,0.006721105064702283
q198_1078326,197,[MASK],Instrumentation,Medium,percettiva,C,A,False,0.6699346405228758,0.3300653594771242,0.7390930187454328,0.2024694435515026,9.681384287925754,0.07025259942927475,-0.1306611969858625,-0.022773758627911426,9.681384287925754,-0.07025259942927475,,-0.43487710786564765,0.059903715807885664,0.12026931346576467,-0.08078753141644412,0.18394659741402045,-0.03183406967326288,0.0,0.029944126653909917,0.04230218400226946,-0.05724572634100972,0.073369721020527,0.0,0.016850838122206235,0.029097467474790972,-0.03293389526645852,-0.016914775168552866,0.04603536943050367,0.0,0.02344686368386004,0.01322688891045722,-0.1559332760347643,0.0427478907894982,-0.1437990019440061,-0.033685504293095234
q199_1078326,198,[MASK],Sound Texture,Medium,percettiva,A,A,True,0.7284263959390863,0.27157360406091374,1.5119102490971401,0.13645105678569314,10.050494213877865,0.06490284956298842,0.7344450016615234,-0.13645105678569314,10.050494213877865,-0.06490284956298842,,-0.32148955047287014,-0.007725875721857095,-0.06724307324493817,-0.05241324836446512,1.0950431281481796,-0.06894003417334396,0.028134497231152168,-0.007371898526026946,0.010960892942753403,-0.09407534375681681,0.07506973710581806,-0.0019541341292832297,0.029062339168457105,-0.0021223003452617416,0.02493903015865253,0.009931780994663074,-0.01565865625266774,-0.03349624931213825,-0.021628596793853233,-0.0076094840135349055,0.18663550818787158,0.02213064388611473,0.4450647471444917,-0.02925597010943599
q19_435883,18,[MASK],Metre and Rhythm,Medium,percettiva,B,A,False,0.7718446601941746,0.22815533980582525,1.2363929273885486,0.34755620487689276,10.247992180693846,0.012761031621974495,0.1390084640164725,-0.1450703918011612,10.247992180693846,-0.012761031621974495,,0.6867258286969916,-0.21406540134341934,-0.1323889031288652,-0.009772316670508348,0.0009748670055188952,-0.022475580325099297,-0.4163033285571728,0.10124290653786577,0.5629537765386653,-0.16744049028601024,0.02758588717032623,-0.034163942755614615,0.014122385661766,-0.005335540529095208,-0.013142595953709327,-0.015427979615397675,-0.10109501578699001,0.09306096690416557,0.0,0.0,-0.07636836183257335,-0.025897470050396106,-0.27504761178101234,0.010134064531187039
q1_1204663,0,[MASK],Melody,Low,analitica,A,A,True,0.6276595744680851,0.3723404255319149,1.4779106710091992,0.4859404488068597,9.339682285024466,0.08421956595355977,0.38417214348892714,0.3083609914002782,9.339682285024466,0.08421956595355977,,0.6292426284617141,0.09474176300899977,0.0035066067593468447,-0.08878972870329077,0.2982921720280022,0.23157570489816887,-0.546869263760136,0.07083325219640028,0.7941240427684134,0.1913567814952703,0.13241178752180338,-0.04288981708837285,-0.15525824655125467,-0.006145973092836397,-0.09838633525396162,0.027000126314989555,-0.028103097731344076,0.04672226294014748,-0.06064522340744573,-0.007595511426001636,-0.14999895401013041,-0.03338991710940696,-0.04997182984715304,0.13330303936648868
q200_1121398,199,[MASK],Instrumentation,Medium,percettiva,A,A,True,0.8817733990147782,0.11822660098522167,1.964537546235744,0.49728190306002207,10.142039905375915,0.2804210812321314,1.492865484915815,0.39526875603681566,10.142039905375915,0.2804210812321314,,1.0817283682290304,0.14504576511257466,0.0,-0.014840669320404457,-0.23583603065996456,-0.03616590419119873,0.646973147346749,0.3012295644358442,0.6738104453408214,-0.009667458051679068,0.4516034933319771,0.08705471642634204,0.3195028305135387,0.06876513554119634,0.40793411039354077,0.1422015832659839,-0.03234196792176093,0.05715437573708815,0.08585825907244184,0.07361653357076679,-0.09928878663372097,0.0,-0.3142128991810231,-0.023856130452882474
q201_1121398,200,[MASK],Performance,Low,analitica,C,A,False,0.40728476821192056,0.5927152317880795,0.5282601648251534,0.08243377657637957,9.484449070649148,0.06054721969414214,-0.45058579610411975,-0.08243377657637957,9.484449070649148,-0.06054721969414214,,0.01867068194709761,-0.049038275912142396,0.020166502413419177,-0.02347274630933964,-0.06049387010878297,-0.006226989429583376,-0.42892911035585357,-0.003695764925314156,0.060882322797400655,-0.003705926647381532,-0.006752971386974841,0.0,-0.1167087906186905,0.014488096937216132,-0.08034788196971981,0.02460365100369107,-0.08473088027537132,-0.04441679821268274,-0.03350081065361931,-0.04203691647011062,0.0,-0.026155176468868082,-0.18942678399714463,-0.005210706718243797
q202_1121398,201,[MASK],Sound Texture,Medium,percettiva,B,A,False,0.725,0.275,0.5245092689342417,0.3724043406399712,9.545811667418025,0.06532002080492236,0.4282659264561247,0.23570485832827612,9.545811667418025,0.06532002080492236,,0.29087724515301866,0.10967364999128204,0.0,-0.06834974115584752,0.18551035254216452,0.008351410752258849,-0.04812167123905847,0.18602953874058276,0.19097829414575074,-0.029975318668922384,0.09916518972423738,-0.09592913478550971,0.0341167820954904,0.018256250489016638,0.18184318385900128,0.06494658744226879,-0.0707770518649243,0.05382055172756693,0.0,0.11387407605301014,0.02883398915496395,0.023164058962214278,-0.035894460658394745,0.08754778710863147
q203_962064,202,[MASK],Sound Texture,Low,percettiva,A,A,True,0.6559139784946236,0.34408602150537637,2.613043449520512,0.40194758974247213,9.63608216203619,0.09986941785871747,-0.24394462567442066,-0.05203918368261834,9.63608216203619,0.09986941785871747,,-0.45037751429009254,-0.026247712531085744,0.2657471982899858,-0.023261974788061888,0.91880221363306,0.1749542030299269,-0.9781165233073739,-0.1774836993933976,-0.1703309517357116,-0.17739680112880085,0.18509243809200987,0.053027770369633916,-0.26941497342224807,-0.08701139500297331,0.08598198241949759,0.06367527305320407,-0.08626379473595762,-0.004740758900353876,-0.1666013477699505,0.04967412638152387,0.11301125496393946,0.0,0.06458076651400033,0.05073260154514791
q204_962064,203,[MASK],Melody,High,analitica,B,A,False,0.7734374999999999,0.2265625,0.4661845537048892,0.31286230761369316,8.95839532888755,0.096182993230916,-0.42391227889176264,-0.0734039811389188,8.95839532888755,-0.096182993230916,,0.021136137406563296,0.11972916323738719,-0.07769241882968009,-0.013902087772234712,-0.27464607980976974,-0.058214326759756414,-0.0927099176588761,-0.12101672984431486,0.0865473121607154,-0.07320453947257494,0.06768961488818827,-0.009914566160481478,-0.0273128454171902,0.03462954074465153,0.0,-0.010678585196646835,-0.09679948227741172,-0.019515573137329097,-0.12515071269506506,0.012461849098263426,-0.09094262239455152,-0.001114532372726837,-0.23794354315644778,-0.0060675746420745524
q205_1221864,204,[MASK],Musical Texture,Medium,percettiva,A,A,True,0.6788321167883211,0.32116788321167883,0.9861523395130973,0.16382578064421563,9.868090498066662,0.007319025269018599,0.6208512146062868,-0.0768557399153609,9.868090498066662,-0.007319025269018599,,-0.03320614110885275,-0.03213141661295649,-0.14944442134455255,0.027372740216277815,0.6196313902014031,-0.08820934366683178,0.183870386858289,0.016112280148149555,0.30000176450175325,0.014870644648409868,0.150460945989434,0.022407038259152044,0.0,-0.01587480139259693,0.06028912771119317,-0.051017804246107024,0.010378982820832026,-0.014795639160624333,0.05467959886455024,-0.004093868295385342,0.023066131897150857,-0.012808475996330075,0.02197466282137322,-0.015542833731879101
q206_1221864,205,[MASK],Harmony,High,analitica,A,A,True,0.5762195121951219,0.423780487804878,1.07255579609232,0.18824773238738995,9.604620986510772,0.06892064750967031,0.8060884870633955,0.1741277241811017,9.604620986510772,0.06892064750967031,,-0.03248409257273489,-0.007060004103144127,-0.10074956194172732,0.005204354532323367,0.6545739743987882,0.17110540859091872,0.2847481671790696,0.004877965161003741,0.1407353118762144,0.043545035958222705,0.04088381973333021,0.051542644939559644,0.032972011143554,-0.0036342724094921824,0.1751402803449396,-0.009740853923920262,0.1645650995349691,0.02227174195970663,-0.02387512472413766,0.017558426008898995,0.13399897221304166,0.0006923592069263945,0.1416681169414843,0.051892642441199774
q207_1221864,206,[MASK],Instrumentation,Medium,percettiva,A,A,True,0.799163179916318,0.20083682008368203,1.1029895147064197,0.29938428225759633,9.704604007418824,0.09375751854891841,0.5719097122378696,0.20210510240339727,9.704604007418824,0.09375751854891841,,0.3638483495657749,0.0,-0.26553990123427507,-0.026590290404327546,0.267904090634208,0.2507446923304968,0.20569717327216172,-0.022049299522771994,-0.18163144634702472,-0.050251588287795204,0.0413132143149639,0.0,0.20479978703716084,0.07630562986428054,0.10670658254811483,0.016506272090553675,0.21970240797521684,0.060605921687447405,0.07027008802694965,0.03993127575639128,0.10556299958359171,0.0032647910516802117,0.0051860790988964844,0.055742800240839344
q208_1374348,207,[MASK],Performance,High,analitica,B,A,False,0.8315789473684211,0.16842105263157894,1.3348905307078947,0.14247855983603894,10.00895070619786,0.16387049609629442,0.2566559683413075,0.14219672265999703,10.00895070619786,0.16387049609629442,,0.7516189447243039,0.06584670098693131,-0.5050532228636393,0.04368673781630253,0.044154304800297174,0.032804202444784145,-0.034064058319654304,-0.00014091858802095167,0.0811847302735733,0.08056050688548316,0.11845822789608697,-0.024321079797383703,0.0875709127466868,-0.0020400553960294677,-0.013733905729630888,0.013336869581643387,0.007723368154389149,0.029071374414273633,0.0,0.01193687704001468,-0.03280538905199091,0.011889969402652417,0.008258024052193058,0.021762260529342915
q209_1374348,208,[MASK],Instrumentation,Low,percettiva,C,A,False,0.8648648648648649,0.13513513513513511,0.18582076328983946,0.15722035643619786,9.950615361046875,0.027433941534891083,-0.11780509231157806,-0.08997876042338719,9.950615361046875,-0.027433941534891083,,0.03400783548913071,0.03362079800640533,-0.05116229788004836,-0.010002022450655035,-0.07090127912715105,-0.09186532236760009,-0.02974935079350935,-0.02173221361153739,0.38822180793412087,0.013995652578821275,-0.04460921941037629,-0.02511249943393257,-0.16818161560082567,-0.016178925149188995,-0.07910599195647311,-0.025488365643989687,-0.1850883169797905,-0.033526863317504145,0.022087070898412206,-0.00033486776588281635,-0.01728951875683265,-0.006883836974710535,-0.0338393084398129,0.003550945283000276
q20_435883,19,[MASK],Melody,High,analitica,A,A,True,0.8769716088328076,0.12302839116719241,1.3021504434876556,0.4774562574089568,9.681815660166178,0.07068397106270505,1.0696555867871806,0.15736044647638922,9.681815660166178,-0.07068397106270505,,0.20649795371496124,0.2317653994835141,0.5527290477119409,0.08564295245915896,0.4266760137105161,-0.03753019194087198,-0.11624742835023756,-0.12251771352541183,0.0636665428798561,-0.1607780447480351,0.08460546805638429,0.04573784625023662,0.04438662052290767,0.003901153813226475,0.0617745528882615,0.03584033699818915,0.09563555947108134,0.056375456316672165,0.11678947628173716,0.028088926474713553,0.40776510727649107,0.06710650093669601,0.19503225941046154,0.08108827043469037
q210_1374348,209,[MASK],Mood and Expression,Low,knowledge,A,A,True,0.9174174174174173,0.08258258258258258,2.790719780325679,0.13509826166373992,10.821511363433467,0.02459070007848059,2.790719780325679,0.021648200050620348,10.821511363433467,-0.02459070007848059,,1.5562117314336779,0.049110402490865804,0.06309674671941438,-0.04244143851707346,1.1714113021725867,0.029262828366314338,0.0,-0.014283592289486334,0.44303190720892727,0.04424333459255102,0.3882472571748692,-0.0039938581914143265,0.42994704674322015,0.0,0.9610650407455056,-0.01428467461364846,0.29715595112974635,0.009481556640528348,0.06084341043888516,0.014123497755774409,0.2908540917731032,-0.016830274256017137,-0.0804249248885782,-0.011091381877153505
q211_336086,210,[MASK],Instrumentation,Medium,percettiva,D,A,False,0.75,0.25,2.3022355398442866,0.11473382765506063,8.822659358342083,0.10196292369778147,-0.9076874491329225,-0.058582747038934395,8.822659358342083,0.10196292369778147,,0.697274045355682,-0.019287748115498812,-0.056189492329582355,0.026387728904346132,-1.42101734446086,-0.0673705392314987,-0.12775465769816222,0.0016878114037169878,-0.7821408220865689,-0.05612079053760749,0.09104511560288102,0.024195147052642436,-0.18497381645081412,0.005053122253592387,-0.04838786645912764,0.038218594524812244,-0.0607360973976622,0.01682669004577879,-0.04369692267739321,0.017213592952204627,0.036259939348378914,-0.016761049541546058,0.08494302098738335,-0.08720805378881133
q212_336086,211,[MASK],Instrumentation,Medium,percettiva,C,A,False,0.4848484848484848,0.5151515151515151,0.34766638621381785,0.11039409947795303,9.550215334531405,0.04751340290473565,0.15049196044771007,0.07264139142537329,9.550215334531405,-0.04751340290473565,,0.10790082776133811,0.05209497487940498,-0.01194969442815161,0.0009053777250337958,0.14117834556942585,0.038517392847224385,-0.0866375184549023,-0.018876354026289878,0.035694386890527084,0.00805848824609532,0.04267827886333569,0.023586038095959203,0.03948450316298611,0.014561440963257288,0.0819971197389412,-0.0004466757532161497,-0.01877925147686122,0.04305955356960454,-0.025445014756668154,0.000279710682732923,0.0364965719212703,0.002002548921141302,-0.04163463389582095,-0.018459713300201137
q213_336086,212,[MASK],Instrumentation,Low,percettiva,A,A,True,0.8514851485148516,0.1485148514851485,0.5477241607030408,0.15799528365759177,10.193779226151964,0.09110703522013736,0.30787749205554715,0.0576262969933563,10.193779226151964,0.09110703522013736,,0.35332094260536373,0.10781079032547404,-0.06943641328749844,-0.012548887026726283,0.07447988377393022,-0.036970559349091,-0.050486921036248376,-0.000665046956300458,0.3535030098762716,0.03752054730066777,0.1950492007565368,0.026393486436810353,-0.0034559967276632103,0.009310464194969514,-0.17537590460193245,-0.018276057052959267,-0.22681391539625947,-0.023885681618892037,0.21575072866396502,0.026597604077884023,0.0,-0.008746035755214368,-0.05077963051537108,0.00871196941009032
q214_1298301,213,[MASK],Genre and Style,Low,knowledge,B,A,False,0.8545454545454546,0.1454545454545455,0.972634832548519,0.2983478747040659,9.977631810501483,0.17904161096314714,0.19100573308018232,0.20744088042121003,9.977631810501483,0.17904161096314714,,0.044070375742118216,0.053271939689655594,-0.06349438941630953,-0.009713780738230012,0.5377499070722325,-0.035739716403197924,-0.3273201603178588,0.19962243787298237,0.0,-0.09425009833185292,0.26842947240380477,0.014045997637245546,-0.03430753877780786,0.03377238135239535,0.033862921304007476,-0.0394974744710065,0.11437106442757938,0.06138664265156101,0.28108270728451296,0.1260790455327576,0.08522156970553947,0.0007637932785429114,-0.5576544632674538,0.10514059277156701
q215_1298301,214,[MASK],Performance,Medium,analitica,C,A,False,0.6313131313131313,0.3686868686868687,2.1301774639814384,0.22306577966598917,8.943505015765968,0.12755484396545885,0.006966653639846665,-0.05021242523004586,8.943505015765968,-0.12755484396545885,,-1.061605405170796,-0.012949204301488585,0.0,-0.036024619249499706,0.6874762556758871,-0.08766527889702924,0.3810958031347555,0.08642667721797166,0.2577858542201782,-0.107610518355016,-0.006962247402523325,0.02664527607836996,-0.03511238227142885,-0.01761344282133958,0.0,-0.009404816537047911,-0.04534825394720347,0.0,-0.09115800730336052,0.004349755745838194,0.06190576863329214,0.01060527074282261,-0.1341440782891075,0.042816049916326857
q216_1298301,215,[MASK],Metre and Rhythm,Medium,percettiva,D,A,False,0.5342465753424658,0.4657534246575343,0.7857078221945134,0.22344450341908956,9.621556615727588,0.051985018044514573,-0.2228938705890121,0.1828810381454839,9.621556615727588,0.051985018044514573,,0.0009628826496794005,-0.02028173263680283,0.01442053201581032,0.00240302849989878,0.26602356113726094,0.07990995774995088,-0.5043008463917628,0.12084978453243708,-0.1270529807983243,-0.10152858234157036,0.0036827536378242027,0.009914610020353605,0.010605041222014784,0.03987312987435279,0.0691029959300664,0.03681376743574013,-0.06977628400290595,0.03165517488459575,-0.020952088755811595,0.08163043353829214,-0.0048378652355579865,0.03650546804562241,-0.08366544258631756,0.04801703668809745
q217_770629,216,[MASK],Metre and Rhythm,Medium,percettiva,A,A,True,0.7534883720930232,0.24651162790697675,1.9259074008477395,0.7424224832522227,10.273736182611792,0.21113475041813384,1.561227233103164,0.3435319760829888,10.273736182611792,0.21113475041813384,,0.07111646885550188,0.02120530608372263,0.1365624118399308,-0.08869888510056509,1.5358884362800191,0.5217719235838831,-0.18234008387228764,-0.11074636848405187,0.4063923529382945,0.16624313664274284,0.3771742388744325,0.06923091410759871,0.16256270309481033,-0.002209840643960549,0.21410726284546858,0.06263612151330197,0.0972061406792924,0.0340924084014878,-0.04586968380663608,-0.026551626552312857,0.06748712909306001,-0.0011072377533092627,0.2821670893844421,0.04119810036744015
q218_770629,217,[MASK],Functional Context,Low,unknown,A,A,True,0.9142156862745098,0.08578431372549021,1.3830526737991642,0.3436499005794104,10.234737959831927,0.12531308115885123,1.3830526737991642,0.3436499005794104,10.234737959831927,0.12531308115885123,,0.025237280104075634,0.008255774001129684,0.5136899766394022,0.037763461390594597,0.24139426874628067,0.22653653483736516,0.6027311483094058,0.07109413035032096,0.11998338366096208,0.07817117253271551,0.10135879908243016,0.06341447130427467,0.14413298415117046,0.0583666386979625,-0.13118535735825707,-0.033190740184364916,0.3097500002909268,0.034422011364249876,0.3629560421185619,0.06394954982040271,0.16940565872154603,0.03733147238763476,0.30665116313182395,0.04118532465653529
q219_1133179,218,[MASK],Structure,Medium,analitica,C,A,False,0.3446601941747573,0.6553398058252428,0.5514917948141282,0.16046484836654784,10.012612899105884,0.03538841154093784,0.371144385430363,-0.016543652053061464,10.012612899105884,0.03538841154093784,,0.4600914297174932,0.05398325524438763,0.0012266604047523888,0.017977342912355573,-0.0734621948207701,-0.07611653460861792,-0.016711509871112536,-0.012387715601186745,-0.01918403148378246,0.015649655247039013,0.28273794575033057,0.02800384175700335,-0.037103036832134964,0.002718771657909883,0.025146366085982974,-0.009814157921635099,0.024486271189423495,-0.02438106145320238,0.06187147721239497,-0.0013952690032449748,0.04343284518291862,-0.010169590145836184,-0.010243451674770192,-0.01715584219109509
q21_435883,20,[MASK],Performance,Medium,analitica,A,A,True,0.6635514018691588,0.3364485981308411,1.7872402875690554,0.20972245932679096,11.924344700013986,0.06645495372740093,0.4827540021618316,-0.17434424699654685,11.924344700013986,-0.06645495372740093,,1.0334201633979996,-0.02967515686600651,-0.3746624997770055,0.004284248693863972,0.10157698146744401,0.013404857471258086,-0.27758064292660645,-0.1623581962956624,0.9382960721272958,0.028181928571490038,0.08073352147601248,-0.024623326771817843,-0.041824077166335356,-0.04634454410463567,-0.24637507981292264,-0.06789399811235648,-0.10893051317575056,0.011561663061948868,0.0,-0.023604888160321483,-0.11963355454643393,0.0,-0.01951236674003408,-0.05162108148085427
q220_1133179,219,[MASK],Instrumentation,Medium,percettiva,C,A,False,0.6751700680272109,0.32482993197278914,1.119021330641295,0.6653174018657892,9.00640770200874,0.31867036947394106,0.19389793469831496,-0.6653174018657892,9.00640770200874,-0.31867036947394106,,0.1873801446585724,-0.16920808082418037,-0.05579226910031969,-0.061819609618947516,0.4690794880112326,-0.33418782023807037,-0.4067694288711703,-0.10010189118459101,0.5365052640169791,-0.42918125754836484,0.0232969265659074,0.018041434769763373,-0.037978359126567725,-0.021946762646958974,-0.08719246495747601,0.044963922440602,0.04194680188756798,-0.11481801962784421,-0.017820083571172006,-0.06974237142019847,-0.10468671917709424,0.024833733533578997,-0.1601734309398294,-0.11746808136636716
q221_1133179,220,[MASK],Performance,Low,analitica,D,A,False,0.491869918699187,0.508130081300813,0.33944843369659744,0.3145518930706389,9.308044748763056,0.008962790397998669,-0.33944843369659744,-0.010700144595794783,9.308044748763056,-0.008962790397998669,,-0.03169849740430663,-0.0626822791337435,-0.021233826342108693,0.03432886650320588,-0.05102579331132696,-0.09994373969947334,-0.23549031663885517,0.11759700773421618,0.11512864901662817,-0.11005397964768757,-0.09283303367259814,-0.008314126784278524,-0.004495590087313268,0.05854949414274153,0.022152011096415507,0.038553502034627235,-0.04310588315451589,0.06482953293142181,-0.07689818992543408,-0.0023668196346987302,-0.07464349157346953,0.001510854217975248,-0.18475290539631023,-0.053408601855895785
q222_1227366,221,[MASK],Harmony,High,analitica,A,A,True,0.7795527156549521,0.22044728434504793,1.1451488712180102,0.30732770204740806,10.306053550437998,0.11640743619665506,1.0540635348275007,0.2819688502756795,10.306053550437998,0.11640743619665506,,-0.017966034952150628,0.10681848994919187,0.05503317006647114,0.05422473942260917,1.0445730329562843,0.1336050467897427,-0.027576633243104148,-0.012679425885864279,0.12935927663525892,0.046132659091526064,0.1880949328911209,0.017557077741191918,0.18319411832681792,0.04770506463257848,0.1752031113866347,0.04192255434870341,-0.016886257562317597,0.0032324437646050024,0.13648622649772085,-0.008113128021341405,0.11747155948625128,0.05434851084058872,0.1411405671660138,0.07918366787782727
q223_1227366,222,[MASK],Performance,High,analitica,A,A,True,0.7928571428571428,0.20714285714285713,1.3145059433133843,0.4611431650617095,9.632646397549225,0.005366927882682823,0.9844796703421742,0.33154913172032974,9.632646397549225,-0.005366927882682823,,-0.16501313648560503,-0.06479701667068989,0.07417126340723855,0.15966693087714537,0.8398819106349138,0.21933584705987688,0.23543963278562685,0.01734337045399737,0.11159555309798339,0.07488125145607949,0.4396041829113136,0.030010417566984776,0.0,0.02997921223678673,0.05169934217646486,0.018193577085081316,-0.037513345366898904,0.002546748432676698,0.05024028154287434,-0.0077095095221136785,0.06064272104215119,0.02459440229111755,0.30821093493828583,0.15905303217371686
q224_1227366,223,[MASK],Instrumentation,Low,percettiva,A,A,True,0.6854838709677419,0.31451612903225806,1.2087600109456553,0.31921874720136634,10.241667871360264,0.05597322415530819,0.048666988382217224,-0.31921874720136634,10.241667871360264,0.05597322415530819,,0.6287134996639363,-0.1431423521734601,0.0,-0.1306799864265028,-0.44154947100069153,-0.03657189241613354,-0.13849704028102755,-0.00882451618526994,-0.2726904289407941,-0.23842976971446328,-0.005641903927507699,-0.08888824992093376,0.03408556770430237,-0.05018496298981532,0.03834794406978005,0.0,0.006465428685510963,0.021787352656380293,-0.02166139220440512,0.0,0.14448250684298647,0.0019314907446532012,0.12527926615234436,0.03456539202281247
q225_26435,224,[MASK],Metre and Rhythm,High,percettiva,D,A,False,0.4008620689655173,0.5991379310344828,0.30536007969133777,0.26419453643224844,10.015485915143342,0.07877755960670156,0.272289512039029,-0.21974048992689146,10.015485915143342,0.07877755960670156,,0.0562157706773621,-0.12592574874828272,0.0,0.022227023252678516,0.23260902518782128,-0.10251605615123299,-0.016535283826154355,-0.013525708280054248,0.0634798577300269,-0.10452352080644733,-0.03313600371854493,-0.009266046840447056,0.003008495572128945,-0.043895654697329714,0.06843845606629317,-0.0515461365613834,0.06710568910001324,-0.04848782598782156,-0.07774715089996537,-0.0008165274347195148,0.009087687895436576,-0.02406979647721532,0.17205248029364048,0.06286501887847243
q226_26435,225,[MASK],Functional Context,Low,unknown,A,A,True,0.7008547008547009,0.29914529914529914,1.6427759794638237,0.0721133651641158,10.530464074242662,0.09464747156911306,1.6427759794638237,-0.0039010558987776778,10.530464074242662,0.09464747156911306,,0.21796311530900933,-0.005825079245343338,0.20101660672363966,0.0303062079533317,1.2237962574311747,0.0037999466793373626,0.0,-0.0321821312861034,0.7796930390830159,-0.09814354489922252,0.08227805090185168,-0.016389119115754622,0.14550795446797332,0.01349598619939049,0.11995872041295644,0.0030127549377296833,0.10973130287735357,0.022643919619818327,0.04417410960096806,0.01765979757458712,0.06912210207980428,-0.004115505896252727,0.29231070003990056,0.05793465568092657
q227_26435,226,[MASK],Functional Context,Medium,unknown,A,A,True,0.7384259259259259,0.26157407407407407,1.3233757695388555,0.9432768015805164,10.15145504733097,0.0278042507306223,1.2088208755833738,0.25789060076848497,10.15145504733097,-0.0278042507306223,,0.7103137199355176,0.5566940635844229,0.12840036739377722,0.04388963759007785,0.42738423523181973,-0.3161429570380377,-0.05727744697774077,-0.026550143367978025,0.3373780507378572,0.13009000493439904,0.06472489638764631,0.018351418196407,0.08882925307578546,-0.00036922840324066925,0.2027651294674246,0.00783315583590706,0.210518547428307,-0.02362807021639767,0.026614004484230423,0.05257762911905365,0.23855323825881905,0.04762527232856071,0.03943775574330377,0.025410418973795864
q228_7360,227,[MASK],Instrumentation,Low,percettiva,C,A,False,0.615606936416185,0.384393063583815,1.4350197049740299,0.2533520289791503,9.911806758929767,0.05103528581146135,-1.1195881683097864,-0.20942100626308804,9.911806758929767,-0.05103528581146135,,0.024785610865453295,0.010201746189154797,0.03038186856635084,-0.012780592869183382,0.10254828890031767,0.011763765168876342,-1.277303936641908,-0.2186059247519358,0.04729903137204719,-0.005260484548772832,-0.027813960121028394,0.0,-0.18132621321156084,-0.007386860422776163,-0.16759879759783958,-0.044496381813290416,-0.1922078447764446,-0.04054251234865891,-0.22549431688308869,-0.06681120876328026,-0.19873146608652176,-0.040912110057889126,-0.17371460100534972,-0.004011448308420318
q229_7360,228,[MASK],Instrumentation,Medium,percettiva,D,A,False,0.8208333333333334,0.17916666666666667,2.526437500158487,0.2710488859662341,10.162455458484347,0.010365744297390657,0.7034003553096965,0.13922886619524688,10.162455458484347,0.010365744297390657,,-0.9115185724243954,-0.05185597289624892,0.0,-0.014054036989244694,0.3754632851406743,0.03410186352949391,1.2394556425934176,0.1710370125512466,-0.015798635921883394,-0.033096203833426666,-0.0852982976409841,-0.07106367395549361,0.07148519825553606,0.033765053165420486,0.13312181813044133,0.01703746423857022,0.09924692860506017,0.04292953777729016,0.13699851346259082,0.03980557064973988,0.2123051603035329,0.037035383519886486,0.1513396701154027,0.07281573463325991
q22_1215874,21,[MASK],Melody,Medium,analitica,A,A,True,0.5925925925925926,0.4074074074074074,1.3014257479462803,0.33108682349959606,9.045742145212076,0.06610997552191983,-0.5903856603936823,0.33108682349959606,9.045742145212076,0.06610997552191983,,-0.18100430810806245,0.013041141085472992,0.03220239425765119,0.031331752165608795,0.3233176495186477,0.09728290011798965,-0.7649013960619189,0.18943103013052465,0.3625368575559538,0.03499481526373126,-0.13671630385697192,0.04466903855233233,-0.24212980700518622,0.11478147326180087,-0.09832248321309123,0.04369604503492298,-0.07499759299876997,0.060395726005491965,-0.048491081471400355,0.010566493396181684,-0.005291573743049879,-0.016196289327767063,-0.3469736756611666,0.038179521312902046
q230_7360,229,[MASK],Harmony,High,analitica,A,A,True,0.5869565217391304,0.41304347826086957,0.6083026718374648,0.47470963124029725,9.352938360693672,0.10011856642156924,0.18438966846726712,0.1560757556053097,9.352938360693672,-0.10011856642156924,,-0.02742080595458575,0.13330876275740589,0.0,0.0,-0.1845356957305131,-0.15931693781749376,0.39634617015236595,0.18208393066539758,-0.0025469022089134735,-0.07254438849869872,0.1000429923184392,0.04378108110505002,0.0021456600827675087,-0.020397515229581074,0.0,0.026113620328617474,0.02036016234550106,0.03349614913492488,0.09889359272927564,0.04627366607688073,0.1101035536345914,0.07153862407370626,-0.14460939043439425,0.027814518614410123
q231_1321293,230,[MASK],Historical and Cultural Context,Low,knowledge,A,A,True,0.7376237623762377,0.2623762376237624,2.1919138058492917,0.21347108682618082,9.704986960856424,0.06326018329444953,-2.1919138058492917,-0.13836947977983327,9.704986960856424,0.06326018329444953,,-0.7300805943583946,-0.04225205915765995,0.0,-0.007150254494581593,-0.4643537298428154,0.03755080352317378,-0.9974794816480814,-0.1265179696507655,-0.19164685388693223,-0.09726197168529646,-0.19235061324071384,-0.08496757803334107,-0.12817142422733127,-0.043046721662068174,0.11300388428054597,0.04625249724502373,0.010537464000260954,0.061246515019726555,-0.6993900876735711,-0.02337514997067628,-0.43401401272142703,-0.054028541366668625,-0.6698821623801228,0.05681147067346702
q232_1321293,231,[MASK],Lyrics,Low,unknown,A,A,True,0.8483290488431876,0.15167095115681234,3.8037350006872095,0.31681278085209647,10.377370738091425,0.1821802675172418,2.8354585216079546,0.1780441140669599,10.377370738091425,0.1821802675172418,,-0.08559019790943764,-0.03513330985069794,-0.1768278599245498,0.009208062873040317,-0.22172018170564012,-0.03425102354187033,3.319596761147582,0.23822038458648787,0.6493883557332027,-0.07838070482949008,0.8868575413720299,0.11582757440612725,0.2213701767623299,-0.008851495360477989,-0.08585405122573647,0.001337290575489751,0.24953293781426966,0.00017318096138572298,0.5808047124873927,0.021819632469695906,-0.07460634336156666,-0.09206057043274994,0.40796519202603254,0.21817920627697934
q233_1321293,232,[MASK],Lyrics,Low,unknown,A,A,True,0.8736141906873613,0.1263858093126386,2.3547185977943985,0.2596595842765488,10.975559546937893,0.11847483115819171,2.2192764174327317,-0.21637771797073663,10.975559546937893,0.11847483115819171,,0.032029226560433506,0.0019389596375643109,0.13335495685713902,-0.011872420726569438,-0.06772109018083326,0.01970197351534178,2.1216133241959927,-0.22614623039707327,0.06390726703814459,0.013834612353871494,0.4943223130396538,-0.04894072832351215,0.0,0.015328573570470044,0.32447418074866174,-0.06151718459393296,0.011023914364249578,-0.013832947730817186,0.0,-0.026602630497095603,0.8893750302182484,-0.04048635946180235,0.43617371202377364,-0.0541610532879179
q234_156528,233,[MASK],Mood and Expression,Low,knowledge,A,A,True,0.805956678700361,0.19404332129963903,2.0810273121351184,0.4030139371123983,10.514568784504938,0.34476182403723193,1.559045268530946,0.3229752389364892,10.514568784504938,0.34476182403723193,,-0.10180547766136436,-0.002791419600856781,-0.15918554414072192,0.026415813260818356,1.8016880284211596,0.3365787747636254,0.01834826191187274,-0.03722792948709773,-0.29966797032631953,-0.0027598802471290457,0.4622863476950037,0.047312170880964795,0.5520707437705121,0.0767153450827972,0.5689626025136181,0.14821053678103638,0.29730241506801197,0.014572256189235577,-0.16189531653750422,0.015881431828320115,0.3336938494022729,0.02872197247687169,-0.1937074030546491,-0.005678594055607413
q235_156528,234,[MASK],Harmony,High,analitica,A,A,True,0.4770114942528736,0.5229885057471264,0.34081360959196694,0.146556621037512,9.507547445418199,0.08364559482399578,0.07607411478332521,-0.0352467917044428,9.507547445418199,-0.08364559482399578,,-0.034663216438653846,0.03352014657848494,-0.08556591338892976,0.018826448325248612,0.20844386218764607,-0.0909017063709774,-0.012140617576737255,0.0033083197628010442,-0.11106368192266709,-0.02798672472054576,0.08613333982631535,0.0,0.1592318141026174,-0.03936386950914822,0.03495482466126467,0.011596680485208365,0.0,0.0004175943813006233,-0.036919408918228695,-0.015724605865732794,0.018449529189552283,0.014209027951302279,-0.07471230215552871,0.021605105573172707
q236_156528,235,[MASK],Performance,Low,analitica,B,A,False,0.5614035087719298,0.43859649122807015,0.3329666401901546,0.28929921860945484,9.631840135105268,0.083118393551129,0.3329666401901546,-0.16977595350872277,9.631840135105268,-0.083118393551129,,0.10129129067292447,0.04071263998519954,0.006756212938860265,0.0,0.17527990395045584,-0.2295375860590888,0.04963923262791402,0.019048992565166525,0.10530676047226756,-0.01852891038729255,-0.07207851341322612,-0.025504486376836978,0.18458566914445812,0.008161721376344803,0.07833232798661871,-0.021297928797504653,0.025936363360566164,-0.05958087615576804,0.06220888187479046,-0.024640251727096094,-0.014292092911355062,0.021101444308232437,-0.037032756323965244,-0.04948666574880165
q237_270070,236,[MASK],Mood and Expression,Low,knowledge,A,A,True,0.9501582278481013,0.04984177215189874,1.7664386913953747,0.14919544328509854,11.932558945552987,0.05015069250827779,1.6440058395571544,0.03618645817154304,11.932558945552987,0.05015069250827779,,-0.02848999998644932,-0.024445223229419166,-0.030251794382966324,-0.022952472308198024,1.7052222654762645,0.09269095072832079,-0.002474631549694375,-0.009106797019160555,0.2294547855223683,0.030141758369399443,0.3179225424881019,-0.0418145898418874,0.13068860389865208,-0.019434124700629295,0.08512513822323689,-0.027519156641773155,0.2705565184202649,0.007894627037177512,0.17518448771935763,-0.008658439691026823,0.23966706647247576,0.03031338847872724,0.19540669681269718,0.06526299516155551
q238_270070,237,[MASK],Melody,Medium,analitica,A,A,True,0.8434065934065934,0.1565934065934066,1.0933417734977828,0.08354109681130964,10.225390819370666,0.009840329596639134,0.19040612338120239,-0.042119039989478343,10.225390819370666,0.009840329596639134,,-0.10124101009741021,-0.028489459889723567,-0.322979534063958,-0.03434060851067042,0.6418739484394926,0.01240236655557974,-0.02724728089692201,0.008308661855335901,-0.2760790825331251,0.032909186743211215,0.08568602501805339,-0.009391556304900624,0.16610599040917534,0.005300976702275419,0.10500132018907725,-0.05279894276269937,-0.04319749941175056,0.01740797083995666,0.03350559327784679,-0.019441776064607372,0.021863524307720497,0.005012787555528817,0.09752025212420479,-0.02111768669824309
q239_270070,238,[MASK],Lyrics,Low,unknown,B,A,False,0.8274932614555256,0.1725067385444744,3.7270296009476382,0.5587196389817544,10.137368247855076,0.03545295494480308,0.7902789912876909,0.002717119441296878,10.137368247855076,0.03545295494480308,,0.05732907974247316,-0.07827038567167507,-0.08203857401450419,-0.11130582704984283,-1.3863367308154695,-0.08842504704871076,2.2013252163751913,0.2807183792115256,-0.6552549344022918,-0.11134070734541401,0.8729213920578272,-0.08557592129855834,0.006729772516305188,0.01570789189950397,0.4904669552929097,0.07091344236636415,0.28907634171569985,0.11702461092109093,-0.6911762172671005,-0.04623651474811425,0.016085948914805734,0.06261583162176991,0.4614297324595359,-0.020391513975345454
q23_1215874,22,[MASK],Sound Texture,Medium,percettiva,D,A,False,0.5,0.5,0.6484982984890959,0.33445842744795895,9.504108978055749,0.1694326563861828,0.502390706914011,0.2820289519226495,9.504108978055749,0.1694326563861828,,-0.07305379578754247,0.04714280990096155,0.024114128181381637,-0.026214737762654733,0.15650853039073442,0.03168740770612031,0.39482184412943744,0.22941347207822235,0.09701466590057325,0.0395198895300099,-0.031070272966150544,0.0958786715878035,0.0057080036779560694,0.054875171183281356,0.024114128181381637,-0.008192660674553648,0.059720963914101095,0.02495730146349892,0.1287730620788172,0.02401122990109847,0.06468885420187201,0.008980512384373869,0.15344130192546035,0.04199883654713711
q240_1163315,239,[MASK],Genre and Style,Medium,knowledge,A,A,True,0.5630252100840336,0.4369747899159664,0.9001164713346818,0.34540602649478336,10.136784840093279,0.0984463083162551,0.6722198119903761,0.2315460185796417,10.136784840093279,0.0984463083162551,,-0.09021038871898457,-0.056930003957570814,0.2901614746731979,0.08025077851805174,0.496006666989331,0.18788833647356476,-0.023737940953168307,0.020336907545596004,0.06708898298833772,0.04196525304037879,0.2349843061029092,0.07701856598689366,-0.04494925024756461,-0.009807447089774782,0.15245899036384986,-0.0011442552064202527,-0.0014022185766481496,0.00752458596757841,0.08359592867274848,0.027948496342202644,0.13919028784434478,0.04039052878594774,0.04125278484239878,0.04765029075283547
q241_1163315,240,[MASK],Metre and Rhythm,Medium,percettiva,A,A,True,0.7916666666666666,0.20833333333333331,0.3432402456593335,0.26772017868272635,9.62633358540776,0.015201897762288837,-0.24569919774854418,-0.12087531961953289,9.62633358540776,-0.015201897762288837,,0.04877052395539465,-0.11574108823842039,-0.0704581019628143,0.04175572312582365,-0.06238184906134845,-0.07855666091270926,-0.16162977067977607,0.031666706405773085,-0.052567616084391464,-0.038050503784462814,-0.023359236136350797,-0.0510003421969359,0.015671446575554804,-0.017596822434913676,-0.11429034519808748,-0.027241724038255803,-0.050994256547550285,-0.044883821327902085,0.0,-0.01454449454272024,-0.035030972562178776,0.00045639075041283873,0.014871782204459803,0.07198599795524478
q242_1163315,241,[MASK],Metre and Rhythm,Medium,percettiva,C,A,False,0.9580573951434879,0.04194260485651215,2.20806781126491,0.41659058595619997,10.783395100263434,0.13834545522995073,1.8316413036991719,-0.034289585287804666,10.783395100263434,0.13834545522995073,,0.20520714368506865,-0.06531714688657181,-0.18821325378286918,-0.16012293873543051,1.1145921437853752,0.1622899203323273,0.7000552700115972,0.028860580001870348,0.03325845023899779,-0.03946215232368787,0.5639222462830552,-0.07660243454955397,0.0,-0.020197184166303242,0.46653762201130655,-0.034937718592283694,0.061121953250235825,-0.003272740551698669,0.08848302676225939,-0.029028151969469635,0.3464388803776553,0.04268347181326211,0.2718791247756616,0.1265273250519303
q243_78733,242,[MASK],Melody,High,analitica,D,A,False,0.8116883116883118,0.18831168831168832,1.4175769885327716,0.2239497052388292,10.155251823048166,0.0448405662132431,1.153758919748646,-0.12376408770643649,10.155251823048166,-0.0448405662132431,,-0.09734548769154772,0.041384503085750056,-0.03456354670051514,0.008708305680446296,1.0644415885312197,-0.03047884185015927,0.22122636560948916,-0.14337805462247358,-0.01497718115846404,-0.00938498620922416,0.21417361494732456,-0.040038865582488474,0.08029695300792673,-0.05439129100673923,0.198828846003194,-0.07679592257034717,0.12779878454572663,0.03591946773252999,0.36447272510768813,-0.06222304137904058,0.12234909345823348,0.042936063842348104,0.06081608383701663,0.040214487466525034
q244_78733,243,[MASK],Instrumentation,Medium,percettiva,A,A,True,0.891304347826087,0.10869565217391303,1.5451973237216357,0.25138863196753336,10.425430841101155,0.0029698539850524872,0.45657924954602713,-0.18319261095660608,10.425430841101155,-0.0029698539850524872,,0.0503313220942968,-0.03355492405198154,-0.01802126618627417,-0.028085051688872906,0.9505569645395345,0.03409801050546363,-0.52628777090153,-0.15565064572121526,0.1526027917393573,0.0,0.42566957463424215,-0.00440064303549248,-0.004477085200110004,-0.017654989239205637,0.21885302368105614,0.00419910224973399,-0.12545916825738443,-0.06416474240798477,0.03649994134291723,-0.0325995436201751,-0.1566208585882451,-0.02540572339019807,-0.0904889698058061,-0.043166071513283985
q245_78733,244,[MASK],Harmony,High,analitica,A,A,True,0.8170731707317073,0.18292682926829268,0.6460392844679295,0.13278725863338858,9.356056356432624,0.04228073717933546,0.6127833460776904,0.008600690593186015,9.356056356432624,-0.04228073717933546,,-0.016627969195119618,-0.011160373280657441,0.0,0.0001146465121115766,0.46760468090448126,-0.05093291073944385,0.16180663436832865,0.07057932810117573,0.18418213892634774,-0.012228549753001838,0.16451475952562555,-0.03766232890611939,0.13767576848461102,-0.034505595698018914,0.09617883485593434,-0.003453003993612447,-0.027629182301776425,0.018306188706582786,0.08790675365613101,0.017733519302858568,-0.01755082019083728,0.011513907827344766,-0.012494906878345622,0.04889655310715249
q246_785425,245,[MASK],Melody,High,analitica,D,A,False,0.3125,0.6874999999999999,0.24093793101690755,0.15372310330896158,9.610389694645596,0.12556188587334952,-0.07821408658485716,0.15372310330896158,9.610389694645596,0.12556188587334952,,-0.026568790491257505,0.002703504688502934,0.07063457301547049,0.009341516426015689,-0.13300721830962486,0.13905924860481045,0.010727349200554705,0.0026188335896324896,0.08632845812743113,-0.042699781879234025,0.019196181411306256,0.02674816854245239,-0.029770214175159022,0.008877759685082724,-0.014348342405120715,0.047966991176107206,-0.06342215021888656,0.03559046572597728,0.0,0.02031200910987866,-0.037756760400093466,-0.01619069254884986,-0.03844125892433482,0.07311818349754719
q247_785425,246,[MASK],Historical and Cultural Context,Medium,knowledge,B,A,False,0.17582417582417584,0.8241758241758241,0.9854783296335196,0.37271042992171466,9.51990150581273,0.02083487567304266,0.22154410781033876,0.37271042992171466,9.51990150581273,-0.02083487567304266,,0.023266460175514897,0.026446682856964804,-0.37243427483903346,0.1126094566169931,0.5802447585464142,0.2189430808474557,-0.009532836072556925,0.014711209600301057,0.25895790412055386,0.022355136518974278,0.05374295203259313,0.0,-0.12383273254303079,0.028590777587266046,-0.01364689970406501,0.02837309752501923,-0.028728116858790002,0.07662558387222836,0.006980172793864009,0.07119028755751756,0.0019389085904608638,0.05493142878828037,0.06613191937875272,0.09064411807242882
q248_785425,247,[MASK],Musical Texture,Medium,percettiva,B,A,False,0.6602564102564102,0.3397435897435897,0.51621315619254,0.15371795184913345,10.497217174664307,0.07475618851108838,0.3416044828323724,-0.1389977977778341,10.497217174664307,-0.07475618851108838,,-0.07539137180321863,0.007360077035649687,-0.011912964876865183,-0.07855786063937736,0.4289088195124562,-0.06350518865583554,0.0,-0.004294825518270868,0.05912013695190423,-0.06914716715526671,0.04677398327741724,-0.02553952258819075,-0.008773402466163156,0.0088115572090044,0.006717701406817591,-0.023852906958941263,0.008041605160781775,-0.011599671469369579,0.029148435600403227,-0.0052645738269650275,0.07950055200412987,-0.013445748027017685,0.12107547089708161,0.0010402350389125212
q249_6730,248,[MASK],Lyrics,Low,unknown,B,A,False,0.9057815845824411,0.09421841541755889,1.3130577588952843,0.46782392271020845,9.97063563858494,0.3270054569560067,0.8516766495118435,0.4525505665708696,9.97063563858494,0.3270054569560067,,0.05955497893807765,-0.007636678069669389,-0.2306905546917204,0.0039020095559139864,0.15910770953940503,0.020692935351205147,0.8637045157260812,0.4355922997334199,-0.051999794610547066,-0.0463949715876763,-0.17199209737791826,-0.030162210178437458,-0.14941322505734778,0.08419246397259053,-0.10203877507185613,-0.024994551177224295,-0.3382039762737368,-0.029221234934737994,-0.0785044437804407,-0.008356332177490412,1.630906888753698,0.29028326738462795,0.112922072929992,0.2172041352692176
q24_1215874,23,[MASK],Metre and Rhythm,Medium,percettiva,A,A,True,0.795774647887324,0.20422535211267606,1.6317028820115476,0.5568394662869331,10.511574699309172,0.22293601808499597,0.91198742622174,0.42676958565031015,10.511574699309172,0.22293601808499597,,1.2718451541166438,0.46391340630882877,-0.10796105327558764,0.027891119659792893,-0.06878319485686535,-0.0021249345662106636,-0.18311347976245068,-0.06291000575210086,0.021445212434721556,-0.02069958854172315,0.11717675419137405,0.007999801323477905,0.14641327990235475,0.06924820336045104,0.2149564715613186,0.13526580999004156,0.18426474658847114,0.06542166541177244,0.2603159710041272,0.0026525355202690025,-0.13470818003154245,0.08254416228696608,0.10212317057091544,0.08433699629905529
q250_6730,249,[MASK],Harmony,High,analitica,B,A,False,0.6352941176470589,0.36470588235294116,0.49854592029852846,0.09028886481767852,9.737114425602917,0.07778174521897974,-0.005350825656159297,-0.028795632015413547,9.737114425602917,-0.07778174521897974,,-0.00726881024835788,0.011325820115980424,0.006626849442284444,0.019420796285152062,0.23997069787890013,-0.007749690720988377,-0.244679562728986,-0.051792557695557656,0.07966187778498696,-0.06786024049766086,0.03065603987750884,-0.036618205680391105,-0.06517426502268404,0.0,-0.1558488441172071,0.005504698592322959,0.04392854512960612,0.04256882162341482,0.009935165592430276,0.0025835250669244015,0.02805678105798523,0.008954596797479288,0.023433874041214404,0.016071172082496955
q251_6730,250,[MASK],Lyrics,Low,unknown,B,A,False,0.7772727272727273,0.22272727272727272,1.3921205374889563,1.054339193384362,9.803650306474497,0.5564007346744905,-0.005994118131623094,0.9444378716800937,9.803650306474497,0.5564007346744905,,-0.13337180708259228,-0.016754853770518687,0.18292015200383135,-0.03819580708161538,0.5101430576748353,0.08661079184883949,-0.5656855207276974,0.9127777406833884,0.08650808946777189,-0.016754853770518687,0.31775437109307664,0.03433907614880421,-0.1523283779611688,-0.06461025232717982,-1.4590295441811199,0.19956171155820432,1.8017304030200476,0.671063571838231,0.058037033428092646,0.04044554531510727,-0.06586867480476104,0.01779075226244668,-0.592797418193562,0.06260232065499882
q252_231013,251,[MASK],Genre and Style,Low,knowledge,B,A,False,0.8798165137614679,0.12018348623853212,0.6415600220553923,0.6723693919801237,9.585334755811717,0.1506168248178981,0.050236950513470546,0.13282776518495448,9.585334755811717,0.1506168248178981,,-0.03576352312694192,-0.04615183366109261,-0.002366782987256996,-0.09185925939852664,-0.25753122965676195,-0.1317597203379653,0.34589848628443143,0.40259857858253906,0.05659865595555674,-0.1296518892384614,-0.14246933989323357,0.0,1.3648246556750936,0.24644839332919904,0.9127184186817735,0.07960580126608277,-0.3073288538664215,-0.03377711895342386,-0.49210235773176586,-0.053809233363068906,-0.6745009188033227,0.02220309959912884,-0.6675033095042098,0.0018087125454980361
q253_231013,252,[MASK],Instrumentation,Low,percettiva,C,A,False,0.6150442477876106,0.38495575221238937,1.96155564112261,0.3293467225443666,9.356790808148718,0.05290208862286145,0.3152855718787261,-0.08166978708975953,9.356790808148718,0.05290208862286145,,0.8342245819278409,0.007930513452250126,-0.8187827573033856,-0.02219238444225533,-0.004352277318556461,-0.18331587037480773,0.30419602457282724,0.1159079542750534,-0.11132507520769185,0.029801351283541715,0.34683567431585904,-0.038195470980374235,0.12829433014259567,-0.01805691888177199,0.12887139621582305,-0.0644745230466594,-0.1328873677857467,-0.017280543231795047,0.0,0.004145079314563368,0.1507175325121004,0.04734432563858483,-0.19522091831421354,-0.024953087185848762
q254_231013,253,[MASK],Mood and Expression,Low,knowledge,A,A,True,0.6254125412541254,0.3745874587458746,3.3280693510675503,0.7008253697486526,8.851238646703624,0.12013050676728232,-1.5168749543231843,0.5612137862989621,8.851238646703624,0.12013050676728232,,0.05867387111440603,0.07108769863570553,0.12208600313892697,-0.06980579172484523,0.7248373241188502,0.3808604935342996,-2.4224721526953674,0.17907138585380225,0.15665544727653904,-0.06980579172484523,0.05482583812137051,0.08966957180989664,-0.3059504954143954,0.01481758671385517,0.014541656968656058,0.06032838454215001,-0.09028496322497861,0.0980077549327453,-0.24461083584008836,0.1430505996260258,-0.6920027043569931,0.025320017325012274,-0.4100488978532941,0.1998256630741222
q255_266919,254,[MASK],Sound Texture,Low,percettiva,B,A,False,0.5514705882352942,0.4485294117647059,0.6066141504684862,0.08717941327183809,10.192068703118128,0.004553839903324556,0.6066141504684862,0.06344955500607061,10.192068703118128,-0.004553839903324556,,0.11124397387691198,0.013849315210780092,0.2944491408404589,-0.011864929132883735,0.20092103575111528,0.03848748544184752,0.0,0.022977683486326735,0.17819087694249364,0.009255715134507164,0.08625868852759255,0.005347965433354283,0.06942112759131,0.00139677882865674,0.041791443157704375,0.0048359442609674005,0.05702416449145614,0.01734150127585275,0.03244193863578569,0.02200469429872944,-0.002181193131345599,0.0,0.14366710425348939,0.0032669557740028343
q256_266919,255,[MASK],Melody,High,analitica,A,A,True,0.8696969696969697,0.13030303030303028,0.7961013289835102,0.1880968116178131,9.46758444281472,0.043682592211833786,0.20747581848169833,-0.0012462893837559361,9.46758444281472,-0.043682592211833786,,0.2895761788520085,0.08248772199439602,0.2122123948805957,-0.051933701911427155,-0.2943127552509059,-0.04273784858935736,0.0,0.010937539122632558,0.33701233292782606,-0.02513017250258691,0.010192873008907422,-0.020672554897141673,-0.03113065226113791,0.014564157436519494,0.04240922057989478,0.008911241246186337,-0.013386198014723905,0.028286244274823354,0.13683670582198423,0.02965596598806477,-0.08853821092919369,-0.030201347523451508,-0.1859202526518587,-0.006659823406169786
q257_266919,256,[MASK],Genre and Style,Medium,knowledge,A,A,True,0.8106267029972752,0.1893732970027248,0.8875717858052858,0.4421397488195326,10.284894492901158,0.1544413364038212,0.8875717858052858,0.14766424799175298,10.284894492901158,0.1544413364038212,,0.6245247659109,0.09144158374698402,0.14626488459288228,0.19065181571258244,0.11678213530150344,-0.1472377504138898,0.0,0.012808598946076331,0.10210023954349855,0.03672507615282398,0.25252035513206605,0.0257620639701476,0.16480693988040687,-0.02241676766637379,0.14133713927600633,0.0,0.07685437673978353,0.03992845777326684,0.036566212059578,0.058271317170466796,0.07721323093899242,0.027313175452928752,0.036173292234953976,-0.017919074861507168
q258_349850,257,[MASK],Historical and Cultural Context,Low,knowledge,C,A,False,0.89375,0.10625,0.6566107455700742,0.1938736777957144,10.272665273629304,0.04136595650946977,0.2128453970226951,0.09113757269650297,10.272665273629304,0.04136595650946977,,0.23338855280451198,0.056866652396151865,-0.06050577727674867,-0.044642804851763314,-0.16137689699694086,-0.0067252476978424125,0.20133951849187262,0.08563897284995682,0.05238921924176193,-0.04320955428913312,0.022098517045991938,0.010295109372807936,0.026896633829993983,0.0,0.10114129506769706,0.0742582188336901,-0.16821168743455595,0.0,0.11864687029145776,-0.03023596921577412,0.059884548980348375,0.03933126484784508,0.0,0.04069850314706709
q259_349850,258,[MASK],Sound Texture,Medium,percettiva,A,A,True,0.7900641025641025,0.20993589743589744,1.0045830680797487,0.34622160860302204,11.854195609371532,0.045233916483825305,0.38533375390948277,-0.027198752729213738,11.854195609371532,-0.045233916483825305,,0.2099357775233053,0.08254291110328627,0.06837373399159247,-0.09592766818036245,0.41664889947971795,-0.09078251248575542,-0.309624657085133,0.07696851683361787,-0.058945584745354634,-0.035963475930894856,0.10586327097853837,0.012433360128586916,0.08695502667232748,0.0,0.14077189892149441,-0.00859850802534508,0.06275361269949373,0.018640912249124925,0.09358698721244972,0.022880152646402238,-0.05305432016006069,0.0,0.007402862330594277,-0.03659119379708786
q25_135660,24,[MASK],Metre and Rhythm,High,percettiva,B,A,False,0.4959677419354838,0.5040322580645161,0.6395969584537347,0.4965874404964216,9.93172942038927,0.17868183683608527,0.02977937240841394,0.4965874404964216,9.93172942038927,0.17868183683608527,,-0.014577819806579836,0.11462386489874639,-0.10252299919420964,0.0,-0.18780797402187094,0.039620961628415996,0.3346881654310743,0.34234261396925925,-0.07341298354564005,0.021603792525588188,0.06124144711918343,0.034893473124271775,-0.028912733310475877,0.0690928566610988,0.12823416091942413,0.06003805690141342,-0.10031559934053047,0.045742802619720996,0.12279140389080964,0.06787310689324488,0.004052094422881743,0.038298003333529895,-0.08389841774723866,0.15904534843755375
q260_349850,259,[MASK],Melody,Medium,analitica,C,A,False,0.7394366197183098,0.2605633802816901,2.9434083533339326,0.1666887264249245,9.774911653300837,0.0699543910819099,-0.11178082648693399,0.037486692956351,9.774911653300837,0.0699543910819099,,1.415813763423499,0.10208770969063774,-0.10953299238348248,-0.026769590406485785,-0.6126588632120762,-0.02729583504503819,-0.8054027343148744,-0.010535591282762768,-0.03692538801125253,0.01868376268039549,0.1455154986731938,0.062389509168370494,0.005386775619536988,0.021921103468435288,-0.10953299238348248,0.01459656771452905,-0.12520706367253168,0.0,-0.09194709107329255,-0.024060112634516267,0.012522174903510597,-0.018717385854770233,0.08840725945738392,-0.03732675158609282
q261_924963,260,[MASK],Mood and Expression,Low,knowledge,A,A,True,0.7172131147540983,0.2827868852459017,1.0149406131500918,0.1889346216815462,10.409888729532907,0.07498220382377443,0.6795459433666688,0.1889346216815462,10.409888729532907,0.07498220382377443,,-0.03786506108197131,0.040299918573696664,-0.03977966310080862,0.0053451445754591174,0.8472432782583803,0.13366529391119436,-0.09005261070893161,0.009624264621196059,-0.2138921985504117,-0.012269868520983704,0.16716158732302727,0.054638657227765286,-0.19470692941635948,-0.028391470171775107,0.07121693896991768,0.029380068863336148,0.0861635172988671,0.055909180541787146,0.01087385112538914,0.041838996267051884,0.45693670729677593,-0.011632767824800754,0.29579246931946274,0.0594618252991653
q262_924963,261,[MASK],Mood and Expression,Medium,knowledge,C,A,False,0.7925170068027211,0.20748299319727892,0.3085842029282256,0.0705403313782085,10.375857204187952,0.000627795103520513,0.07385244080316705,-0.010661791188681182,10.375857204187952,-0.000627795103520513,,-0.06525355266445118,-0.04060106128344484,-0.0218893271677517,0.0025598469631864353,0.19121832186569632,0.021300777995438905,-0.030223001230326375,0.006078645136138312,0.12444419975080664,-0.066644583009599,-0.058356354144763624,-0.04093989052569628,0.06594772967114991,0.056263349951461476,0.01387600470892433,0.0,0.022085636962673395,-0.004224587720296499,0.0040691614733640805,0.011601823136617576,-0.01978758215164185,0.01776211464669927,-0.07842635546734583,0.015519982332132254
q263_924963,262,[MASK],Genre and Style,Medium,knowledge,B,A,False,0.8691099476439791,0.13089005235602094,0.6340350796465852,0.19403389512825936,9.9162707244233,0.06932064073274652,0.6340350796465852,0.19403389512825936,9.9162707244233,0.06932064073274652,,0.023725939209888174,0.006143835676568778,0.04003600245730822,0.0040367832292337,0.513073699890528,0.14725992523015233,0.05719943808886084,0.03659335099230453,0.08361896623292779,-0.011483354054699928,0.036616425767520264,0.038903440573138805,0.007402393205386149,0.04539862525175484,0.12566535268039547,-0.00017311919720836705,0.11456197819766442,0.0412392073526609,0.04509571022051608,0.029464745568613268,0.06607404550342619,0.016502133870720564,0.15500020783874882,0.034182215763279275
q264_1138775,263,[MASK],Genre and Style,Low,knowledge,C,A,False,0.8899082568807339,0.11009174311926606,3.316454518552892,0.3227225642051237,10.011618779051684,0.036382531538732686,2.4111309711749627,0.19343844437022462,10.011618779051684,0.036382531538732686,,-0.3827962871610727,0.04822850160114178,-0.06986548652789192,-0.009627703301600449,0.20705232606885482,-0.05501435661584908,2.6567404187950725,0.20985200268653237,0.3873756934114374,-0.027080971251959365,0.44358807701922,-0.04492515840473314,0.38613091272439326,0.03517819408663476,0.2321092399605491,0.052052880261531084,0.09660096871333033,0.012294076638389146,0.13663799851790392,0.023100888927554873,0.10197494199811574,0.044325106592725476,0.626713138830013,0.0984934275200818
q265_1138775,264,[MASK],Instrumentation,Low,percettiva,A,A,True,0.5864661654135339,0.4135338345864662,3.0408377583325366,0.38487831975899106,9.16243948208173,0.12073704736594972,-1.558965455209214,0.3000232736444398,9.16243948208173,0.12073704736594972,,0.5504973125842831,0.001685543553666194,0.19043883897737807,-0.042427523057275617,-1.2855037991234297,0.15565607320678934,-1.0143978076474456,0.18510917994125992,-0.3455224231957585,-0.0243157344179675,-0.004228445404963796,0.026613911109953505,-0.31488951039112717,-0.003720465899693857,-0.3717344148816862,0.06056675355899725,-0.29544795632306564,0.026033734616131447,-0.23818057706388918,0.018616004907578983,-0.11124811097824333,0.08817610871422912,0.12228598302951961,0.10805296105521088
q266_1138775,265,[MASK],Functional Context,Low,unknown,A,A,True,0.889269406392694,0.11073059360730593,2.3399639832643815,0.20777217354209926,10.762668329451815,0.2214821717617158,0.7766142418837413,-0.20777217354209926,10.762668329451815,0.2214821717617158,,-0.19096658209468012,-0.020957173205179654,0.0,-0.031708992211752524,-0.5907082885956401,-0.02942320725177205,1.5582891125740614,-0.12568280087339503,-0.21256949965814215,-0.017671780018922195,-0.0714105262399353,-0.11891711478484937,0.24333384059402982,-0.047422023655002095,0.24373940851876447,0.0031568305290259543,0.011747211728115062,-0.0868224124164862,0.2351762606324744,0.0687928276701706,0.3648048739871968,-0.023637747193732316,-0.03820732767876193,0.014749246327696343
q267_1070646,266,[MASK],Instrumentation,Medium,percettiva,D,A,False,0.8928571428571428,0.10714285714285715,2.161016515067873,0.2621567985722256,10.074560094913162,0.026558784437252746,-0.2752433291901774,0.03786434304481989,10.074560094913162,-0.026558784437252746,,-1.2181299221290252,-0.09539885402544183,0.09312909517523664,-0.013924787393190596,0.8451857128981424,0.15001057080852276,0.0045717848654687684,-0.0028225863450704325,0.002942723600815718,-0.031430732718252745,0.037421621515946496,0.0015824211050707894,0.12364255435301293,-0.01422929103372086,0.07754049229664609,-0.020093085004734584,-0.2271345332876399,0.012169720148439431,-0.17792510552918922,0.01008302095115651,-0.12543468529474347,-0.03126800745505851,0.01370360315497407,0.11105029705191985
q268_1070646,267,[MASK],Historical and Cultural Context,Medium,knowledge,A,A,True,0.9269662921348315,0.07303370786516855,1.242773125556333,0.1048643778349846,10.917597931223078,0.12896251597241312,1.0206623548213027,-0.04843371033840837,10.917597931223078,0.12896251597241312,,0.42831092716365854,0.006857782700823736,-0.11105538536751507,0.011509271045305766,0.6905328767288297,-0.07664904408669648,0.012873936296329769,0.009848280002158616,0.08558194739006894,-0.027808957801397964,-0.13425516632556295,0.015482638535343101,0.06836367444588719,-0.027417676627701344,0.5005310568177609,0.015224333381402467,0.29868028690803494,-0.027377060468761434,0.12398389630791481,-0.016276818967108975,0.021851914279200274,-0.009514569443265682,0.055924744997998856,0.02925440105308147
q269_1070646,268,[MASK],Melody,High,analitica,A,A,True,0.6911262798634813,0.30887372013651876,0.6696168132456584,0.36704149630865757,9.730087042902566,0.19309437539842325,0.37013817635243,0.2912975619347741,9.730087042902566,0.19309437539842325,,-0.07565360943077416,0.026770369429694584,-0.07408570901584005,-0.03787196718694173,0.5198774947990442,0.2899012157510552,0.0,0.012497943940966011,0.07799727981371005,0.05617271630327602,-0.05396231105528969,0.03575713822937471,-0.02556798995332385,-0.04080406441231417,0.23371391330053248,0.056274530638430985,0.06281961062082615,-0.03918333884705521,0.046219560313923325,0.01488525885870025,0.04865634934177193,0.05324158411394414,-0.019738236029720458,0.15495373705041732
q26_135660,25,[MASK],Melody,High,analitica,B,A,False,0.411764705882353,0.5882352941176471,0.7647740098465716,0.3531532823818318,9.227938810715957,0.19596304002084192,-0.5234939014374791,0.3531532823818318,9.227938810715957,0.19596304002084192,,-0.21553208686268638,0.07316931532628149,0.07801504715924183,0.045957783807263744,0.04262500704530442,0.011596765602269785,-0.4286018687793389,0.22242941764601679,0.0,-0.006943168557436215,-0.03224255780664888,0.03179046707124653,-0.14898828864743424,0.06815207867841593,0.030120034436414717,0.023361752124262454,0.0,0.026594149594827057,-0.0346540498051777,0.023400157000530573,-0.0459797245613764,0.03265622252881265,-0.2917493150532566,0.1541416239411728
q270_17954,269,[MASK],Instrumentation,Low,percettiva,C,A,False,0.9035947712418301,0.09640522875816993,2.0465825150514285,0.33086145995451616,10.192152119219909,0.019330916794395917,1.8549926440924644,0.18828030965611547,10.192152119219909,-0.019330916794395917,,1.245990077529566,0.1651713906851328,0.18123387387224688,-0.07129057514920033,0.5235636281701335,0.06792571460924815,-0.09579493547948194,0.02647377951093484,0.46734890119330635,0.05593522394601608,0.0,0.012396568590539928,0.13664069029923717,0.026197150073752756,-0.07655260169699864,0.0,0.3647903318741142,0.06422693579587994,0.4182108735476656,0.053445971043519176,0.2797872311239228,-0.019259644956701513,0.2647672177512169,-0.004661894836890891
q271_17954,270,[MASK],Performance,High,analitica,C,A,False,0.3913043478260869,0.6086956521739131,0.3613610700328135,0.25019334950746175,9.284058527142454,0.031238733526112866,0.14814098446904897,-0.096576349052448,9.284058527142454,-0.031238733526112866,,-0.06815775570334001,0.07680850022750688,-0.00997444575686995,-0.10536077672987426,0.25475102725093124,-0.05516623346070638,-0.028477841321672297,-0.012857839089374235,0.06495995299460386,-0.05100314519297195,0.011551076560557094,-0.036692441422044086,0.029000261055532366,-0.012254349722907095,0.052574135719639835,-0.03200458871536635,-0.07392572562943671,-0.035821908450233045,0.059726225256931484,0.0276921591143037,0.0011976976692471102,-0.01405620897448258,0.0030573608419739197,0.057564134311253415
q272_17954,271,[MASK],Harmony,High,analitica,A,A,True,0.6241379310344828,0.37586206896551727,1.1706864565232051,0.17928369960700932,10.157692689325872,0.04728143235329132,0.001805570497498566,-0.03519166444141617,10.157692689325872,-0.04728143235329132,,-0.4540705225071809,-0.10723768202421274,-0.13036992050567237,0.0026220611318035873,0.5638877139759737,0.06542882542739639,0.022358299534378113,0.003995131023596587,0.015427850457768875,0.15505852173373333,0.07117629233597016,-0.02070109765881084,-0.11212844629744781,-0.040612183012659286,-0.018157679084436128,-0.03639305884804078,-0.08329737699930898,-0.028957009450670704,0.06458797803437073,-0.03940841638764963,-0.0186931721684708,-0.04722637332660796,0.08289012421905255,0.023047952509289718
q273_1131366,272,[MASK],Melody,Low,analitica,D,A,False,0.8693181818181818,0.13068181818181815,1.1104989467586424,0.12840423608623447,10.301771900246944,0.004130805605486133,0.2982652020984404,0.12840423608623447,10.301771900246944,-0.004130805605486133,,0.060566226318183605,0.02711055724135153,0.07089414812495212,0.018018840832498294,0.5729216999854057,0.007630742346813935,-0.406116872330101,0.0756440956655707,0.13669754964978809,-0.0434590783044083,0.12737318580570162,0.01035132013145825,0.042062921935708535,0.01002471292841794,0.12978284563103287,0.01703103699339931,-0.2085405690291779,0.009743576722159381,0.030529175226397896,0.0023087851050875574,0.06036929051686147,0.019769600360438774,-0.020009197637872206,0.10263428214968155
q274_1131366,273,[MASK],Harmony,High,analitica,D,A,False,0.8467741935483871,0.1532258064516129,0.8160749702122452,0.15992108720078818,10.208171181127646,0.03534997901814714,-0.0750838528408721,-0.11949627833552535,10.208171181127646,-0.03534997901814714,,-0.04233105729424008,-0.08213901034656093,-0.08321483828519861,0.003279179393078046,0.3704955586856865,-0.05756967242159584,-0.32003351594711993,0.016933225039553367,-0.0014537042275102469,-0.16168265091830047,0.006056238124207636,-0.01769398292874485,0.12486065365203308,0.03304816132752401,-0.0703473533180459,-0.014453834013469818,0.029623060605155453,-0.009612761518643055,-0.0345218833342923,0.0172432483897062,-0.04331354757623825,0.029728742811493833,-0.08598731676618161,0.003926798514908779
q275_1131366,274,[MASK],Mood and Expression,Low,knowledge,C,A,False,0.7650602409638554,0.23493975903614456,0.5514973395346623,0.21401109083374,9.515810247769911,0.0953214410057767,-0.2629041155659099,0.21401109083374,9.515810247769911,0.0953214410057767,,-0.05869091436837918,0.0063187049136545345,0.0,0.03715824753033788,-0.3485098131819069,0.07163970261868356,0.14429661198437616,0.09889443577106402,-0.02082139204152853,0.03980777566571434,0.027852461270102477,-0.017825704819855848,-0.028664922437702297,0.007975127729535592,-0.07406835345104965,0.013130954313446828,-0.001221328955401925,0.018052040989491307,0.023159590964963013,0.058247860941562916,-0.14656796009878106,0.04813939719782637,-0.042572210816511934,0.04648363881601851
q276_30259,275,[MASK],Melody,High,analitica,D,A,False,0.8072289156626505,0.19277108433734944,1.0729895240484546,0.17854194239343135,9.401478222875133,0.039298469368715595,-0.5792757892141204,-0.15458934175110015,9.401478222875133,0.039298469368715595,,-0.07426715359003022,0.0038176907687655567,-0.005502019565774365,-0.02757525231344278,0.24685686741716717,-0.13899038975882297,-0.746363483475483,0.00815860955240006,0.3508343897637663,-0.11984586262944778,-0.1208218056968551,0.014062474370351113,-0.1340325992940138,0.012372915537767008,-0.11321581976689443,0.00012944220228873135,-0.05637532818595074,-0.027025621942309126,-0.17158853298304985,0.0,-0.11863765823060123,-0.007677586786707493,-0.2154384348205215,-0.026605102503042592
q277_30259,276,[MASK],Functional Context,Low,unknown,C,A,False,0.7737642585551331,0.2262357414448669,1.1291170389902,0.6107261046301982,9.189449167760635,0.1720427362491626,-0.5536216099093139,0.5715749627036493,9.189449167760635,0.1720427362491626,,-0.11683991597768834,-0.016291899805138434,-0.15072712574379327,-0.003283671158136027,0.28774771454044307,0.04429046846135641,-0.5738022827282754,0.5468600652055673,0.6231103468544297,0.10767340094500263,0.3234277251095735,0.17390973202213642,-0.10808009835285265,0.1083367266325415,-0.3845312282757915,0.023824555653730036,-0.11779362871910318,0.0678129421741635,-0.7715380345872466,-0.0645750270260839,0.2544490638436683,0.14900215489401994,-0.37266575578199146,0.005590477408139172
q278_30259,277,[MASK],Lyrics,Low,unknown,A,A,True,0.9009900990099009,0.09900990099009901,0.7372789264333912,1.6308456205469593,9.871374027368168,0.8501395022643138,0.7372789264333912,1.5286112716501148,9.871374027368168,0.8501395022643138,,0.3176292828840289,0.11150483110410264,0.12030215523687254,0.08932964602155316,0.2546993508376829,-0.05111717444842225,0.04464813747480689,1.3788939689728812,0.4551044742660657,0.09164722895872776,0.06515032862662859,0.06933723895851927,0.0,0.08769999684216753,0.4363524082194713,0.24761520898901832,0.637739472348475,0.3145744622046474,-0.9493484990155507,0.31568710219378604,0.05145715352683799,0.28457122753750214,0.040823588461463466,0.11747880596574634
q279_617329,278,[MASK],Instrumentation,Low,percettiva,C,A,False,0.7349726775956285,0.2650273224043716,1.0716197046123412,0.31524377022223593,10.07607605680756,0.02807474598779936,0.31582817005127395,0.0463051131299238,10.07607605680756,-0.02807474598779936,,-0.21801619756126076,-0.04471462162747754,0.06667676568044949,0.0017382361260153065,-0.1598795697192729,-0.08975470691867851,0.6270471716513581,0.17903620555006455,-0.2019283139577681,-0.08960359461807474,0.090038504168834,-0.07094844318711252,0.15141503885055582,-0.03076009526584146,0.1482601605912115,0.07835969935552803,-0.0050108915923206335,0.04526668262806219,0.0,0.002095933607561192,0.05635641012909634,0.06214405917368214,0.07669726186166508,0.049750871436119
q27_135660,26,[MASK],Sound Texture,Low,percettiva,C,A,False,0.5169491525423728,0.4830508474576271,0.4014376992131833,0.15087430296403992,9.219303224739473,0.017368787680412914,-0.13382323219494013,0.13427125418201505,9.219303224739473,0.017368787680412914,,0.1338072335091216,-0.00135278402189902,-0.06364197224030321,-0.006948740369113419,-0.050994035610386027,0.01127132890894065,-0.15299445785337248,0.13130144966408683,-0.10036655779407225,0.0019156394912225108,0.07493112504927261,0.037340329824413224,0.02093902081868145,0.011936382122780503,-0.09863593492419583,0.027084749968381134,-0.029811071284679913,0.0,-0.03236906895524945,0.024765542683897624,0.018278709946836467,0.013547291845577814,0.013210544948466765,0.017681318245742223
q280_617329,279,[MASK],Lyrics,Low,unknown,B,A,False,0.5290697674418604,0.4709302325581396,0.4200217057771344,0.4337746527870947,8.916879031655519,0.05466669541829738,0.08635421156306888,0.4337746527870947,8.916879031655519,-0.05466669541829738,,-0.03174565780090906,0.025284607748840403,-0.039650619493424986,0.031201466392175217,0.25318795867010163,0.1037830152213464,-0.09543746981269871,0.2735055634247327,0.006742403702244458,0.027656123505404924,0.04594890430762591,0.035443902614886544,-0.038002776027979274,0.13072856548140266,0.08808231606852387,0.11780159562193145,0.0,0.046031576200111404,-0.04291528896870021,0.022675879125823063,0.06194077180569278,0.03656343138501617,-0.03544211932433864,0.016873578852518487
q281_617329,280,[MASK],Performance,Medium,analitica,B,A,False,0.688,0.312,0.7360948128225631,0.4392485553892695,9.707542484211084,0.09641079510618315,-0.6607648815845182,-0.4392485553892695,9.707542484211084,-0.09641079510618315,,0.011866799221440717,-0.014017127879359463,0.025798166397581757,-0.03768886499950665,-0.13418561383198493,-0.04836810979998024,-0.5642442333715557,-0.3391744527104231,-0.011612101195753642,-0.22963756034135274,-0.10965039972784804,-0.013762389640075019,-0.027506015811713753,-0.032862117138843336,0.02907112757032072,-0.07010275978266547,-0.064166981105086,-0.028850144852423338,-0.08090393373722335,-0.017096186689780947,-0.05656078103572366,-0.029573762035627595,-0.3394357965414904,-0.017363634908501083
q282_852,281,[MASK],Sound Texture,Low,percettiva,C,A,False,0.776595744680851,0.2234042553191489,2.1473263205774815,0.23828294541618228,9.636125954696206,0.02499426644649687,0.9318370087391423,-0.23828294541618228,9.636125954696206,-0.02499426644649687,,0.2575155013579266,-0.09490821412640506,-0.6077446559191697,-0.05722910331372753,0.9328099307990805,-0.058648822517784,0.34925623250130483,-0.027496805458265685,0.021798839948233367,-0.12986928646121726,0.3452751416624986,-0.051299799604912044,0.11672693026440929,-0.03545636967435814,0.2951601433883889,0.009993788352780423,0.19252641521672303,0.03602896714794997,0.0,-0.01715450052647155,0.09469860489203463,0.02601968901097805,-0.13434906663314555,-0.07654543366093172
q283_852,282,[MASK],Sound Texture,Low,percettiva,A,A,True,0.7576530612244898,0.2423469387755102,2.1965023709025746,0.5745183064300499,9.843088489841003,0.2673227671360061,-0.31650469006612547,0.12327958556380558,9.843088489841003,0.2673227671360061,,-0.12501135462837407,0.16060273933232486,0.20280683715231385,0.005107114772774968,0.7371920032659107,0.18318909189182786,-1.131492175855976,-0.22561936043312214,0.4345079547085639,0.17387194782231666,-0.01019138483133139,-0.06867050512762615,-0.1372258982361425,0.09805549272615224,-0.11119062692155311,-0.06373966118960844,0.10938907811926869,0.07856496774175706,-0.1366772852360343,-0.028614794532551818,-0.15675760061539776,-0.05085405995647618,-0.30835892705349893,-0.015333801920157784
q284_852,283,[MASK],Performance,Low,analitica,B,A,False,0.9114583333333334,0.08854166666666667,1.8582715113966672,0.12293316303336208,9.929374351858318,0.05621701300718001,0.8848654908578057,0.030283155017829695,9.929374351858318,0.05621701300718001,,-0.18238997752311353,0.021777928579528427,-0.11870048317640261,-0.04632500400776619,-0.18561254956991458,0.019121060492375525,1.3715685011272365,0.03570916995369194,0.07751438102339048,0.06971572812653275,0.12282895614676462,-0.002988774045429139,0.3179611889015956,-0.0007392926039362542,0.30528138689064976,-0.012663368491953987,0.05523969321769495,0.010648550353793184,0.0,-0.021883278390493775,0.02692895059548016,-0.014504051211587968,-0.020889065917769657,0.002697641280904892
q285_1222340,284,[MASK],Functional Context,Low,unknown,B,A,False,0.9282296650717704,0.07177033492822968,1.2994974172699236,0.21760823121029627,10.260398202939216,0.08757699934450254,0.08047613610002494,0.0740452182774326,10.260398202939216,-0.08757699934450254,,-0.5341707841818968,-0.024054571305203762,0.030488434510366806,-0.04073211853137998,0.6594983421746076,0.14582672474386443,-0.0753398564030526,-0.006994816629848086,0.6624021760694678,-0.0267612792618194,-0.014874111080004138,-0.014636975443047488,-0.2940749067057903,-0.007283270980779072,0.0,-0.007772406275881138,-0.07511807189669384,0.011034762534294449,-0.06704442256891961,0.016425640477686687,-0.17659884687768576,0.02695021700537992,0.045784319159650755,0.07608853022159863
q286_1222340,285,[MASK],Melody,Low,analitica,C,A,False,0.547945205479452,0.452054794520548,2.2984916503689523,0.22981081550285815,9.42235093797952,0.06396085914652917,-0.7782373057160465,0.22981081550285815,9.42235093797952,0.06396085914652917,,0.7601271723264529,0.1215787950754712,-0.05912263998100094,0.02316539336755706,-1.238335014808694,0.08346509957216328,-0.2409068232528045,0.0016015274876665844,0.0,0.07307044530715039,-0.008619472072871642,0.034781194135229905,-0.1728787832420311,-0.006485453853513569,-0.054364996788362194,-0.012548858670148003,-0.23750682798357847,0.0020699862743350115,-0.19783875185293331,0.042050135747227727,-0.10046736663997474,0.01748509523401739,-0.006561107136295097,0.07938827132855927
q287_1222340,286,[MASK],Melody,Low,analitica,A,A,True,0.3037974683544304,0.6962025316455697,1.4954932005607768,0.432408607451496,10.00964125838901,0.038360052097994646,-0.8829744614551734,0.2970665732553853,10.00964125838901,0.038360052097994646,,-0.15882661887149266,0.015001200079330361,0.05899298526781998,-0.004208069244751882,-1.0304072121364825,0.3497363902741103,0.24726638428498174,-0.06346294785330348,0.05803499061190074,0.008479782748977021,-0.08898979999934999,0.061260632454832355,-0.11286190202297028,-0.014622120623071538,-0.06216999092468631,0.017707781580958107,-0.20731828908085098,0.026773182839930493,-0.24913425174098566,0.03821526844714225,-0.1575526284747577,0.05921169523146424,-0.06298258982347324,0.10004035057515244
q288_1222369,287,[MASK],Genre and Style,Low,knowledge,A,A,True,0.9473684210526316,0.05263157894736842,2.101343416829538,0.4597961297108758,10.118444928889293,0.257026833741383,1.242619142198291,0.2001778859925091,10.118444928889293,0.257026833741383,,1.263850750540791,0.26981405295236793,-0.4293621373156235,-0.11069200848078073,0.40813052897312363,0.060172954899324504,0.0,-0.019117113378402596,-0.152813823914765,-0.0664494458860024,0.1607078815643991,-0.023435711679574412,0.1503333500237406,0.03538352295782813,0.16458774910650248,0.0025917185661505984,0.19483769243371593,0.05800583626850881,0.3716459240470475,0.12497420457094713,0.24729921171981398,0.05761631183592444,0.10602115721783649,0.011491449358726823
q289_1222369,288,[MASK],Mood and Expression,Low,knowledge,A,A,True,0.728125,0.271875,0.8693649886426921,0.19298999950740905,10.044273475598013,0.19095767285407694,0.052380467908291636,0.06710571808590896,10.044273475598013,0.19095767285407694,,0.4365629191015384,0.12308221006089318,0.024309809173953485,0.006674239802714496,-0.3119139881972695,-0.06294214071075006,-0.09657827216993072,0.0002914089330513306,0.0,0.0025883229256065243,-0.043192604737016596,-0.01112234567008284,0.024406822389217014,0.011141718212666385,0.1265315638277533,0.020590680557677467,-0.023702041031449364,-0.007012179627386875,0.09935976231454913,0.06992543711318647,0.04160835922596848,0.01999551994227749,-0.17263139408073028,-0.039001435368035686
q28_14013,27,[MASK],Performance,Low,analitica,A,A,True,0.6943573667711599,0.3056426332288401,0.3847987248424216,0.3668904383535838,9.858506370725364,0.189494939742491,0.1674327341850261,0.3144637928038123,9.858506370725364,0.189494939742491,,-0.08888402444493074,0.027196930238411722,-0.019798970883767038,-0.02621332277488574,0.18440584562846465,0.29945526996749217,0.09170988388525922,0.014024915372794142,-0.0004346486388731169,0.025000774076498235,-0.04132514761595893,0.012284333965886464,0.05439341802626873,0.04416482757067821,-0.0482189628403408,0.0,-0.014878321382688322,0.026745115065531594,-0.07315962208324014,0.05426196817782511,0.24197147978544642,0.0934367473229093,0.04908453893441221,0.05857002662448335
q290_1222369,289,[MASK],Mood and Expression,Low,knowledge,B,A,False,0.9108910891089109,0.08910891089108909,2.282576690184992,0.3022741824737528,10.658405993575395,0.07610472291733761,1.4270407509825058,0.23695136363710362,10.658405993575395,0.07610472291733761,,-0.427767969601243,-0.0314138945713807,0.3927096927150106,-0.001247514846943909,1.2522908020750276,0.18701962280284434,0.2098082257937106,0.08259315025258387,0.5785400372055608,0.055591879847984395,0.3786966796439278,0.012892494140732227,0.06403155387773105,0.012218488023421034,0.030823539122006763,0.013893502646296931,-0.07075597941639349,0.013998923089346051,0.22276327378671212,0.01583491721876285,0.1351705303309618,0.03221511433703353,0.08777111643199903,0.08030604433352662
q291_1352257,290,[MASK],Metre and Rhythm,Medium,percettiva,A,A,True,0.7777777777777778,0.2222222222222222,0.27909571158912927,0.15922203071273802,10.281263449516919,0.01637764530323873,-0.040579565415258714,0.0886412689954811,10.281263449516919,0.01637764530323873,,-0.05298785866115849,-0.03529038085862848,0.11925807308693527,0.05517728233417947,-0.033792043041489916,0.059394874738376374,-0.07305773679954558,0.009359492781553718,0.08928813087265054,0.012144948418956953,0.026234781451024054,0.01805988139019392,0.0,0.006151883070145421,0.01630788860018477,-0.0002380239883241729,-0.05458838115617791,0.007218842859114779,0.013627852768812055,0.046018814189912216,-0.07134414981219736,0.010731424871610357,-0.06010568813955487,-0.011446501816128376
q292_1352257,291,[MASK],Historical and Cultural Context,Low,knowledge,C,A,False,0.8644859813084113,0.1355140186915888,0.7305698085565158,0.1639904903067745,10.27263203257704,0.08741900840486368,-0.5240754243250803,0.023307894628205976,10.27263203257704,0.08741900840486368,,0.10324719211571776,-0.008476456287247483,-0.32499331012908195,-0.03510673878399702,-0.2808207478476371,0.09364919246749025,-0.02150855846407899,-0.02675810276803977,-0.24199809731113114,-0.02384556768779139,0.057382771300796456,0.0,-0.0555820841307502,-0.02063405631928027,0.04738595883050556,-0.03673588937630117,0.0,0.02300786827708737,-0.09673874905740035,0.046892333239895466,-0.15226491915622192,0.002822761509171587,-0.08226030480087877,0.031800444985424406
q293_1352257,292,[MASK],Harmony,High,analitica,D,A,False,0.40476190476190477,0.5952380952380952,0.24227460977123103,0.07596801294862317,9.878504875574219,0.03436589074578218,0.09947822513486415,-0.07596801294862317,9.878504875574219,-0.03436589074578218,,0.12883687538415534,-0.028314042437292943,-0.07139819231818344,-0.0013162891799863366,0.042039542068892245,-0.03716498251603294,0.0,-0.00917269881531095,-0.07296235717492319,-0.044605837029192824,0.11032330024102108,-0.0027441984534866118,0.02454959107618221,0.002469275887016102,0.043765826429451156,-0.007724889988499232,0.02164597023176767,0.0,0.014008779915334902,-0.02325224342305697,-0.07694772684980718,-0.030659963402495542,0.035094841265837465,0.030549843461091908
q294_1936726,293,[MASK],Sound Texture,Medium,percettiva,A,A,True,0.6244897959183674,0.3755102040816326,0.7004253853819813,0.22262437426927528,9.620525850218707,0.24024562207828826,-0.36100781355394024,0.1683025881957978,9.620525850218707,0.24024562207828826,,0.0,0.040451299903260525,-0.10777841289397802,-0.02716089303673875,0.16970878591402053,0.09675278898732637,-0.42293818657398274,0.05825939234194964,0.1387540205297724,-0.029679926385183776,-0.054273454948437716,-0.007669035332095267,-0.10702310413977373,0.038158520475161335,0.049063023968243254,0.045051566996165526,-0.15803319078357853,0.014918952529316767,0.0901965301486519,0.06003766731791014,-0.019107605257241575,0.02343689022155397,-0.3005840330715762,0.02404795237296909
q295_1936726,294,[MASK],Sound Texture,Medium,percettiva,A,A,True,0.6173708920187794,0.3826291079812207,1.046608373310542,0.3450808533575864,9.778614629464386,0.08215684301250394,0.9897812562188277,0.2517818948709272,9.778614629464386,0.08215684301250394,,0.09778216984937424,-0.04664947924332958,0.23773793341515156,0.04005176501348071,0.682674711500159,0.1454839554974544,-0.028413558545857184,0.11289565360332168,0.31785292491605477,-0.028420061034256885,0.22510943547759577,0.012934688181247541,0.0,0.033254495212358064,0.029890944443573753,-0.014294057696516628,0.12669047051271548,0.023585070088227363,-0.005666243607237359,0.017600871798051032,0.19774995129902073,0.037723874849736695,0.09815377317710446,0.16939701347208003
q296_1936726,295,[MASK],Sound Texture,Medium,percettiva,A,A,True,0.3541666666666667,0.6458333333333334,0.9146770096108526,0.16988078493776163,9.010183504488465,0.05589115887305643,0.25169727464088754,-0.05618145424143464,9.010183504488465,0.05589115887305643,,0.0,-0.011928452267843793,0.22438686090196672,-0.06139711265535411,0.3588002812239034,-0.03970555466640023,-0.33148986748498255,0.05684966534816349,0.11203885168306527,-0.07408217495050559,0.12895962305879,0.01661729575180801,0.005642688622964118,0.011861655690153647,0.05595287725532801,-0.00142024434399597,-0.06660243361064976,-0.01701364701150898,-0.059001747840898094,0.012660490746204463,0.21229607475869858,0.017937351748643658,-0.1375886592864105,-0.02274218187223388
q297_1320579,296,[MASK],Sound Texture,High,percettiva,B,A,False,0.3839285714285714,0.6160714285714286,0.8740089907273692,0.20472603262683858,9.433415227921571,0.1777164614955348,0.14401658489975633,0.2027057194270053,9.433415227921571,0.1777164614955348,,-0.11889840498839346,0.010776392119667284,0.24816231980067233,-0.0010101565999166406,-0.24609779792541295,0.05435233616131188,0.2608504680128904,0.13858714774594277,0.07021264447403405,0.015940162823313585,0.14873875743719284,-0.00816848296742796,0.14835817501957096,0.002846582598531584,-0.19076526264402202,0.004400256436662482,-0.07998371009060537,0.05075385333690584,0.001529942593222089,0.0888325112467144,0.03071706768208294,0.027215928420210703,0.015208970428280837,0.02088490753209465
q298_1320579,297,[MASK],Instrumentation,Low,percettiva,D,A,False,0.7759562841530055,0.22404371584699456,4.129157171008846,0.2216372104374541,10.383598562013246,0.038862425723496186,0.37658008685322153,-0.07455010196256207,10.383598562013246,0.038862425723496186,,-0.1648210998730079,0.01665391369824764,-1.3600301378228026,-0.14385527570028317,2.252868628931034,-0.004238380499724928,-0.3514373043820017,0.05688964053919838,-0.22626151793050264,-0.12426188148204453,-0.01011045860542542,-0.014692349053888169,0.34295516355473227,0.02159602648817703,0.001632822853782967,-0.0026237014658727804,0.04175657226153734,0.0157344228232197,0.2782071423066987,0.035360292344759126,-0.06183679915657736,0.014662877554580667,0.010237161568975764,-0.020325789171493126
q299_1320579,298,[MASK],Historical and Cultural Context,Low,knowledge,C,A,False,0.8623188405797101,0.13768115942028988,2.383866592138094,0.38325397349872836,9.906887189279862,0.06401051444196916,2.284232745748645,0.22153708293196717,9.906887189279862,0.06401051444196916,,-0.04981692319472449,-0.04990245100451263,0.21802282711938908,-0.030955994278867964,1.058657283542601,0.053555327600740235,1.0573695582813794,0.24884020061460752,1.0032768571146926,0.018139962170129892,0.12789504905689142,0.0752517361644102,0.250275580517994,0.06677492603106049,0.4361484922567887,0.037873608716522414,0.31404441347606293,0.06763827114790355,0.0,0.0,-0.05594093364525658,-0.037835598573679484,0.20853328697147167,-0.006305822724379906
q29_14013,28,[MASK],Melody,Medium,analitica,B,A,False,0.35051546391752575,0.6494845360824741,0.08171848852602054,0.13983739588149746,9.827350801454179,0.028989274990213743,-0.0010044774827828312,0.13983739588149746,9.827350801454179,-0.028989274990213743,,0.0142366236752504,0.021647020272357136,0.026120381846368453,0.00419833632037276,-0.03492744131377584,0.09200170103071748,-0.006434041690625843,0.021990338258050107,0.04363665897000994,-0.03671497060110608,-0.014349096197380708,0.007574142762870267,0.04485595539915034,0.02861892741671835,0.0032736442313807367,0.04251933616985112,-0.04248221403489238,0.04968144882635403,0.0,0.005768724842312364,-0.010498052134207653,0.028059298696684293,-0.025441373716843102,0.014330487767813142
q2_1204663,1,[MASK],Structure,High,analitica,A,A,True,0.7471264367816092,0.2528735632183908,0.34056374346037444,0.09554076471594582,9.448582762257871,0.01022960338152501,0.2804594183793453,0.034609021881558524,9.448582762257871,-0.01022960338152501,,0.07035058317127679,-0.013237439363337336,-0.0300521625405146,0.03735795317404905,0.005145206450327238,0.02771694012470312,0.23501579129825584,-0.01722843205385631,-0.0590868363196589,0.014202150072435273,0.1480974468477897,-0.0018204580929559178,0.13862654202383384,0.0,0.12448302861470154,0.013350776158967795,0.058077877459944104,0.013599363791292516,0.06417261848734956,0.02713612199601699,0.01091227954245313,-0.006415388081936179,-0.20482353827706765,-0.025443543962261964
q300_1079319,299,[MASK],Instrumentation,Low,percettiva,A,A,True,0.7525773195876287,0.24742268041237114,3.083030375786644,0.5353456793134506,10.023852013482598,0.21137913480913675,1.1949971752428832,0.3626814462283632,10.023852013482598,0.21137913480913675,,-0.7669553440161854,-0.08633211654254369,-0.17706125625569508,0.030281295598671064,1.6993634080808429,0.3419648758118978,0.4396503674339206,0.07676739136033808,0.3370572746820215,0.12554424803839814,0.08206776734266147,-0.00860374938296414,0.4687337388149207,0.16507359296551197,0.18939041115496483,0.042110660290772366,0.12775269287843405,0.05810954891176163,0.009796114954535765,0.018789416844700105,0.08841270551308382,0.018597553494274076,-0.10821353009773903,-0.056939824934090916
q301_1079319,300,[MASK],Lyrics,Low,unknown,A,A,True,0.88715953307393,0.11284046692607004,2.130595472913811,0.3191060258200423,11.978807824462066,0.003901812675483149,1.7885641661399652,0.056495320797096515,11.978807824462066,0.003901812675483149,,0.2227172882398778,0.027008839684809778,-0.008780054197450544,0.06187217011922117,-0.16223559918947233,0.09891966350453846,1.7368625312870103,-0.1313053525114729,0.3690597633305394,-0.06082054997396829,0.895460908374287,-0.0323341662068487,-0.20362120904875763,0.03578115533476917,0.16290213766269113,0.0,0.5520458884104072,-0.10923366446554773,0.06792627353265539,0.019804744525060005,0.10969342719736533,0.031980929033377556,-0.1649030233192225,0.1713168725502545
q302_1079319,301,[MASK],Genre and Style,High,knowledge,A,A,True,0.8642857142857143,0.1357142857142857,0.6824549854376228,0.17296343253680452,9.722351854418049,0.08852215175456256,0.6824549854376228,0.14290970310762083,9.722351854418049,0.08852215175456256,,0.15610672395021055,-0.015026864714591831,0.13281841348160928,0.05782074414566367,0.27569922859476204,0.053453976210262905,0.117830619411041,0.046661847466286085,0.16742181439667309,-0.05502404128968463,0.0,0.0022740159176260315,0.2844338071798704,0.01782610998714204,0.4813185440736044,0.05696687468011435,-0.05717275774010878,0.011070676178223385,0.14725434970907147,0.07352300093142532,-0.10631165864896552,0.018885788944836803,-0.23448911353252214,0.017387277757937535
q303_498814,302,[MASK],Genre and Style,Low,knowledge,A,A,True,0.8522099447513813,0.14779005524861877,0.7341637370147038,0.1508292787670676,10.249301091872253,0.23556984165292244,0.47419455014319895,0.14122766105753692,10.249301091872253,0.23556984165292244,,-0.12998459343575242,-0.0007258931962338521,0.069416778966405,-0.0040749156585314795,0.5337306722932239,0.125457769093829,0.0010316923193225067,0.020570700818473273,0.1331837105317115,0.05053445353234262,-0.11866737168649005,-0.009377511808201107,0.015374120423063006,0.0,0.048955933396313635,0.045473994373758576,0.0978577647957505,0.05964537001830221,0.17375036933991858,-0.054396861981642536,-0.18293367129374763,-0.016787434438009927,0.3066736946366795,0.06613565136098709
q304_498814,303,[MASK],Harmony,High,analitica,A,A,True,0.6790540540540541,0.32094594594594594,0.5923906446477096,0.302621424153546,9.715490495166136,0.1452809775885315,0.2907423509659848,0.21373973000562665,9.715490495166136,0.1452809775885315,,0.0599428760787441,0.03002548892746163,0.2941466720610823,-0.02124392874975288,-0.15082414684086243,0.22815508815212468,0.08747694966702077,-0.023196918324206776,-0.04859712997044642,0.12669294348097743,-0.0733812386153505,-0.044976639686364374,0.02863144543197777,0.017999572755096064,-0.013296195760515439,-0.04083769882515409,0.21372191730982543,0.03860723467629861,-0.02507609417479493,-0.02491338529669212,0.10681714411328928,-0.03840664362568122,0.10192250263199956,0.17957434652714638
q305_498814,304,[MASK],Melody,High,analitica,A,A,True,0.6132075471698114,0.3867924528301887,0.5248806874686368,0.27456948782722573,9.348011920448535,0.07588993038829871,0.01838660474323223,0.09989930335119364,9.348011920448535,0.07588993038829871,,0.27163364610593455,0.1665551031514724,-0.0109761432467858,0.0041860811545174955,-0.22068132113249211,-0.08733509223801605,-0.021589576983424393,0.016493211283219802,-0.21458426777827344,-0.05629137176162508,-0.012564257334722079,-0.006774880830506497,0.04987992018189495,0.02736829893930211,0.07442415815567924,0.014984151591796772,-0.04005630139944651,-0.006967096630100894,-0.1031736239699751,-0.015568554641432437,0.11420246594824904,0.024744364025922134,0.15025851093982623,0.11840439265783755
q306_785413,305,[MASK],Instrumentation,Medium,percettiva,B,A,False,0.38541666666666663,0.6145833333333334,0.5094569594101414,0.5588450969248262,9.526313644115117,0.08626401202620357,0.06563891284293641,-0.05027667950300935,9.526313644115117,-0.08626401202620357,,0.28717920891145615,0.2542842087109084,-0.020709419688855153,-0.00041581793358689417,-0.2011996035947473,-0.28974142111359386,0.00036872721508270784,-0.014403649166736976,0.0725049230951545,-0.08599760190399845,0.053327482413490584,0.04219353226073296,-0.03896041833079064,-0.012969274023263474,0.061315618191188026,0.036502975687605875,-0.007784598430486893,-0.018677826881961918,0.016658139238737314,-0.005561774135451655,-0.01837509731708382,0.0040710813309358385,-0.07304713601727271,-0.009837791837608481
q307_785413,306,[MASK],Instrumentation,Low,percettiva,A,A,True,0.815261044176707,0.18473895582329317,1.5471898430044022,0.14292586877787578,11.504602457576057,0.10364750344019949,1.3756082024550862,0.004790768412364434,11.504602457576057,0.10364750344019949,,0.5810708911012045,-0.06906755018275568,-0.03638249356133967,0.0021408429194420073,0.8803281316285396,0.06467065980560908,-0.04940832671331835,0.007046815870069014,-0.10154055055940385,-0.11685254193922287,0.18122466751646704,0.0,0.23897490197342836,0.016533850628984763,0.3936256779309315,0.02440113452199169,0.1874797258983758,0.033788453222074064,0.08024718106546541,-0.004038222369921348,0.24752686228611348,0.0008642129849982935,0.14806973634370826,0.050093881363459845
q308_785413,307,[MASK],Instrumentation,Medium,percettiva,A,A,True,0.7786885245901639,0.2213114754098361,1.7598391736825973,0.6411002561747673,9.144289046543145,0.15725681867706504,-0.5450103253707067,-0.6411002561747673,9.144289046543145,-0.15725681867706504,,0.6074144241559454,-0.18613478623662,0.0,-0.025407471023937936,-0.7929217139124632,-0.40403645022310275,-0.35950303561418884,-0.02552154869110657,-0.8146403020941105,-0.30317835507673974,0.012092737408712445,-0.08072434226186909,-0.016812890578506032,-0.04030555290454827,0.13900393893442664,-0.049305652287193476,0.1197045975915094,-0.0754915875094788,0.0,-0.017065256435397035,0.0008040407448660081,-0.012620364991692112,0.014837552622395389,-0.06240914470784875
q309_964594,308,[MASK],Instrumentation,Medium,percettiva,A,A,True,0.8046594982078853,0.19534050179211468,0.8645763230033015,0.4703111278981056,10.59014303829952,0.19319171874772773,0.16340227882829716,-0.4703111278981056,10.59014303829952,-0.19319171874772773,,0.32492877408936416,-0.03112352257212697,0.03570311829722089,-0.02068379439638919,0.15335740852921428,-0.22074559898549878,-0.35058702208750214,-0.19775821194409066,0.026071626119521386,-0.2715454223315861,0.03725085547240693,-0.06814944404045503,0.20571729646993397,-0.009138718527965642,0.11877445078005103,-0.0597248794165674,0.13776976908725433,-0.014242218731551208,-0.02272687077219076,-0.033921661745918055,0.0,0.01091280021174352,-0.3394548483286797,-0.024501583315805712
q30_14013,29,[MASK],Melody,Medium,analitica,D,A,False,0.6594202898550725,0.3405797101449275,0.4930951251429475,0.0857035108136191,9.47453747306349,0.01177432421901843,-0.4773426835869625,0.07179055190798762,9.47453747306349,0.01177432421901843,,-0.02839348049613509,0.007591172056732549,-0.03553775431461949,-0.002077593220423813,-0.42128766955420044,0.07115585930407081,0.00787622077799249,-0.0048788862323919276,-0.11201459595509827,-0.04773530259025077,-0.011138461145367887,0.014462146953917041,-0.08164241028945032,0.016523494970041252,-0.022684286833126097,0.006554235305824708,-0.046954037654271245,0.02046971438712851,-0.007600660065204564,0.006670858686102462,-0.10126897451013657,0.01099075156725309,-0.09403925713430752,0.04385465262797133
q310_964594,309,[MASK],Genre and Style,Medium,knowledge,B,A,False,0.7570754716981133,0.24292452830188682,2.1006659870691555,0.19392328976237386,9.79085925612967,0.04215284141882438,0.3592656667090045,-0.10254013612141025,9.79085925612967,-0.04215284141882438,,-0.6117113269070937,-0.0658323318205587,-0.25898883327298183,-0.05198958654824657,0.32361821100097377,-0.03040979457308678,0.9063476158881063,0.04569157682048181,0.3312313856663819,0.04021334241333137,0.1088801669979019,0.010038833215267209,0.11161539361223857,-0.018007726600358608,0.2807549440383004,-0.013420465489502917,-0.22122110756404686,-0.03070411118337108,0.08611196461010401,-0.013464209449742918,-0.18542817706382841,-0.022235138923060015,-0.15267890358804678,-0.054960660103973276
q311_964594,310,[MASK],Instrumentation,Medium,percettiva,D,A,False,0.9082397003745319,0.09176029962546818,1.3788675991104142,0.18646723511912736,9.32568304665121,0.09821880419521002,0.741744813709697,0.08998134123658294,9.32568304665121,0.09821880419521002,,-0.31856139270035855,0.07552933164615228,0.015369642674985667,-0.048242946941272215,0.4368195024681111,0.0363288000167129,0.6081170612669589,0.02636615651498997,0.04917824639222966,-0.03457091336972935,0.2388280180559943,0.037030001710236723,-0.11303898849321063,0.02382198975469426,0.076786095962689,0.015731373859568912,0.0,0.015368590916474151,0.04031715604980961,0.019172925486881078,0.27607779999825977,-0.012270885328884443,0.17359648574392533,0.02569825820734161
q312_1051203,311,[MASK],Musical Texture,Medium,percettiva,B,A,False,0.745,0.25500000000000006,1.2778351647599093,0.23464787467717874,9.174540531094346,0.10766658462750865,-0.552885376704433,0.21608564878445918,9.174540531094346,0.10766658462750865,,0.0,0.022858054263910473,-0.01860014926961122,-0.009281112946359778,0.36247489402773814,0.0391260985992216,-0.89676012146256,0.16338260886768688,-0.03836733609376897,-0.05398928368588381,0.07216147695770679,0.04321674758291193,-0.10093555856881564,0.037990120728533146,0.02366494240571465,0.04961509194709314,-0.06368196123840529,0.02818269800077891,-0.14106700558553803,0.01695875909332578,-0.08153871763941772,0.05906137583926906,-0.223121216941909,0.03505013927843101
q313_1051203,312,[MASK],Mood and Expression,Low,knowledge,A,A,True,0.8464912280701754,0.15350877192982457,1.6680914871062078,0.39419276859858465,9.533167820027256,0.12592250718739226,1.448796993477884,0.3776185795163246,9.533167820027256,0.12592250718739226,,-0.05882919689732295,0.0,-0.050818049916838984,-0.008287094541130021,0.6995398085050938,0.16337069765281612,0.8589044317869521,0.22253497640463854,0.3715920742378876,-0.019239378648752605,0.606772959488888,0.1977154162033422,0.649994390845035,0.1616783710471145,-0.0061032388749457656,0.03698333537581602,-0.06216788836917423,-0.0145403667827516,-0.06137816778862644,-0.0334287769102555,0.12402228468587163,0.05654368413089439,-0.17393542074705187,-0.008093704899082774
q314_1051203,313,[MASK],Performance,Medium,analitica,C,A,False,0.2743055555555555,0.7256944444444444,0.7913666054256439,0.25383196606478,9.059512687947548,0.1147493784892231,-0.614133683698823,0.18137376171556638,9.059512687947548,0.1147493784892231,,0.06163706013261534,-0.00921262506558316,0.026979400730795074,-0.027016477109023655,-0.08396338814897215,0.0006406833019000652,-0.6187867564132613,0.21696218058827313,0.11235746979192615,-0.061264103398421546,0.0,0.07841675639089202,-0.12367317648567308,0.07426913735043647,0.0,0.01656361778960709,-0.05778109535755507,0.04467167078456642,-0.15374681567812531,0.028234044781346883,-0.17256598589244104,0.042633638773955436,-0.21872408007695465,-0.042151000756816395
q315_1351134,314,[MASK],Metre and Rhythm,Medium,percettiva,D,A,False,0.6449704142011835,0.35502958579881655,1.738404222929426,0.5425106794618577,8.548945449123686,0.12603704975137042,-0.42730315245420397,0.22774899370978605,8.548945449123686,0.12603704975137042,,0.655550535237611,0.14108420806671323,0.0,0.0,-0.20057573469756645,0.24404562851910866,-0.8822779529942485,-0.15738084287603585,-0.2795147532930948,0.08745800855777791,-0.05616542413016831,-0.03601900729884147,-0.0127901804396207,-0.010757605032452905,-0.0717712065237319,0.052548190340383216,-0.0501845172982922,0.019809648099161276,0.13494123752167533,0.0791247253135482,-0.1334302185229486,-0.02223912977922704,0.041611910231977134,0.05782416350943685
q316_1351134,315,[MASK],Functional Context,Low,unknown,A,A,True,0.7931034482758621,0.2068965517241379,2.041352265222886,0.500850119097876,10.34789816888862,0.1682989145146488,1.8199430903832,0.4385646034150367,10.34789816888862,0.1682989145146488,,0.7104379034937132,0.3837953331203235,-0.11070458741984324,0.00781245173643394,0.25865281816115426,0.07809957639969894,0.9615569561481756,-0.03114275784141962,0.1961342771026498,0.04394621276061556,0.5030252758702862,0.10167431146576636,-0.1345187190405875,0.08410626653416767,1.1966568444811543,-0.24797612190367252,-0.07600270168764618,0.0,-0.12563442024123325,0.09955179426816924,0.1106490435968228,0.046116481301874714,0.1496334903017539,0.31114565898811575
q317_1351134,316,[MASK],Metre and Rhythm,Low,percettiva,A,A,True,0.6603053435114503,0.33969465648854963,2.0176964052383646,0.25487521649021216,9.390890952368364,0.09542084379272515,-0.7821666296365193,0.07324134375915323,9.390890952368364,0.09542084379272515,,0.6177648878009225,0.10469885461720838,-0.24434901756975896,-0.07984894557577986,-0.3009550533720836,0.059359425507474334,-0.8546274464955993,-0.010967990789749624,-0.08275098982194731,-0.1633531358287491,-0.09103987287892265,0.0,-0.08969319485252679,0.014202894745600958,-0.1729836397576996,0.0008979659866713632,-0.17010001674004493,0.007842832501658088,0.1000974756348771,0.06943266770984159,-0.008872538955575965,0.09648644037091823,-0.2668238522646793,0.047731678273212105
q318_307395,317,[MASK],Performance,Medium,analitica,A,A,True,0.8191056910569106,0.18089430894308942,1.5299623043946196,0.3004969032862588,9.613870762483302,0.002739074482025141,0.4139263342003594,0.05357748069525327,9.613870762483302,-0.002739074482025141,,-0.17963944644491267,-0.0006603801211380947,-0.09667181465747715,-0.004492032196030244,0.9719443192974895,0.17703719199075602,-0.2817067239947403,-0.1183072989783344,0.4273758730081154,0.019084151702871782,0.08505539223872037,-0.021538394243444434,-0.06774457439288688,0.010465464768703352,0.01676240193217729,-0.028934341078781872,0.046947230228820865,0.014480324016632216,0.03456399686249016,0.01967726189289971,-0.15450906181883553,-0.006218171016604865,0.025475076141757674,0.0465611846529774
q319_307395,318,[MASK],Metre and Rhythm,High,percettiva,D,A,False,0.5382978723404255,0.4617021276595745,0.7416588645029427,0.3000114971369338,9.196765215912169,0.10231674256763698,-0.7005069580420012,0.12594585968460886,9.196765215912169,0.10231674256763698,,-0.04942903274715479,0.14829008622744,0.020575953230470737,0.0026330276372109208,-0.12454914221031618,0.06205556454612039,-0.547104736315001,-0.08703281872616249,-0.11755682911702442,0.051405580646662494,0.027396957755757602,0.01503988126421142,0.09915043572239492,-0.01973259781574341,0.04708611226694158,-0.023142140663942913,-0.04782282980978169,-0.008650722115420877,-0.1137197906060457,-0.019417162609309327,-0.2191923986342849,0.027943738862712113,-0.3758486156199587,0.10249928211543935
q31_644172,30,[MASK],Melody,Medium,analitica,C,A,False,0.7086614173228346,0.2913385826771654,2.2274126891253685,0.576838740163816,9.551418215656415,0.12212341876845276,0.4375773793480997,0.3048485965552645,9.551418215656415,0.12212341876845276,,-0.12823904346002105,0.028888503056875646,0.0770838296355465,-0.011833312637857689,1.2554112046011876,0.4119551653026646,-0.7666786114286133,-0.12416175916641808,0.25223885838686755,0.030822213085838556,0.11838743402085253,0.01509508151071589,0.0,0.05758502925225082,0.16936857060355087,0.03841033961677952,0.09444750219100856,0.08684331332920386,0.11265256068739193,0.12580629954801736,-0.12560866905734447,-0.04488215805597496,-0.18390887748422735,-0.0048315217315665765
q320_307395,319,[MASK],Genre and Style,High,knowledge,C,A,False,0.89,0.11000000000000001,2.0671836486396566,0.37656668233072954,9.73143850904213,0.06692301740382012,1.3042713030117628,0.20098298580880697,9.73143850904213,0.06692301740382012,,-0.16841914053956117,-0.030527884383990934,-0.21303703227438592,-0.05726396387697036,0.8327719723745494,0.09227081604871654,0.8529555034511604,0.19650401802105172,0.37253915310245767,-0.047417760247707254,0.34878382824549337,0.05460409104192104,0.3146163002825506,0.054071955717135856,0.0871751535696745,-0.0034155421683834293,0.13165956601818424,0.025412916049437316,-0.07521803716306694,0.03326038313105793,-0.0602029810023747,0.024871805997375047,0.18491831995884395,0.059595136287970446
q32_644172,31,[MASK],Harmony,Low,analitica,A,A,True,0.8345679012345679,0.1654320987654321,3.0324391486993036,0.40025993484231215,10.770278525720128,0.2138719754245737,2.6853049554152055,0.40025993484231215,10.770278525720128,0.2138719754245737,,-0.17356709664204886,0.0609842302856283,0.15320166896315113,0.01071851316740275,1.7921547529551218,0.16396798662561995,0.9135156301389815,0.16458920476366115,-0.03471545281571474,0.03279080408443058,0.06073980081979055,0.015254443906600218,0.46448530805928184,0.018053975036545877,0.47431367095458743,0.021621584324892678,0.2440926998698112,0.04562925512966501,0.3816384738163001,0.0755782715795753,0.3154800508443688,0.02292161048795731,0.7792704038667804,0.16840999029264517
q33_644172,32,[MASK],Metre and Rhythm,Medium,percettiva,A,A,True,0.736,0.26400000000000007,1.3125466789754652,0.29386077388988513,10.63913570332301,0.22019490535327135,0.7746741275000171,0.29386077388988513,10.63913570332301,0.22019490535327135,,0.6048241757494474,0.06712483907418484,0.05115220902934875,0.0,0.38763401845894496,0.22188706183104936,-0.2689362757377241,0.004848872984650941,0.07860539056527482,0.052182209769190246,0.035834617220996984,0.026273710723576895,0.09174897767123431,-0.03614208613845091,0.06853824795090296,0.0697846131770419,0.0,0.04320849192054291,0.1763779168337365,0.04314865241426001,0.145911989377773,0.019606986156504493,0.17765698788009837,0.0757981958672196
q34_355486,33,[MASK],Musical Texture,Medium,percettiva,C,A,False,0.7393617021276595,0.2606382978723404,1.3184929946264572,0.4003912369897414,10.533619377894231,0.17356833739235222,0.5164746611757945,0.10023922225148715,10.533619377894231,-0.17356833739235222,,0.16823214380488252,0.15538062686318702,-0.37125373607449125,0.09230750665828558,0.7492516840962433,-0.1500760073691271,-0.029755430650840076,0.0026270960991416695,0.5555973916763011,-0.0742370532055028,-0.0626625561197888,0.020003453908688514,-0.07124289948448058,0.020409492090494346,-0.004082391984052899,0.03556699765916154,0.08542266033329372,0.01280596973990105,0.041653669544653056,0.05205101684450812,-0.058320133217722385,0.013730331890630457,0.0301089204275913,0.019909013323605944
q35_355486,34,[MASK],Melody,High,analitica,A,A,True,0.6311475409836066,0.3688524590163934,0.6769924080311611,0.23379587858482492,9.57151339744176,0.03961829070596341,0.6769924080311611,0.15457984713597792,9.57151339744176,0.03961829070596341,,0.05892473645341789,-0.039608015724423504,0.2297888358130925,0.034205066693931925,0.38201147388336065,0.1599827961664695,0.006267361881290116,0.0,0.4496033633693355,0.030988757370093874,-0.04524174524201475,-0.057471767216974445,0.03915375475383404,-0.016992969480852563,0.1368681849022035,0.12883781120288057,-0.03531391386824197,0.027421651025068786,0.0,-0.04258312878019964,0.039351061517363825,0.04176700967056197,0.09257170259868094,0.042612483345399355
q36_355486,35,[MASK],Harmony,High,analitica,A,A,True,0.6903765690376569,0.30962343096234307,0.7897243712272416,0.2256058017201366,10.083981998722662,0.09839063485763325,0.7071971895583261,0.12093749168411648,10.083981998722662,-0.09839063485763325,,0.38298381914927226,-0.012389777890010667,0.12782093417032833,-0.0399443771279994,0.23765602707318323,0.1501210326464002,-0.041263590834457756,0.023150614055726344,-0.08212708897202044,0.07644300440464315,0.11813764261580165,0.009171429287361784,0.20297417139911753,-0.015035969625245721,0.18709010576396667,-0.00559198176379264,0.05762281912684293,0.03319301939308739,0.07881377351379079,0.011026943842205813,0.020887682661490846,0.0,0.12379808344933609,0.011731046145856686
q37_337998,36,[MASK],Instrumentation,Medium,percettiva,C,A,False,0.8772321428571429,0.12276785714285715,2.099759276215546,0.35821750693622806,10.351552977038663,0.13331795708466185,1.274458423611259,0.31714654094064626,10.351552977038663,0.13331795708466185,,0.5786167703408754,0.22126299611283212,0.0,-0.020535482997790913,1.1084920795725273,0.10165881059034151,-0.41265042630214366,0.014760217235263495,0.34197389079744106,-0.045112237934781765,-0.04804576428522122,0.0,-0.00654867349715578,-0.035084812069965776,0.9871847801568243,0.2469769793667136,0.007306609443903683,0.031036085763990612,-0.1894185589724315,0.007787287752342338,0.1581122006329797,0.052529704499000976,0.02389393933491868,0.059013533563346224
q38_337998,37,[MASK],Performance,Low,analitica,B,A,False,0.9107142857142856,0.08928571428571427,0.7203349282900136,0.1798498857577534,9.63441195279462,0.07382068594011199,0.39807777186917237,0.14848722173217038,9.63441195279462,0.07382068594011199,,-0.06272665604160126,-0.003633738113775509,0.0,-0.012047593899016005,-0.09840192216881934,0.03012695549949028,0.559206350079593,0.13404159824547163,-0.05939871756196984,0.00239549764462392,0.07496454848061772,0.025526166676734192,0.052065335577272664,0.00698184403440132,0.18424023970208112,0.01703855664052029,0.04172087095062468,0.005888050641162419,0.08313583894017278,0.04840682591729435,0.0003260728887057897,0.021372320597427535,0.02102358289166745,0.020877959580006357
q39_337998,38,[MASK],Instrumentation,Low,percettiva,A,A,True,0.8180722891566266,0.1819277108433735,2.2359869122023,1.1022861258742847,10.21268652575841,0.14736451461222097,0.8219186325105661,0.33303020052777016,10.21268652575841,0.14736451461222097,,-0.027949153821706763,-0.002722111834895364,0.10803192565025246,-0.02536524162763747,1.4209208467061807,0.7176581632010274,-0.6790849860241603,-0.35654060921072434,0.3215802614617143,0.04785890502951874,0.2529966460849319,0.04332537944041514,0.054198091521958966,0.032271148706366805,0.005816362599077085,-0.0017512907542712314,-0.019851400883044476,-0.011911593899300882,0.017813849274597768,0.05419548994362988,0.028821748786877543,0.07534309036074993,0.160543073664453,0.0936990717006619
q3_1204663,2,[MASK],Metre and Rhythm,Low,percettiva,A,A,True,0.8213114754098361,0.17868852459016393,2.9391878963156723,0.324465986536384,10.19093990850001,0.15296335012367598,-0.17415838244235227,0.2580838663188026,10.19093990850001,0.15296335012367598,,1.0871765422146542,0.2659580880498012,0.29533821472200583,0.019141666653782058,-0.14981082969560466,-0.03319106010879071,-1.4068623096834076,0.006175171724010008,-0.19392655801377945,-0.005074235396236297,0.11695053369429614,-0.03185315535058066,-0.2122579637570742,-0.04460578235606734,0.3253334284825926,0.14445025719645083,0.3073766938346988,0.0635766666506461,-0.4001736675560995,0.023329170801536216,0.28426043793080324,0.07235847783571804,-0.40172128705778987,0.035902466937335675
q40_457120,39,[MASK],Genre and Style,Medium,knowledge,A,A,True,0.8936170212765957,0.10638297872340426,1.3509582374011972,0.5377176624986669,9.970388745537939,0.07761256514882729,-0.183170986377447,0.5296106710988188,9.970388745537939,0.07761256514882729,,0.08002371589794431,0.046878424601331584,0.09752186309406159,0.020812428110437518,0.4063480465198692,-0.004053495699924109,-0.7670646118893222,0.46597331408697373,0.07893897181617038,0.05040486346038514,0.26382442361224623,0.08398681321495893,0.0862604968896758,0.05552937782012772,-0.0012297575852681097,0.07433238162234021,-0.12599346671154557,0.020801650951059795,0.0,0.03166649357979395,-0.4105164050374843,0.13879971804115776,-0.0744552493612415,0.07408937240899517
q41_457120,40,[MASK],Instrumentation,Medium,percettiva,B,A,False,0.8587257617728532,0.1412742382271468,2.340780882787044,0.2519630693790201,9.99540421253731,0.04547326597857101,-0.7543717370226874,0.03211712027371633,9.99540421253731,-0.04547326597857101,,0.32920387070131796,-0.05085809708607186,0.07260416541272152,0.07375914036712866,0.3913965367681387,0.06828095445923955,-1.5475763099048656,-0.05906487746658002,0.0,0.0628870955317658,0.35188637233564524,-0.019654552446090406,-0.15956495853308467,0.005061292983053377,-0.03652334529049833,0.021652700024304968,-0.12583359991066584,0.0,-0.08668315314359017,0.012961953838175819,-0.2302728920296009,0.12768480064570722,-0.467380160450893,-0.17847617030320043
q42_457120,41,[MASK],Mood and Expression,Low,knowledge,A,A,True,0.8148614609571788,0.18513853904282118,1.0126146399698066,0.2979500774159217,10.514212871923169,0.004869976894137064,0.7040704851980412,-0.10461617231646649,10.514212871923169,0.004869976894137064,,0.13951842940678366,0.06873467860734739,0.47522290592085414,0.0,-0.15427207738588267,-0.2012831248661941,0.24360122725628597,0.027932273942380223,0.1734301456295296,-0.024335467507674235,0.22545252857806594,-0.03373558008686133,-0.2932481460947072,-0.03443833513746377,0.160711890626814,-0.10833759520723102,-0.3400467350030512,-0.1688370442810447,0.2825528511076334,0.03153842161988778,0.4305800774685198,0.11074057907074371,0.06463787288523672,0.12278884921317712
q43_1235672,42,[MASK],Harmony,Medium,analitica,A,A,True,0.2853107344632768,0.7146892655367231,1.6055287575469097,0.6728572777433299,9.926001338110108,0.12199997261319297,-0.28674394264917724,0.5227524631448722,9.926001338110108,0.12199997261319297,,0.36312201512081194,0.07170809183192689,0.09399746791958175,-0.07505240729922885,0.20227292440847253,0.17763736847844,-0.9461363500980434,0.34845941013373416,0.35034471769708025,-0.2071898636401275,-0.12410722212613794,0.14630080835978018,-0.09544320054928564,0.054443182651037834,0.0611405163068164,0.09697886120050372,-0.0943707406114583,0.05048371568689589,-0.12331884298924703,0.14612407440914804,-0.08669354889627884,0.100111560576545,-0.17429562148066616,0.135500123901089
q44_1235672,43,[MASK],Structure,Medium,analitica,C,A,False,0.6333333333333334,0.36666666666666664,0.25663476156776455,0.11872833642587845,9.941027346421622,0.01784592688399793,0.117202368626531,-0.020871027627762995,9.941027346421622,-0.01784592688399793,,0.11997153592631654,0.00620945839802824,-0.025085678710384852,-0.017333185898583868,-0.04463051776023193,-0.05246649612823685,0.06694702917083123,0.04271919600102948,0.4252048480316779,0.005297146893129191,-0.019447233468628995,-0.007402818951218238,-0.2147816540454975,-0.0401149026683426,-0.07855748336225771,-0.014520999328351523,-0.08331851800021478,0.0,-0.028488002288985674,-0.001088022278679093,0.0756196887881248,0.03442104001266249,0.04097072297231294,0.002537528693036757
q45_1235672,44,[MASK],Historical and Cultural Context,Low,knowledge,A,A,True,0.7575250836120402,0.24247491638795984,1.07387990239827,0.20921786984681506,10.180381494343498,0.054849654476845235,0.6669568838435024,0.006531952318657719,10.180381494343498,0.054849654476845235,,0.31139470561124155,0.07159782166538053,-0.20346150927738377,-0.030843077960843686,0.07461789305130996,0.03627708941735586,0.48440579445833465,-0.070499880803235,-0.2804342799195389,-0.09951348448736516,0.24381121339579745,0.0019718336601095253,0.25059551159649757,0.058281094207159476,0.08757587243383542,0.05119250058099292,0.21725576525055246,0.04830446234233862,0.0,-0.036594805860698514,0.0182500911674979,-0.02034724543434717,0.1299027099188605,0.0032375973104679934
q46_510027,45,[MASK],Performance,Medium,analitica,B,A,False,0.5283687943262411,0.4716312056737589,0.5006526448437488,0.18725763299956233,9.132331574910726,0.04193049144173682,-0.3590913493137565,0.18725763299956233,9.132331574910726,0.04193049144173682,,-0.009874046391807278,0.05414868440502874,0.0621072842615667,0.0030229900777038066,0.008673363503429486,0.050254330342609455,-0.4199979506869454,0.0798316281742203,0.25585647065463074,0.037433877424018464,-0.03384475299404814,0.05361316120466195,0.021878544904046334,0.030767998745530496,-0.09437509045952697,0.025846771153912255,-0.15936566546974093,-0.018039028410024284,-0.153968366928749,0.04181220900869244,-0.11919993896684113,0.025171423127197813,-0.07607255005352742,-0.009348779254426821
q47_510027,46,[MASK],Musical Texture,Low,percettiva,A,A,True,0.6150442477876106,0.3849557522123893,1.5037317291957926,0.37239769413061385,9.470431242831863,0.04652939218516671,-0.3420114831700054,-0.37239769413061385,9.470431242831863,-0.04652939218516671,,0.42272591991399255,-0.01123306643856608,0.04155537951765162,-0.024540247917181037,0.11657882358124938,-0.04988627557316068,-0.922871606182899,-0.28673810420170603,-0.3863036675272481,-0.38913721118760447,0.10996615600507638,0.06610980201921518,-0.09570465522423235,-0.01196265626030543,-0.10171488115876107,-0.040557814807929866,0.10017830683214092,-0.010838134519752567,0.05353750764590628,0.02507225218536427,-0.04759262317362939,0.0061944190032324,0.025622373430741974,-0.01727835056283335
q48_510027,47,[MASK],Structure,Medium,analitica,C,A,False,0.8859649122807017,0.11403508771929824,0.6094225747265016,0.1487239634698639,9.409218187159702,0.13950355506708137,-0.5383290412586663,0.14408401801835508,9.409218187159702,0.13950355506708137,,-0.012700178113706093,0.011556138300820853,0.035546766733917615,-0.0023199727257544166,-0.0072869954004541534,0.052419944455464204,-0.5538886344784237,0.08242790798782444,-0.16391471538248467,-0.023290523585675564,0.02941437007331498,0.016484233392367265,-0.05509819273637076,0.032725206882998945,-0.03315363832042182,0.05380307729726386,-0.07936001279223175,0.022732174516331843,-0.08967997492912569,0.008406588262391062,-0.07343881538521141,0.009158627855410243,-0.0730980617861353,0.024064633397267436
q49_1149194,48,[MASK],Sound Texture,Low,percettiva,A,A,True,0.9224137931034483,0.07758620689655174,1.4076577792446239,0.5232330449593754,9.70634394663027,0.029607633891703424,0.7428526880284796,0.03161157213763727,9.70634394663027,0.029607633891703424,,-0.035122067557947265,0.11661175152039223,0.0,-0.03768131483226306,-0.2972804780501249,-0.20812942157860606,1.0752552336365517,0.16081055702811414,0.1719544503242664,-0.05649799485756461,0.1841209240697287,-0.04229411772188046,-0.06847570962041677,-0.053786388637726515,0.05377123189685923,0.027386928097183728,0.08095504550594652,-0.04960345481147058,0.1192468227260275,0.07043604071339904,0.09984193587697442,0.06279529583269036,0.10143798724909348,0.0731752635230063
q4_196219,3,[MASK],Musical Texture,Medium,percettiva,A,A,True,0.7849462365591399,0.21505376344086022,0.6992650530454061,0.18782075816935936,10.2232911761468,0.03432219069300281,0.6879525939404827,-0.17035712149748525,10.2232911761468,-0.03432219069300281,,0.10511856688967719,0.0025621448151455437,0.02336439426449561,0.006169673520791516,0.5651258623387716,-0.17076870365955737,-0.005656229552461724,-0.008320236173864933,0.3052055435326077,-0.05617778251425662,0.07506012235213454,0.0,0.2634634138375765,0.005136332101798044,0.09283757955645988,-0.02799044104909982,0.14231907366577895,-0.07246168406385461,0.05314867784026235,-0.0013234795180212845,-0.08468794227849985,-0.024609242981256108,-0.15939387456583742,0.00706917652720515
q50_1149194,49,[MASK],Functional Context,Low,unknown,B,A,False,0.8352272727272727,0.16477272727272727,3.447315120201412,0.49089504817267127,10.412655097023682,0.04570866189836064,3.350564965308922,0.1795546761138363,10.412655097023682,0.04570866189836064,,-0.0483750774462451,0.044624640229526266,0.6928905294410419,-0.09367670586984442,0.35999198289599077,0.29060022191372753,2.3460575304181344,-0.06199348015957305,0.28392762213180783,0.025143587891843653,0.16849530137429253,0.0847430227896783,0.5568341730518162,0.0841312625008869,0.32879691686528456,0.0,1.354929364959635,-0.04478492481490717,0.8405139414782986,-0.02075192560153722,0.0894831504237002,0.0,-0.27241550497591316,0.05107365334787183
q51_1149194,50,[MASK],Mood and Expression,Low,knowledge,B,A,False,0.7576530612244898,0.24234693877551022,1.1704790895764576,0.10388542174800229,9.795513802452472,0.0028477247142077826,0.3533490674833383,-0.017512094921789387,9.795513802452472,0.0028477247142077826,,0.06219691468423347,-0.04656261561573202,-0.22220252169907395,-0.014136142719163818,0.6997171638456645,0.01026257267406379,-0.18636248934748575,0.032924090739042663,0.11206787897035216,-0.0033921980986938143,0.002921350170293699,0.03664399110660135,0.06762086354797785,0.015146706534440805,0.09628242469694992,-0.0012149444916393862,0.08779144842379982,0.019150943173078055,-0.003733752411593745,-0.05967599286944321,0.039187520321111405,-0.017302550097764213,-0.04878866623555277,-0.006868050178368978
q52_1107251,51,[MASK],Melody,Low,analitica,A,A,True,0.638888888888889,0.3611111111111111,1.3216555699109667,0.16824089928339395,9.820646906269799,0.022285379333570707,-0.8725512897131975,-0.13738410919091465,9.820646906269799,-0.022285379333570707,,0.22455214009888455,-0.0027724738346419815,-0.05096078118356465,0.015428395046239654,-0.38863772717548417,-0.08793605151706593,-0.6575049214530333,-0.06210397888544639,0.0785686258907205,-0.036862303452434214,0.08506160330025325,-0.01843522077505136,0.12913035982078563,-0.031475915147747814,-0.2950467545388503,-0.05504774137494569,-0.06986957995749048,0.004942865460061166,-0.08479251746457273,-0.024569624533265083,-0.315679500437024,-0.01604157563365691,-0.39992352632701933,0.04010540626612526
q53_1107251,52,[MASK],Lyrics,Low,unknown,A,A,True,0.7680608365019012,0.23193916349809887,1.7248505899410362,0.7132148316471933,10.230430932249401,0.21712624413226303,-1.5197424334508896,-0.5289880101927528,10.230430932249401,-0.21712624413226303,,-0.7632635180216821,0.09211341072722032,-0.0696603575700189,-0.04689819426554618,0.10255407824507337,-0.12664748284596605,-0.7893726361042619,-0.44755574380846086,-0.25447292114433945,-0.02426274272516013,0.32602899365064253,-0.01579783833547511,0.0,0.0,0.0406342331129943,0.06386212326387979,0.04034479861801206,0.024751728699721816,-1.5591773982454535,-0.4752996450817759,0.0967985976617741,-0.026293219938612552,-0.2098987371045195,-0.07594841607533068
q54_1107251,53,[MASK],Mood and Expression,Low,knowledge,A,A,True,0.8636363636363636,0.13636363636363638,1.1587649915752667,0.3212984475146376,9.782613987670747,0.11334443462485257,0.8719853566343253,0.23702552634964175,9.782613987670747,0.11334443462485257,,-0.14338981747047067,-0.02384553363165004,0.06592172925295955,-0.01829092695084789,0.4351553371880899,0.025903061277710304,0.5142981076637465,0.25325892565442937,-0.2964913548699245,-0.08277563287033626,0.1208427153180003,0.016894737341198618,0.3923257055609827,-0.03787708778253894,0.1437056737916555,0.02798625033704167,0.1592930001160709,0.07715928769010412,0.46345839314461895,0.0875258352182142,-0.2178269094853159,0.033600585144758166,0.10667813305823746,0.11451155127120015
q55_189585,54,[MASK],Harmony,High,analitica,B,A,False,0.6621621621621621,0.3378378378378379,0.44621351566823425,0.13276896245023367,9.200281487427981,0.08842936703775674,-0.20150802192217881,-0.040970793686495685,9.200281487427981,-0.08842936703775674,,0.04198659206479516,-0.025770272649825822,0.04470153481082065,0.012203734871684153,0.03566461999741192,0.03369534951018484,-0.32386076879520653,-0.06109960541853886,-0.13033228151936688,-0.10028177058261645,0.04959626394617149,0.041708173609030244,0.05769585075517126,0.026995348656940733,-0.028238473560308192,-0.009785654317334226,0.004865999555967067,0.015243012658862787,-0.01116389975755302,-0.014849903711378763,-0.07361867079047033,0.0,-0.07031281055179016,0.0
q56_189585,55,[MASK],Harmony,High,analitica,C,A,False,0.7934782608695652,0.2065217391304348,1.008129429891817,0.45645378789991475,9.063922548406108,0.014480374180561474,-0.45204024928979364,0.42590347619389435,9.063922548406108,-0.014480374180561474,,-0.18392339007098413,0.16238327167915223,0.19170706434881007,-0.015275155853010241,0.08633752595220168,0.2051614713212817,-0.5461614495198213,0.07363388904647063,-0.26249175408978614,0.07678120429426152,-0.033474050591181574,0.09833995458366532,-0.233107388788369,0.03916766114202444,-0.05508233171619169,0.02123148677146412,0.0,0.026320742399401978,0.02352099757464862,0.004565989331917049,-0.040942868132441926,0.06688238144371056,0.1495371464535282,0.09261405622744931
q57_189585,56,[MASK],Genre and Style,Low,knowledge,A,A,True,0.9681181959564541,0.03188180404354588,3.5908598467000736,0.5155060229743705,10.950965800490957,0.05945513963444634,2.53473211380693,0.5155060229743705,10.950965800490957,0.05945513963444634,,2.7402960499865543,0.387861290286871,0.05010337131042579,0.05531862028355836,0.27239655895652176,0.023592863359238853,-0.528063866446572,0.04873324904470231,0.8446386059562633,0.11622835092720718,0.13297217988052967,0.029113044751182135,0.18096801021610098,0.018291837861856963,0.4403233305386868,0.0630022264168032,0.17516056645664294,0.06591254487923284,0.30533595652134404,0.0517020960551238,0.3457332468122356,0.0795823936500354,0.10960021742512649,0.09167352843292902
q58_170946,57,[MASK],Historical and Cultural Context,Low,knowledge,D,A,False,0.7047244094488189,0.2952755905511811,1.264606674021233,0.2668331890387089,9.949427888796764,0.026246470069506173,-0.4391546087394986,-0.05883243202323635,9.949427888796764,-0.026246470069506173,,0.34636131236769774,-0.030081998937901852,-0.0328611138527663,0.08070200069622066,-0.8190195275275995,-0.13275081159307076,0.06636472027316946,0.023298377811515603,0.07300169966551678,0.0,-0.24396310109020092,0.03778517977643443,-0.10909961039604156,-0.043885354540243816,0.0028587308020118773,0.013876889046223343,0.16965166933192305,-0.06682271029708742,-0.15682576885225635,0.04002600435962257,-0.0938127441338456,0.019878114374401637,-0.08096548406660599,-0.059690554742587075
q59_170946,58,[MASK],Sound Texture,Low,percettiva,B,A,False,0.5961538461538461,0.4038461538461538,0.8891353873839053,0.3247433857870331,10.212183569075547,0.18134670932289337,0.21224930995489244,0.3247433857870331,10.212183569075547,0.18134670932289337,,0.3550851587109928,0.051546253851599076,0.19560718995840604,0.03748105315850436,-0.33844303871450643,0.21720102077983952,0.0,0.01851505799709013,0.06570637531202186,0.0331724361764046,-0.0010165687219202968,0.06743403926140215,-0.010104625567615017,0.06322605028824525,0.06488157658021007,0.04667988933828271,0.03664614915634169,0.01282444332584538,0.08544434375594676,0.027170727784400266,0.06460797205281563,0.022372059437294114,-0.0939159126129083,0.05186374017515864
q5_196219,4,[MASK],Performance,Low,analitica,A,A,True,0.7382550335570469,0.26174496644295303,1.679236704904591,0.3189918020032141,9.707126503269416,0.028825077137447443,0.6335285189771818,0.1410154373577489,9.707126503269416,0.028825077137447443,,0.10003489630281572,-0.017494017670322153,-0.4920861466951248,-0.07149416465241044,1.0563477156380707,0.2075612678329793,-0.030767946268579937,0.022442351847502207,0.0694216670750573,-0.02490621479713735,-0.07370676160367454,0.026515685603076544,0.0484263162760495,-0.017645237302600023,0.01838560415731197,-0.002534760338386198,0.26034388184472224,0.019088794751582355,0.21752539588368064,0.04869325229901235,0.15170873284175265,0.06697247740263496,-0.05857631749771798,0.024831439739566256
q60_170946,59,[MASK],Instrumentation,Low,percettiva,C,A,False,0.899641577060932,0.10035842293906812,4.5310329461901055,0.7396194782781735,9.33471020827826,0.08919164232337638,2.163227173957432,0.35563131312793583,9.33471020827826,0.08919164232337638,,0.17433730845199757,0.12974536330531883,-1.1839028861163368,-0.19199408257511888,3.052090171385698,0.4178800323977359,0.12070258023607366,0.0,0.18551252757587758,-0.018338845611368833,0.012517233002486777,0.0015518688572313186,0.09199278204981705,0.007150332106455104,0.12070258023607366,-0.034294320332129,-0.23637371487263945,-0.014627140095034005,0.84619132278757,0.12063447789187391,1.3304050626298942,0.21990772172200795,-0.18772061945164745,0.07364721858889944
q61_1278743,60,[MASK],Genre and Style,Medium,knowledge,C,A,False,0.7956204379562044,0.20437956204379562,1.5164588379570856,0.11414948328276431,9.385608442533456,0.03829340753550493,0.46991478479159665,0.11414948328276431,9.385608442533456,0.03829340753550493,,0.0772297239346163,0.059444067678173035,0.07221665928413944,0.022726246030800062,0.8437404281555854,0.012144551136071071,-0.5232720265827445,0.01983461843772013,0.2448780064193603,0.045122111444738544,0.6537004794290462,0.050862476151986837,0.1793905557803055,0.05402679410613133,-0.047185083005377965,-0.03289719939590721,-0.06865056727596258,0.002782820006603959,-0.072973998839129,-0.004058941793138034,-0.0834402484397653,-0.0190190159127315,-0.33580435927688057,0.01733043867508037
q62_1278743,61,[MASK],Genre and Style,Low,knowledge,B,A,False,0.6785714285714285,0.3214285714285714,0.7547799165306712,0.3529038172679716,9.011027499279193,0.03841467497526448,0.2040980016962607,0.3529038172679716,9.011027499279193,0.03841467497526448,,0.10247450893712334,0.028790870625080418,-0.021066873925782856,0.031509125473868485,0.3769644501763426,0.15782528002371593,-0.25427408349142244,0.13477854114530674,0.2128455340282443,-0.017772001374315283,0.011745465037536398,0.047291266251529795,0.07142553791200756,0.06881901645863717,0.017020176595020028,0.024534364473734478,-0.04212467453116034,0.10346413326503219,-0.005708116431768898,0.022093100018060866,-0.035571997481553555,0.015042538826841936,-0.025533923432064898,0.08943139934845046
q63_1278743,62,[MASK],Sound Texture,Low,percettiva,B,A,False,0.8953900709219857,0.1046099290780142,5.075515859534432,0.27169751330122804,10.010680612879822,0.02508924889150215,0.7324823310146023,-0.27169751330122804,10.010680612879822,-0.02508924889150215,,-1.545948235584146,-0.04890657040405202,-0.17659092932934292,-0.032020900765851734,2.903999095274517,-0.062419644000006894,-0.44897759934642584,-0.1283503981313174,0.8774158230146059,-0.02168268339346168,0.3058384893020197,-0.06836179276164961,0.004475182626580754,-0.013807399438872534,-0.3323689514278686,0.0020931047395237982,-0.09412689136732844,-0.06197709895598869,0.07035111970025919,-0.016378873863302595,0.12425961561311466,-0.02597671485362484,-0.22336205644678114,-0.06560605477385192
q64_261271,63,[MASK],Harmony,High,analitica,D,A,False,0.7852112676056338,0.21478873239436616,1.8283018746607789,0.19016756157664402,9.85438096904841,0.04108150814117121,-0.872975124722426,-0.1020070250342282,9.85438096904841,0.04108150814117121,,0.040954620696705,-0.022918630431667673,-0.07507711578841708,-0.010889513484394823,0.4367087542724714,0.04408026827120791,-1.2755613839031854,-0.11227914938937361,0.1637379789351688,-0.10270889143132865,-0.10214277231124938,0.008001857268066036,-0.14606732229763741,0.010901432728692909,0.05356594706808575,0.028961402238795696,-0.09406457566934776,0.009173519566558472,-0.3791672823018559,-0.09089425844937798,-0.179851269247832,-0.027794106918160116,-0.18898582889775808,0.06235201996252546
q65_261271,64,[MASK],Genre and Style,Low,knowledge,D,A,False,0.7087378640776699,0.2912621359223301,0.5606338954650146,0.4087210034511377,9.421271128737718,0.06504066804243566,-0.11689078907974687,0.25807708807744256,9.421271128737718,0.06504066804243566,,-0.07581406425493105,0.025502539097886825,0.027399851677951975,-0.07532195768684756,0.1944717015146819,0.07096597290310194,-0.2629482780174497,0.23693053376330134,0.0,-0.1338723429800168,0.4594250448021107,0.05390707866265468,0.026816627271610508,0.06664941587410277,-0.0873073548356465,-0.006384861083313546,-0.12115798467663635,0.007674557465324618,-0.08510906270824412,0.02926320514555135,-0.1157109893065191,0.10890820141971663,-0.1938470696264219,0.13193183357342286
q66_261271,65,[MASK],Functional Context,Low,unknown,A,A,True,0.6868421052631579,0.3131578947368421,1.3685843475586912,0.33752521100226063,9.446309751758324,0.022407900743554414,0.4281506575772427,0.33752521100226063,9.446309751758324,-0.022407900743554414,,0.11464481331518347,0.06387017477835859,0.23447230881325282,0.04548725816068608,0.5492503804395307,0.06291054836041807,-0.47021684499072425,0.16525722970279785,0.460926200043583,-0.10704645290118799,0.14799172025720853,0.1170040407548095,0.012476603315980897,0.09437832111457978,0.08037985759198517,0.02143695426243029,0.0,0.04029861350381212,-0.05511267372411768,0.023120095246144952,-0.146267903436799,0.04534008821446108,-0.07224314647059824,0.10299355080721087
q67_1051201,66,[MASK],Mood and Expression,Low,knowledge,B,A,False,0.8785425101214576,0.1214574898785425,1.4137124716685303,0.16054451976217304,10.12740864074539,0.016997384004642797,1.3162792848518494,0.1552330592639154,10.12740864074539,-0.016997384004642797,,0.22629685736077504,0.032968765912169795,-0.048716593408340364,-0.0026557302491288307,0.9468575499732987,0.10261027365553665,0.19184147092611614,0.022309749945337784,0.36198777279175126,0.01057942186679095,0.15244963994369565,0.026411473175843386,-0.01103656640923964,0.05390170660628654,0.5456442817943206,0.03825158548585669,-0.041560155618588945,-0.007939120519368242,0.2399521763443726,0.027749479965711775,0.07073408419908987,0.006278512682794297,-0.001891948193551797,0.0
q68_1051201,67,[MASK],Mood and Expression,Low,knowledge,D,A,False,0.9263657957244655,0.07363420427553444,2.5951235230334473,0.15182991135647705,10.194762199891029,0.1028788954178818,2.3989686898520963,0.15182991135647705,10.194762199891029,0.1028788954178818,,0.11246548033469955,0.007867178996129646,-0.09807741659067545,0.006166221230379158,0.2645294350283169,0.0178875105729101,2.1200511910797553,0.11990900055705815,0.09012703132030808,-0.021325782292245354,0.003707947994813672,0.00497031579576504,-0.6669186031867582,-0.012078343155932484,0.8452532232205123,0.055296274672567446,2.285875287937558,0.043411371253452034,0.33673095186970087,0.0,0.08574160612792962,0.043698387114000606,-0.5815487554319683,0.03785768796886976
q69_1051201,68,[MASK],Performance,Low,analitica,C,A,False,0.3823529411764706,0.6176470588235294,0.9616295041657759,0.14564831907626832,9.141234789102498,0.03302727686382246,0.13487320232574684,0.08557120547858603,9.141234789102498,0.03302727686382246,,0.10956561044971777,0.0017223018293916516,0.059517493946030946,-0.030038556798841147,0.37916824885001266,0.05272603907932478,-0.4133781509200145,0.06116142136871075,0.19458738401153391,-0.04483416000884047,0.04193147397208898,0.028635752050375624,-0.10839151351300944,-0.03892766985289463,-0.016952231989561053,-0.02595791712340635,-0.04804618913472049,-0.012345173604653356,0.0022566214314027958,0.035244052185572174,-0.057469406911658374,0.04136969971833515,0.12695706445967053,0.1023866221140979
q6_196219,5,[MASK],Melody,Medium,analitica,B,A,False,0.3991596638655463,0.6008403361344539,0.6896887576544523,0.17625598624069314,9.601350541947312,0.00978114591005086,-0.12852084847732761,-0.034248289731193406,9.601350541947312,0.00978114591005086,,0.07584741760142989,0.011729345719054058,0.20473653698713243,0.05927450253569579,-0.37525135690240075,-0.07070981015067102,-0.0338534461634892,-0.034542327835272245,0.07164088441022762,-0.013101324001923277,0.024145525550400247,-0.0019042717533002077,0.03021333204033761,0.02529345516651478,-0.014496285149283729,0.005557504921425396,0.0,0.0,-0.09068672164921521,0.011152445776909228,-0.08185894041850986,-0.024396343389254456,-0.0674786432612843,-0.03684975645156489
q70_1247308,69,[MASK],Metre and Rhythm,Low,percettiva,B,A,False,0.7852760736196319,0.21472392638036808,0.44102929885674835,0.14634854157896932,11.14040680509554,0.030973535071633786,0.3895510293754083,-0.14634854157896932,11.14040680509554,0.030973535071633786,,0.246544816391021,-0.04450244788086944,0.035832483962693576,-0.02414036322298932,0.13291286376236375,-0.05943723835431716,-0.02573913474067003,-0.018268492120793407,0.0,0.0,0.010676577392674039,-0.01918914877119373,0.05767664418402616,-0.013318901560515219,0.12697871589279058,-0.02729922059866588,0.07526280744063468,0.0005784183617200973,0.09079057176306614,0.0,-0.018853279164814406,-0.06065471648328155,0.04701899186703107,-0.026464972527033052
q71_1247308,70,[MASK],Harmony,Medium,analitica,D,A,False,0.38,0.6199999999999999,0.35224055847135916,0.19515937834698607,9.2528725135212,0.016200501015364438,0.35224055847135916,0.17241259233995873,9.2528725135212,-0.016200501015364438,,0.16674841955413267,0.015334955633803164,0.1713766271329197,0.14554389277708354,0.014115511784306783,-0.011373393003513671,0.0,0.0229071369325857,-0.03618991693280703,-0.12884918096091202,0.05515800295478347,0.014599071094778369,0.036930416778346846,-0.004946081598807293,0.06218284318096084,0.08119983303511301,0.06704692040442135,0.0735633760684802,0.0,0.04911941078991356,-0.0017845017497759227,-0.022714034007983056,0.1688967938354296,0.11044019791937598
q72_1247308,71,[MASK],Structure,Medium,analitica,A,A,True,0.7888888888888889,0.21111111111111114,0.6591447743789558,0.30543968717788383,9.188555186056522,0.014293120614860232,0.6591447743789558,0.02531457613686426,9.188555186056522,-0.014293120614860232,,0.24441020406262798,-0.03380872489578496,0.009773254850125437,-0.10625383062472481,0.31143852135603567,0.08297975477386163,0.09352279411016673,0.08239737688351241,-0.04581140600288111,-0.18265002502261254,0.0650841428792971,-0.03452572611076844,-0.04276151711976624,-0.04213564533395848,0.10861586665510872,0.021973781910063602,0.15782633704148688,0.0939414175999454,0.2252354598603611,0.06452307029826371,0.07567060038343788,0.012722364797905722,0.11528529068191151,0.09146533799802524
q73_26738,72,[MASK],Instrumentation,Low,percettiva,A,A,True,0.9129930394431554,0.08700696055684454,1.5309066682555088,0.5907469428158619,10.156036432387939,0.10803512187501785,-0.252959954089489,-0.2448123003040856,10.156036432387939,-0.10803512187501785,,0.14480950675578252,0.012877296440521796,0.4156902135084937,0.09126810728892885,-0.891933311172499,-0.4177796215599737,0.07847363681873362,0.06882191752643749,-0.06833236082198146,-0.0007181102790549607,0.2293897837117169,0.04530042358667539,0.2602716691141063,0.03410219666168174,-0.008910812363962593,0.06650393035574817,0.13060789794545233,0.04981473068341262,0.22268535603519707,0.06219715311672255,-0.10768641333629081,-0.027573932945653266,-0.9109850743737267,-0.4744386914836178
q74_26738,73,[MASK],Instrumentation,Medium,percettiva,B,A,False,0.7967914438502673,0.2032085561497326,0.9775245878111434,0.23770351374170964,9.835123378049522,0.025648094882874672,0.5216725484879718,-0.0330849585447984,9.835123378049522,0.025648094882874672,,0.0,-0.029590005930449394,-0.21927713427776324,-0.07175214161809478,-0.008648885383822524,-0.03405208859470983,0.7495985681495576,0.10230927759845562,0.36072722980022365,0.05199599238387477,0.16492412118105973,0.011080235971980922,-0.06377671610488671,-0.004722961871262567,0.04169048247947811,0.004519009872782528,0.07610800682023902,0.0035729981403508655,0.13493557665425335,-0.010083672144297236,-0.026679616726187634,-0.010556407598778822,-0.16625653561620762,-0.07889015329944882
q75_26738,74,[MASK],Genre and Style,Low,knowledge,A,A,True,0.8619302949061661,0.1380697050938338,1.545645207718804,0.3671983296185088,10.265206974616845,0.09484406695500976,0.1505186280055415,0.0008549164531289483,10.265206974616845,0.09484406695500976,,0.0,0.0,-0.41078614219670906,-0.1831717065826899,-0.2867771476599223,0.10244814611112814,0.8480819178621728,0.08157847692469072,0.2539150885893374,0.052792256568773274,0.29548714026080625,0.021526045087630223,-0.01736074052169541,-0.07825064875449986,-0.11785565503911341,-0.05118541338129898,-0.017414902393949938,-0.058200323836810335,0.11620836174553673,-0.04758313310567383,-0.08144594272046843,0.0,-0.2810147219149117,0.16175613387500842
q76_1087890,75,[MASK],Performance,Low,analitica,A,A,True,0.5204081632653061,0.47959183673469385,2.257638856900643,0.5612958982360678,9.101363588228994,0.19771837010960974,-0.9400777092566424,0.310993434593638,9.101363588228994,0.19771837010960974,,-0.15522491307162933,0.02495373958546815,-0.09073211779355145,0.03688217873857945,0.6587805738220002,0.3743087480908053,-1.3529012522134618,-0.1251512318212149,-0.055318251011785724,0.033302982893808716,-0.10518791739301508,-0.01454950668750131,-0.18225098024787384,-0.013076400831346383,-0.13429893413849867,0.043528089646249976,-0.26154286843793756,0.06361129779436421,0.0,0.03034648875569059,-0.1887400093628328,-0.00029335835175080954,-0.012738748664698804,0.16812384137412295
q77_1087890,76,[MASK],Instrumentation,Low,percettiva,A,A,True,0.8161094224924013,0.18389057750759877,1.1821643861416469,0.253472142288733,11.262947150700105,0.3262692632858477,0.4917582451456607,-0.02791239924757991,11.262947150700105,0.3262692632858477,,0.5150342238106054,0.11277987152057653,0.11447173463684443,-0.06362256179101218,0.20745535719620395,-0.05864727750940911,-0.34520307049799304,-0.01842243146773515,0.09195805237941529,-0.17265553501328734,0.07688363916688254,0.009400636298649026,0.08180022499180908,0.031984689959593644,0.12877276092067594,0.02331553939752459,-0.13652872607182812,0.021268822141018898,0.0,0.05414009934741666,0.0,0.03535164625811171,0.248872293758706,-0.0307182976366071
q78_1087890,77,[MASK],Metre and Rhythm,Medium,percettiva,A,A,True,0.9082840236686391,0.09171597633136096,1.4280457200086214,0.24957539992055303,11.584177833341592,0.12985847251961213,0.9978637316486838,0.053123786652116374,11.584177833341592,0.12985847251961213,,0.2959949856947152,0.13466926377330046,0.10524825166733537,0.016680329513034258,0.8117114884666019,-0.04778733925289512,-0.21509099417996885,-0.05043846738132322,0.2722925229948137,0.08070823381795797,0.2540385945743223,-0.07203542345036114,0.16439772198795144,0.0,0.1394368636969735,0.0,0.046586833200479155,-0.02060245051349907,0.10697410795434556,0.03699119617158275,0.0073389777646866855,0.022768979658036252,0.00679810947511128,0.005293250968399648
q79_467850,78,[MASK],Instrumentation,Low,percettiva,D,A,False,0.9216152019002376,0.07838479809976248,2.7340637339778118,0.4588384695519491,11.25964306392809,0.223787005976384,2.5002639584408515,0.31702427316109816,11.25964306392809,0.223787005976384,,-0.033868406449498456,-0.0709070981954255,-0.08303148131898161,0.020033049888008754,2.2116575682875452,0.2508530839387417,0.40550627792178656,0.11704523752977314,0.7742194171136387,0.07246696839349488,1.0454085382243332,0.04354668354808261,0.31629637348104256,0.05626907556143457,0.21304684170172053,0.07845904555150465,0.07733899157416715,0.07575929801920442,0.22453416860819428,0.04299934763832804,0.0,-0.01786424681557295,-0.15058037226224494,-0.034611898735378094
q7_171574,6,[MASK],Metre and Rhythm,Medium,percettiva,A,A,True,0.8122529644268774,0.18774703557312256,0.5064469406626627,0.116737118449571,10.001411621142562,0.10899963540163427,-0.06415580410252142,0.1044264529481085,10.001411621142562,0.10899963540163427,,0.13094747342916857,0.040815653120442434,-0.13009209459444104,0.05841305052934732,-0.15520927778815102,-0.006155332750731254,0.09019809485090208,0.011353082049050004,0.4995449513358319,0.04038125406685297,0.258207609130796,0.036152193048148956,-0.07707059727830992,0.01343646247963249,-0.06068766578726035,-0.011589990641217239,-0.19412279358535361,0.004874129222514834,-0.0928093805162265,0.039935533901782366,-0.19238817566914948,-0.02567999955209904,-0.2048297517328495,0.006916870422493157
q80_467850,79,[MASK],Genre and Style,Low,knowledge,A,A,True,0.9224719101123596,0.07752808988764046,1.769612904909553,0.2250107331479443,10.618849550246088,0.027949920035108444,1.769612904909553,-0.03800625379696714,10.618849550246088,-0.027949920035108444,,0.8820629988534976,0.07903765416712827,0.17260680637866896,-0.038066416791477514,0.6199131530829696,0.014464585508360307,0.09502994659441695,-0.0934420766809782,0.295437802830154,-0.09631137651293946,-0.12517292212670428,-0.11554417547072564,-0.17816786924648453,0.018944333951685686,0.8574748491072608,0.0,0.7877568128172965,0.009953048033710023,-0.20402105744340157,0.06144562585316651,0.2125959339684042,0.006222524917541026,0.12370935500302796,0.0772837654305947
q81_467850,80,[MASK],Metre and Rhythm,Low,percettiva,B,A,False,0.8840206185567011,0.11597938144329897,1.0504219012629838,0.2709044303188698,10.170890311273144,0.12675078322621713,1.031984745700542,0.15508275909154665,10.170890311273144,0.12675078322621713,,0.2440001677442993,0.007940584517592497,-0.009218577781220968,-0.02202620343625971,0.2364198055853476,-0.035884632177401884,0.560783350152116,0.20505301018761574,0.2988935122674231,-0.10564710449285343,-0.02579843084856419,0.041148988271775114,0.0,0.0243692608234777,0.18283629974119722,0.0,0.4081830861106864,0.03208461810092209,0.06298655200108182,0.06914852138524255,0.13960393489981282,-0.0014052631302470808,-0.03472020847109529,0.0953837381332297
q82_875005,81,[MASK],Metre and Rhythm,Medium,percettiva,D,A,False,0.390625,0.609375,0.7122492170885921,0.3592470941727835,9.034556258592922,0.07729586190303427,-0.1296441058936461,0.3336407459995211,9.034556258592922,0.07729586190303427,,0.027397708952402677,0.0019492547805537936,0.04175992750255188,-0.0128031740866312,0.22214491914251844,0.2331064653120294,-0.4209466614911191,0.11138819999356912,0.11354062390100533,0.09084400286530186,0.07343915413258185,0.03046472963852166,-0.02701662425317625,0.026922257073251583,-0.08540878431503207,0.0289961440242387,-0.11231315409831977,0.02524336447671466,0.09352409801567506,0.09075782339007249,-0.17836413237219428,0.007330658491745403,-0.007045286904185932,0.033081766039674707
q83_875005,82,[MASK],Harmony,Medium,analitica,A,A,True,0.6059782608695652,0.39402173913043476,0.6463748356011509,0.1217648475787311,9.586881339711082,0.038216949262346235,-0.05158409471591663,-0.04533645695050836,9.586881339711082,0.038216949262346235,,-0.014193984738389023,0.008171300913023443,0.04562148100692308,-0.04027656016338372,0.2517738894356941,-0.04327409210123602,-0.3347854804201448,0.030042894401087934,0.35652553643732277,0.011532639320439336,-0.023579048989547966,-0.011705145021619704,0.059733961016765896,-0.023477325791369547,0.03290336224882675,-0.016507424957825423,-0.12341427045561255,0.0446966124627372,-0.05400314649111173,0.023008460516436128,-0.08436422021537274,-0.03305132185433354,-0.21538626826718693,-0.039832951624972815
q84_875005,83,[MASK],Harmony,High,analitica,B,A,False,0.5,0.5,0.8432633952136304,0.1854685715177441,9.557600521316981,0.05353116696874987,0.039951254316821394,-0.1854685715177441,9.557600521316981,0.05353116696874987,,-1.6434023271207077e-05,-0.014199620113898085,0.00403323300695696,-0.010455514520153222,0.4375740917582689,-0.04559602165347172,-0.40163963642513323,-0.11521741523022105,0.12559718525861052,-0.08159793273911604,0.14540958028396467,0.0074454316242121,-0.055086729120510124,-0.010310860829747923,0.08229349105198522,-0.011735580549599786,-0.05990238618775591,0.004112717468672378,-0.0470551918614749,-0.027909097190230055,-0.011642454873084313,-0.04019114312329961,-0.1396622402349138,-0.025282106178635133
q85_1215807,84,[MASK],Musical Texture,Medium,percettiva,C,A,False,0.8899371069182389,0.11006289308176102,1.2441852767011161,0.2880595510347387,9.884647985071124,0.10094338051952148,0.6467488952799585,0.1944932801915827,9.884647985071124,0.10094338051952148,,0.10198898328271538,0.04659370551363251,0.11610448480230023,-0.04678313542157797,0.7273736179055217,0.022839610109650833,-0.2987181907105788,0.17184309998987735,0.4887037839432905,-0.016604144598006465,0.2708324546325034,0.04654834718234132,-0.13820260305973456,0.07008138947396361,-0.031965607621308186,-0.0037550793391066886,-0.07681145544170515,-0.0017894146538987733,-0.00797861412517975,0.023212283755539496,0.09426061344299586,0.02665702539540105,0.04791032350909641,0.050142872975349154
q86_1215807,85,[MASK],Sound Texture,Low,percettiva,C,A,False,0.6954887218045113,0.3045112781954887,1.0947384948730314,0.15671373167971064,9.548664344919628,0.06246734314509525,0.38846226944613127,0.15013956288050573,9.548664344919628,0.06246734314509525,,-0.3531381127134501,-0.0032870843996024475,0.41736363779250957,0.03345559701033934,0.24975011623619664,0.02097748332096369,0.07448662813087514,0.09899356694880516,0.16979231611049994,-0.016364616893950985,0.07995780012569671,0.03270008932332549,0.0025118396783434874,0.031009430129627768,0.0522084292411068,0.02320977097584041,-0.1419544412754577,-0.021341354022199853,-0.028987578941286396,0.02480077804239999,0.18615373143636182,0.019962486988932937,0.06878017307086665,0.05616297833652999
q87_1215807,86,[MASK],Instrumentation,Medium,percettiva,C,A,False,0.9128440366972478,0.08715596330275231,3.3035003929045557,0.20459410921815976,9.408560574878226,0.15743725518648158,-0.4894255199071835,-0.20459410921815976,9.408560574878226,-0.15743725518648158,,-1.2244102939644925,-0.049492405852716984,0.0,-0.05149972092021572,1.407037436498686,-0.09631483190470387,-0.672052662441377,-0.007287150540523174,-0.005997324043760993,-0.15692216606469567,-0.35326867014404584,0.00806254324881175,-0.1096843750680303,0.027493398717096988,-0.019295362405799044,0.018207416289910475,0.06051155371713718,-0.016060027209387387,0.042857780816815585,0.018922627813571447,-0.25808551255559287,-0.019043940779631247,0.1535363897760929,-0.08525396123383612
q88_306166,87,[MASK],Harmony,Low,analitica,C,A,False,0.7944444444444444,0.20555555555555552,0.8770877694462256,0.22056529632739505,10.13771560883223,0.09751554066534969,0.7449417971442527,0.10006222014372915,10.13771560883223,0.09751554066534969,,0.0720517176306504,0.026152049130377098,-0.0660729861509865,-0.06025153809183295,0.4941503117480125,0.021753175558371682,0.24481275391657625,0.11240853354681332,0.13623097872126394,-0.15444570683307346,0.18882699807617948,0.05002270808809431,0.009747051586647418,0.01870111924527702,0.07450207182524371,0.08202462114470957,0.121172028115327,0.0,0.0963830546436826,0.058838736085932014,0.0504561835127976,0.04893291010806583,0.06762343066311088,-0.004012167695276143
q89_306166,88,[MASK],Melody,Medium,analitica,D,A,False,0.4852941176470588,0.5147058823529412,1.31036491503294,0.17139356430173988,9.812302474708448,0.11087894422258593,0.6241683338758307,0.15877693049040162,9.812302474708448,0.11087894422258593,,-0.23484760496679508,0.005482735399162916,-0.020108718134787533,-0.006308316905669141,0.9672666244543854,0.11663214172006064,-0.08814196747697196,0.04297037027684719,0.1706098687485078,0.022524030320949195,0.10198287735732885,0.058382306520275734,0.03094611876516442,0.023809074898941452,0.048763137102428,0.01729079995573986,0.09247887794894429,0.007462151100729694,0.04260029911741945,0.006062789165804647,0.03611298171866762,0.010036037696046923,0.10067417311737029,0.013209740831914105
q8_171574,7,[MASK],Harmony,Medium,analitica,B,A,False,0.45033112582781454,0.5496688741721854,0.15032659355067948,0.08714914008209225,9.47859873421286,0.022406724328964442,-0.06276661145223547,0.055287138200504404,9.47859873421286,0.022406724328964442,,-0.10390977195265319,0.07121813914129833,-0.0015061310470829148,-0.00537003836077952,0.043779991049222006,-0.004596748785901832,-0.0011306995017213717,-0.0059642137941125686,0.1565075269093894,-0.036344543076220606,-0.05702202793096403,0.04689139297229401,-0.01895944112416262,0.037802372083919705,0.0,0.004691907754611924,-0.030973211336594156,0.004378077991440627,-0.04610676100495503,0.006518576951243403,-0.03189312168003486,-0.0017461073904615756,-0.03431957528491418,-0.0069045390863230575
q90_306166,89,[MASK],Performance,Medium,analitica,C,A,False,0.7159090909090908,0.2840909090909091,0.7028291885379079,0.12607868927977567,9.371228067519588,0.11508372943475562,0.6530304209290456,0.12607868927977567,9.371228067519588,0.11508372943475562,,0.06198418444534626,0.005870158732662948,-0.024899383804431192,0.005596783529276325,0.32708174437309523,0.06120961087651542,0.28886387591503526,0.05340213614132096,0.22837025994257032,0.01496413405786852,0.10976226275038573,0.052853702675710865,-0.034627916962155135,0.02558013711966838,0.0,0.008437192434849578,0.1294286189000965,0.04979144657611718,0.08011438080680383,-0.003732730907714645,0.021649364827604302,0.0,0.11833345066374007,-0.021815192676724215
q91_8559,90,[MASK],Historical and Cultural Context,Low,knowledge,B,A,False,0.9317343173431735,0.06826568265682657,1.1236549906612032,0.2878353197402651,10.669039195237868,0.08258871799236672,0.4435730013291441,0.07694073087994893,10.669039195237868,0.08258871799236672,,0.22317211488651792,0.04559614453478446,-0.34004099466602955,-0.08715354104359854,0.5604418811086558,0.13679188077532256,0.0,-0.018293753386559544,0.08206763937544066,-0.014472279917296778,0.10233162678012529,0.0,0.09816160370715382,-0.004316204357539259,0.0,-0.008146487670167738,0.14541687998315891,0.035303325870123164,0.011902021322074983,0.044687630711472276,0.05887173715226635,0.0008966058895226586,-0.05517850699107581,0.022988140353834605
q92_8559,91,[MASK],Performance,Low,analitica,A,A,True,0.9519427402862985,0.048057259713701436,1.3725014384470227,0.29718822192201483,10.746616866936797,0.22090114651829726,0.027323952953022583,0.2950365763538895,10.746616866936797,0.22090114651829726,,0.6112807436502075,0.10504936184201033,0.03187765909324161,0.09745625227718359,-0.6725887427470001,0.09360678501875822,0.05675429295657363,-0.0010758227840626262,0.06989021930652928,0.05307596403994548,0.140848156877143,-0.0006878847161293899,0.07883844721381277,0.025597630270637647,0.17072653850152372,0.0,0.09892240273175135,0.03386275751883409,-0.18389708129962673,0.051292655858338615,0.05777085778821813,0.021500425308779117,-0.40577558816632886,0.11039502807348398
q93_8559,92,[MASK],Instrumentation,Medium,percettiva,C,A,False,0.546875,0.453125,0.5664566801849001,0.2979111297807573,10.133126817130051,0.0227155599233291,0.04275397835722769,0.14220863978688436,10.133126817130051,-0.0227155599233291,,0.14259643275245137,-0.07785124499693648,0.12406212428870728,0.06772387750315291,-0.2618513509138362,0.12640882414302432,0.03794677222990525,0.02592718313764361,-0.029118913132354374,0.009346120281518537,-0.026186011320250224,0.04969482197218755,0.0,0.007359630988016886,0.17382766142238765,0.013780936275947677,-0.019557918724334322,0.014568263132098873,-0.0032639781375165752,0.009310369630066852,-0.04161597820592858,0.002256990022174261,-0.011330883544775877,0.035891507484873714
q94_1420928,93,[MASK],Instrumentation,Low,percettiva,A,A,True,0.7435064935064936,0.2564935064935065,1.8045510647765741,0.23740871541156822,10.607438733238507,0.06466203833652678,1.0976108279876773,-0.07431343528918474,10.607438733238507,0.06466203833652678,,0.3906954577428041,-0.0005546554265005044,0.07767875308198594,0.024092233392371598,0.9827067355573356,0.05745540666882014,-0.3534701183944484,-0.15530641992387598,0.182545374344372,-0.05943992500222815,0.06813200911377537,-0.04340504005463723,0.17260117527592964,-0.020940018357954553,0.29889022348623284,-0.003204376799708652,0.22386803096104488,0.029447382310956345,0.026139799643839806,0.020522252256997525,0.12543421516248282,0.015375669515670346,0.0,-0.01266937915828038
q95_1420928,94,[MASK],Mood and Expression,Low,knowledge,A,A,True,0.8995176848874599,0.10048231511254019,5.6408612792719595,0.8183217795511939,11.150613303844535,0.33281676582151815,4.164173479055673,0.5898532479913308,11.150613303844535,0.33281676582151815,,0.5497171204747235,0.03372705716462828,-0.41257271704856024,-0.1142342657799316,-0.3257711830595829,0.016991043621533194,4.352800258689093,0.6533694129851009,0.3237385295717651,-0.10436331162399827,0.0746221004136004,-0.08327807386114061,0.20390041865954106,0.03372705716462828,0.5121356929182456,0.044440344688311664,1.432926510338173,0.27353039714262245,0.48950622372549124,0.0783884982272857,0.8798546083530416,0.17901960303416659,0.24748939507581427,0.16838873321945502
q96_1420928,95,[MASK],Harmony,Medium,analitica,D,A,False,0.34374999999999994,0.65625,0.19925791292024264,0.13516240817196998,9.39575014723702,0.028151703216855006,-0.12803528339955061,-0.09494210927775253,9.39575014723702,0.028151703216855006,,0.017435278267956763,0.018746171401193935,-0.00607240638416307,-0.03288475930888325,-0.15757419177573356,-0.082167499415978,0.01817603649238924,0.0013639780459147937,-0.007630388090960694,-0.019432479079414422,-0.05108867403400956,-0.05213478572877696,0.0015305698155409497,-0.02657023028097307,-0.08049060533412598,-0.026014776979510535,0.02153418530138006,0.0,-0.01566989615823113,0.007353256939715174,-0.0003299403898617652,-0.04489339354650905,0.004109465490717489,0.06675029939771635
q97_1319502,96,[MASK],Genre and Style,Low,knowledge,B,A,False,0.8391472868217054,0.16085271317829455,0.34159878365003576,0.09276494829278649,10.03703081160909,0.010970498326470448,0.22331505090727138,0.0017078120670914899,10.03703081160909,0.010970498326470448,,0.20285232474314147,0.027439626159982036,-0.059141866371382176,-0.0455285681128475,0.0360588187498877,0.010359851290823448,0.04354577378562441,0.009436902729133506,0.11410171416871587,-0.05386091482964363,0.06295784848592462,-0.01297438235221336,0.20278320609480022,0.016975150151014383,0.40037211431596265,0.036132871951898064,0.32254398702514236,0.03481336344051557,-0.29293507552038145,-0.016205274904492414,-0.542208630715874,-0.015321733434775787,-0.04430011294701888,0.012148732044788661
q98_1319502,97,[MASK],Instrumentation,Medium,percettiva,C,A,False,0.8819444444444444,0.11805555555555554,1.2812016016828236,0.19606844863434805,9.920589082495184,0.01849776535987621,0.8376833735264937,0.16356452388596,9.920589082495184,0.01849776535987621,,0.46196097854747215,0.05213686184940172,-0.051522672113086344,-0.01625196237419403,0.5974815090571866,0.10460286869387846,-0.17023644196507862,0.023076755716873853,0.13545917948759326,-0.02568878965367163,0.28926653041129174,0.005006849103600268,0.16539722794739134,0.022500924680201248,0.15609427911874146,0.0,0.09804103789737359,0.005564486523605645,0.08671493657685134,0.003763092924815534,-0.05559549933355606,0.04905986311026479,-0.03769431857919292,0.10335809719714414
q99_1319502,98,[MASK],Historical and Cultural Context,Low,knowledge,A,A,True,0.715561224489796,0.284438775510204,2.9571493480558426,0.17324753083162073,9.981675267258595,0.019579172077021423,2.9571493480558426,0.04277009818855261,9.981675267258595,0.019579172077021423,,0.6807607207861015,0.05941966678404419,0.12480276559846215,-0.034878092998861666,0.2783795868126305,-0.030360623322672385,1.8732062748586484,0.048589147726042475,1.4003506421062464,-0.273156701162657,0.0,0.059019990283735335,0.18291620553478868,0.03460034819818097,0.4050100084365895,-0.02091270036025119,0.4393382297027083,0.08837343705226795,0.3460288309141415,0.1140950384225353,0.18431586431490693,0.03910887898980974,-0.0008104329535383037,0.001641806764931534
q9_171574,8,[MASK],Sound Texture,Medium,percettiva,C,A,False,0.538135593220339,0.46186440677966095,0.6471108889294782,0.28935692844668826,9.201089742416649,0.08184443427257863,0.4357421368944174,0.28935692844668826,9.201089742416649,0.08184443427257863,,-0.07807415901633255,0.1088287677142039,-0.027610217001197854,0.10302742898113934,0.5414265129119478,0.07211930539342032,0.0,0.005381426357924738,0.1284526766805584,0.07801004332471428,0.0,0.08313807416075837,0.09894242630894287,0.028814659135340377,-0.00404172075583293,0.0,0.057094141428627995,0.02777802876576757,0.07809060964386777,0.023928688029449537,0.03956432193421391,-0.0003509267579887079,0.0376396816540393,0.04803836178864686
