sample_id,category,difficulty,macro_family,correct_baseline,target_letter,prob_original_target,prob_original_correct,baseline_above_chance,feature_source,n_positive_available,minimal_sufficient_k,minimal_necessary_k,auc_sufficiency,auc_necessity
q100_1247352,Instrumentation,High,percettiva,True,A,0.5548378043356975,0.5548378043356975,True,MI,5,1.0,,1.4260362901498675,-0.16574830342947497
q100_1247352,Instrumentation,High,percettiva,True,A,0.5548378043356975,0.5548378043356975,True,MI_balanced,5,1.0,,1.4260362901498675,-0.16574830342947497
q100_1247352,Instrumentation,High,percettiva,True,A,0.5548378043356975,0.5548378043356975,True,UC_audio,11,1.0,,1.4191849320817034,0.0013962643073321004
q100_1247352,Instrumentation,High,percettiva,True,A,0.5548378043356975,0.5548378043356975,True,UC_text,7,1.0,,2.153754327453655,-0.6729760613089102
q101_1247352,Melody,High,analitica,True,A,0.6972012608955214,0.6972012608955214,True,MI,16,2.0,1.0,0.34632348732185814,0.6776291488545265
q101_1247352,Melody,High,analitica,True,A,0.6972012608955214,0.6972012608955214,True,MI_balanced,16,1.0,1.0,0.6333960034892648,0.661159221725282
q101_1247352,Melody,High,analitica,True,A,0.6972012608955214,0.6972012608955214,True,UC_audio,13,1.0,,0.7566804565436125,0.17346454938595565
q101_1247352,Melody,High,analitica,True,A,0.6972012608955214,0.6972012608955214,True,UC_text,9,5.0,1.0,0.43152140491996677,0.8200057509149867
q102_1247352,Instrumentation,Medium,percettiva,True,A,0.7238252221109805,0.7238252221109805,True,MI,12,1.0,,0.981453692702111,0.11922772205118838
q102_1247352,Instrumentation,Medium,percettiva,True,A,0.7238252221109805,0.7238252221109805,True,MI_balanced,12,4.0,,0.9546665933579154,0.21024680664823825
q102_1247352,Instrumentation,Medium,percettiva,True,A,0.7238252221109805,0.7238252221109805,True,UC_audio,4,1.0,,1.060839225626281,0.09166493756754755
q102_1247352,Instrumentation,Medium,percettiva,True,A,0.7238252221109805,0.7238252221109805,True,UC_text,7,1.0,,0.922968146041042,0.34143978347830506
q103_625206,Metre and Rhythm,Medium,percettiva,True,A,0.6789479835855361,0.6789479835855361,True,MI,13,1.0,3.0,0.6196013959519848,0.5068454011065213
q103_625206,Metre and Rhythm,Medium,percettiva,True,A,0.6789479835855361,0.6789479835855361,True,MI_balanced,13,5.0,2.0,0.8393059121724334,0.5376957387129913
q103_625206,Metre and Rhythm,Medium,percettiva,True,A,0.6789479835855361,0.6789479835855361,True,UC_audio,4,,,0.05748444015468666,0.06402946204641154
q103_625206,Metre and Rhythm,Medium,percettiva,True,A,0.6789479835855361,0.6789479835855361,True,UC_text,6,2.0,3.0,0.32714043387600744,0.5167972391367084
q104_625206,Instrumentation,Medium,percettiva,False,C,0.7432268944235778,0.11397753575258693,True,MI,13,1.0,8.0,-0.07411387474125289,0.569231638349251
q104_625206,Instrumentation,Medium,percettiva,False,C,0.7432268944235778,0.11397753575258693,True,MI_balanced,13,,2.0,-0.1505790441428079,1.0449414236119796
q104_625206,Instrumentation,Medium,percettiva,False,C,0.7432268944235778,0.11397753575258693,True,UC_audio,5,1.0,,1.1712172128814136,0.043508943187422135
q104_625206,Instrumentation,Medium,percettiva,False,C,0.7432268944235778,0.11397753575258693,True,UC_text,5,,2.0,-0.10222360909120932,1.3105567220453453
q105_625206,Instrumentation,Medium,percettiva,True,A,0.3785916633063548,0.3785916633063548,True,MI,11,2.0,5.0,1.1921525005016314,0.04954487893507333
q105_625206,Instrumentation,Medium,percettiva,True,A,0.3785916633063548,0.3785916633063548,True,MI_balanced,11,2.0,1.0,0.8546643276277499,-0.353647892623096
q105_625206,Instrumentation,Medium,percettiva,True,A,0.3785916633063548,0.3785916633063548,True,UC_audio,3,,,-0.1358812243160482,-0.1852340286753704
q105_625206,Instrumentation,Medium,percettiva,True,A,0.3785916633063548,0.3785916633063548,True,UC_text,7,1.0,1.0,1.6948132617838814,-0.10105862130375201
q106_395289,Instrumentation,Low,percettiva,True,A,0.8049257285737113,0.8049257285737113,True,MI,12,1.0,,0.5636817736462058,0.07805275875682663
q106_395289,Instrumentation,Low,percettiva,True,A,0.8049257285737113,0.8049257285737113,True,MI_balanced,12,10.0,,0.5222011749057304,0.0757738891935568
q106_395289,Instrumentation,Low,percettiva,True,A,0.8049257285737113,0.8049257285737113,True,UC_audio,3,1.0,,0.7013975889791182,-0.08175763860197391
q106_395289,Instrumentation,Low,percettiva,True,A,0.8049257285737113,0.8049257285737113,True,UC_text,3,1.0,,1.1440827743785853,0.11570116738950184
q107_2083,Metre and Rhythm,Medium,percettiva,False,C,0.5734614440486256,0.3478219479785723,True,MI,15,1.0,,1.5305178352599416,-0.7139921042771302
q107_2083,Metre and Rhythm,Medium,percettiva,False,C,0.5734614440486256,0.3478219479785723,True,MI_balanced,15,1.0,,1.085045716716704,-0.8706533255222605
q107_2083,Metre and Rhythm,Medium,percettiva,False,C,0.5734614440486256,0.3478219479785723,True,UC_audio,8,6.0,,0.48337519782865407,0.023876908534614695
q107_2083,Metre and Rhythm,Medium,percettiva,False,C,0.5734614440486256,0.3478219479785723,True,UC_text,9,1.0,,1.7761051466670434,-0.42043197867954557
q108_2083,Genre and Style,Low,knowledge,True,A,0.7824310658979297,0.7824310658979297,True,MI,17,11.0,,0.3932125185199976,0.21007982582065823
q108_2083,Genre and Style,Low,knowledge,True,A,0.7824310658979297,0.7824310658979297,True,MI_balanced,17,6.0,,0.3802320589850782,0.3504281287068009
q108_2083,Genre and Style,Low,knowledge,True,A,0.7824310658979297,0.7824310658979297,True,UC_audio,2,,,0.25520142096174975,-0.0002486717543100625
q108_2083,Genre and Style,Low,knowledge,True,A,0.7824310658979297,0.7824310658979297,True,UC_text,2,1.0,,1.0071737602618158,0.3123926088655649
q109_2083,Instrumentation,Low,percettiva,False,C,0.5297417353419305,0.3640858152286335,True,MI,8,1.0,3.0,-0.3845644480082262,0.9428559276307961
q109_2083,Instrumentation,Low,percettiva,False,C,0.5297417353419305,0.3640858152286335,True,MI_balanced,8,1.0,2.0,-0.6897301134017937,0.996713212905421
q109_2083,Instrumentation,Low,percettiva,False,C,0.5297417353419305,0.3640858152286335,True,UC_audio,6,1.0,,1.378097320161569,0.2373773808175887
q109_2083,Instrumentation,Low,percettiva,False,C,0.5297417353419305,0.3640858152286335,True,UC_text,5,1.0,2.0,1.347646924563117,0.8999066165191978
q10_1093606,Sound Texture,Low,percettiva,True,A,0.5272420334549993,0.5272420334549993,True,MI,20,16.0,,-0.16684820598879918,-0.9217394375589627
q10_1093606,Sound Texture,Low,percettiva,True,A,0.5272420334549993,0.5272420334549993,True,MI_balanced,20,12.0,15.0,0.2672124927625073,-0.22297189330105918
q10_1093606,Sound Texture,Low,percettiva,True,A,0.5272420334549993,0.5272420334549993,True,UC_audio,13,,13.0,-0.5984653391882847,0.13946343749873102
q10_1093606,Sound Texture,Low,percettiva,True,A,0.5272420334549993,0.5272420334549993,True,UC_text,6,1.0,1.0,2.2236493115241553,1.0608427538543768
q110_1336202,Performance,Medium,analitica,False,B,0.5884167994589434,0.27794841513532204,True,MI,13,2.0,,1.5452855058507018,-0.028833690779593427
q110_1336202,Performance,Medium,analitica,False,B,0.5884167994589434,0.27794841513532204,True,MI_balanced,13,1.0,,1.718569280883058,-0.1264060437949194
q110_1336202,Performance,Medium,analitica,False,B,0.5884167994589434,0.27794841513532204,True,UC_audio,12,10.0,10.0,0.4633991933421814,0.5654403479225684
q110_1336202,Performance,Medium,analitica,False,B,0.5884167994589434,0.27794841513532204,True,UC_text,7,1.0,,1.849517028025167,-0.22270278318162884
q111_1336202,Functional Context,Low,knowledge,True,A,0.9929113363541663,0.9929113363541663,True,MI,11,1.0,,0.4172638875656723,0.04353898994778146
q111_1336202,Functional Context,Low,knowledge,True,A,0.9929113363541663,0.9929113363541663,True,MI_balanced,11,4.0,,0.4229219023448941,0.048794031703195594
q111_1336202,Functional Context,Low,knowledge,True,A,0.9929113363541663,0.9929113363541663,True,UC_audio,7,1.0,,0.9747661584355293,0.02716447889804304
q111_1336202,Functional Context,Low,knowledge,True,A,0.9929113363541663,0.9929113363541663,True,UC_text,5,1.0,,0.9836306778065281,0.1519406438316958
q112_1336202,Instrumentation,Medium,percettiva,False,C,0.424004298038102,0.3741824797011807,True,MI,12,1.0,,1.8895320140886318,-0.706042710866871
q112_1336202,Instrumentation,Medium,percettiva,False,C,0.424004298038102,0.3741824797011807,True,MI_balanced,12,1.0,,1.9438499604365493,-0.8726213074203231
q112_1336202,Instrumentation,Medium,percettiva,False,C,0.424004298038102,0.3741824797011807,True,UC_audio,6,3.0,,0.7473014531541975,0.2504205141300414
q112_1336202,Instrumentation,Medium,percettiva,False,C,0.424004298038102,0.3741824797011807,True,UC_text,6,2.0,,1.5272726469748312,-0.13688438507397924
q113_1327741,Historical and Cultural Context,Low,knowledge,True,A,0.8601267493583453,0.8601267493583453,True,MI,11,1.0,,0.598942075278289,-0.09908271926071043
q113_1327741,Historical and Cultural Context,Low,knowledge,True,A,0.8601267493583453,0.8601267493583453,True,MI_balanced,11,7.0,,0.7449868074339411,-0.0963090636738904
q113_1327741,Historical and Cultural Context,Low,knowledge,True,A,0.8601267493583453,0.8601267493583453,True,UC_audio,7,1.0,,1.1746705461457105,0.03989294045484303
q113_1327741,Historical and Cultural Context,Low,knowledge,True,A,0.8601267493583453,0.8601267493583453,True,UC_text,3,1.0,,1.087526406768682,-0.14603607257685466
q114_1327741,Melody,High,analitica,True,A,0.887668549029546,0.887668549029546,True,MI,16,7.0,,0.5354937679179961,0.18021877681518347
q114_1327741,Melody,High,analitica,True,A,0.887668549029546,0.887668549029546,True,MI_balanced,16,3.0,,0.4406526576281828,0.18247012931202852
q114_1327741,Melody,High,analitica,True,A,0.887668549029546,0.887668549029546,True,UC_audio,11,9.0,,0.377435837126002,-0.021562190730115057
q114_1327741,Melody,High,analitica,True,A,0.887668549029546,0.887668549029546,True,UC_text,6,1.0,,0.8391168484436569,-0.014840174213386974
q115_1327741,Musical Texture,Medium,percettiva,False,D,0.6880617949038235,0.13548740067851647,True,MI,16,1.0,,0.8294911904937652,0.2269434166476681
q115_1327741,Musical Texture,Medium,percettiva,False,D,0.6880617949038235,0.13548740067851647,True,MI_balanced,16,1.0,,0.7459015752442827,0.06463586065805974
q115_1327741,Musical Texture,Medium,percettiva,False,D,0.6880617949038235,0.13548740067851647,True,UC_audio,7,1.0,,1.143462281535176,-0.03707436992453128
q115_1327741,Musical Texture,Medium,percettiva,False,D,0.6880617949038235,0.13548740067851647,True,UC_text,8,1.0,,0.937288176092875,0.048880267933995976
q116_1162034,Harmony,High,analitica,True,A,0.7040162050330797,0.7040162050330797,True,MI,18,2.0,,1.0233812129323192,-0.03825209662424779
q116_1162034,Harmony,High,analitica,True,A,0.7040162050330797,0.7040162050330797,True,MI_balanced,18,1.0,,1.0581369389377653,0.02233024711238104
q116_1162034,Harmony,High,analitica,True,A,0.7040162050330797,0.7040162050330797,True,UC_audio,8,2.0,,0.810679510508646,-0.1324564658998468
q116_1162034,Harmony,High,analitica,True,A,0.7040162050330797,0.7040162050330797,True,UC_text,7,1.0,,1.3436654186933632,-0.15851953149842815
q117_1162034,Melody,High,analitica,True,A,0.4542320412728344,0.4542320412728344,True,MI,17,1.0,,1.4994794371739784,-0.5433275903350336
q117_1162034,Melody,High,analitica,True,A,0.4542320412728344,0.4542320412728344,True,MI_balanced,17,1.0,,1.6419215347410845,-0.6132140787148663
q117_1162034,Melody,High,analitica,True,A,0.4542320412728344,0.4542320412728344,True,UC_audio,6,1.0,,1.0018001462224173,-0.1470231417597267
q117_1162034,Melody,High,analitica,True,A,0.4542320412728344,0.4542320412728344,True,UC_text,5,1.0,,1.5331649979099677,-1.31410446057257
q118_1162034,Instrumentation,Low,percettiva,False,B,0.48181993229116715,0.33114967377151133,True,MI,9,1.0,,0.2503230654553782,0.010104583710930244
q118_1162034,Instrumentation,Low,percettiva,False,B,0.48181993229116715,0.33114967377151133,True,MI_balanced,9,,,0.0014937114884413071,-0.016060189971568044
q118_1162034,Instrumentation,Low,percettiva,False,B,0.48181993229116715,0.33114967377151133,True,UC_audio,5,1.0,,0.6244527290136481,-0.6244236503130047
q118_1162034,Instrumentation,Low,percettiva,False,B,0.48181993229116715,0.33114967377151133,True,UC_text,4,1.0,,1.2901636408289656,-0.17964338330271612
q119_1227239,Mood and Expression,Low,knowledge,True,A,0.9968936204367043,0.9968936204367043,True,MI,10,1.0,,0.9412503743139459,0.018823916137463696
q119_1227239,Mood and Expression,Low,knowledge,True,A,0.9968936204367043,0.9968936204367043,True,MI_balanced,10,1.0,,0.961554527496519,0.026736087854301347
q119_1227239,Mood and Expression,Low,knowledge,True,A,0.9968936204367043,0.9968936204367043,True,UC_audio,14,1.0,,0.9997231211868537,0.0028693704940619814
q119_1227239,Mood and Expression,Low,knowledge,True,A,0.9968936204367043,0.9968936204367043,True,UC_text,10,1.0,,0.9701616266683762,0.12671064715074212
q11_1093606,Harmony,High,analitica,True,A,0.4493442925550777,0.4493442925550777,True,MI,21,1.0,2.0,0.22214349201526126,0.5839349716235475
q11_1093606,Harmony,High,analitica,True,A,0.4493442925550777,0.4493442925550777,True,MI_balanced,21,1.0,1.0,0.6991838965348606,0.5101858258905474
q11_1093606,Harmony,High,analitica,True,A,0.4493442925550777,0.4493442925550777,True,UC_audio,13,1.0,,1.2533582396797307,-0.04361112198185926
q11_1093606,Harmony,High,analitica,True,A,0.4493442925550777,0.4493442925550777,True,UC_text,9,5.0,2.0,1.3771132902437881,1.0900124863841634
q120_1227239,Harmony,Medium,analitica,False,C,0.36891085543295127,0.25354847576867373,True,MI,16,2.0,,1.0113201391703046,-0.44870471979106663
q120_1227239,Harmony,Medium,analitica,False,C,0.36891085543295127,0.25354847576867373,True,MI_balanced,16,1.0,,1.072013530098225,-0.4808716775881136
q120_1227239,Harmony,Medium,analitica,False,C,0.36891085543295127,0.25354847576867373,True,UC_audio,15,5.0,12.0,0.5679389273120282,0.1518446665608904
q120_1227239,Harmony,Medium,analitica,False,C,0.36891085543295127,0.25354847576867373,True,UC_text,6,1.0,,1.2496730945946315,-0.42595176963493464
q121_1227239,Instrumentation,Low,percettiva,True,A,0.892859425131426,0.892859425131426,True,MI,12,2.0,,0.6261599241013739,0.1556619875764085
q121_1227239,Instrumentation,Low,percettiva,True,A,0.892859425131426,0.892859425131426,True,MI_balanced,12,1.0,,0.5337410009825055,0.24573467320694478
q121_1227239,Instrumentation,Low,percettiva,True,A,0.892859425131426,0.892859425131426,True,UC_audio,16,2.0,,0.8031877010613646,0.05684586819309171
q121_1227239,Instrumentation,Low,percettiva,True,A,0.892859425131426,0.892859425131426,True,UC_text,7,1.0,6.0,0.9646105126084882,0.5114467164843813
q122_114772,Structure,Medium,analitica,True,A,0.5693270163252577,0.5693270163252577,True,MI,19,3.0,14.0,0.38078004676007166,0.3280286652699485
q122_114772,Structure,Medium,analitica,True,A,0.5693270163252577,0.5693270163252577,True,MI_balanced,19,2.0,5.0,0.6689787330150558,0.2240727803721395
q122_114772,Structure,Medium,analitica,True,A,0.5693270163252577,0.5693270163252577,True,UC_audio,6,3.0,,1.2122155347857775,-0.31613550190376133
q122_114772,Structure,Medium,analitica,True,A,0.5693270163252577,0.5693270163252577,True,UC_text,2,1.0,,1.4564331786430171,0.056378323076003205
q123_114772,Harmony,Medium,analitica,True,A,0.875806416498655,0.875806416498655,True,MI,12,1.0,2.0,1.081027574415045,1.1515722635940049
q123_114772,Harmony,Medium,analitica,True,A,0.875806416498655,0.875806416498655,True,MI_balanced,12,1.0,1.0,1.0944660339410146,1.1544046902192382
q123_114772,Harmony,Medium,analitica,True,A,0.875806416498655,0.875806416498655,True,UC_audio,6,1.0,,0.604095117614803,0.0961338623410201
q123_114772,Harmony,Medium,analitica,True,A,0.875806416498655,0.875806416498655,True,UC_text,8,1.0,1.0,1.1082000379913666,0.5640278478243517
q124_114772,Musical Texture,Low,percettiva,True,A,0.8776738805912999,0.8776738805912999,True,MI,13,1.0,4.0,0.29707369786348065,0.5946392936159433
q124_114772,Musical Texture,Low,percettiva,True,A,0.8776738805912999,0.8776738805912999,True,MI_balanced,13,1.0,2.0,0.1841045311524658,0.6296664742523088
q124_114772,Musical Texture,Low,percettiva,True,A,0.8776738805912999,0.8776738805912999,True,UC_audio,6,1.0,,0.9189586313298694,0.023236042221238533
q124_114772,Musical Texture,Low,percettiva,True,A,0.8776738805912999,0.8776738805912999,True,UC_text,9,4.0,2.0,0.8939314851516718,0.7963498740944737
q125_187621,Functional Context,Low,knowledge,False,D,0.47922870594338474,0.2565126417305632,True,MI,8,4.0,2.0,1.2721521118782388,0.44375517244197515
q125_187621,Functional Context,Low,knowledge,False,D,0.47922870594338474,0.2565126417305632,True,MI_balanced,8,1.0,2.0,1.535742389681654,0.276552450591346
q125_187621,Functional Context,Low,knowledge,False,D,0.47922870594338474,0.2565126417305632,True,UC_audio,4,1.0,,2.7312475702799,-0.059462220304618715
q125_187621,Functional Context,Low,knowledge,False,D,0.47922870594338474,0.2565126417305632,True,UC_text,7,1.0,1.0,0.6597392161475949,1.1967867359953523
q126_187621,Mood and Expression,Low,knowledge,False,D,0.6602447279200956,0.21435007997960134,True,MI,12,,2.0,-0.3466424592252902,1.031757563786188
q126_187621,Mood and Expression,Low,knowledge,False,D,0.6602447279200956,0.21435007997960134,True,MI_balanced,12,,1.0,-0.510131025038151,1.1417997351355753
q126_187621,Mood and Expression,Low,knowledge,False,D,0.6602447279200956,0.21435007997960134,True,UC_audio,6,6.0,2.0,0.4911369224368494,0.7407701454730791
q126_187621,Mood and Expression,Low,knowledge,False,D,0.6602447279200956,0.21435007997960134,True,UC_text,5,,1.0,0.31888549977580743,1.3095514510329247
q127_187621,Instrumentation,Low,percettiva,True,A,0.9981405831521272,0.9981405831521272,True,MI,19,12.0,,0.43614358537554726,0.004622721441005413
q127_187621,Instrumentation,Low,percettiva,True,A,0.9981405831521272,0.9981405831521272,True,MI_balanced,19,4.0,,0.6884160817336891,0.008354394974601425
q127_187621,Instrumentation,Low,percettiva,True,A,0.9981405831521272,0.9981405831521272,True,UC_audio,8,3.0,,0.7944572216488088,8.282481834908902e-05
q127_187621,Instrumentation,Low,percettiva,True,A,0.9981405831521272,0.9981405831521272,True,UC_text,5,1.0,,0.9945480164313351,0.02130034582864449
q128_332470,Metre and Rhythm,Medium,percettiva,True,A,0.8727948838553453,0.8727948838553453,True,MI,9,,,0.08991880142388028,0.11039691377330416
q128_332470,Metre and Rhythm,Medium,percettiva,True,A,0.8727948838553453,0.8727948838553453,True,MI_balanced,9,,,0.052828332919278784,0.099482843107283
q128_332470,Metre and Rhythm,Medium,percettiva,True,A,0.8727948838553453,0.8727948838553453,True,UC_audio,5,1.0,,1.1109615755083804,-0.028960618499533953
q128_332470,Metre and Rhythm,Medium,percettiva,True,A,0.8727948838553453,0.8727948838553453,True,UC_text,7,2.0,2.0,0.99618153255833,0.40596693121214283
q129_332470,Historical and Cultural Context,Low,knowledge,True,A,0.5303059713284595,0.5303059713284595,True,MI,20,1.0,9.0,0.9683813199062555,0.4121877382119988
q129_332470,Historical and Cultural Context,Low,knowledge,True,A,0.5303059713284595,0.5303059713284595,True,MI_balanced,20,4.0,2.0,1.6384481809687623,0.6608207382271684
q129_332470,Historical and Cultural Context,Low,knowledge,True,A,0.5303059713284595,0.5303059713284595,True,UC_audio,6,,,-0.010573588638472036,0.18369289377406653
q129_332470,Historical and Cultural Context,Low,knowledge,True,A,0.5303059713284595,0.5303059713284595,True,UC_text,2,1.0,,1.892006826978221,-0.7611560270459035
q12_1093606,Instrumentation,Low,percettiva,False,D,0.6472717357549452,0.3057495185052565,True,MI,12,1.0,10.0,0.025506872750924187,0.3432754155125329
q12_1093606,Instrumentation,Low,percettiva,False,D,0.6472717357549452,0.3057495185052565,True,MI_balanced,12,,4.0,-0.009460478332370157,0.5593167619921346
q12_1093606,Instrumentation,Low,percettiva,False,D,0.6472717357549452,0.3057495185052565,True,UC_audio,13,1.0,,0.8681418387174109,0.0009555721025730633
q12_1093606,Instrumentation,Low,percettiva,False,D,0.6472717357549452,0.3057495185052565,True,UC_text,7,,3.0,0.07853529540915402,0.6814281358283798
q130_332470,Melody,Medium,analitica,False,B,0.8873097374673278,0.023646003561262847,True,MI,14,1.0,6.0,0.5782776720662455,0.608979964928265
q130_332470,Melody,Medium,analitica,False,B,0.8873097374673278,0.023646003561262847,True,MI_balanced,14,3.0,3.0,0.6462184794913098,0.799368622039921
q130_332470,Melody,Medium,analitica,False,B,0.8873097374673278,0.023646003561262847,True,UC_audio,3,1.0,,1.0430623845897578,0.036656919008500176
q130_332470,Melody,Medium,analitica,False,B,0.8873097374673278,0.023646003561262847,True,UC_text,6,2.0,2.0,0.7325699416059421,0.7415425284092658
q131_182074,Sound Texture,Low,percettiva,False,C,0.9530319133932975,0.019779546334983047,True,MI,13,1.0,4.0,0.35887379124264707,1.012705482676645
q131_182074,Sound Texture,Low,percettiva,False,C,0.9530319133932975,0.019779546334983047,True,MI_balanced,13,4.0,2.0,0.35701166286220326,1.1248695577390566
q131_182074,Sound Texture,Low,percettiva,False,C,0.9530319133932975,0.019779546334983047,True,UC_audio,7,1.0,,0.9690236744960231,0.0591453576562502
q131_182074,Sound Texture,Low,percettiva,False,C,0.9530319133932975,0.019779546334983047,True,UC_text,7,,2.0,0.0017680277130811052,1.1684300466674218
q132_182074,Instrumentation,Medium,percettiva,True,A,0.8906469114838105,0.8906469114838105,True,MI,15,1.0,3.0,0.7070041411551924,0.5175816599636227
q132_182074,Instrumentation,Medium,percettiva,True,A,0.8906469114838105,0.8906469114838105,True,MI_balanced,15,1.0,2.0,0.6979452975167383,0.5276332286630416
q132_182074,Instrumentation,Medium,percettiva,True,A,0.8906469114838105,0.8906469114838105,True,UC_audio,8,2.0,,0.8119236738120564,0.10305219009303182
q132_182074,Instrumentation,Medium,percettiva,True,A,0.8906469114838105,0.8906469114838105,True,UC_text,6,1.0,4.0,0.7545886418730572,0.65253572177927
q133_182074,Sound Texture,Low,percettiva,True,A,0.9407018574364121,0.9407018574364121,True,MI,13,1.0,,0.9939563871979035,0.10071175713951877
q133_182074,Sound Texture,Low,percettiva,True,A,0.9407018574364121,0.9407018574364121,True,MI_balanced,13,1.0,,1.0039811140392816,0.11618782576222181
q133_182074,Sound Texture,Low,percettiva,True,A,0.9407018574364121,0.9407018574364121,True,UC_audio,7,1.0,,0.955959624652749,0.007423127893521748
q133_182074,Sound Texture,Low,percettiva,True,A,0.9407018574364121,0.9407018574364121,True,UC_text,8,1.0,,1.0348539442789673,0.1912333600660394
q134_172015,Metre and Rhythm,High,percettiva,False,C,0.36451349122010007,0.2838833924023056,True,MI,20,1.0,2.0,-0.290894336217244,0.5211101313725599
q134_172015,Metre and Rhythm,High,percettiva,False,C,0.36451349122010007,0.2838833924023056,True,MI_balanced,20,,1.0,-0.03945019076005333,0.5691353403046542
q134_172015,Metre and Rhythm,High,percettiva,False,C,0.36451349122010007,0.2838833924023056,True,UC_audio,9,1.0,,1.3735805556012282,0.23718605938332818
q134_172015,Metre and Rhythm,High,percettiva,False,C,0.36451349122010007,0.2838833924023056,True,UC_text,7,,1.0,-0.13911759249669578,0.37916102859899087
q135_172015,Metre and Rhythm,Low,percettiva,True,A,0.8819985930622302,0.8819985930622302,True,MI,19,1.0,6.0,0.6220006546438556,0.47858431224437664
q135_172015,Metre and Rhythm,Low,percettiva,True,A,0.8819985930622302,0.8819985930622302,True,MI_balanced,19,3.0,3.0,0.8176777610972219,0.5176944814461114
q135_172015,Metre and Rhythm,Low,percettiva,True,A,0.8819985930622302,0.8819985930622302,True,UC_audio,10,1.0,,0.881945689129987,0.05295205767070159
q135_172015,Metre and Rhythm,Low,percettiva,True,A,0.8819985930622302,0.8819985930622302,True,UC_text,7,1.0,,0.9309101169545374,0.44091418171446134
q136_172015,Instrumentation,Low,percettiva,True,A,0.9732384537947597,0.9732384537947597,True,MI,21,1.0,,0.8068089824982239,-0.012784213193661456
q136_172015,Instrumentation,Low,percettiva,True,A,0.9732384537947597,0.9732384537947597,True,MI_balanced,21,1.0,,0.8571734758297793,-0.019602670409259712
q136_172015,Instrumentation,Low,percettiva,True,A,0.9732384537947597,0.9732384537947597,True,UC_audio,11,1.0,,0.8705423646933269,-0.0027339199180926935
q136_172015,Instrumentation,Low,percettiva,True,A,0.9732384537947597,0.9732384537947597,True,UC_text,5,1.0,,1.0159233835292678,0.0021698115728738107
q137_250001,Functional Context,Low,knowledge,True,A,0.9853046451512801,0.9853046451512801,True,MI,23,1.0,,0.7696917737256512,0.06781554720226027
q137_250001,Functional Context,Low,knowledge,True,A,0.9853046451512801,0.9853046451512801,True,MI_balanced,23,1.0,,0.8195368871139077,0.1361404639969875
q137_250001,Functional Context,Low,knowledge,True,A,0.9853046451512801,0.9853046451512801,True,UC_audio,10,1.0,,0.9246376590027517,0.02737139431999027
q137_250001,Functional Context,Low,knowledge,True,A,0.9853046451512801,0.9853046451512801,True,UC_text,3,1.0,,0.915759644715819,-0.0013672283567698214
q138_250001,Instrumentation,Medium,percettiva,True,A,0.8504782660074559,0.8504782660074559,True,MI,8,1.0,,0.4475901110292614,0.18332800806160174
q138_250001,Instrumentation,Medium,percettiva,True,A,0.8504782660074559,0.8504782660074559,True,MI_balanced,8,4.0,,0.3991163047154311,0.20560650180749257
q138_250001,Instrumentation,Medium,percettiva,True,A,0.8504782660074559,0.8504782660074559,True,UC_audio,8,1.0,,0.7951822974447064,0.0464184861379914
q138_250001,Instrumentation,Medium,percettiva,True,A,0.8504782660074559,0.8504782660074559,True,UC_text,6,3.0,2.0,0.8486020677663203,0.6766802674548776
q139_250001,Performance,Medium,analitica,True,A,0.48554016645097947,0.48554016645097947,True,MI,18,,3.0,-0.3862355241939993,1.3653276144118593
q139_250001,Performance,Medium,analitica,True,A,0.48554016645097947,0.48554016645097947,True,MI_balanced,18,,2.0,-0.10337231903073558,1.590322653693398
q139_250001,Performance,Medium,analitica,True,A,0.48554016645097947,0.48554016645097947,True,UC_audio,8,,,0.25468622942000424,0.24470284781540066
q139_250001,Performance,Medium,analitica,True,A,0.48554016645097947,0.48554016645097947,True,UC_text,7,2.0,2.0,0.8452669771027002,1.359444987100198
q13_1045016,Metre and Rhythm,Medium,percettiva,True,A,0.9898359860147451,0.9898359860147451,True,MI,15,1.0,,0.9834638121506362,0.04575521535929832
q13_1045016,Metre and Rhythm,Medium,percettiva,True,A,0.9898359860147451,0.9898359860147451,True,MI_balanced,15,1.0,,0.9856939070145329,0.05978775397000867
q13_1045016,Metre and Rhythm,Medium,percettiva,True,A,0.9898359860147451,0.9898359860147451,True,UC_audio,13,1.0,,0.9865425607921543,0.0007365783987269806
q13_1045016,Metre and Rhythm,Medium,percettiva,True,A,0.9898359860147451,0.9898359860147451,True,UC_text,7,1.0,,0.9917211458323785,0.042608266574266994
q140_1138688,Instrumentation,Medium,percettiva,True,A,0.49171754910529836,0.49171754910529836,True,MI,11,1.0,4.0,0.30723323249274537,0.3948502089987304
q140_1138688,Instrumentation,Medium,percettiva,True,A,0.49171754910529836,0.49171754910529836,True,MI_balanced,11,8.0,,0.3500270072329457,0.1693142716337192
q140_1138688,Instrumentation,Medium,percettiva,True,A,0.49171754910529836,0.49171754910529836,True,UC_audio,9,1.0,,1.302293740985732,0.23531203321489963
q140_1138688,Instrumentation,Medium,percettiva,True,A,0.49171754910529836,0.49171754910529836,True,UC_text,5,2.0,2.0,0.49874475887484604,0.9047100194842245
q141_1138688,Historical and Cultural Context,Low,knowledge,True,A,0.551281821615919,0.551281821615919,True,MI,10,1.0,,0.669129121225657,0.16474879265114442
q141_1138688,Historical and Cultural Context,Low,knowledge,True,A,0.551281821615919,0.551281821615919,True,MI_balanced,10,2.0,2.0,0.6587847228234717,0.33043344322300516
q141_1138688,Historical and Cultural Context,Low,knowledge,True,A,0.551281821615919,0.551281821615919,True,UC_audio,5,1.0,,1.425247709185545,-0.1718024652254469
q141_1138688,Historical and Cultural Context,Low,knowledge,True,A,0.551281821615919,0.551281821615919,True,UC_text,6,5.0,6.0,0.739358218904119,0.5866901777508485
q142_1138688,Mood and Expression,Low,knowledge,True,A,0.8628883817865244,0.8628883817865244,True,MI,15,12.0,,-0.03003817980785968,0.04569476448771224
q142_1138688,Mood and Expression,Low,knowledge,True,A,0.8628883817865244,0.8628883817865244,True,MI_balanced,15,,7.0,0.08796025343456523,0.26525646078827353
q142_1138688,Mood and Expression,Low,knowledge,True,A,0.8628883817865244,0.8628883817865244,True,UC_audio,10,10.0,4.0,0.3967462401561367,0.5817961795445847
q142_1138688,Mood and Expression,Low,knowledge,True,A,0.8628883817865244,0.8628883817865244,True,UC_text,5,1.0,5.0,1.0385862224369924,0.4126237494707839
q143_14458,Harmony,High,analitica,True,A,0.8819985930622302,0.8819985930622302,True,MI,19,1.0,,0.9690696038861301,-0.09009315111356038
q143_14458,Harmony,High,analitica,True,A,0.8819985930622302,0.8819985930622302,True,MI_balanced,19,1.0,,0.9881995888248506,-0.12436077955662024
q143_14458,Harmony,High,analitica,True,A,0.8819985930622302,0.8819985930622302,True,UC_audio,9,1.0,,0.9726737284220709,0.016822651232729698
q143_14458,Harmony,High,analitica,True,A,0.8819985930622302,0.8819985930622302,True,UC_text,6,1.0,,1.1396918137386942,-0.09854870119017975
q144_14458,Melody,High,analitica,True,A,0.8375229161538581,0.8375229161538581,True,MI,14,1.0,,0.7399171832364559,0.032222210570437705
q144_14458,Melody,High,analitica,True,A,0.8375229161538581,0.8375229161538581,True,MI_balanced,14,2.0,,0.846617757304227,0.13527203681262664
q144_14458,Melody,High,analitica,True,A,0.8375229161538581,0.8375229161538581,True,UC_audio,8,1.0,,0.7161054075120465,-0.020103103761488942
q144_14458,Melody,High,analitica,True,A,0.8375229161538581,0.8375229161538581,True,UC_text,8,1.0,,0.8937184410971761,0.18916208981231417
q145_14458,Instrumentation,Low,percettiva,False,C,0.4585266449550459,0.16868252590827865,True,MI,16,1.0,8.0,-0.08784138652394188,0.2986677284052305
q145_14458,Instrumentation,Low,percettiva,False,C,0.4585266449550459,0.16868252590827865,True,MI_balanced,16,,4.0,-0.24281094042672627,0.6738224170324264
q145_14458,Instrumentation,Low,percettiva,False,C,0.4585266449550459,0.16868252590827865,True,UC_audio,8,1.0,5.0,0.7708489994568503,0.39484223029984705
q145_14458,Instrumentation,Low,percettiva,False,C,0.4585266449550459,0.16868252590827865,True,UC_text,10,1.0,1.0,0.830598214963709,1.134576791719173
q146_179608,Musical Texture,Low,percettiva,True,A,0.6387009477270097,0.6387009477270097,True,MI,15,7.0,3.0,0.4666905328745522,0.9091173458819117
q146_179608,Musical Texture,Low,percettiva,True,A,0.6387009477270097,0.6387009477270097,True,MI_balanced,15,,1.0,0.11998323182183086,1.2524494419251562
q146_179608,Musical Texture,Low,percettiva,True,A,0.6387009477270097,0.6387009477270097,True,UC_audio,12,,,0.21572021179659548,-0.001772017834103631
q146_179608,Musical Texture,Low,percettiva,True,A,0.6387009477270097,0.6387009477270097,True,UC_text,4,1.0,1.0,0.6432631095071077,1.4513199269490566
q147_179608,Performance,Low,analitica,True,A,0.7700731939888569,0.7700731939888569,True,MI,13,1.0,,-0.10040579880910318,0.18808017626700435
q147_179608,Performance,Low,analitica,True,A,0.7700731939888569,0.7700731939888569,True,MI_balanced,13,,,-0.15424701150319747,0.11865082210835308
q147_179608,Performance,Low,analitica,True,A,0.7700731939888569,0.7700731939888569,True,UC_audio,12,1.0,,1.0742557216619857,0.04258070091094139
q147_179608,Performance,Low,analitica,True,A,0.7700731939888569,0.7700731939888569,True,UC_text,4,1.0,1.0,1.1112653823285108,1.06565989344524
q148_179608,Instrumentation,Low,percettiva,True,A,0.991916709882996,0.991916709882996,True,MI,13,1.0,,0.9719469823102259,0.35946844180390036
q148_179608,Instrumentation,Low,percettiva,True,A,0.991916709882996,0.991916709882996,True,MI_balanced,13,1.0,3.0,0.9823783943808201,0.4917313450268645
q148_179608,Instrumentation,Low,percettiva,True,A,0.991916709882996,0.991916709882996,True,UC_audio,8,1.0,,0.8835835114325871,0.04812897179613277
q148_179608,Instrumentation,Low,percettiva,True,A,0.991916709882996,0.991916709882996,True,UC_text,6,1.0,,0.9510756980708879,0.13109001634143133
q149_150794,Structure,Medium,analitica,True,A,0.32214924591231536,0.32214924591231536,True,MI,11,1.0,2.0,0.03327809241795175,1.5669630694475707
q149_150794,Structure,Medium,analitica,True,A,0.32214924591231536,0.32214924591231536,True,MI_balanced,11,,1.0,-0.01014189450168027,1.3983768738171853
q149_150794,Structure,Medium,analitica,True,A,0.32214924591231536,0.32214924591231536,True,UC_audio,10,1.0,,0.965452933090392,-0.0375241060146456
q149_150794,Structure,Medium,analitica,True,A,0.32214924591231536,0.32214924591231536,True,UC_text,7,1.0,7.0,1.5562292647818519,0.8142826074709612
q14_1045016,Instrumentation,Low,percettiva,True,A,0.6120843716951504,0.6120843716951504,True,MI,11,1.0,,0.8192772036838839,0.16949713845771983
q14_1045016,Instrumentation,Low,percettiva,True,A,0.6120843716951504,0.6120843716951504,True,MI_balanced,11,1.0,4.0,0.7082575925062687,0.29906512414447656
q14_1045016,Instrumentation,Low,percettiva,True,A,0.6120843716951504,0.6120843716951504,True,UC_audio,14,1.0,,1.0931215274868136,-0.005841938349440421
q14_1045016,Instrumentation,Low,percettiva,True,A,0.6120843716951504,0.6120843716951504,True,UC_text,4,1.0,1.0,0.7403590820108463,0.6908139011532358
q150_150794,Instrumentation,Low,percettiva,True,A,0.8748435258484714,0.8748435258484714,True,MI,18,3.0,,0.883418364617816,0.2673195743247325
q150_150794,Instrumentation,Low,percettiva,True,A,0.8748435258484714,0.8748435258484714,True,MI_balanced,18,2.0,11.0,0.787242873485534,0.4053881243625784
q150_150794,Instrumentation,Low,percettiva,True,A,0.8748435258484714,0.8748435258484714,True,UC_audio,8,2.0,,0.7822098009595531,-0.003151334660271727
q150_150794,Instrumentation,Low,percettiva,True,A,0.8748435258484714,0.8748435258484714,True,UC_text,5,1.0,,1.039712571623087,0.2567895991957954
q151_150794,Instrumentation,Low,percettiva,True,A,0.9920315037753574,0.9920315037753574,True,MI,18,1.0,,0.955132946001912,0.008547058213270408
q151_150794,Instrumentation,Low,percettiva,True,A,0.9920315037753574,0.9920315037753574,True,MI_balanced,18,1.0,,0.9707297471522826,0.02533020609407707
q151_150794,Instrumentation,Low,percettiva,True,A,0.9920315037753574,0.9920315037753574,True,UC_audio,3,1.0,,0.9953615352520343,-0.002607405302339714
q151_150794,Instrumentation,Low,percettiva,True,A,0.9920315037753574,0.9920315037753574,True,UC_text,7,1.0,,0.9963085672545898,0.047854670061945104
q152_1051378,Functional Context,Low,knowledge,True,A,0.9520670095376298,0.9520670095376298,True,MI,16,3.0,,0.5669836337773426,0.0041832995047198195
q152_1051378,Functional Context,Low,knowledge,True,A,0.9520670095376298,0.9520670095376298,True,MI_balanced,16,1.0,,0.5239571780060693,0.11374865118927589
q152_1051378,Functional Context,Low,knowledge,True,A,0.9520670095376298,0.9520670095376298,True,UC_audio,4,2.0,,0.8124591302344909,-0.012514101558562005
q152_1051378,Functional Context,Low,knowledge,True,A,0.9520670095376298,0.9520670095376298,True,UC_text,6,1.0,,0.8882924889409789,0.018802683812756606
q153_1051378,Instrumentation,Low,percettiva,True,A,0.9801216847715706,0.9801216847715706,True,MI,18,1.0,,0.7345885957296033,0.09740529037350312
q153_1051378,Instrumentation,Low,percettiva,True,A,0.9801216847715706,0.9801216847715706,True,MI_balanced,18,1.0,,0.8746170660005813,0.14175981915554517
q153_1051378,Instrumentation,Low,percettiva,True,A,0.9801216847715706,0.9801216847715706,True,UC_audio,9,1.0,,0.9998177120595215,-0.00594363774523457
q153_1051378,Instrumentation,Low,percettiva,True,A,0.9801216847715706,0.9801216847715706,True,UC_text,4,1.0,,0.982133529561339,-0.011708928835153207
q154_1051378,Harmony,Medium,analitica,False,C,0.7958922022996802,0.17758755456001413,True,MI,10,1.0,3.0,1.0871481459205286,0.15634892091775712
q154_1051378,Harmony,Medium,analitica,False,C,0.7958922022996802,0.17758755456001413,True,MI_balanced,10,1.0,2.0,1.046843095896113,-0.00493081933265241
q154_1051378,Harmony,Medium,analitica,False,C,0.7958922022996802,0.17758755456001413,True,UC_audio,6,1.0,,0.982503266562148,-0.11217902306056332
q154_1051378,Harmony,Medium,analitica,False,C,0.7958922022996802,0.17758755456001413,True,UC_text,6,1.0,2.0,1.2769307871259516,0.05185708291633255
q155_1199044,Mood and Expression,Low,knowledge,False,C,0.5290638834005638,0.4120353666871575,True,MI,13,11.0,4.0,0.31237941175207296,0.41610950349691667
q155_1199044,Mood and Expression,Low,knowledge,False,C,0.5290638834005638,0.4120353666871575,True,MI_balanced,13,2.0,4.0,0.6085178693281165,0.4570791274049039
q155_1199044,Mood and Expression,Low,knowledge,False,C,0.5290638834005638,0.4120353666871575,True,UC_audio,13,3.0,,0.5426483325978072,0.10571181602667962
q155_1199044,Mood and Expression,Low,knowledge,False,C,0.5290638834005638,0.4120353666871575,True,UC_text,4,1.0,,0.7812102077960991,0.4392217445317096
q156_1199044,Sound Texture,Medium,percettiva,False,C,0.6524355266356071,0.04726227102999728,True,MI,13,1.0,,0.46294619655847263,-0.4612051498351859
q156_1199044,Sound Texture,Medium,percettiva,False,C,0.6524355266356071,0.04726227102999728,True,MI_balanced,13,1.0,,0.38039306626801045,-0.503976574128156
q156_1199044,Sound Texture,Medium,percettiva,False,C,0.6524355266356071,0.04726227102999728,True,UC_audio,13,1.0,,0.850986097263581,0.08614588290248691
q156_1199044,Sound Texture,Medium,percettiva,False,C,0.6524355266356071,0.04726227102999728,True,UC_text,4,1.0,3.0,1.0141820881761798,0.9795424221410671
q157_1199044,Metre and Rhythm,Medium,percettiva,False,B,0.5963069513620476,0.08070137015854374,True,MI,17,13.0,1.0,0.09944491760750086,1.1807114311435007
q157_1199044,Metre and Rhythm,Medium,percettiva,False,B,0.5963069513620476,0.08070137015854374,True,MI_balanced,17,3.0,1.0,0.3139433115650548,1.3432265340665714
q157_1199044,Metre and Rhythm,Medium,percettiva,False,B,0.5963069513620476,0.08070137015854374,True,UC_audio,12,1.0,11.0,0.716028340893209,0.4667797947078771
q157_1199044,Metre and Rhythm,Medium,percettiva,False,B,0.5963069513620476,0.08070137015854374,True,UC_text,4,,2.0,0.168354800519129,1.0419636486498753
q158_14014,Genre and Style,Medium,knowledge,False,C,0.6270767994753158,0.26140450112281516,True,MI,11,1.0,,1.841784715249164,-0.26449247154205335
q158_14014,Genre and Style,Medium,knowledge,False,C,0.6270767994753158,0.26140450112281516,True,MI_balanced,11,1.0,,1.8921439283697101,-0.1049976811272708
q158_14014,Genre and Style,Medium,knowledge,False,C,0.6270767994753158,0.26140450112281516,True,UC_audio,7,1.0,,1.1031515864240402,-0.26438027317218205
q158_14014,Genre and Style,Medium,knowledge,False,C,0.6270767994753158,0.26140450112281516,True,UC_text,6,1.0,2.0,1.8866186651611747,0.4416076732545436
q159_14014,Harmony,Medium,analitica,True,A,0.7281082026437286,0.7281082026437286,True,MI,15,,,-0.003947239937513132,0.19377990194936226
q159_14014,Harmony,Medium,analitica,True,A,0.7281082026437286,0.7281082026437286,True,MI_balanced,15,,,0.14549712135902879,0.13779001819306577
q159_14014,Harmony,Medium,analitica,True,A,0.7281082026437286,0.7281082026437286,True,UC_audio,6,,,0.1702745094428734,0.2732456140479439
q159_14014,Harmony,Medium,analitica,True,A,0.7281082026437286,0.7281082026437286,True,UC_text,6,1.0,1.0,1.1370663559034635,0.011465452575396728
q15_1045016,Sound Texture,Low,percettiva,True,A,0.617902076751194,0.617902076751194,True,MI,6,2.0,,0.2763788645542949,0.3886122481400046
q15_1045016,Sound Texture,Low,percettiva,True,A,0.617902076751194,0.617902076751194,True,MI_balanced,6,1.0,,0.2721661381062814,0.4256436280162544
q15_1045016,Sound Texture,Low,percettiva,True,A,0.617902076751194,0.617902076751194,True,UC_audio,14,1.0,,0.9988410075957802,-0.05482223521025482
q15_1045016,Sound Texture,Low,percettiva,True,A,0.617902076751194,0.617902076751194,True,UC_text,7,5.0,5.0,1.092936456006044,0.8137584057765973
q160_14014,Melody,Medium,analitica,False,B,0.7673389767921284,0.17121646877975988,True,MI,14,4.0,,0.6000837389482857,0.12074350869763152
q160_14014,Melody,Medium,analitica,False,B,0.7673389767921284,0.17121646877975988,True,MI_balanced,14,1.0,,0.7124990785705968,0.14743967797804147
q160_14014,Melody,Medium,analitica,False,B,0.7673389767921284,0.17121646877975988,True,UC_audio,5,1.0,,1.0766268163648265,-0.03573173760103004
q160_14014,Melody,Medium,analitica,False,B,0.7673389767921284,0.17121646877975988,True,UC_text,7,,,0.20729660557554647,0.2595554565136156
q161_1177896,Sound Texture,High,percettiva,True,A,0.6252783824032586,0.6252783824032586,True,MI,13,,,-0.26655480456324754,0.09797220511392861
q161_1177896,Sound Texture,High,percettiva,True,A,0.6252783824032586,0.6252783824032586,True,MI_balanced,13,,,-0.33947770681847383,0.29978519585232716
q161_1177896,Sound Texture,High,percettiva,True,A,0.6252783824032586,0.6252783824032586,True,UC_audio,10,1.0,,0.9733538223912342,-0.00013311550570609305
q161_1177896,Sound Texture,High,percettiva,True,A,0.6252783824032586,0.6252783824032586,True,UC_text,10,8.0,5.0,0.8333913089110968,1.0330078530510476
q162_1177896,Harmony,Medium,analitica,True,A,0.9025367142632844,0.9025367142632844,True,MI,14,1.0,7.0,0.9935050278301057,0.4901763696763911
q162_1177896,Harmony,Medium,analitica,True,A,0.9025367142632844,0.9025367142632844,True,MI_balanced,14,1.0,4.0,1.0547566090086349,0.5470632638708554
q162_1177896,Harmony,Medium,analitica,True,A,0.9025367142632844,0.9025367142632844,True,UC_audio,9,1.0,,1.053208575142738,-0.030180090537573277
q162_1177896,Harmony,Medium,analitica,True,A,0.9025367142632844,0.9025367142632844,True,UC_text,7,1.0,4.0,0.8851228280921812,0.34920709547478596
q163_1177896,Functional Context,Low,knowledge,False,C,0.36385828438367923,0.22069120526913993,True,MI,17,1.0,3.0,0.01066273092378968,0.8782321056248745
q163_1177896,Functional Context,Low,knowledge,False,C,0.36385828438367923,0.22069120526913993,True,MI_balanced,17,7.0,6.0,0.4428881260153273,1.1655739917526584
q163_1177896,Functional Context,Low,knowledge,False,C,0.36385828438367923,0.22069120526913993,True,UC_audio,8,1.0,,0.4056864793215853,-0.15263018435845135
q163_1177896,Functional Context,Low,knowledge,False,C,0.36385828438367923,0.22069120526913993,True,UC_text,8,6.0,7.0,1.0354110538687884,1.1726003497894124
q164_1227240,Sound Texture,Medium,percettiva,True,A,0.5746624415490846,0.5746624415490846,True,MI,5,1.0,1.0,0.7136662677258631,0.9257366304843421
q164_1227240,Sound Texture,Medium,percettiva,True,A,0.5746624415490846,0.5746624415490846,True,MI_balanced,5,1.0,1.0,0.730329634477881,0.9246627263355995
q164_1227240,Sound Texture,Medium,percettiva,True,A,0.5746624415490846,0.5746624415490846,True,UC_audio,14,1.0,,1.2842888749536099,-0.20496479636122686
q164_1227240,Sound Texture,Medium,percettiva,True,A,0.5746624415490846,0.5746624415490846,True,UC_text,8,2.0,2.0,0.9966059634386664,0.5496650482424503
q165_1227240,Melody,High,analitica,True,A,0.48201927797003974,0.48201927797003974,True,MI,11,1.0,,0.8072908252380242,0.014075964061892408
q165_1227240,Melody,High,analitica,True,A,0.48201927797003974,0.48201927797003974,True,MI_balanced,11,1.0,,0.8076200472235221,0.01725663775915221
q165_1227240,Melody,High,analitica,True,A,0.48201927797003974,0.48201927797003974,True,UC_audio,10,1.0,,1.155594016679658,0.003578935027024998
q165_1227240,Melody,High,analitica,True,A,0.48201927797003974,0.48201927797003974,True,UC_text,10,2.0,2.0,0.6287748053064384,0.8379668785443071
q166_1227240,Mood and Expression,Low,knowledge,False,D,0.7342049140733722,0.18563607371217003,True,MI,11,1.0,9.0,0.8680137275391081,0.4134176141502389
q166_1227240,Mood and Expression,Low,knowledge,False,D,0.7342049140733722,0.18563607371217003,True,MI_balanced,11,1.0,5.0,0.7459005892809557,0.45112304148073734
q166_1227240,Mood and Expression,Low,knowledge,False,D,0.7342049140733722,0.18563607371217003,True,UC_audio,15,1.0,,1.1354188818826823,-0.025179531825487596
q166_1227240,Mood and Expression,Low,knowledge,False,D,0.7342049140733722,0.18563607371217003,True,UC_text,7,1.0,2.0,0.31770602447101925,0.8085999444836527
q167_7096,Metre and Rhythm,Medium,percettiva,True,A,0.6493921636076015,0.6493921636076015,True,MI,9,1.0,,1.1856030961307809,0.07886327496022714
q167_7096,Metre and Rhythm,Medium,percettiva,True,A,0.6493921636076015,0.6493921636076015,True,MI_balanced,9,1.0,,1.1856030961307809,0.07886327496022714
q167_7096,Metre and Rhythm,Medium,percettiva,True,A,0.6493921636076015,0.6493921636076015,True,UC_audio,5,1.0,,0.4796364219744209,0.1171183538789065
q167_7096,Metre and Rhythm,Medium,percettiva,True,A,0.6493921636076015,0.6493921636076015,True,UC_text,8,1.0,3.0,0.6303771298820874,0.6433981145156717
q168_7096,Genre and Style,High,knowledge,False,B,0.41687503662516556,0.1969178239744137,True,MI,13,1.0,3.0,-0.3732918577948471,1.7848439524164332
q168_7096,Genre and Style,High,knowledge,False,B,0.41687503662516556,0.1969178239744137,True,MI_balanced,13,,2.0,-0.34561416934009925,2.0188315277680418
q168_7096,Genre and Style,High,knowledge,False,B,0.41687503662516556,0.1969178239744137,True,UC_audio,9,1.0,,0.8392519150748751,-0.17979044152201687
q168_7096,Genre and Style,High,knowledge,False,B,0.41687503662516556,0.1969178239744137,True,UC_text,5,,1.0,-0.8766956873623513,1.979130712840316
q169_7096,Melody,Medium,analitica,True,A,0.6684207401505758,0.6684207401505758,True,MI,20,1.0,15.0,0.6435153674981214,-0.1600936892973806
q169_7096,Melody,Medium,analitica,True,A,0.6684207401505758,0.6684207401505758,True,MI_balanced,20,3.0,8.0,0.5657574408836524,0.2811654816063975
q169_7096,Melody,Medium,analitica,True,A,0.6684207401505758,0.6684207401505758,True,UC_audio,5,1.0,,1.1072587425308718,-0.04674047853620501
q169_7096,Melody,Medium,analitica,True,A,0.6684207401505758,0.6684207401505758,True,UC_text,9,8.0,3.0,0.45944160426910347,0.6267603168844437
q16_1100505,Sound Texture,Medium,percettiva,True,A,0.5724807789401746,0.5724807789401746,True,MI,12,1.0,2.0,0.5722550252132145,0.677984067706802
q16_1100505,Sound Texture,Medium,percettiva,True,A,0.5724807789401746,0.5724807789401746,True,MI_balanced,12,3.0,1.0,0.49527635454993196,0.7917836485531492
q16_1100505,Sound Texture,Medium,percettiva,True,A,0.5724807789401746,0.5724807789401746,True,UC_audio,7,1.0,6.0,0.6295203511173469,0.4589561735601324
q16_1100505,Sound Texture,Medium,percettiva,True,A,0.5724807789401746,0.5724807789401746,True,UC_text,10,7.0,3.0,0.39836233164698387,1.0199358406832149
q170_1103980,Harmony,High,analitica,True,A,0.6327804714672414,0.6327804714672414,True,MI,17,1.0,4.0,0.1570518040301943,0.5617931928747502
q170_1103980,Harmony,High,analitica,True,A,0.6327804714672414,0.6327804714672414,True,MI_balanced,17,,2.0,0.22346464891846032,0.6018391273663017
q170_1103980,Harmony,High,analitica,True,A,0.6327804714672414,0.6327804714672414,True,UC_audio,11,1.0,,0.9191896314121937,-0.023712654860932065
q170_1103980,Harmony,High,analitica,True,A,0.6327804714672414,0.6327804714672414,True,UC_text,9,7.0,1.0,0.4941047406820928,0.7705856591141949
q171_1103980,Harmony,High,analitica,True,A,0.5336204551738374,0.5336204551738374,True,MI,18,1.0,,-0.10284286148909808,-0.23217586268390508
q171_1103980,Harmony,High,analitica,True,A,0.5336204551738374,0.5336204551738374,True,MI_balanced,18,8.0,,0.395914504488624,-0.10479330336335643
q171_1103980,Harmony,High,analitica,True,A,0.5336204551738374,0.5336204551738374,True,UC_audio,8,1.0,,1.2667184781325862,-0.06599508771529418
q171_1103980,Harmony,High,analitica,True,A,0.5336204551738374,0.5336204551738374,True,UC_text,9,3.0,5.0,0.5097026281653169,0.5243046814678148
q172_1103980,Instrumentation,Low,percettiva,True,A,0.5337436376438135,0.5337436376438135,True,MI,8,2.0,3.0,1.87975323504663,0.6109542291017935
q172_1103980,Instrumentation,Low,percettiva,True,A,0.5337436376438135,0.5337436376438135,True,MI_balanced,8,1.0,2.0,1.9768631389215634,0.703024231109902
q172_1103980,Instrumentation,Low,percettiva,True,A,0.5337436376438135,0.5337436376438135,True,UC_audio,11,6.0,,0.6716211032416416,-0.03607920824382459
q172_1103980,Instrumentation,Low,percettiva,True,A,0.5337436376438135,0.5337436376438135,True,UC_text,7,1.0,3.0,1.654118604437403,0.5348268863132184
q173_121123,Melody,High,analitica,False,C,0.402526530401346,0.19014006955248508,True,MI,12,1.0,2.0,0.5559075354086909,0.9736906141355424
q173_121123,Melody,High,analitica,False,C,0.402526530401346,0.19014006955248508,True,MI_balanced,12,3.0,1.0,0.45845999501712603,0.8912096026727673
q173_121123,Melody,High,analitica,False,C,0.402526530401346,0.19014006955248508,True,UC_audio,5,1.0,,0.6734561028657292,-0.1421642204155544
q173_121123,Melody,High,analitica,False,C,0.402526530401346,0.19014006955248508,True,UC_text,7,1.0,1.0,0.874154092078246,0.030197591527097462
q174_121123,Metre and Rhythm,Medium,percettiva,True,A,0.589671771491566,0.589671771491566,True,MI,19,1.0,,0.578231655628155,0.16853266343467585
q174_121123,Metre and Rhythm,Medium,percettiva,True,A,0.589671771491566,0.589671771491566,True,MI_balanced,19,1.0,,0.6113119302294167,0.2577901227274292
q174_121123,Metre and Rhythm,Medium,percettiva,True,A,0.589671771491566,0.589671771491566,True,UC_audio,5,1.0,,1.0147076735987364,0.0013363780651933332
q174_121123,Metre and Rhythm,Medium,percettiva,True,A,0.589671771491566,0.589671771491566,True,UC_text,7,1.0,2.0,1.095882152167534,0.3558045533065364
q175_121123,Metre and Rhythm,High,percettiva,False,D,0.6282512174712235,0.17999698743875997,True,MI,10,,,-0.44048088667959695,0.2062207396099038
q175_121123,Metre and Rhythm,High,percettiva,False,D,0.6282512174712235,0.17999698743875997,True,MI_balanced,10,,,-0.4702118638498985,0.1863287564225826
q175_121123,Metre and Rhythm,High,percettiva,False,D,0.6282512174712235,0.17999698743875997,True,UC_audio,4,1.0,,1.003134061350595,-0.022193333356027148
q175_121123,Metre and Rhythm,High,percettiva,False,D,0.6282512174712235,0.17999698743875997,True,UC_text,5,3.0,1.0,0.6113946526695869,1.3046584247034596
q176_1076450,Metre and Rhythm,Medium,percettiva,False,C,0.6522162638317343,0.02231761328058707,True,MI,17,1.0,13.0,0.28576887816785396,0.26092036625232023
q176_1076450,Metre and Rhythm,Medium,percettiva,False,C,0.6522162638317343,0.02231761328058707,True,MI_balanced,17,4.0,4.0,0.4907124840543263,0.6797716947497249
q176_1076450,Metre and Rhythm,Medium,percettiva,False,C,0.6522162638317343,0.02231761328058707,True,UC_audio,3,1.0,,0.8707419683647396,-0.01092078675317892
q176_1076450,Metre and Rhythm,Medium,percettiva,False,C,0.6522162638317343,0.02231761328058707,True,UC_text,9,1.0,7.0,0.9170156564736813,0.242310432066288
q177_1076450,Instrumentation,Medium,percettiva,False,C,0.5418889370629976,0.32867225448779763,True,MI,8,,,-0.5304033004184385,-0.5641063464472101
q177_1076450,Instrumentation,Medium,percettiva,False,C,0.5418889370629976,0.32867225448779763,True,MI_balanced,8,,,-0.5427131465423718,-0.5595323149342865
q177_1076450,Instrumentation,Medium,percettiva,False,C,0.5418889370629976,0.32867225448779763,True,UC_audio,2,1.0,,1.3840320277122617,-0.1433688676152101
q177_1076450,Instrumentation,Medium,percettiva,False,C,0.5418889370629976,0.32867225448779763,True,UC_text,8,7.0,2.0,-0.027866814072360167,1.2514849893345223
q178_1076450,Melody,Medium,analitica,True,A,0.3973062479606399,0.3973062479606399,True,MI,12,1.0,3.0,0.28715401468220364,0.554693325179352
q178_1076450,Melody,Medium,analitica,True,A,0.3973062479606399,0.3973062479606399,True,MI_balanced,12,1.0,2.0,0.16520467430985325,0.620826693647695
q178_1076450,Melody,Medium,analitica,True,A,0.3973062479606399,0.3973062479606399,True,UC_audio,7,1.0,,0.5403185270554266,-0.1903266419779104
q178_1076450,Melody,Medium,analitica,True,A,0.3973062479606399,0.3973062479606399,True,UC_text,10,1.0,1.0,2.0779544233691185,0.3910221932217396
q179_1407836,Metre and Rhythm,Medium,percettiva,True,A,0.5303059713284595,0.5303059713284595,True,MI,10,1.0,,1.2174221992463456,-0.39722103659999825
q179_1407836,Metre and Rhythm,Medium,percettiva,True,A,0.5303059713284595,0.5303059713284595,True,MI_balanced,10,1.0,,1.0559823735369283,-0.4356372632870882
q179_1407836,Metre and Rhythm,Medium,percettiva,True,A,0.5303059713284595,0.5303059713284595,True,UC_audio,9,1.0,,1.2387427282757375,-0.10670187630414658
q179_1407836,Metre and Rhythm,Medium,percettiva,True,A,0.5303059713284595,0.5303059713284595,True,UC_text,6,1.0,,0.9130999737448893,-0.20912062277822246
q17_1100505,Performance,Medium,analitica,True,A,0.7981153957596323,0.7981153957596323,True,MI,18,1.0,14.0,0.4086365325435051,0.40300593646895677
q17_1100505,Performance,Medium,analitica,True,A,0.7981153957596323,0.7981153957596323,True,MI_balanced,18,6.0,6.0,0.6655531328879872,0.6971181328507227
q17_1100505,Performance,Medium,analitica,True,A,0.7981153957596323,0.7981153957596323,True,UC_audio,11,1.0,,0.8216419862240312,0.03478569854566147
q17_1100505,Performance,Medium,analitica,True,A,0.7981153957596323,0.7981153957596323,True,UC_text,5,3.0,5.0,0.6792208330176733,0.6874352767450617
q180_1407836,Functional Context,Low,knowledge,False,B,0.45842079291842436,0.21654264965567865,True,MI,9,2.0,7.0,1.0164152318623005,0.3982492654100282
q180_1407836,Functional Context,Low,knowledge,False,B,0.45842079291842436,0.21654264965567865,True,MI_balanced,9,1.0,5.0,0.914521239490248,0.4538846634295663
q180_1407836,Functional Context,Low,knowledge,False,B,0.45842079291842436,0.21654264965567865,True,UC_audio,11,8.0,,0.39784966029426677,-0.14550302497251763
q180_1407836,Functional Context,Low,knowledge,False,B,0.45842079291842436,0.21654264965567865,True,UC_text,7,1.0,,1.4795284527255639,-0.14604291176024212
q181_1407836,Functional Context,Low,knowledge,False,D,0.7715117589243622,0.118315160210318,True,MI,18,2.0,5.0,0.3460072448260061,0.4355211641627997
q181_1407836,Functional Context,Low,knowledge,False,D,0.7715117589243622,0.118315160210318,True,MI_balanced,18,4.0,4.0,0.2779245095725882,0.40110836001551625
q181_1407836,Functional Context,Low,knowledge,False,D,0.7715117589243622,0.118315160210318,True,UC_audio,13,1.0,,0.9626303166080399,0.04734093043014797
q181_1407836,Functional Context,Low,knowledge,False,D,0.7715117589243622,0.118315160210318,True,UC_text,8,6.0,3.0,0.590575371859719,1.1499052880957763
q182_357330,Lyrics,Low,knowledge,False,B,0.41184368237085794,0.1337060676476475,True,MI,16,15.0,2.0,-0.09238188825877722,0.5744716978959139
q182_357330,Lyrics,Low,knowledge,False,B,0.41184368237085794,0.1337060676476475,True,MI_balanced,16,10.0,1.0,0.22997505005672417,0.5168021102497361
q182_357330,Lyrics,Low,knowledge,False,B,0.41184368237085794,0.1337060676476475,True,UC_audio,8,5.0,,1.3054139253800146,-0.3899821016700113
q182_357330,Lyrics,Low,knowledge,False,B,0.41184368237085794,0.1337060676476475,True,UC_text,8,1.0,2.0,0.917082474103949,0.2765059792925922
q183_357330,Metre and Rhythm,Medium,percettiva,True,A,0.9955932651893157,0.9955932651893157,True,MI,18,1.0,,0.9865618443097748,0.009844760522716435
q183_357330,Metre and Rhythm,Medium,percettiva,True,A,0.9955932651893157,0.9955932651893157,True,MI_balanced,18,1.0,,0.9771294110723017,0.016626712031062092
q183_357330,Metre and Rhythm,Medium,percettiva,True,A,0.9955932651893157,0.9955932651893157,True,UC_audio,6,1.0,,0.9884536090715661,0.008469719507314965
q183_357330,Metre and Rhythm,Medium,percettiva,True,A,0.9955932651893157,0.9955932651893157,True,UC_text,7,1.0,,0.9985891556208697,0.014645335769231304
q184_357330,Lyrics,Low,knowledge,False,C,0.48641002498749597,0.3343043952703549,True,MI,17,1.0,,2.8639687241761185,-0.9690251314568352
q184_357330,Lyrics,Low,knowledge,False,C,0.48641002498749597,0.3343043952703549,True,MI_balanced,17,1.0,,3.0274560549610112,-1.4029357705281313
q184_357330,Lyrics,Low,knowledge,False,C,0.48641002498749597,0.3343043952703549,True,UC_audio,8,1.0,,0.9907268051024631,-0.24491898901775663
q184_357330,Lyrics,Low,knowledge,False,C,0.48641002498749597,0.3343043952703549,True,UC_text,5,1.0,,3.065682548541365,-1.2515569316788133
q185_661634,Harmony,High,analitica,True,A,0.7335048693547611,0.7335048693547611,True,MI,18,1.0,,0.9273502001913505,-0.2744732214093164
q185_661634,Harmony,High,analitica,True,A,0.7335048693547611,0.7335048693547611,True,MI_balanced,18,1.0,,1.0234890022877803,-0.23781746458880537
q185_661634,Harmony,High,analitica,True,A,0.7335048693547611,0.7335048693547611,True,UC_audio,8,1.0,,0.9273704508859839,0.03639003264441933
q185_661634,Harmony,High,analitica,True,A,0.7335048693547611,0.7335048693547611,True,UC_text,4,1.0,,1.375718561300811,-0.22635866325089807
q186_661634,Harmony,Medium,analitica,True,A,0.6043888940947411,0.6043888940947411,True,MI,19,3.0,3.0,0.8407692251106885,0.9734625429662803
q186_661634,Harmony,Medium,analitica,True,A,0.6043888940947411,0.6043888940947411,True,MI_balanced,19,2.0,2.0,0.6160092188695904,0.8396836147137005
q186_661634,Harmony,Medium,analitica,True,A,0.6043888940947411,0.6043888940947411,True,UC_audio,7,,,0.08766898270054885,0.12287049569139086
q186_661634,Harmony,Medium,analitica,True,A,0.6043888940947411,0.6043888940947411,True,UC_text,6,2.0,3.0,1.019445808741448,0.675248026780554
q187_661634,Harmony,High,analitica,True,A,0.6387488095725204,0.6387488095725204,True,MI,12,3.0,,0.930257495876221,0.13804655487435416
q187_661634,Harmony,High,analitica,True,A,0.6387488095725204,0.6387488095725204,True,MI_balanced,12,1.0,4.0,1.1339697011414704,0.3237500790035196
q187_661634,Harmony,High,analitica,True,A,0.6387488095725204,0.6387488095725204,True,UC_audio,5,1.0,,1.1584632632091665,-0.05875145594494773
q187_661634,Harmony,High,analitica,True,A,0.6387488095725204,0.6387488095725204,True,UC_text,5,2.0,5.0,0.6430619403939312,0.6472203829954335
q188_312915,Instrumentation,Medium,percettiva,True,A,0.5195121358622443,0.5195121358622443,True,MI,13,1.0,,1.5676964273751282,0.08379405075131471
q188_312915,Instrumentation,Medium,percettiva,True,A,0.5195121358622443,0.5195121358622443,True,MI_balanced,13,2.0,,1.4223227373263494,0.16862507855409964
q188_312915,Instrumentation,Medium,percettiva,True,A,0.5195121358622443,0.5195121358622443,True,UC_audio,12,1.0,,1.3568517781283727,0.08359006456515004
q188_312915,Instrumentation,Medium,percettiva,True,A,0.5195121358622443,0.5195121358622443,True,UC_text,7,1.0,1.0,1.3461424673833728,0.712797442603461
q189_312915,Instrumentation,Medium,percettiva,True,A,0.832818875058569,0.832818875058569,True,MI,12,1.0,,0.5804387766205136,0.026234539831893038
q189_312915,Instrumentation,Medium,percettiva,True,A,0.832818875058569,0.832818875058569,True,MI_balanced,12,4.0,,0.6190830451978471,0.04572738884322498
q189_312915,Instrumentation,Medium,percettiva,True,A,0.832818875058569,0.832818875058569,True,UC_audio,12,1.0,,0.9878416450258389,0.01248080928351981
q189_312915,Instrumentation,Medium,percettiva,True,A,0.832818875058569,0.832818875058569,True,UC_text,7,2.0,,0.943692584643284,0.27320495420802726
q18_1100505,Sound Texture,Medium,percettiva,False,B,0.34600580950308274,0.30534905516274613,True,MI,21,1.0,,0.8203374726348797,-1.0340917566002554
q18_1100505,Sound Texture,Medium,percettiva,False,B,0.34600580950308274,0.30534905516274613,True,MI_balanced,21,2.0,,-0.01365094011240952,0.05269359424137708
q18_1100505,Sound Texture,Medium,percettiva,False,B,0.34600580950308274,0.30534905516274613,True,UC_audio,16,1.0,,1.5518091407261931,-0.1629428180154001
q18_1100505,Sound Texture,Medium,percettiva,False,B,0.34600580950308274,0.30534905516274613,True,UC_text,5,,,-0.49647749636566935,-0.2821132155713314
q190_312915,Metre and Rhythm,Low,percettiva,True,A,0.9977747363772121,0.9977747363772121,True,MI,21,1.0,,0.944144500833224,0.02084996030079107
q190_312915,Metre and Rhythm,Low,percettiva,True,A,0.9977747363772121,0.9977747363772121,True,MI_balanced,21,1.0,,0.9484136747279117,0.04486221402278788
q190_312915,Metre and Rhythm,Low,percettiva,True,A,0.9977747363772121,0.9977747363772121,True,UC_audio,12,1.0,,0.9604063726978282,0.0013617711362268398
q190_312915,Metre and Rhythm,Low,percettiva,True,A,0.9977747363772121,0.9977747363772121,True,UC_text,8,1.0,,0.9892916329546763,0.010004066493462336
q191_1381590,Instrumentation,Low,percettiva,False,C,0.7939291888794493,0.1217529844378289,True,MI,21,,2.0,-0.19452502746734598,1.3616528797538896
q191_1381590,Instrumentation,Low,percettiva,False,C,0.7939291888794493,0.1217529844378289,True,MI_balanced,21,,1.0,-0.15574928260360743,1.3387295031164095
q191_1381590,Instrumentation,Low,percettiva,False,C,0.7939291888794493,0.1217529844378289,True,UC_audio,11,,,0.21411880516477272,0.1950402894946964
q191_1381590,Instrumentation,Low,percettiva,False,C,0.7939291888794493,0.1217529844378289,True,UC_text,9,9.0,2.0,0.38973025571363673,1.354214245583738
q192_1381590,Musical Texture,Medium,percettiva,True,A,0.5600526546187228,0.5600526546187228,True,MI,11,,9.0,-0.09349576788742202,0.4320675149095788
q192_1381590,Musical Texture,Medium,percettiva,True,A,0.5600526546187228,0.5600526546187228,True,MI_balanced,11,,8.0,-0.34737737873820507,0.4572917877339813
q192_1381590,Musical Texture,Medium,percettiva,True,A,0.5600526546187228,0.5600526546187228,True,UC_audio,12,5.0,9.0,0.2265721634043805,0.27313672579854803
q192_1381590,Musical Texture,Medium,percettiva,True,A,0.5600526546187228,0.5600526546187228,True,UC_text,6,1.0,,1.1968969936599925,0.13736663837846824
q193_1381590,Instrumentation,Medium,percettiva,True,A,0.8284349738288925,0.8284349738288925,True,MI,4,1.0,,0.5512491877069591,0.0649388507443221
q193_1381590,Instrumentation,Medium,percettiva,True,A,0.8284349738288925,0.8284349738288925,True,MI_balanced,4,1.0,,0.5073709385587312,0.06830015468151411
q193_1381590,Instrumentation,Medium,percettiva,True,A,0.8284349738288925,0.8284349738288925,True,UC_audio,8,1.0,,1.2285904720047074,0.017357866673993305
q193_1381590,Instrumentation,Medium,percettiva,True,A,0.8284349738288925,0.8284349738288925,True,UC_text,6,2.0,4.0,0.899698046449061,0.38680840632210084
q194_1268901,Performance,Low,analitica,True,A,0.9495784975260636,0.9495784975260636,True,MI,17,2.0,,0.7674671946444451,0.13540917697404323
q194_1268901,Performance,Low,analitica,True,A,0.9495784975260636,0.9495784975260636,True,MI_balanced,17,1.0,,0.7959673535267651,0.1257758971664009
q194_1268901,Performance,Low,analitica,True,A,0.9495784975260636,0.9495784975260636,True,UC_audio,6,1.0,,0.7909527232893525,-0.009544560844912212
q194_1268901,Performance,Low,analitica,True,A,0.9495784975260636,0.9495784975260636,True,UC_text,6,1.0,,0.9907138417204363,0.3514067412900318
q195_1268901,Melody,High,analitica,True,A,0.821953936295454,0.821953936295454,True,MI,15,,,0.3854459219688729,0.07214325498700677
q195_1268901,Melody,High,analitica,True,A,0.821953936295454,0.821953936295454,True,MI_balanced,15,,,0.22771851199157475,0.13354404033638625
q195_1268901,Melody,High,analitica,True,A,0.821953936295454,0.821953936295454,True,UC_audio,5,1.0,,0.6731427131038479,-0.019080384430980066
q195_1268901,Melody,High,analitica,True,A,0.821953936295454,0.821953936295454,True,UC_text,6,2.0,1.0,0.9334514632877556,0.657346245248797
q196_1268901,Harmony,High,analitica,True,A,0.847767998068006,0.847767998068006,True,MI,8,1.0,,0.8835839072671416,-0.022742447907112568
q196_1268901,Harmony,High,analitica,True,A,0.847767998068006,0.847767998068006,True,MI_balanced,8,1.0,,1.0357886102237968,-0.014100541649646577
q196_1268901,Harmony,High,analitica,True,A,0.847767998068006,0.847767998068006,True,UC_audio,11,1.0,,0.9101643047379405,0.036098474269824696
q196_1268901,Harmony,High,analitica,True,A,0.847767998068006,0.847767998068006,True,UC_text,4,1.0,,1.1801125073806629,-0.07035062290928493
q197_1078326,Metre and Rhythm,Medium,percettiva,False,C,0.8418047568908654,0.007283038177156832,True,MI,14,1.0,,1.0388852179872339,-0.09883595823774957
q197_1078326,Metre and Rhythm,Medium,percettiva,False,C,0.8418047568908654,0.007283038177156832,True,MI_balanced,14,1.0,,1.0437973135738907,-0.10435007579903512
q197_1078326,Metre and Rhythm,Medium,percettiva,False,C,0.8418047568908654,0.007283038177156832,True,UC_audio,7,1.0,,0.9635351295567289,0.0020717114662406055
q197_1078326,Metre and Rhythm,Medium,percettiva,False,C,0.8418047568908654,0.007283038177156832,True,UC_text,5,1.0,4.0,1.0396318309476242,0.7123153616426207
q198_1078326,Instrumentation,Medium,percettiva,False,D,0.39413661880670625,0.34782434529208367,True,MI,15,4.0,7.0,-0.20976604536160176,0.8363332670576644
q198_1078326,Instrumentation,Medium,percettiva,False,D,0.39413661880670625,0.34782434529208367,True,MI_balanced,15,,1.0,-0.4423295881862106,1.2671349721564564
q198_1078326,Instrumentation,Medium,percettiva,False,D,0.39413661880670625,0.34782434529208367,True,UC_audio,6,1.0,,0.5589395752942384,0.08997051478990604
q198_1078326,Instrumentation,Medium,percettiva,False,D,0.39413661880670625,0.34782434529208367,True,UC_text,6,,1.0,-0.45970557282297075,1.7603438123244268
q199_1078326,Sound Texture,Medium,percettiva,False,B,0.7068861512993344,0.17872880877449657,True,MI,13,1.0,2.0,-0.21417615248353422,0.15028187926827857
q199_1078326,Sound Texture,Medium,percettiva,False,B,0.7068861512993344,0.17872880877449657,True,MI_balanced,13,,1.0,-0.2212574688664775,0.29007714278309277
q199_1078326,Sound Texture,Medium,percettiva,False,B,0.7068861512993344,0.17872880877449657,True,UC_audio,5,1.0,,1.0725499979563877,0.026238862577653687
q199_1078326,Sound Texture,Medium,percettiva,False,B,0.7068861512993344,0.17872880877449657,True,UC_text,8,5.0,1.0,0.6422102217778309,0.8394452077892718
q19_435883,Metre and Rhythm,Medium,percettiva,True,A,0.7879827462305615,0.7879827462305615,True,MI,15,1.0,,0.7551711436630701,0.28826633975621524
q19_435883,Metre and Rhythm,Medium,percettiva,True,A,0.7879827462305615,0.7879827462305615,True,MI_balanced,15,1.0,,0.8434865486226827,0.11186086603568694
q19_435883,Metre and Rhythm,Medium,percettiva,True,A,0.7879827462305615,0.7879827462305615,True,UC_audio,7,1.0,,1.1172972714795848,-0.030580662413838
q19_435883,Metre and Rhythm,Medium,percettiva,True,A,0.7879827462305615,0.7879827462305615,True,UC_text,5,1.0,3.0,0.7255340765472739,0.5027918267720407
q1_1204663,Melody,Low,analitica,True,A,0.5529038712225851,0.5529038712225851,True,MI,16,12.0,9.0,0.23978430409094312,0.3264994793950251
q1_1204663,Melody,Low,analitica,True,A,0.5529038712225851,0.5529038712225851,True,MI_balanced,16,8.0,7.0,0.31792743872257034,0.4369165216984509
q1_1204663,Melody,Low,analitica,True,A,0.5529038712225851,0.5529038712225851,True,UC_audio,9,6.0,,0.5114916546766055,0.031061225747949617
q1_1204663,Melody,Low,analitica,True,A,0.5529038712225851,0.5529038712225851,True,UC_text,8,1.0,6.0,1.1982255023734338,0.7968591949294036
q200_1121398,Instrumentation,Medium,percettiva,True,A,0.9745980413297833,0.9745980413297833,True,MI,10,1.0,,0.809117759572942,0.011423431188235023
q200_1121398,Instrumentation,Medium,percettiva,True,A,0.9745980413297833,0.9745980413297833,True,MI_balanced,10,1.0,,0.8058592815706919,-0.0005601081037358871
q200_1121398,Instrumentation,Medium,percettiva,True,A,0.9745980413297833,0.9745980413297833,True,UC_audio,7,1.0,,0.9952353338085672,0.00937262213759842
q200_1121398,Instrumentation,Medium,percettiva,True,A,0.9745980413297833,0.9745980413297833,True,UC_text,7,1.0,,0.9975125347430401,0.0627406176264219
q201_1121398,Performance,Low,analitica,True,A,0.5013271285265273,0.5013271285265273,True,MI,17,1.0,3.0,0.5866285420438507,0.6392473499895664
q201_1121398,Performance,Low,analitica,True,A,0.5013271285265273,0.5013271285265273,True,MI_balanced,17,1.0,1.0,0.6132633944785509,0.2903391505790838
q201_1121398,Performance,Low,analitica,True,A,0.5013271285265273,0.5013271285265273,True,UC_audio,9,1.0,,1.198984027496684,-0.4957566724608549
q201_1121398,Performance,Low,analitica,True,A,0.5013271285265273,0.5013271285265273,True,UC_text,7,1.0,,0.46127251127640784,-0.018602869517083825
q202_1121398,Sound Texture,Medium,percettiva,False,C,0.5567160618023143,0.433570904880071,True,MI,14,,4.0,-0.59990374255778,1.1181958975763056
q202_1121398,Sound Texture,Medium,percettiva,False,C,0.5567160618023143,0.433570904880071,True,MI_balanced,14,,3.0,-0.5756757711134575,1.2203409705618407
q202_1121398,Sound Texture,Medium,percettiva,False,C,0.5567160618023143,0.433570904880071,True,UC_audio,9,,,0.2568605338651662,0.03693717289229192
q202_1121398,Sound Texture,Medium,percettiva,False,C,0.5567160618023143,0.433570904880071,True,UC_text,6,,2.0,0.05783595960348429,1.239221902942917
q203_962064,Sound Texture,Low,percettiva,False,D,0.38347924606145173,0.09695873757368637,True,MI,15,,3.0,-0.8949383674433715,0.8068451741840583
q203_962064,Sound Texture,Low,percettiva,False,D,0.38347924606145173,0.09695873757368637,True,MI_balanced,15,,2.0,-0.7450247208459835,0.6624451360270484
q203_962064,Sound Texture,Low,percettiva,False,D,0.38347924606145173,0.09695873757368637,True,UC_audio,9,1.0,,0.5243053202939207,0.12943445810084853
q203_962064,Sound Texture,Low,percettiva,False,D,0.38347924606145173,0.09695873757368637,True,UC_text,9,,2.0,-0.5876684520687914,0.9369399371323335
q204_962064,Melody,High,analitica,True,A,0.542824351423681,0.542824351423681,True,MI,20,1.0,7.0,1.098401667050626,0.46087181571840224
q204_962064,Melody,High,analitica,True,A,0.542824351423681,0.542824351423681,True,MI_balanced,20,2.0,3.0,0.9693495431482236,0.6559943645627256
q204_962064,Melody,High,analitica,True,A,0.542824351423681,0.542824351423681,True,UC_audio,12,2.0,,0.6055985153988455,0.2749694315401172
q204_962064,Melody,High,analitica,True,A,0.542824351423681,0.542824351423681,True,UC_text,7,1.0,,1.090337765425707,0.0943503822069886
q205_1221864,Musical Texture,Medium,percettiva,True,A,0.53861423344542,0.53861423344542,True,MI,9,1.0,,0.7254676065866746,0.003441648881732614
q205_1221864,Musical Texture,Medium,percettiva,True,A,0.53861423344542,0.53861423344542,True,MI_balanced,9,1.0,3.0,0.9181200826680217,0.26773324209079846
q205_1221864,Musical Texture,Medium,percettiva,True,A,0.53861423344542,0.53861423344542,True,UC_audio,6,1.0,,0.5451793840058805,0.03601451969232628
q205_1221864,Musical Texture,Medium,percettiva,True,A,0.53861423344542,0.53861423344542,True,UC_text,8,1.0,,1.2491587714335368,0.07911390367131912
q206_1221864,Harmony,High,analitica,True,A,0.8577489643834729,0.8577489643834729,True,MI,13,1.0,,0.4100484355763989,0.0009363167768388985
q206_1221864,Harmony,High,analitica,True,A,0.8577489643834729,0.8577489643834729,True,MI_balanced,13,7.0,,0.41716491597074307,0.0058716776116978266
q206_1221864,Harmony,High,analitica,True,A,0.8577489643834729,0.8577489643834729,True,UC_audio,7,1.0,,0.8056537043439921,-0.05136521442184574
q206_1221864,Harmony,High,analitica,True,A,0.8577489643834729,0.8577489643834729,True,UC_text,5,1.0,,0.9594232043335076,0.4011564380465817
q207_1221864,Instrumentation,Medium,percettiva,True,A,0.6606234033683536,0.6606234033683536,True,MI,20,1.0,3.0,0.44232460726464723,0.4247735566703221
q207_1221864,Instrumentation,Medium,percettiva,True,A,0.6606234033683536,0.6606234033683536,True,MI_balanced,20,5.0,2.0,1.2355172294358119,0.29240911405086956
q207_1221864,Instrumentation,Medium,percettiva,True,A,0.6606234033683536,0.6606234033683536,True,UC_audio,5,1.0,,1.209881869219799,-0.05735503589012065
q207_1221864,Instrumentation,Medium,percettiva,True,A,0.6606234033683536,0.6606234033683536,True,UC_text,8,4.0,3.0,1.1092643771051955,0.7154134235279782
q208_1374348,Performance,High,analitica,True,A,0.5973767969091373,0.5973767969091373,True,MI,13,1.0,,0.8712032513899752,0.317152752257999
q208_1374348,Performance,High,analitica,True,A,0.5973767969091373,0.5973767969091373,True,MI_balanced,13,1.0,,0.5996375687061201,0.3958774603093546
q208_1374348,Performance,High,analitica,True,A,0.5973767969091373,0.5973767969091373,True,UC_audio,11,1.0,,0.8133709048806129,0.00799669820320784
q208_1374348,Performance,High,analitica,True,A,0.5973767969091373,0.5973767969091373,True,UC_text,8,1.0,,1.1897131462053208,0.08009822839660716
q209_1374348,Instrumentation,Low,percettiva,True,A,0.979495368787954,0.979495368787954,True,MI,15,1.0,,0.8248440780200053,0.011038531764680939
q209_1374348,Instrumentation,Low,percettiva,True,A,0.979495368787954,0.979495368787954,True,MI_balanced,15,1.0,,0.8793784418705711,0.025423498054733252
q209_1374348,Instrumentation,Low,percettiva,True,A,0.979495368787954,0.979495368787954,True,UC_audio,6,1.0,,0.9831097228927665,0.01747902496083547
q209_1374348,Instrumentation,Low,percettiva,True,A,0.979495368787954,0.979495368787954,True,UC_text,4,1.0,,0.996502592618515,0.051974540579926815
q20_435883,Melody,High,analitica,False,B,0.4329035376072496,0.2625692682568579,True,MI,9,3.0,8.0,0.8292839977365237,0.40278205128237743
q20_435883,Melody,High,analitica,False,B,0.4329035376072496,0.2625692682568579,True,MI_balanced,9,1.0,7.0,1.0464692320838718,0.5174733105526653
q20_435883,Melody,High,analitica,False,B,0.4329035376072496,0.2625692682568579,True,UC_audio,5,4.0,,0.6109103445698562,0.057674816482754424
q20_435883,Melody,High,analitica,False,B,0.4329035376072496,0.2625692682568579,True,UC_text,9,1.0,,1.245702442618714,-0.3875647610623983
q210_1374348,Mood and Expression,Low,knowledge,True,A,0.6348461878228243,0.6348461878228243,True,MI,13,3.0,,0.9762821825445,-0.007029839985898138
q210_1374348,Mood and Expression,Low,knowledge,True,A,0.6348461878228243,0.6348461878228243,True,MI_balanced,13,2.0,,1.1056933875628578,0.011609596615327808
q210_1374348,Mood and Expression,Low,knowledge,True,A,0.6348461878228243,0.6348461878228243,True,UC_audio,6,2.0,,1.1503038668822207,-0.026910863361478733
q210_1374348,Mood and Expression,Low,knowledge,True,A,0.6348461878228243,0.6348461878228243,True,UC_text,5,1.0,,1.6053591407689776,0.40345481628320345
q211_336086,Instrumentation,Medium,percettiva,False,D,0.6554124379842399,0.14624228225069627,True,MI,20,2.0,2.0,0.7213069307123015,1.309689314278685
q211_336086,Instrumentation,Medium,percettiva,False,D,0.6554124379842399,0.14624228225069627,True,MI_balanced,20,1.0,1.0,0.6857908474280038,1.0396576134442597
q211_336086,Instrumentation,Medium,percettiva,False,D,0.6554124379842399,0.14624228225069627,True,UC_audio,11,,,0.26592537164024527,0.03978481597645438
q211_336086,Instrumentation,Medium,percettiva,False,D,0.6554124379842399,0.14624228225069627,True,UC_text,6,2.0,2.0,0.38369990663758535,1.1759417432293422
q212_336086,Instrumentation,Medium,percettiva,True,A,0.6710875287217017,0.6710875287217017,True,MI,18,14.0,8.0,0.23096161398159432,0.47218289697206733
q212_336086,Instrumentation,Medium,percettiva,True,A,0.6710875287217017,0.6710875287217017,True,MI_balanced,18,8.0,3.0,0.5189125412519547,0.8356280771135388
q212_336086,Instrumentation,Medium,percettiva,True,A,0.6710875287217017,0.6710875287217017,True,UC_audio,10,4.0,,0.6485800254349415,0.19515417492749557
q212_336086,Instrumentation,Medium,percettiva,True,A,0.6710875287217017,0.6710875287217017,True,UC_text,7,5.0,4.0,0.7529760063319664,0.8737561784383114
q213_336086,Instrumentation,Low,percettiva,True,A,0.9063329257652667,0.9063329257652667,True,MI,11,11.0,11.0,0.1166829443425292,0.2702496039871925
q213_336086,Instrumentation,Low,percettiva,True,A,0.9063329257652667,0.9063329257652667,True,MI_balanced,11,6.0,6.0,0.3710319419205284,0.4112143178624616
q213_336086,Instrumentation,Low,percettiva,True,A,0.9063329257652667,0.9063329257652667,True,UC_audio,12,6.0,,0.5119836598692007,0.1770513950995259
q213_336086,Instrumentation,Low,percettiva,True,A,0.9063329257652667,0.9063329257652667,True,UC_text,5,1.0,,0.8192186977549378,0.16224353688380078
q214_1298301,Genre and Style,Low,knowledge,True,A,0.8064721065483331,0.8064721065483331,True,MI,13,1.0,,0.9573066435473316,-0.008807590393906632
q214_1298301,Genre and Style,Low,knowledge,True,A,0.8064721065483331,0.8064721065483331,True,MI_balanced,13,1.0,,0.9951495596300561,-0.0005662380765680854
q214_1298301,Genre and Style,Low,knowledge,True,A,0.8064721065483331,0.8064721065483331,True,UC_audio,8,1.0,,0.8128528797246412,-0.07815642663604476
q214_1298301,Genre and Style,Low,knowledge,True,A,0.8064721065483331,0.8064721065483331,True,UC_text,5,1.0,,1.1097253126054485,-0.05090206594696598
q215_1298301,Performance,Medium,analitica,False,C,0.5731663125428839,0.11286313877342993,True,MI,24,,9.0,-0.36196226119851643,0.4594559369054171
q215_1298301,Performance,Medium,analitica,False,C,0.5731663125428839,0.11286313877342993,True,MI_balanced,24,,6.0,-0.22115519502983327,1.00452733749754
q215_1298301,Performance,Medium,analitica,False,C,0.5731663125428839,0.11286313877342993,True,UC_audio,8,,,-0.2888573349035026,0.07415609006978735
q215_1298301,Performance,Medium,analitica,False,C,0.5731663125428839,0.11286313877342993,True,UC_text,7,5.0,2.0,0.43493120835963023,0.9998916655351794
q216_1298301,Metre and Rhythm,Medium,percettiva,True,A,0.7446434806355977,0.7446434806355977,True,MI,20,1.0,7.0,0.7204165435551383,0.5940805769869828
q216_1298301,Metre and Rhythm,Medium,percettiva,True,A,0.7446434806355977,0.7446434806355977,True,MI_balanced,20,4.0,4.0,0.9673192776077106,0.9000848544980256
q216_1298301,Metre and Rhythm,Medium,percettiva,True,A,0.7446434806355977,0.7446434806355977,True,UC_audio,7,1.0,,0.6303142710513432,-0.023879626755051217
q216_1298301,Metre and Rhythm,Medium,percettiva,True,A,0.7446434806355977,0.7446434806355977,True,UC_text,6,2.0,1.0,1.2706512467229734,1.1989053546543664
q217_770629,Metre and Rhythm,Medium,percettiva,True,A,0.7870708839596323,0.7870708839596323,True,MI,15,2.0,,0.7862503075039483,-0.17840370692226448
q217_770629,Metre and Rhythm,Medium,percettiva,True,A,0.7870708839596323,0.7870708839596323,True,MI_balanced,15,1.0,,0.9342704913955154,-0.25402149732541174
q217_770629,Metre and Rhythm,Medium,percettiva,True,A,0.7870708839596323,0.7870708839596323,True,UC_audio,4,1.0,,0.9394330885837744,0.03696652236914875
q217_770629,Metre and Rhythm,Medium,percettiva,True,A,0.7870708839596323,0.7870708839596323,True,UC_text,5,1.0,,1.1484923230977988,-0.004969941079024285
q218_770629,Functional Context,Low,knowledge,True,A,0.7795878453534444,0.7795878453534444,True,MI,16,5.0,,0.9129203527610569,-0.046349983004267466
q218_770629,Functional Context,Low,knowledge,True,A,0.7795878453534444,0.7795878453534444,True,MI_balanced,16,3.0,,1.0820879952050475,-0.21057379976719195
q218_770629,Functional Context,Low,knowledge,True,A,0.7795878453534444,0.7795878453534444,True,UC_audio,7,6.0,,0.5626657858702637,0.06633935714407345
q218_770629,Functional Context,Low,knowledge,True,A,0.7795878453534444,0.7795878453534444,True,UC_text,1,1.0,,1.3934905920545757,-0.12483349431650942
q219_1133179,Structure,Medium,analitica,True,A,0.5646805460835216,0.5646805460835216,True,MI,9,1.0,,0.32681240929871436,0.07652065034269741
q219_1133179,Structure,Medium,analitica,True,A,0.5646805460835216,0.5646805460835216,True,MI_balanced,9,,,0.23734609612052704,0.10214859484086962
q219_1133179,Structure,Medium,analitica,True,A,0.5646805460835216,0.5646805460835216,True,UC_audio,9,1.0,,1.159963920006724,-0.03858530726173745
q219_1133179,Structure,Medium,analitica,True,A,0.5646805460835216,0.5646805460835216,True,UC_text,4,1.0,,0.9447612314929638,0.10210957928556891
q21_435883,Performance,Medium,analitica,True,A,0.8190812493663675,0.8190812493663675,True,MI,9,1.0,,0.7931322626027086,-0.00980205954980723
q21_435883,Performance,Medium,analitica,True,A,0.8190812493663675,0.8190812493663675,True,MI_balanced,9,1.0,,0.6200553752581727,-0.0298057335307551
q21_435883,Performance,Medium,analitica,True,A,0.8190812493663675,0.8190812493663675,True,UC_audio,6,1.0,,1.0834224022767491,0.022415035263700974
q21_435883,Performance,Medium,analitica,True,A,0.8190812493663675,0.8190812493663675,True,UC_text,5,1.0,,1.2509896795895334,-0.08901475117814908
q220_1133179,Instrumentation,Medium,percettiva,False,C,0.4244887452240683,0.37461000284226176,True,MI,20,5.0,4.0,1.012196965427877,0.04117247322104435
q220_1133179,Instrumentation,Medium,percettiva,False,C,0.4244887452240683,0.37461000284226176,True,MI_balanced,20,4.0,,0.5396139874320421,-0.5155858442991101
q220_1133179,Instrumentation,Medium,percettiva,False,C,0.4244887452240683,0.37461000284226176,True,UC_audio,12,,7.0,-0.31822391659397176,0.4129546714181791
q220_1133179,Instrumentation,Medium,percettiva,False,C,0.4244887452240683,0.37461000284226176,True,UC_text,2,1.0,,2.12971627925936,-0.09327568605771805
q221_1133179,Performance,Low,analitica,True,A,0.5140406332524955,0.5140406332524955,True,MI,18,1.0,,0.5245915361698475,-0.02764043663368883
q221_1133179,Performance,Low,analitica,True,A,0.5140406332524955,0.5140406332524955,True,MI_balanced,18,1.0,5.0,1.6279652234573079,0.22917711611828118
q221_1133179,Performance,Low,analitica,True,A,0.5140406332524955,0.5140406332524955,True,UC_audio,9,1.0,,2.108694810668401,-0.15994185375513803
q221_1133179,Performance,Low,analitica,True,A,0.5140406332524955,0.5140406332524955,True,UC_text,4,2.0,,0.09287410538188466,-1.089290079108872
q222_1227366,Harmony,High,analitica,True,A,0.9831811429439656,0.9831811429439656,True,MI,16,1.0,,0.9637602534686988,0.07740158244157352
q222_1227366,Harmony,High,analitica,True,A,0.9831811429439656,0.9831811429439656,True,MI_balanced,16,1.0,,0.979857944285271,0.059753295190978044
q222_1227366,Harmony,High,analitica,True,A,0.9831811429439656,0.9831811429439656,True,UC_audio,6,1.0,,0.9996090937264144,0.00619787119492461
q222_1227366,Harmony,High,analitica,True,A,0.9831811429439656,0.9831811429439656,True,UC_text,7,1.0,,0.9987682275724018,0.07584894374815156
q223_1227366,Performance,High,analitica,False,C,0.3789723868129682,0.12303432043951305,True,MI,14,1.0,8.0,1.1447203732560192,0.39124424363207333
q223_1227366,Performance,High,analitica,False,C,0.3789723868129682,0.12303432043951305,True,MI_balanced,14,2.0,1.0,0.8181775424284499,0.8589137126061891
q223_1227366,Performance,High,analitica,False,C,0.3789723868129682,0.12303432043951305,True,UC_audio,5,1.0,,1.1507651593931807,-0.4601347952498761
q223_1227366,Performance,High,analitica,False,C,0.3789723868129682,0.12303432043951305,True,UC_text,8,8.0,1.0,0.3972655048297461,1.5100376416111294
q224_1227366,Instrumentation,Low,percettiva,True,A,0.9271914981510311,0.9271914981510311,True,MI,8,1.0,,1.0025565830710823,0.15948708833656697
q224_1227366,Instrumentation,Low,percettiva,True,A,0.9271914981510311,0.9271914981510311,True,MI_balanced,8,1.0,,0.9806166580896999,0.21877803681601726
q224_1227366,Instrumentation,Low,percettiva,True,A,0.9271914981510311,0.9271914981510311,True,UC_audio,3,1.0,,1.0208480234354864,-0.02570252429088398
q224_1227366,Instrumentation,Low,percettiva,True,A,0.9271914981510311,0.9271914981510311,True,UC_text,7,1.0,,0.9225813224208833,0.24506798560053428
q225_26435,Metre and Rhythm,High,percettiva,False,D,0.5485293268969056,0.13868993329966325,True,MI,9,1.0,,1.545792669588584,-0.0004776708855558601
q225_26435,Metre and Rhythm,High,percettiva,False,D,0.5485293268969056,0.13868993329966325,True,MI_balanced,9,1.0,,2.1664637084482954,0.01604029877109066
q225_26435,Metre and Rhythm,High,percettiva,False,D,0.5485293268969056,0.13868993329966325,True,UC_audio,6,1.0,,0.8222068010370254,0.037705842725792894
q225_26435,Metre and Rhythm,High,percettiva,False,D,0.5485293268969056,0.13868993329966325,True,UC_text,2,1.0,,2.05910586085091,-0.7472105937733055
q226_26435,Functional Context,Low,knowledge,True,A,0.9981129833581702,0.9981129833581702,True,MI,15,1.0,,0.9505917283432869,0.003944264464798762
q226_26435,Functional Context,Low,knowledge,True,A,0.9981129833581702,0.9981129833581702,True,MI_balanced,15,1.0,,0.9728670533386686,0.015834406233296117
q226_26435,Functional Context,Low,knowledge,True,A,0.9981129833581702,0.9981129833581702,True,UC_audio,7,1.0,,0.9857715815309248,7.226213042511517e-05
q226_26435,Functional Context,Low,knowledge,True,A,0.9981129833581702,0.9981129833581702,True,UC_text,5,1.0,,0.9917186134635515,0.0007545965389726554
q227_26435,Functional Context,Medium,knowledge,True,A,0.9497363626952947,0.9497363626952947,True,MI,14,1.0,,0.9095245546139187,0.15960634060473738
q227_26435,Functional Context,Medium,knowledge,True,A,0.9497363626952947,0.9497363626952947,True,MI_balanced,14,1.0,,0.9259713135759742,0.17981395182337992
q227_26435,Functional Context,Medium,knowledge,True,A,0.9497363626952947,0.9497363626952947,True,UC_audio,5,,,0.3772920646850213,-0.00205165028451186
q227_26435,Functional Context,Medium,knowledge,True,A,0.9497363626952947,0.9497363626952947,True,UC_text,6,1.0,,0.9038106873648685,0.13536830192826485
q228_7360,Instrumentation,Low,percettiva,False,C,0.9098020330888001,0.07468109863411448,True,MI,17,1.0,,0.9612166850292572,-0.028815640881706232
q228_7360,Instrumentation,Low,percettiva,False,C,0.9098020330888001,0.07468109863411448,True,MI_balanced,17,1.0,,0.9958645914728074,0.13435173711305765
q228_7360,Instrumentation,Low,percettiva,False,C,0.9098020330888001,0.07468109863411448,True,UC_audio,13,1.0,,0.9936243620363321,0.023983813939512977
q228_7360,Instrumentation,Low,percettiva,False,C,0.9098020330888001,0.07468109863411448,True,UC_text,8,1.0,,0.924581664979652,0.17712534634953794
q229_7360,Instrumentation,Medium,percettiva,True,A,0.991322935737031,0.991322935737031,True,MI,14,1.0,,0.8725253830235058,0.016443540089843278
q229_7360,Instrumentation,Medium,percettiva,True,A,0.991322935737031,0.991322935737031,True,MI_balanced,14,1.0,,0.906329666582748,0.022313061961613954
q229_7360,Instrumentation,Medium,percettiva,True,A,0.991322935737031,0.991322935737031,True,UC_audio,11,1.0,,1.0033622481439641,0.004426435937798337
q229_7360,Instrumentation,Medium,percettiva,True,A,0.991322935737031,0.991322935737031,True,UC_text,5,1.0,,0.9984552337820575,0.21166622402363805
q22_1215874,Melody,Medium,analitica,True,A,0.6364630306894757,0.6364630306894757,True,MI,18,1.0,,1.0089265454288845,-0.029559120779225345
q22_1215874,Melody,Medium,analitica,True,A,0.6364630306894757,0.6364630306894757,True,MI_balanced,18,1.0,,1.0589509091745195,0.05506365340525696
q22_1215874,Melody,Medium,analitica,True,A,0.6364630306894757,0.6364630306894757,True,UC_audio,14,1.0,,0.8801264573827753,0.034314140886827764
q22_1215874,Melody,Medium,analitica,True,A,0.6364630306894757,0.6364630306894757,True,UC_text,9,1.0,,1.2300648186304397,0.07609070863060646
q230_7360,Harmony,High,analitica,False,B,0.7088476274651888,0.2607704690675964,True,MI,15,1.0,,0.7913673804063672,0.17636034531817366
q230_7360,Harmony,High,analitica,False,B,0.7088476274651888,0.2607704690675964,True,MI_balanced,15,3.0,,0.8885701804793631,-0.01404310333054756
q230_7360,Harmony,High,analitica,False,B,0.7088476274651888,0.2607704690675964,True,UC_audio,6,1.0,,1.1226290002382824,-0.0095350673758908
q230_7360,Harmony,High,analitica,False,B,0.7088476274651888,0.2607704690675964,True,UC_text,8,1.0,,1.3379649153898183,0.13457296852550335
q231_1321293,Historical and Cultural Context,Low,knowledge,True,A,0.940221335842812,0.940221335842812,True,MI,20,1.0,3.0,0.9458145990119776,0.40417558963104194
q231_1321293,Historical and Cultural Context,Low,knowledge,True,A,0.940221335842812,0.940221335842812,True,MI_balanced,20,1.0,3.0,0.8513706331149817,0.40296356883967277
q231_1321293,Historical and Cultural Context,Low,knowledge,True,A,0.940221335842812,0.940221335842812,True,UC_audio,12,1.0,,0.9525654989361627,-0.015223847246634305
q231_1321293,Historical and Cultural Context,Low,knowledge,True,A,0.940221335842812,0.940221335842812,True,UC_text,2,1.0,2.0,1.0470583257406172,0.49820400455283065
q232_1321293,Lyrics,Low,knowledge,True,A,0.9011529672527411,0.9011529672527411,True,MI,9,1.0,,0.7234906440849963,-0.007514901964356433
q232_1321293,Lyrics,Low,knowledge,True,A,0.9011529672527411,0.9011529672527411,True,MI_balanced,9,1.0,,0.6904186303805997,-0.026863751265196825
q232_1321293,Lyrics,Low,knowledge,True,A,0.9011529672527411,0.9011529672527411,True,UC_audio,6,1.0,,0.9378435711244995,-0.025662944630576397
q232_1321293,Lyrics,Low,knowledge,True,A,0.9011529672527411,0.9011529672527411,True,UC_text,4,1.0,,0.9501140502019456,0.08683293837590142
q233_1321293,Lyrics,Low,knowledge,True,A,0.9508793608186084,0.9508793608186084,True,MI,22,1.0,,0.822238109000723,-0.00258896205125874
q233_1321293,Lyrics,Low,knowledge,True,A,0.9508793608186084,0.9508793608186084,True,MI_balanced,22,1.0,,0.7474823509282316,0.025555302546671276
q233_1321293,Lyrics,Low,knowledge,True,A,0.9508793608186084,0.9508793608186084,True,UC_audio,10,1.0,,0.724311629147196,0.05069509659366383
q233_1321293,Lyrics,Low,knowledge,True,A,0.9508793608186084,0.9508793608186084,True,UC_text,8,1.0,,1.0385289746332707,-0.03292711184666572
q234_156528,Mood and Expression,Low,knowledge,True,A,0.8461071292401636,0.8461071292401636,True,MI,11,1.0,,1.019271651858512,0.051160369215944
q234_156528,Mood and Expression,Low,knowledge,True,A,0.8461071292401636,0.8461071292401636,True,MI_balanced,11,1.0,,0.9906670146992962,0.084051872601699
q234_156528,Mood and Expression,Low,knowledge,True,A,0.8461071292401636,0.8461071292401636,True,UC_audio,9,1.0,,0.9523152315107065,-0.03133505606384171
q234_156528,Mood and Expression,Low,knowledge,True,A,0.8461071292401636,0.8461071292401636,True,UC_text,8,1.0,,1.0464088314404418,-0.08260394601249019
q235_156528,Harmony,High,analitica,True,A,0.8699134262586581,0.8699134262586581,True,MI,10,2.0,,0.9040894465721901,0.07789904099113311
q235_156528,Harmony,High,analitica,True,A,0.8699134262586581,0.8699134262586581,True,MI_balanced,10,1.0,,0.9720984965782563,0.08672222636623615
q235_156528,Harmony,High,analitica,True,A,0.8699134262586581,0.8699134262586581,True,UC_audio,10,7.0,,0.297309091288069,-0.013119170789498298
q235_156528,Harmony,High,analitica,True,A,0.8699134262586581,0.8699134262586581,True,UC_text,6,1.0,,0.9736132434693846,-0.0005380308609469405
q236_156528,Performance,Low,analitica,True,A,0.42391839958622624,0.42391839958622624,True,MI,13,9.0,,0.8314882546137677,-0.6128287012141965
q236_156528,Performance,Low,analitica,True,A,0.42391839958622624,0.42391839958622624,True,MI_balanced,13,2.0,,2.120004506503044,-0.943029619041887
q236_156528,Performance,Low,analitica,True,A,0.42391839958622624,0.42391839958622624,True,UC_audio,10,,,-0.12374775437866532,-0.09234458986442402
q236_156528,Performance,Low,analitica,True,A,0.42391839958622624,0.42391839958622624,True,UC_text,5,1.0,,3.1966604212999044,-1.1657487870430563
q237_270070,Mood and Expression,Low,knowledge,True,A,0.9940687484432552,0.9940687484432552,True,MI,16,1.0,,0.9487279606287784,0.03531814110080602
q237_270070,Mood and Expression,Low,knowledge,True,A,0.9940687484432552,0.9940687484432552,True,MI_balanced,16,1.0,,0.9716211641205205,0.05301181345580361
q237_270070,Mood and Expression,Low,knowledge,True,A,0.9940687484432552,0.9940687484432552,True,UC_audio,6,1.0,,0.9736044096966524,0.0016882668452481825
q237_270070,Mood and Expression,Low,knowledge,True,A,0.9940687484432552,0.9940687484432552,True,UC_text,8,1.0,,0.9841024271102349,0.027911962876723317
q238_270070,Melody,Medium,analitica,True,A,0.9739232247232976,0.9739232247232976,True,MI,16,1.0,,0.9695444780461017,-0.01771636111644403
q238_270070,Melody,Medium,analitica,True,A,0.9739232247232976,0.9739232247232976,True,MI_balanced,16,1.0,,0.9767984732582552,-0.015898662538952106
q238_270070,Melody,Medium,analitica,True,A,0.9739232247232976,0.9739232247232976,True,UC_audio,8,1.0,,0.9974897222488973,-0.00506974494687563
q238_270070,Melody,Medium,analitica,True,A,0.9739232247232976,0.9739232247232976,True,UC_text,5,1.0,,1.0249823625016887,0.0028931106569420246
q239_270070,Lyrics,Low,knowledge,False,C,0.4323369353490641,0.20422150777345235,True,MI,13,6.0,1.0,0.8448213481303799,1.0222941148148275
q239_270070,Lyrics,Low,knowledge,False,C,0.4323369353490641,0.20422150777345235,True,MI_balanced,13,3.0,1.0,1.6954227492466822,0.6905175819525051
q239_270070,Lyrics,Low,knowledge,False,C,0.4323369353490641,0.20422150777345235,True,UC_audio,7,1.0,,1.3191973132610395,-0.2695309033210416
q239_270070,Lyrics,Low,knowledge,False,C,0.4323369353490641,0.20422150777345235,True,UC_text,5,2.0,2.0,1.0555025057258316,0.7819969662955883
q23_1215874,Sound Texture,Medium,percettiva,True,A,0.9939780931609377,0.9939780931609377,True,MI,11,1.0,,0.9109563376730402,4.400664618735238e-05
q23_1215874,Sound Texture,Medium,percettiva,True,A,0.9939780931609377,0.9939780931609377,True,MI_balanced,11,1.0,,0.8973414487547071,0.001709227833927788
q23_1215874,Sound Texture,Medium,percettiva,True,A,0.9939780931609377,0.9939780931609377,True,UC_audio,10,1.0,,1.0002592315874919,0.0013476397643152754
q23_1215874,Sound Texture,Medium,percettiva,True,A,0.9939780931609377,0.9939780931609377,True,UC_text,8,1.0,,0.9824875812244837,0.022713913344374108
q240_1163315,Genre and Style,Medium,knowledge,True,A,0.5404342828355181,0.5404342828355181,True,MI,19,2.0,,1.495177053994215,-0.8767873424628836
q240_1163315,Genre and Style,Medium,knowledge,True,A,0.5404342828355181,0.5404342828355181,True,MI_balanced,19,1.0,,1.5394236471554696,-0.49701311829974953
q240_1163315,Genre and Style,Medium,knowledge,True,A,0.5404342828355181,0.5404342828355181,True,UC_audio,3,,,0.36599484403677707,0.10987679657551357
q240_1163315,Genre and Style,Medium,knowledge,True,A,0.5404342828355181,0.5404342828355181,True,UC_text,2,1.0,1.0,2.126874865961596,1.0815556141211278
q241_1163315,Metre and Rhythm,Medium,percettiva,True,A,0.8058420143988315,0.8058420143988315,True,MI,2,1.0,,1.1321624962257821,-0.018570824540171102
q241_1163315,Metre and Rhythm,Medium,percettiva,True,A,0.8058420143988315,0.8058420143988315,True,MI_balanced,2,1.0,,1.1321624962257821,-0.018570824540171102
q241_1163315,Metre and Rhythm,Medium,percettiva,True,A,0.8058420143988315,0.8058420143988315,True,UC_audio,2,1.0,,1.1703930656074382,-0.00037855506056885504
q241_1163315,Metre and Rhythm,Medium,percettiva,True,A,0.8058420143988315,0.8058420143988315,True,UC_text,6,1.0,3.0,0.9845724561098611,0.489991393912883
q242_1163315,Metre and Rhythm,Medium,percettiva,False,D,0.4963966534425656,0.43806850911642303,True,MI,14,1.0,,-0.4772904777068462,-0.20085165880736738
q242_1163315,Metre and Rhythm,Medium,percettiva,False,D,0.4963966534425656,0.43806850911642303,True,MI_balanced,14,,,-0.9100928564799073,-0.12180541608793158
q242_1163315,Metre and Rhythm,Medium,percettiva,False,D,0.4963966534425656,0.43806850911642303,True,UC_audio,3,1.0,,1.736567550115683,-0.09763044863191671
q242_1163315,Metre and Rhythm,Medium,percettiva,False,D,0.4963966534425656,0.43806850911642303,True,UC_text,8,,4.0,-0.03380341928636175,1.1388250824114496
q243_78733,Melody,High,analitica,True,A,0.9791786176648881,0.9791786176648881,True,MI,10,3.0,,0.8623870888957401,0.2310182905516499
q243_78733,Melody,High,analitica,True,A,0.9791786176648881,0.9791786176648881,True,MI_balanced,10,1.0,,0.9116091595387077,0.31788991041496684
q243_78733,Melody,High,analitica,True,A,0.9791786176648881,0.9791786176648881,True,UC_audio,7,1.0,,1.014063503358306,-0.0015491108322102725
q243_78733,Melody,High,analitica,True,A,0.9791786176648881,0.9791786176648881,True,UC_text,7,3.0,4.0,0.8946257115335265,0.5773221005616523
q244_78733,Instrumentation,Medium,percettiva,True,A,0.4697335724907974,0.4697335724907974,True,MI,8,1.0,,0.8285831416334036,-0.1722836387912845
q244_78733,Instrumentation,Medium,percettiva,True,A,0.4697335724907974,0.4697335724907974,True,MI_balanced,8,7.0,,0.36493695350730093,-0.29151467685617755
q244_78733,Instrumentation,Medium,percettiva,True,A,0.4697335724907974,0.4697335724907974,True,UC_audio,8,5.0,,0.9049258386813152,-0.04046105041755597
q244_78733,Instrumentation,Medium,percettiva,True,A,0.4697335724907974,0.4697335724907974,True,UC_text,8,4.0,3.0,1.2149329144209353,0.9890757922006143
q245_78733,Harmony,High,analitica,False,D,0.5664273379929678,0.09843031220117618,True,MI,17,,4.0,0.23269597408618325,0.6232840259941221
q245_78733,Harmony,High,analitica,False,D,0.5664273379929678,0.09843031220117618,True,MI_balanced,17,,1.0,0.28907666446322344,0.9106506560307905
q245_78733,Harmony,High,analitica,False,D,0.5664273379929678,0.09843031220117618,True,UC_audio,12,,,0.1053235337895241,0.1467976974649133
q245_78733,Harmony,High,analitica,False,D,0.5664273379929678,0.09843031220117618,True,UC_text,8,1.0,2.0,1.4503502920769444,0.7008149769467259
q246_785425,Melody,High,analitica,True,A,0.5373606853592391,0.5373606853592391,True,MI,12,1.0,,0.43394053966918705,0.13333527755262095
q246_785425,Melody,High,analitica,True,A,0.5373606853592391,0.5373606853592391,True,MI_balanced,12,1.0,,0.1650479112033509,0.1323288051763445
q246_785425,Melody,High,analitica,True,A,0.5373606853592391,0.5373606853592391,True,UC_audio,8,1.0,,1.1852718792958747,0.001599053648031511
q246_785425,Melody,High,analitica,True,A,0.5373606853592391,0.5373606853592391,True,UC_text,7,1.0,6.0,0.7731977652898966,0.942977652011441
q247_785425,Historical and Cultural Context,Medium,knowledge,False,B,0.683996354209772,0.08169171486688762,True,MI,11,,2.0,0.026679968002163466,0.5243996800151162
q247_785425,Historical and Cultural Context,Medium,knowledge,False,B,0.683996354209772,0.08169171486688762,True,MI_balanced,11,,1.0,0.22605431721090216,0.4433900159483329
q247_785425,Historical and Cultural Context,Medium,knowledge,False,B,0.683996354209772,0.08169171486688762,True,UC_audio,6,,,0.1551600309027114,0.2216070242484638
q247_785425,Historical and Cultural Context,Medium,knowledge,False,B,0.683996354209772,0.08169171486688762,True,UC_text,2,,,0.025960705648623468,0.48231835954895125
q248_785425,Musical Texture,Medium,percettiva,False,B,0.6204290059753347,0.3320917160329748,True,MI,14,1.0,,0.30588730856661334,0.17895770604196645
q248_785425,Musical Texture,Medium,percettiva,False,B,0.6204290059753347,0.3320917160329748,True,MI_balanced,14,5.0,,0.3026572861164143,0.18768021286819198
q248_785425,Musical Texture,Medium,percettiva,False,B,0.6204290059753347,0.3320917160329748,True,UC_audio,7,3.0,,0.7462697306376769,0.06884506525504532
q248_785425,Musical Texture,Medium,percettiva,False,B,0.6204290059753347,0.3320917160329748,True,UC_text,7,3.0,,0.48582164897009006,0.20987411207921364
q249_6730,Lyrics,Low,knowledge,False,B,0.45092452790564763,0.08879230418056143,True,MI,7,1.0,1.0,3.3959851167533164,0.16475455499496286
q249_6730,Lyrics,Low,knowledge,False,B,0.45092452790564763,0.08879230418056143,True,MI_balanced,7,1.0,1.0,3.488226034453845,0.1205771636704691
q249_6730,Lyrics,Low,knowledge,False,B,0.45092452790564763,0.08879230418056143,True,UC_audio,7,6.0,,0.825962492792013,-0.0821355319992116
q249_6730,Lyrics,Low,knowledge,False,B,0.45092452790564763,0.08879230418056143,True,UC_text,5,1.0,,0.5754951084740195,0.1138123851798644
q24_1215874,Metre and Rhythm,Medium,percettiva,True,A,0.9979831801432258,0.9979831801432258,True,MI,15,1.0,,0.8840955320178951,0.014947333589868566
q24_1215874,Metre and Rhythm,Medium,percettiva,True,A,0.9979831801432258,0.9979831801432258,True,MI_balanced,15,1.0,,0.9384792360475451,0.012685380314614986
q24_1215874,Metre and Rhythm,Medium,percettiva,True,A,0.9979831801432258,0.9979831801432258,True,UC_audio,16,1.0,,0.9906223242836057,0.0009216503240282901
q24_1215874,Metre and Rhythm,Medium,percettiva,True,A,0.9979831801432258,0.9979831801432258,True,UC_text,6,1.0,,0.9895671859607464,0.01827221021152651
q250_6730,Harmony,High,analitica,True,A,0.9594780364356389,0.9594780364356389,True,MI,18,1.0,8.0,0.5952019634554874,0.4012098570364459
q250_6730,Harmony,High,analitica,True,A,0.9594780364356389,0.9594780364356389,True,MI_balanced,18,2.0,2.0,0.654000425498923,0.6669242640865014
q250_6730,Harmony,High,analitica,True,A,0.9594780364356389,0.9594780364356389,True,UC_audio,7,1.0,,0.901186844743609,0.00338636652059291
q250_6730,Harmony,High,analitica,True,A,0.9594780364356389,0.9594780364356389,True,UC_text,9,1.0,4.0,0.9811077271078849,0.515678568415868
q251_6730,Lyrics,Low,knowledge,True,A,0.997387235734289,0.997387235734289,True,MI,18,5.0,3.0,0.4336433172141824,0.7655163993881308
q251_6730,Lyrics,Low,knowledge,True,A,0.997387235734289,0.997387235734289,True,MI_balanced,18,4.0,3.0,0.427919152838087,0.8650887288564209
q251_6730,Lyrics,Low,knowledge,True,A,0.997387235734289,0.997387235734289,True,UC_audio,5,,,-0.1878742504031545,0.0016418336437118099
q251_6730,Lyrics,Low,knowledge,True,A,0.997387235734289,0.997387235734289,True,UC_text,6,1.0,6.0,0.930371299006128,0.5487623131440288
q252_231013,Genre and Style,Low,knowledge,True,A,0.5518870772856325,0.5518870772856325,True,MI,11,,,0.1156159488863271,0.17703572411492693
q252_231013,Genre and Style,Low,knowledge,True,A,0.5518870772856325,0.5518870772856325,True,MI_balanced,11,,,0.04618384224704718,0.08718384619990044
q252_231013,Genre and Style,Low,knowledge,True,A,0.5518870772856325,0.5518870772856325,True,UC_audio,6,2.0,,0.6922894581181804,-0.09472703494534503
q252_231013,Genre and Style,Low,knowledge,True,A,0.5518870772856325,0.5518870772856325,True,UC_text,8,5.0,2.0,0.6458031631820634,0.7263298270514016
q253_231013,Instrumentation,Low,percettiva,True,A,0.8076470378492928,0.8076470378492928,True,MI,18,1.0,3.0,0.05921947515792834,0.8852976427727592
q253_231013,Instrumentation,Low,percettiva,True,A,0.8076470378492928,0.8076470378492928,True,MI_balanced,18,,2.0,0.05843724586515789,1.0890817451665062
q253_231013,Instrumentation,Low,percettiva,True,A,0.8076470378492928,0.8076470378492928,True,UC_audio,6,1.0,,0.544267559874368,0.021942082966045738
q253_231013,Instrumentation,Low,percettiva,True,A,0.8076470378492928,0.8076470378492928,True,UC_text,5,5.0,1.0,0.5982644106473987,1.196773309317212
q254_231013,Mood and Expression,Low,knowledge,True,A,0.9552644678267954,0.9552644678267954,True,MI,18,1.0,,0.42493856706329475,-0.02818389939687226
q254_231013,Mood and Expression,Low,knowledge,True,A,0.9552644678267954,0.9552644678267954,True,MI_balanced,18,3.0,,0.5138218252341932,-0.005141895811396033
q254_231013,Mood and Expression,Low,knowledge,True,A,0.9552644678267954,0.9552644678267954,True,UC_audio,8,1.0,,0.9963193926472699,0.00964345158708519
q254_231013,Mood and Expression,Low,knowledge,True,A,0.9552644678267954,0.9552644678267954,True,UC_text,8,1.0,5.0,1.0374902565321462,0.3025997399485585
q255_266919,Sound Texture,Low,percettiva,False,B,0.7503975385481942,0.10155526341947686,True,MI,19,11.0,6.0,0.18543635630003952,0.6546938709794434
q255_266919,Sound Texture,Low,percettiva,False,B,0.7503975385481942,0.10155526341947686,True,MI_balanced,19,8.0,2.0,0.34948792687267516,1.152372557284037
q255_266919,Sound Texture,Low,percettiva,False,B,0.7503975385481942,0.10155526341947686,True,UC_audio,9,,,0.3645572940083708,0.31420187146477435
q255_266919,Sound Texture,Low,percettiva,False,B,0.7503975385481942,0.10155526341947686,True,UC_text,5,1.0,2.0,1.2622585927662513,0.9408894752134466
q256_266919,Melody,High,analitica,True,A,0.6061547623190751,0.6061547623190751,True,MI,15,15.0,1.0,-0.07772684772701209,1.393057225155977
q256_266919,Melody,High,analitica,True,A,0.6061547623190751,0.6061547623190751,True,MI_balanced,15,4.0,1.0,0.5211606077128701,1.3016650976636763
q256_266919,Melody,High,analitica,True,A,0.6061547623190751,0.6061547623190751,True,UC_audio,9,2.0,,0.9845430231276371,-0.5358154957361527
q256_266919,Melody,High,analitica,True,A,0.6061547623190751,0.6061547623190751,True,UC_text,8,5.0,1.0,1.0155091541814312,1.3216464118960236
q257_266919,Genre and Style,Medium,knowledge,True,A,0.934525097810756,0.934525097810756,True,MI,14,1.0,,0.36299861570675324,0.2267057888048674
q257_266919,Genre and Style,Medium,knowledge,True,A,0.934525097810756,0.934525097810756,True,MI_balanced,14,8.0,,0.3880110882877924,0.21370853168300083
q257_266919,Genre and Style,Medium,knowledge,True,A,0.934525097810756,0.934525097810756,True,UC_audio,7,1.0,,0.9178169037650743,-0.03257174786747001
q257_266919,Genre and Style,Medium,knowledge,True,A,0.934525097810756,0.934525097810756,True,UC_text,7,2.0,2.0,0.6423682097756996,0.5433752358368932
q258_349850,Historical and Cultural Context,Low,knowledge,True,A,0.630850241274977,0.630850241274977,True,MI,10,9.0,5.0,0.37781211213948507,0.6143136855421858
q258_349850,Historical and Cultural Context,Low,knowledge,True,A,0.630850241274977,0.630850241274977,True,MI_balanced,10,6.0,3.0,0.6296184798186563,0.6944265899386836
q258_349850,Historical and Cultural Context,Low,knowledge,True,A,0.630850241274977,0.630850241274977,True,UC_audio,6,6.0,,0.35748576670009846,-0.030016953194572118
q258_349850,Historical and Cultural Context,Low,knowledge,True,A,0.630850241274977,0.630850241274977,True,UC_text,4,1.0,,1.0273353939328704,0.03280460541985688
q259_349850,Sound Texture,Medium,percettiva,True,A,0.996243946057097,0.996243946057097,True,MI,8,1.0,,0.9935834280681012,0.008972958556352162
q259_349850,Sound Texture,Medium,percettiva,True,A,0.996243946057097,0.996243946057097,True,MI_balanced,8,1.0,,0.9979588280103452,0.008668540730265389
q259_349850,Sound Texture,Medium,percettiva,True,A,0.996243946057097,0.996243946057097,True,UC_audio,2,1.0,,1.0025049925170582,0.00046296333148866767
q259_349850,Sound Texture,Medium,percettiva,True,A,0.996243946057097,0.996243946057097,True,UC_text,8,1.0,,0.9938050678544251,0.018983697936501343
q25_135660,Metre and Rhythm,High,percettiva,True,A,0.523791301789849,0.523791301789849,True,MI,16,1.0,16.0,1.5373094558435991,0.23145923350289946
q25_135660,Metre and Rhythm,High,percettiva,True,A,0.523791301789849,0.523791301789849,True,MI_balanced,16,1.0,3.0,1.7326594724959314,0.581210905157644
q25_135660,Metre and Rhythm,High,percettiva,True,A,0.523791301789849,0.523791301789849,True,UC_audio,7,1.0,,0.9104785941924454,0.07108989105230466
q25_135660,Metre and Rhythm,High,percettiva,True,A,0.523791301789849,0.523791301789849,True,UC_text,6,1.0,5.0,1.0137234596619216,0.4949038252286648
q260_349850,Melody,Medium,analitica,True,A,0.7301561624398688,0.7301561624398688,True,MI,20,1.0,,0.5052132436256277,0.21254647822267186
q260_349850,Melody,Medium,analitica,True,A,0.7301561624398688,0.7301561624398688,True,MI_balanced,20,1.0,,0.6842148033648564,0.16289745322878052
q260_349850,Melody,Medium,analitica,True,A,0.7301561624398688,0.7301561624398688,True,UC_audio,5,1.0,,0.7893076984260041,-0.031179051451213566
q260_349850,Melody,Medium,analitica,True,A,0.7301561624398688,0.7301561624398688,True,UC_text,6,1.0,,0.512050557193165,0.18894589277776128
q261_924963,Mood and Expression,Low,knowledge,False,B,0.6093808849584924,0.3696081901701428,True,MI,10,,1.0,0.10546346846889829,1.267346638770021
q261_924963,Mood and Expression,Low,knowledge,False,B,0.6093808849584924,0.3696081901701428,True,MI_balanced,10,,1.0,0.1825701685814471,1.4343315033888375
q261_924963,Mood and Expression,Low,knowledge,False,B,0.6093808849584924,0.3696081901701428,True,UC_audio,13,1.0,,0.9064702137050117,0.26268661984832026
q261_924963,Mood and Expression,Low,knowledge,False,B,0.6093808849584924,0.3696081901701428,True,UC_text,5,,1.0,-0.3518568846866644,0.7522126249911621
q262_924963,Mood and Expression,Medium,knowledge,False,D,0.34549013517252253,0.2374516658321185,True,MI,16,1.0,1.0,0.5366166548216801,1.1307523289921995
q262_924963,Mood and Expression,Medium,knowledge,False,D,0.34549013517252253,0.2374516658321185,True,MI_balanced,16,1.0,1.0,0.4515042334683562,0.9906722965971898
q262_924963,Mood and Expression,Medium,knowledge,False,D,0.34549013517252253,0.2374516658321185,True,UC_audio,9,1.0,,7.20040476310866,-2.3597286736656082
q262_924963,Mood and Expression,Medium,knowledge,False,D,0.34549013517252253,0.2374516658321185,True,UC_text,5,1.0,1.0,1.7564149060828476,-0.8207554795821496
q263_924963,Genre and Style,Medium,knowledge,True,A,0.3859499399346916,0.3859499399346916,True,MI,14,2.0,,-0.5754798486548316,-0.48399524620153284
q263_924963,Genre and Style,Medium,knowledge,True,A,0.3859499399346916,0.3859499399346916,True,MI_balanced,14,,,-1.0021079131592345,-0.6775131035183274
q263_924963,Genre and Style,Medium,knowledge,True,A,0.3859499399346916,0.3859499399346916,True,UC_audio,13,1.0,,0.8113766034621317,0.06838454014818654
q263_924963,Genre and Style,Medium,knowledge,True,A,0.3859499399346916,0.3859499399346916,True,UC_text,7,2.0,4.0,1.1196128570448132,0.6196246393207502
q264_1138775,Genre and Style,Low,knowledge,True,A,0.9451576523197521,0.9451576523197521,True,MI,15,4.0,3.0,0.7325098823990771,1.0953642484043775
q264_1138775,Genre and Style,Low,knowledge,True,A,0.9451576523197521,0.9451576523197521,True,MI_balanced,15,3.0,2.0,0.8058976078731246,1.1700730058511146
q264_1138775,Genre and Style,Low,knowledge,True,A,0.9451576523197521,0.9451576523197521,True,UC_audio,11,1.0,,0.8582715230968366,0.10157455172690888
q264_1138775,Genre and Style,Low,knowledge,True,A,0.9451576523197521,0.9451576523197521,True,UC_text,5,3.0,3.0,0.7470213087416618,1.1283825697341803
q265_1138775,Instrumentation,Low,percettiva,True,A,0.5292563422418969,0.5292563422418969,True,MI,17,1.0,2.0,0.018035215100123972,1.3826488104382009
q265_1138775,Instrumentation,Low,percettiva,True,A,0.5292563422418969,0.5292563422418969,True,MI_balanced,17,5.0,1.0,-0.07240423117251364,1.0488147379347383
q265_1138775,Instrumentation,Low,percettiva,True,A,0.5292563422418969,0.5292563422418969,True,UC_audio,11,1.0,,0.7702287823112497,0.008884794803661574
q265_1138775,Instrumentation,Low,percettiva,True,A,0.5292563422418969,0.5292563422418969,True,UC_text,3,2.0,2.0,1.1585254663214628,1.61563004531366
q266_1138775,Functional Context,Low,knowledge,True,A,0.9902194414936762,0.9902194414936762,True,MI,20,1.0,,0.8536979703925458,0.040547333946601004
q266_1138775,Functional Context,Low,knowledge,True,A,0.9902194414936762,0.9902194414936762,True,MI_balanced,20,1.0,,0.904816744015131,0.12222522930609474
q266_1138775,Functional Context,Low,knowledge,True,A,0.9902194414936762,0.9902194414936762,True,UC_audio,13,1.0,,0.8317251860943592,-0.00023362666336766233
q266_1138775,Functional Context,Low,knowledge,True,A,0.9902194414936762,0.9902194414936762,True,UC_text,7,1.0,,0.9833241761275642,0.03328628194515057
q267_1070646,Instrumentation,Medium,percettiva,True,A,0.9919492167931859,0.9919492167931859,True,MI,15,13.0,2.0,0.04515499895755106,1.1124276694971074
q267_1070646,Instrumentation,Medium,percettiva,True,A,0.9919492167931859,0.9919492167931859,True,MI_balanced,15,6.0,1.0,0.5797270034638582,1.2290509614526843
q267_1070646,Instrumentation,Medium,percettiva,True,A,0.9919492167931859,0.9919492167931859,True,UC_audio,4,2.0,,0.759479262439964,0.0010780077379252575
q267_1070646,Instrumentation,Medium,percettiva,True,A,0.9919492167931859,0.9919492167931859,True,UC_text,8,3.0,1.0,0.8519929694386773,1.3098258250348063
q268_1070646,Historical and Cultural Context,Medium,knowledge,True,A,0.9486984314525541,0.9486984314525541,True,MI,8,1.0,,0.7945229574334919,-0.008383902330554487
q268_1070646,Historical and Cultural Context,Medium,knowledge,True,A,0.9486984314525541,0.9486984314525541,True,MI_balanced,8,1.0,,0.8141556310391161,0.0008029010525833011
q268_1070646,Historical and Cultural Context,Medium,knowledge,True,A,0.9486984314525541,0.9486984314525541,True,UC_audio,5,1.0,,1.0203458076451237,0.02255891610756489
q268_1070646,Historical and Cultural Context,Medium,knowledge,True,A,0.9486984314525541,0.9486984314525541,True,UC_text,6,1.0,,1.014781302532347,0.07516461223135205
q269_1070646,Melody,High,analitica,True,A,0.7150878170040145,0.7150878170040145,True,MI,20,1.0,5.0,0.81128985173249,0.2884912752791489
q269_1070646,Melody,High,analitica,True,A,0.7150878170040145,0.7150878170040145,True,MI_balanced,20,1.0,2.0,0.9145793247325498,0.06694342304051623
q269_1070646,Melody,High,analitica,True,A,0.7150878170040145,0.7150878170040145,True,UC_audio,5,1.0,,0.9698318014849742,0.002652415938322487
q269_1070646,Melody,High,analitica,True,A,0.7150878170040145,0.7150878170040145,True,UC_text,6,1.0,,0.6785511521459519,0.03338460780633352
q26_135660,Melody,High,analitica,False,D,0.5022019046159271,0.041223242649317725,True,MI,12,12.0,12.0,0.3608547104723062,0.38816053240716725
q26_135660,Melody,High,analitica,False,D,0.5022019046159271,0.041223242649317725,True,MI_balanced,12,5.0,5.0,0.5920373942091292,0.5450987467419866
q26_135660,Melody,High,analitica,False,D,0.5022019046159271,0.041223242649317725,True,UC_audio,6,1.0,3.0,0.9875377103359236,0.34004458391238884
q26_135660,Melody,High,analitica,False,D,0.5022019046159271,0.041223242649317725,True,UC_text,8,6.0,4.0,0.6984241293053568,0.8935833263416295
q270_17954,Instrumentation,Low,percettiva,False,C,0.8649257738059415,0.04879577311544857,True,MI,16,1.0,,0.9849242454421562,0.19725251896426965
q270_17954,Instrumentation,Low,percettiva,False,C,0.8649257738059415,0.04879577311544857,True,MI_balanced,16,1.0,,1.0018065598045534,0.20340291073929703
q270_17954,Instrumentation,Low,percettiva,False,C,0.8649257738059415,0.04879577311544857,True,UC_audio,4,1.0,,0.9421873840666214,0.0471780977362326
q270_17954,Instrumentation,Low,percettiva,False,C,0.8649257738059415,0.04879577311544857,True,UC_text,7,1.0,,1.1665738459478268,0.18739851298932075
q271_17954,Performance,High,analitica,False,C,0.6804111486322141,0.10434442913941287,True,MI,7,1.0,,1.4395518826098528,0.056943537111979685
q271_17954,Performance,High,analitica,False,C,0.6804111486322141,0.10434442913941287,True,MI_balanced,7,1.0,,1.3975877531571128,0.09106754798289914
q271_17954,Performance,High,analitica,False,C,0.6804111486322141,0.10434442913941287,True,UC_audio,4,1.0,,0.8354066358913339,-0.040647138592427676
q271_17954,Performance,High,analitica,False,C,0.6804111486322141,0.10434442913941287,True,UC_text,6,1.0,,1.285022701109818,-0.14658708800190923
q272_17954,Harmony,High,analitica,True,A,0.9960042381654566,0.9960042381654566,True,MI,10,1.0,,0.8790025053917586,0.011057090032668079
q272_17954,Harmony,High,analitica,True,A,0.9960042381654566,0.9960042381654566,True,MI_balanced,10,1.0,,0.9011366747087057,0.014124294098937734
q272_17954,Harmony,High,analitica,True,A,0.9960042381654566,0.9960042381654566,True,UC_audio,9,1.0,,1.001233798645809,-0.001215074521153627
q272_17954,Harmony,High,analitica,True,A,0.9960042381654566,0.9960042381654566,True,UC_text,9,1.0,,0.9909802321184605,0.07759320340994459
q273_1131366,Melody,Low,analitica,False,D,0.7928157089476714,0.027128661728118803,True,MI,17,1.0,,0.8270142166741077,0.05802581794820702
q273_1131366,Melody,Low,analitica,False,D,0.7928157089476714,0.027128661728118803,True,MI_balanced,17,1.0,,0.7728962126274825,0.031290498731650955
q273_1131366,Melody,Low,analitica,False,D,0.7928157089476714,0.027128661728118803,True,UC_audio,8,1.0,,0.9183512916767358,-0.004165989034982937
q273_1131366,Melody,Low,analitica,False,D,0.7928157089476714,0.027128661728118803,True,UC_text,7,1.0,,0.9782645189069267,0.08317623601320426
q274_1131366,Harmony,High,analitica,False,C,0.7909813861186155,0.08336882473977067,True,MI,18,,2.0,-0.19503266419088264,1.2557772704281638
q274_1131366,Harmony,High,analitica,False,C,0.7909813861186155,0.08336882473977067,True,MI_balanced,18,,1.0,0.13166675316459567,1.2752025598958925
q274_1131366,Harmony,High,analitica,False,C,0.7909813861186155,0.08336882473977067,True,UC_audio,2,2.0,,0.5412908335774134,-0.06719566708284304
q274_1131366,Harmony,High,analitica,False,C,0.7909813861186155,0.08336882473977067,True,UC_text,8,8.0,4.0,0.44406295848835337,1.0459940344744392
q275_1131366,Mood and Expression,Low,knowledge,False,C,0.8299259454366349,0.144219504310363,True,MI,12,1.0,,1.1987413741928337,0.027116579224553974
q275_1131366,Mood and Expression,Low,knowledge,False,C,0.8299259454366349,0.144219504310363,True,MI_balanced,12,1.0,,1.2168762622064,0.0779788390428796
q275_1131366,Mood and Expression,Low,knowledge,False,C,0.8299259454366349,0.144219504310363,True,UC_audio,3,1.0,,1.1977752390971896,-0.07000054840240223
q275_1131366,Mood and Expression,Low,knowledge,False,C,0.8299259454366349,0.144219504310363,True,UC_text,5,1.0,,1.068344800599243,0.13154712408882974
q276_30259,Melody,High,analitica,False,B,0.5838300060431509,0.18954185197974918,True,MI,18,1.0,,1.0239728719729522,-0.021277174316933968
q276_30259,Melody,High,analitica,False,B,0.5838300060431509,0.18954185197974918,True,MI_balanced,18,1.0,,0.9304080153824574,-0.032687979776486846
q276_30259,Melody,High,analitica,False,B,0.5838300060431509,0.18954185197974918,True,UC_audio,9,1.0,,1.1214458526839195,-0.11142862199548696
q276_30259,Melody,High,analitica,False,B,0.5838300060431509,0.18954185197974918,True,UC_text,9,1.0,,0.853656015351796,-0.005300811299727798
q277_30259,Functional Context,Low,knowledge,True,A,0.9990984150320382,0.9990984150320382,True,MI,18,1.0,,0.9031558788582351,0.07821763515586065
q277_30259,Functional Context,Low,knowledge,True,A,0.9990984150320382,0.9990984150320382,True,MI_balanced,18,1.0,,0.9595979198389969,0.037191297961411345
q277_30259,Functional Context,Low,knowledge,True,A,0.9990984150320382,0.9990984150320382,True,UC_audio,12,1.0,,0.9950063012788761,0.0003155029369421245
q277_30259,Functional Context,Low,knowledge,True,A,0.9990984150320382,0.9990984150320382,True,UC_text,5,1.0,,0.993854256158769,0.045863871525299686
q278_30259,Lyrics,Low,knowledge,True,A,0.5879933531968814,0.5879933531968814,True,MI,16,8.0,14.0,0.3811387266331709,0.19437349949436025
q278_30259,Lyrics,Low,knowledge,True,A,0.5879933531968814,0.5879933531968814,True,MI_balanced,16,6.0,11.0,0.49191788201919273,0.3612101357353099
q278_30259,Lyrics,Low,knowledge,True,A,0.5879933531968814,0.5879933531968814,True,UC_audio,14,4.0,,0.1309950259377382,0.3065787530799965
q278_30259,Lyrics,Low,knowledge,True,A,0.5879933531968814,0.5879933531968814,True,UC_text,5,1.0,1.0,1.3405052570632265,0.33968158350130734
q279_617329,Instrumentation,Low,percettiva,False,B,0.9146336770748287,0.018982616364675377,True,MI,21,1.0,2.0,-0.28067307838248684,1.3222978480335057
q279_617329,Instrumentation,Low,percettiva,False,B,0.9146336770748287,0.018982616364675377,True,MI_balanced,21,6.0,1.0,0.4242025354775125,1.3441544355761932
q279_617329,Instrumentation,Low,percettiva,False,B,0.9146336770748287,0.018982616364675377,True,UC_audio,11,1.0,,0.9902164666870621,0.010627743216297298
q279_617329,Instrumentation,Low,percettiva,False,B,0.9146336770748287,0.018982616364675377,True,UC_text,6,,1.0,0.07157748296473096,1.3445665716890778
q27_135660,Sound Texture,Low,percettiva,False,C,0.962833397086178,0.010696112875134431,True,MI,12,1.0,,0.9036117915365708,0.08530282989335883
q27_135660,Sound Texture,Low,percettiva,False,C,0.962833397086178,0.010696112875134431,True,MI_balanced,12,1.0,,0.893902872842222,0.08891801138448882
q27_135660,Sound Texture,Low,percettiva,False,C,0.962833397086178,0.010696112875134431,True,UC_audio,5,1.0,,1.0060289767674755,-0.011948135562554028
q27_135660,Sound Texture,Low,percettiva,False,C,0.962833397086178,0.010696112875134431,True,UC_text,7,1.0,,0.9944316123337658,0.05486461379606292
q280_617329,Lyrics,Low,knowledge,True,A,0.4619154283164545,0.4619154283164545,True,MI,6,,2.0,0.24171882011578222,1.197643869967873
q280_617329,Lyrics,Low,knowledge,True,A,0.4619154283164545,0.4619154283164545,True,MI_balanced,6,,1.0,0.23355770222673897,1.2914485880635993
q280_617329,Lyrics,Low,knowledge,True,A,0.4619154283164545,0.4619154283164545,True,UC_audio,12,10.0,,0.3607119137054403,0.34852977876062013
q280_617329,Lyrics,Low,knowledge,True,A,0.4619154283164545,0.4619154283164545,True,UC_text,5,,3.0,-0.18214276011660652,0.7814590332929895
q281_617329,Performance,Medium,analitica,False,B,0.44007541955388435,0.2355553977265061,True,MI,21,1.0,,1.7547210709838579,-0.6639913293430146
q281_617329,Performance,Medium,analitica,False,B,0.44007541955388435,0.2355553977265061,True,MI_balanced,21,1.0,,1.4403892271630392,-0.9262294608965137
q281_617329,Performance,Medium,analitica,False,B,0.44007541955388435,0.2355553977265061,True,UC_audio,10,1.0,,1.5703077486851222,-0.1991914906149946
q281_617329,Performance,Medium,analitica,False,B,0.44007541955388435,0.2355553977265061,True,UC_text,4,1.0,,0.9639427942978825,0.10805661786769517
q282_852,Sound Texture,Low,percettiva,False,B,0.33201173338698803,0.22818810478968357,True,MI,8,,7.0,-0.9064046399793672,1.1816019964318747
q282_852,Sound Texture,Low,percettiva,False,B,0.33201173338698803,0.22818810478968357,True,MI_balanced,8,,2.0,-0.7256380909030311,1.724287813078682
q282_852,Sound Texture,Low,percettiva,False,B,0.33201173338698803,0.22818810478968357,True,UC_audio,4,,,-0.4842217141596204,0.3210263461973847
q282_852,Sound Texture,Low,percettiva,False,B,0.33201173338698803,0.22818810478968357,True,UC_text,8,6.0,1.0,0.18815482293060481,1.7917110967011243
q283_852,Sound Texture,Low,percettiva,True,A,0.9409506553290218,0.9409506553290218,True,MI,13,1.0,,0.659502842765201,-0.013104080968166587
q283_852,Sound Texture,Low,percettiva,True,A,0.9409506553290218,0.9409506553290218,True,MI_balanced,13,3.0,,0.8656556897663474,0.008779421456855918
q283_852,Sound Texture,Low,percettiva,True,A,0.9409506553290218,0.9409506553290218,True,UC_audio,6,1.0,,0.9812132309297426,-0.016780457385218814
q283_852,Sound Texture,Low,percettiva,True,A,0.9409506553290218,0.9409506553290218,True,UC_text,8,1.0,,1.0196153792655005,0.10106907311894672
q284_852,Performance,Low,analitica,False,B,0.8501604063011461,0.11505669938331933,True,MI,11,1.0,,0.5344993277999455,0.3435814728953537
q284_852,Performance,Low,analitica,False,B,0.8501604063011461,0.11505669938331933,True,MI_balanced,11,4.0,,0.6122281942491112,0.4057645198170758
q284_852,Performance,Low,analitica,False,B,0.8501604063011461,0.11505669938331933,True,UC_audio,3,1.0,,0.9740024871528045,-0.011610482901543952
q284_852,Performance,Low,analitica,False,B,0.8501604063011461,0.11505669938331933,True,UC_text,4,1.0,,0.7841395126210031,0.39594782852988447
q285_1222340,Functional Context,Low,knowledge,True,A,0.6237889769165323,0.6237889769165323,True,MI,22,10.0,2.0,0.17702044170181386,1.422776019436973
q285_1222340,Functional Context,Low,knowledge,True,A,0.6237889769165323,0.6237889769165323,True,MI_balanced,22,6.0,1.0,0.6000032742244072,1.548110148393662
q285_1222340,Functional Context,Low,knowledge,True,A,0.6237889769165323,0.6237889769165323,True,UC_audio,12,4.0,,0.6884421045330629,-0.1516453692603568
q285_1222340,Functional Context,Low,knowledge,True,A,0.6237889769165323,0.6237889769165323,True,UC_text,7,,5.0,-0.5265867282141893,0.773881351817977
q286_1222340,Melody,Low,analitica,True,A,0.7197640785961823,0.7197640785961823,True,MI,11,5.0,5.0,0.6777868889563948,0.5923093653082747
q286_1222340,Melody,Low,analitica,True,A,0.7197640785961823,0.7197640785961823,True,MI_balanced,11,3.0,1.0,0.7500015578558997,0.7243458582709448
q286_1222340,Melody,Low,analitica,True,A,0.7197640785961823,0.7197640785961823,True,UC_audio,12,3.0,11.0,0.7573787858145986,0.47022933914494625
q286_1222340,Melody,Low,analitica,True,A,0.7197640785961823,0.7197640785961823,True,UC_text,6,1.0,,0.8143756908452428,0.3126407568352732
q287_1222340,Melody,Low,analitica,True,A,0.8401435373315698,0.8401435373315698,True,MI,8,1.0,,0.11765868499763203,-0.15017660194771656
q287_1222340,Melody,Low,analitica,True,A,0.8401435373315698,0.8401435373315698,True,MI_balanced,8,,,0.07954180024807715,-0.15450208098758883
q287_1222340,Melody,Low,analitica,True,A,0.8401435373315698,0.8401435373315698,True,UC_audio,12,1.0,,1.0625265422866526,-0.09212411797667944
q287_1222340,Melody,Low,analitica,True,A,0.8401435373315698,0.8401435373315698,True,UC_text,6,1.0,1.0,0.9832948488407339,0.9143347472948583
q288_1222369,Genre and Style,Low,knowledge,True,A,0.9384095193971349,0.9384095193971349,True,MI,19,1.0,,0.7960263872221441,0.1301052160088555
q288_1222369,Genre and Style,Low,knowledge,True,A,0.9384095193971349,0.9384095193971349,True,MI_balanced,19,2.0,,0.7836183798260812,0.13707328554877832
q288_1222369,Genre and Style,Low,knowledge,True,A,0.9384095193971349,0.9384095193971349,True,UC_audio,9,2.0,,0.81200336807893,0.05868041048575771
q288_1222369,Genre and Style,Low,knowledge,True,A,0.9384095193971349,0.9384095193971349,True,UC_text,3,1.0,,0.9103469348838324,0.1086704881429812
q289_1222369,Mood and Expression,Low,knowledge,False,C,0.6889519982622109,0.09323951382124662,True,MI,12,1.0,,1.0007677619667446,0.14738663241192893
q289_1222369,Mood and Expression,Low,knowledge,False,C,0.6889519982622109,0.09323951382124662,True,MI_balanced,12,1.0,,1.0977388256955292,0.22058216620893326
q289_1222369,Mood and Expression,Low,knowledge,False,C,0.6889519982622109,0.09323951382124662,True,UC_audio,6,1.0,,1.0885214472427218,-0.2628430032572896
q289_1222369,Mood and Expression,Low,knowledge,False,C,0.6889519982622109,0.09323951382124662,True,UC_text,6,5.0,,0.6920054282070021,-0.10333511160625838
q28_14013,Performance,Low,analitica,True,A,0.48401556672435553,0.48401556672435553,True,MI,10,2.0,,1.968808752709466,-0.38194688789957254
q28_14013,Performance,Low,analitica,True,A,0.48401556672435553,0.48401556672435553,True,MI_balanced,10,1.0,,2.048983366985395,-0.4796773747724607
q28_14013,Performance,Low,analitica,True,A,0.48401556672435553,0.48401556672435553,True,UC_audio,7,1.0,,0.9692382343449624,0.08461757342006312
q28_14013,Performance,Low,analitica,True,A,0.48401556672435553,0.48401556672435553,True,UC_text,6,2.0,1.0,0.8627978804536902,1.2702735310772462
q290_1222369,Mood and Expression,Low,knowledge,True,A,0.9527888014088607,0.9527888014088607,True,MI,13,1.0,,0.5498796374042194,0.021396989699599595
q290_1222369,Mood and Expression,Low,knowledge,True,A,0.9527888014088607,0.9527888014088607,True,MI_balanced,13,,,-0.2744841186927319,0.07920427682164055
q290_1222369,Mood and Expression,Low,knowledge,True,A,0.9527888014088607,0.9527888014088607,True,UC_audio,5,1.0,,0.9728276643753956,-0.0017687838295708219
q290_1222369,Mood and Expression,Low,knowledge,True,A,0.9527888014088607,0.9527888014088607,True,UC_text,9,4.0,1.0,0.7655438702510173,1.126171311377113
q291_1352257,Metre and Rhythm,Medium,percettiva,True,A,0.7185570070505124,0.7185570070505124,True,MI,11,1.0,,1.0331513668253005,-0.2398829757981522
q291_1352257,Metre and Rhythm,Medium,percettiva,True,A,0.7185570070505124,0.7185570070505124,True,MI_balanced,11,1.0,,1.0661360965487807,-0.31793867536731624
q291_1352257,Metre and Rhythm,Medium,percettiva,True,A,0.7185570070505124,0.7185570070505124,True,UC_audio,7,1.0,,0.9436818218996497,0.002517740303503446
q291_1352257,Metre and Rhythm,Medium,percettiva,True,A,0.7185570070505124,0.7185570070505124,True,UC_text,5,1.0,,1.0695329111508336,-0.20892084970258554
q292_1352257,Historical and Cultural Context,Low,knowledge,False,C,0.9034085591739408,0.06544269652922345,True,MI,10,1.0,,0.9162458831810334,0.007083943757148933
q292_1352257,Historical and Cultural Context,Low,knowledge,False,C,0.9034085591739408,0.06544269652922345,True,MI_balanced,10,1.0,,0.9689363470451325,0.03796548229319771
q292_1352257,Historical and Cultural Context,Low,knowledge,False,C,0.9034085591739408,0.06544269652922345,True,UC_audio,3,1.0,,0.44693333747486746,-0.022635531979219747
q292_1352257,Historical and Cultural Context,Low,knowledge,False,C,0.9034085591739408,0.06544269652922345,True,UC_text,3,1.0,,0.8325253482211034,0.050868579802003884
q293_1352257,Harmony,High,analitica,False,C,0.3647149706158169,0.32185983189469014,True,MI,14,4.0,8.0,0.6402091791404351,0.8036043887358862
q293_1352257,Harmony,High,analitica,False,C,0.3647149706158169,0.32185983189469014,True,MI_balanced,14,4.0,2.0,0.9352629143288282,1.6102716850334349
q293_1352257,Harmony,High,analitica,False,C,0.3647149706158169,0.32185983189469014,True,UC_audio,3,,,-1.000088425150073,-0.014447244707772587
q293_1352257,Harmony,High,analitica,False,C,0.3647149706158169,0.32185983189469014,True,UC_text,7,1.0,1.0,1.6257218654888157,0.6360586171549545
q294_1936726,Sound Texture,Medium,percettiva,True,A,0.9806978152105627,0.9806978152105627,True,MI,11,1.0,,0.9642326818044029,0.01519227893178576
q294_1936726,Sound Texture,Medium,percettiva,True,A,0.9806978152105627,0.9806978152105627,True,MI_balanced,11,1.0,,0.9592866664470813,0.02247156603568128
q294_1936726,Sound Texture,Medium,percettiva,True,A,0.9806978152105627,0.9806978152105627,True,UC_audio,7,1.0,,1.013991980472643,-0.010518274785361695
q294_1936726,Sound Texture,Medium,percettiva,True,A,0.9806978152105627,0.9806978152105627,True,UC_text,5,1.0,,0.9867695901725047,0.06434803192830765
q295_1936726,Sound Texture,Medium,percettiva,True,A,0.9258892665201052,0.9258892665201052,True,MI,17,1.0,,0.06162806171711552,0.17611391872705232
q295_1936726,Sound Texture,Medium,percettiva,True,A,0.9258892665201052,0.9258892665201052,True,MI_balanced,17,,,0.2705949884701678,0.26502807294061087
q295_1936726,Sound Texture,Medium,percettiva,True,A,0.9258892665201052,0.9258892665201052,True,UC_audio,7,1.0,,0.8442267649827132,-0.002738748272241838
q295_1936726,Sound Texture,Medium,percettiva,True,A,0.9258892665201052,0.9258892665201052,True,UC_text,7,2.0,2.0,0.7669495701417433,0.7206985987942571
q296_1936726,Sound Texture,Medium,percettiva,True,A,0.9327868952231122,0.9327868952231122,True,MI,18,1.0,13.0,0.47251550649311774,0.4359909408030424
q296_1936726,Sound Texture,Medium,percettiva,True,A,0.9327868952231122,0.9327868952231122,True,MI_balanced,18,4.0,3.0,0.7676760838589665,0.9731459742526015
q296_1936726,Sound Texture,Medium,percettiva,True,A,0.9327868952231122,0.9327868952231122,True,UC_audio,7,1.0,,0.8821913732842998,-0.013065167929170651
q296_1936726,Sound Texture,Medium,percettiva,True,A,0.9327868952231122,0.9327868952231122,True,UC_text,4,1.0,,0.4491912569500186,0.2079862598774661
q297_1320579,Sound Texture,High,percettiva,False,C,0.6095080663241301,0.22422548682880739,True,MI,15,1.0,9.0,0.1619175693332045,0.7479743058854693
q297_1320579,Sound Texture,High,percettiva,False,C,0.6095080663241301,0.22422548682880739,True,MI_balanced,15,4.0,3.0,0.875588876739269,1.3503363214780555
q297_1320579,Sound Texture,High,percettiva,False,C,0.6095080663241301,0.22422548682880739,True,UC_audio,7,1.0,,0.7997869563672197,-0.0376504240635376
q297_1320579,Sound Texture,High,percettiva,False,C,0.6095080663241301,0.22422548682880739,True,UC_text,8,3.0,2.0,0.6449173288308023,1.2890270193250732
q298_1320579,Instrumentation,Low,percettiva,True,A,0.6738682079006622,0.6738682079006622,True,MI,21,,2.0,0.1412275182183156,1.201859758706726
q298_1320579,Instrumentation,Low,percettiva,True,A,0.6738682079006622,0.6738682079006622,True,MI_balanced,21,2.0,1.0,0.6213076812852932,1.3334745436969477
q298_1320579,Instrumentation,Low,percettiva,True,A,0.6738682079006622,0.6738682079006622,True,UC_audio,11,9.0,,0.4514131478380799,0.11672543889309604
q298_1320579,Instrumentation,Low,percettiva,True,A,0.6738682079006622,0.6738682079006622,True,UC_text,6,3.0,2.0,0.8679755237691924,1.3670590885809033
q299_1320579,Historical and Cultural Context,Low,knowledge,True,A,0.5111934986459507,0.5111934986459507,True,MI,9,1.0,6.0,0.8871039236153968,0.8339143899023357
q299_1320579,Historical and Cultural Context,Low,knowledge,True,A,0.5111934986459507,0.5111934986459507,True,MI_balanced,9,1.0,3.0,1.066932429452475,1.0282867127924935
q299_1320579,Historical and Cultural Context,Low,knowledge,True,A,0.5111934986459507,0.5111934986459507,True,UC_audio,3,1.0,,2.3149386171106894,-0.05486443775918327
q299_1320579,Historical and Cultural Context,Low,knowledge,True,A,0.5111934986459507,0.5111934986459507,True,UC_text,6,1.0,3.0,1.0060599000958412,0.8055978027757079
q29_14013,Melody,Medium,analitica,True,A,0.651710529696452,0.651710529696452,True,MI,10,1.0,,0.9475220236299994,-0.04744559549456536
q29_14013,Melody,Medium,analitica,True,A,0.651710529696452,0.651710529696452,True,MI_balanced,10,1.0,,0.9475220236299994,-0.04744559549456536
q29_14013,Melody,Medium,analitica,True,A,0.651710529696452,0.651710529696452,True,UC_audio,10,1.0,,1.0827492378003298,-0.033170409934719855
q29_14013,Melody,Medium,analitica,True,A,0.651710529696452,0.651710529696452,True,UC_text,8,3.0,4.0,1.278532759034276,0.23619657051160511
q2_1204663,Structure,High,analitica,False,B,0.5329222893720338,0.41504029627914574,True,MI,20,1.0,12.0,0.5944405661498473,0.17630537689107956
q2_1204663,Structure,High,analitica,False,B,0.5329222893720338,0.41504029627914574,True,MI_balanced,20,4.0,6.0,0.5578272852474638,0.20431627705719418
q2_1204663,Structure,High,analitica,False,B,0.5329222893720338,0.41504029627914574,True,UC_audio,14,1.0,,0.8766303578859651,0.0028963133912235707
q2_1204663,Structure,High,analitica,False,B,0.5329222893720338,0.41504029627914574,True,UC_text,9,1.0,2.0,0.9510362935969752,0.7151538450037993
q300_1079319,Instrumentation,Low,percettiva,True,A,0.6589743306462343,0.6589743306462343,True,MI,13,1.0,,0.4305213090592514,-0.44404847539007336
q300_1079319,Instrumentation,Low,percettiva,True,A,0.6589743306462343,0.6589743306462343,True,MI_balanced,13,1.0,,0.17882812804435588,-0.40312934202229894
q300_1079319,Instrumentation,Low,percettiva,True,A,0.6589743306462343,0.6589743306462343,True,UC_audio,13,1.0,,1.2818113066535914,0.10193665050800188
q300_1079319,Instrumentation,Low,percettiva,True,A,0.6589743306462343,0.6589743306462343,True,UC_text,5,1.0,2.0,0.8796836705503533,0.5155306688369143
q301_1079319,Lyrics,Low,knowledge,True,A,0.9903756720252843,0.9903756720252843,True,MI,15,1.0,,0.9082272372777354,0.14114767175350926
q301_1079319,Lyrics,Low,knowledge,True,A,0.9903756720252843,0.9903756720252843,True,MI_balanced,15,1.0,,0.9282332985665139,0.17713364586740032
q301_1079319,Lyrics,Low,knowledge,True,A,0.9903756720252843,0.9903756720252843,True,UC_audio,11,1.0,,0.9656928402729827,0.003136355382404566
q301_1079319,Lyrics,Low,knowledge,True,A,0.9903756720252843,0.9903756720252843,True,UC_text,5,1.0,,0.992512677989311,0.07018942887009143
q302_1079319,Genre and Style,High,knowledge,True,A,0.921426357704626,0.921426357704626,True,MI,17,1.0,,0.7821947598955915,0.09652393936170585
q302_1079319,Genre and Style,High,knowledge,True,A,0.921426357704626,0.921426357704626,True,MI_balanced,17,2.0,,1.0206713947677537,0.15406761032787297
q302_1079319,Genre and Style,High,knowledge,True,A,0.921426357704626,0.921426357704626,True,UC_audio,12,1.0,,1.0597777611221857,-0.02724863789335487
q302_1079319,Genre and Style,High,knowledge,True,A,0.921426357704626,0.921426357704626,True,UC_text,5,1.0,,0.9280919476181623,0.17136199925993675
q303_498814,Genre and Style,Low,knowledge,False,B,0.60111717556386,0.19515417421828946,True,MI,13,,13.0,-0.14277768003631558,0.2229888022092858
q303_498814,Genre and Style,Low,knowledge,False,B,0.60111717556386,0.19515417421828946,True,MI_balanced,13,,5.0,-0.16777517612015588,0.46419295463134613
q303_498814,Genre and Style,Low,knowledge,False,B,0.60111717556386,0.19515417421828946,True,UC_audio,9,3.0,,0.7131754963974432,0.055842517788801685
q303_498814,Genre and Style,Low,knowledge,False,B,0.60111717556386,0.19515417421828946,True,UC_text,6,1.0,,0.634809472978196,-0.06282411136160668
q304_498814,Harmony,High,analitica,True,A,0.8311180029253059,0.8311180029253059,True,MI,11,1.0,,1.0455753054938515,0.017936943057830165
q304_498814,Harmony,High,analitica,True,A,0.8311180029253059,0.8311180029253059,True,MI_balanced,11,1.0,,1.0322346467965482,0.060918785832346535
q304_498814,Harmony,High,analitica,True,A,0.8311180029253059,0.8311180029253059,True,UC_audio,10,1.0,,1.055694432645811,-0.09117697266522894
q304_498814,Harmony,High,analitica,True,A,0.8311180029253059,0.8311180029253059,True,UC_text,6,1.0,,0.9961180229585193,0.02336778614681314
q305_498814,Melody,High,analitica,True,A,0.5768462454531019,0.5768462454531019,True,MI,12,1.0,,1.0091441410392659,-0.4282499484366442
q305_498814,Melody,High,analitica,True,A,0.5768462454531019,0.5768462454531019,True,MI_balanced,12,1.0,,1.1538832903673037,-0.5398896405671522
q305_498814,Melody,High,analitica,True,A,0.5768462454531019,0.5768462454531019,True,UC_audio,11,1.0,,0.8357037287637404,-0.06647069865490518
q305_498814,Melody,High,analitica,True,A,0.5768462454531019,0.5768462454531019,True,UC_text,7,1.0,,1.285288566914403,-0.5674230872118539
q306_785413,Instrumentation,Medium,percettiva,False,B,0.6113910086960783,0.3272540246983293,True,MI,13,3.0,,0.6104465051990615,-0.1259031572581018
q306_785413,Instrumentation,Medium,percettiva,False,B,0.6113910086960783,0.3272540246983293,True,MI_balanced,13,5.0,,0.8032318855387913,-0.1908039370040924
q306_785413,Instrumentation,Medium,percettiva,False,B,0.6113910086960783,0.3272540246983293,True,UC_audio,6,5.0,,0.8291428009249379,0.047721853325784006
q306_785413,Instrumentation,Medium,percettiva,False,B,0.6113910086960783,0.3272540246983293,True,UC_text,4,2.0,,0.6862810105589836,-0.2622400050336459
q307_785413,Instrumentation,Low,percettiva,True,A,0.9976127222933793,0.9976127222933793,True,MI,15,1.0,,0.9920211843689289,0.002045664011202201
q307_785413,Instrumentation,Low,percettiva,True,A,0.9976127222933793,0.9976127222933793,True,MI_balanced,15,1.0,,0.9898099466824051,0.00476719134461947
q307_785413,Instrumentation,Low,percettiva,True,A,0.9976127222933793,0.9976127222933793,True,UC_audio,8,1.0,,0.9984499420425645,0.0010782611046581093
q307_785413,Instrumentation,Low,percettiva,True,A,0.9976127222933793,0.9976127222933793,True,UC_text,6,1.0,,0.9999652508435567,0.003500347900666634
q308_785413,Instrumentation,Medium,percettiva,True,A,0.979380535655131,0.979380535655131,True,MI,13,1.0,,0.9027316136204641,0.07345990569861714
q308_785413,Instrumentation,Medium,percettiva,True,A,0.979380535655131,0.979380535655131,True,MI_balanced,13,1.0,,0.9339785027794789,0.0754426947724886
q308_785413,Instrumentation,Medium,percettiva,True,A,0.979380535655131,0.979380535655131,True,UC_audio,6,1.0,,0.9481238248885336,0.005226058438604062
q308_785413,Instrumentation,Medium,percettiva,True,A,0.979380535655131,0.979380535655131,True,UC_text,6,1.0,,0.9451107304396934,0.09556608998292627
q309_964594,Instrumentation,Medium,percettiva,True,A,0.7039910088629913,0.7039910088629913,True,MI,14,3.0,,0.8213309674175595,0.12947944549092105
q309_964594,Instrumentation,Medium,percettiva,True,A,0.7039910088629913,0.7039910088629913,True,MI_balanced,14,3.0,,0.8476564826152265,0.18534716703743997
q309_964594,Instrumentation,Medium,percettiva,True,A,0.7039910088629913,0.7039910088629913,True,UC_audio,7,1.0,,0.8740199820398431,0.032408273739272714
q309_964594,Instrumentation,Medium,percettiva,True,A,0.7039910088629913,0.7039910088629913,True,UC_text,7,1.0,,0.7487268380449925,0.22085711132948158
q30_14013,Melody,Medium,analitica,False,C,0.8791150118553935,0.049596275148698764,True,MI,11,1.0,,0.31936465419170107,0.3517898685835953
q30_14013,Melody,Medium,analitica,False,C,0.8791150118553935,0.049596275148698764,True,MI_balanced,11,,,0.3030952275257011,0.4159619594068977
q30_14013,Melody,Medium,analitica,False,C,0.8791150118553935,0.049596275148698764,True,UC_audio,7,1.0,,0.9157038937920766,0.02917484734792601
q30_14013,Melody,Medium,analitica,False,C,0.8791150118553935,0.049596275148698764,True,UC_text,10,2.0,,0.8027748013142292,0.27204634674307765
q310_964594,Genre and Style,Medium,knowledge,False,C,0.5014154751169733,0.20902106765532033,True,MI,14,1.0,14.0,1.2263589893108318,-0.10454948615556313
q310_964594,Genre and Style,Medium,knowledge,False,C,0.5014154751169733,0.20902106765532033,True,MI_balanced,14,1.0,12.0,1.2478745976399037,0.20688342151765776
q310_964594,Genre and Style,Medium,knowledge,False,C,0.5014154751169733,0.20902106765532033,True,UC_audio,6,1.0,,1.9941176026266154,0.24720983677434524
q310_964594,Genre and Style,Medium,knowledge,False,C,0.5014154751169733,0.20902106765532033,True,UC_text,7,1.0,,0.9707369682125576,0.09661224171861398
q311_964594,Instrumentation,Medium,percettiva,True,A,0.5753858585535552,0.5753858585535552,True,MI,9,1.0,,1.4271812932571655,-0.30834998867929075
q311_964594,Instrumentation,Medium,percettiva,True,A,0.5753858585535552,0.5753858585535552,True,MI_balanced,9,1.0,,1.4360082416191384,-0.3104874827925596
q311_964594,Instrumentation,Medium,percettiva,True,A,0.5753858585535552,0.5753858585535552,True,UC_audio,7,1.0,,0.9390331297545896,0.20550374031118854
q311_964594,Instrumentation,Medium,percettiva,True,A,0.5753858585535552,0.5753858585535552,True,UC_text,8,1.0,,1.0619047109425663,0.08266811334509508
q312_1051203,Musical Texture,Medium,percettiva,False,D,0.5971840099696732,0.11759250380828648,True,MI,7,1.0,,1.3450652533799001,0.07793973702783076
q312_1051203,Musical Texture,Medium,percettiva,False,D,0.5971840099696732,0.11759250380828648,True,MI_balanced,7,1.0,,1.4791751062313323,0.07495543003937173
q312_1051203,Musical Texture,Medium,percettiva,False,D,0.5971840099696732,0.11759250380828648,True,UC_audio,13,1.0,,1.357122776666958,-0.25457018888985716
q312_1051203,Musical Texture,Medium,percettiva,False,D,0.5971840099696732,0.11759250380828648,True,UC_text,7,1.0,,0.8057158894447305,-0.2924449748040934
q313_1051203,Mood and Expression,Low,knowledge,True,A,0.7499296334281207,0.7499296334281207,True,MI,12,4.0,12.0,0.5666745665495851,0.08762583669990982
q313_1051203,Mood and Expression,Low,knowledge,True,A,0.7499296334281207,0.7499296334281207,True,MI_balanced,12,5.0,2.0,0.400841132639932,0.5513475746340059
q313_1051203,Mood and Expression,Low,knowledge,True,A,0.7499296334281207,0.7499296334281207,True,UC_audio,10,,,0.23117032854583144,-0.021608796926693843
q313_1051203,Mood and Expression,Low,knowledge,True,A,0.7499296334281207,0.7499296334281207,True,UC_text,6,1.0,1.0,0.9524443749484707,0.851618354268331
q314_1051203,Performance,Medium,analitica,True,A,0.7707195581807411,0.7707195581807411,True,MI,9,,,-0.2820997471224283,0.05303019391980435
q314_1051203,Performance,Medium,analitica,True,A,0.7707195581807411,0.7707195581807411,True,MI_balanced,9,,,-0.2822788703658926,0.0018925815522636766
q314_1051203,Performance,Medium,analitica,True,A,0.7707195581807411,0.7707195581807411,True,UC_audio,12,1.0,,1.0737290490176943,0.058145046743258884
q314_1051203,Performance,Medium,analitica,True,A,0.7707195581807411,0.7707195581807411,True,UC_text,7,3.0,1.0,0.940520766339526,1.146533277730106
q315_1351134,Metre and Rhythm,Medium,percettiva,True,A,0.9477799309658324,0.9477799309658324,True,MI,12,2.0,,0.4691407113310465,0.03143949546730974
q315_1351134,Metre and Rhythm,Medium,percettiva,True,A,0.9477799309658324,0.9477799309658324,True,MI_balanced,12,2.0,,0.33810060434592726,0.06601399834258606
q315_1351134,Metre and Rhythm,Medium,percettiva,True,A,0.9477799309658324,0.9477799309658324,True,UC_audio,13,6.0,,0.5789869992770523,-0.002306057445923242
q315_1351134,Metre and Rhythm,Medium,percettiva,True,A,0.9477799309658324,0.9477799309658324,True,UC_text,8,1.0,7.0,0.9653987411593453,0.3136969537063752
q316_1351134,Functional Context,Low,knowledge,True,A,0.9931772880422134,0.9931772880422134,True,MI,21,1.0,,0.8284750977990244,0.12672822584622587
q316_1351134,Functional Context,Low,knowledge,True,A,0.9931772880422134,0.9931772880422134,True,MI_balanced,21,1.0,,0.89916458659134,0.11830291820903932
q316_1351134,Functional Context,Low,knowledge,True,A,0.9931772880422134,0.9931772880422134,True,UC_audio,15,1.0,,0.9404578830038115,0.006669166228757104
q316_1351134,Functional Context,Low,knowledge,True,A,0.9931772880422134,0.9931772880422134,True,UC_text,6,1.0,,0.9935527668898064,0.10420426682912316
q317_1351134,Metre and Rhythm,Low,percettiva,False,B,0.7396191873728629,0.16503134772735842,True,MI,14,1.0,5.0,0.8891431588001513,0.36876050698393653
q317_1351134,Metre and Rhythm,Low,percettiva,False,B,0.7396191873728629,0.16503134772735842,True,MI_balanced,14,1.0,1.0,0.8408220103078753,0.5027895351563372
q317_1351134,Metre and Rhythm,Low,percettiva,False,B,0.7396191873728629,0.16503134772735842,True,UC_audio,12,1.0,,1.3311327271950057,-0.10253617102432179
q317_1351134,Metre and Rhythm,Low,percettiva,False,B,0.7396191873728629,0.16503134772735842,True,UC_text,5,,1.0,0.3921006889436545,0.8653265060056535
q318_307395,Performance,Medium,analitica,True,A,0.8936759803607538,0.8936759803607538,True,MI,18,1.0,12.0,0.7281309353676743,0.23683142049605388
q318_307395,Performance,Medium,analitica,True,A,0.8936759803607538,0.8936759803607538,True,MI_balanced,18,1.0,2.0,0.848031901498333,0.5305176276390912
q318_307395,Performance,Medium,analitica,True,A,0.8936759803607538,0.8936759803607538,True,UC_audio,10,2.0,,0.9182841435055112,0.09077732364457816
q318_307395,Performance,Medium,analitica,True,A,0.8936759803607538,0.8936759803607538,True,UC_text,6,1.0,,1.035366518004755,0.3767493291128233
q319_307395,Metre and Rhythm,High,percettiva,False,B,0.5769652409380402,0.24051489562172865,True,MI,20,1.0,3.0,0.3122688015514438,0.7211297214721148
q319_307395,Metre and Rhythm,High,percettiva,False,B,0.5769652409380402,0.24051489562172865,True,MI_balanced,20,8.0,2.0,0.4392988290591573,0.6672360958129544
q319_307395,Metre and Rhythm,High,percettiva,False,B,0.5769652409380402,0.24051489562172865,True,UC_audio,3,1.0,,0.8899502391192351,-0.0245648564101759
q319_307395,Metre and Rhythm,High,percettiva,False,B,0.5769652409380402,0.24051489562172865,True,UC_text,7,,4.0,0.12711174153904695,0.702720166889444
q31_644172,Melody,Medium,analitica,False,C,0.3431547327442291,0.2672491745758643,True,MI,19,1.0,3.0,0.9810942307229209,0.9333235560957486
q31_644172,Melody,Medium,analitica,False,C,0.3431547327442291,0.2672491745758643,True,MI_balanced,19,3.0,1.0,1.0748630882670804,1.0624957463935114
q31_644172,Melody,Medium,analitica,False,C,0.3431547327442291,0.2672491745758643,True,UC_audio,7,,,-0.003236200738455645,0.24741079412994768
q31_644172,Melody,Medium,analitica,False,C,0.3431547327442291,0.2672491745758643,True,UC_text,8,1.0,1.0,1.433611960944749,0.8308820538278776
q320_307395,Genre and Style,High,knowledge,True,A,0.9848270883861674,0.9848270883861674,True,MI,15,1.0,,0.9832572551249643,0.05327312569563555
q320_307395,Genre and Style,High,knowledge,True,A,0.9848270883861674,0.9848270883861674,True,MI_balanced,15,1.0,,0.9916857958874534,0.057067621808692834
q320_307395,Genre and Style,High,knowledge,True,A,0.9848270883861674,0.9848270883861674,True,UC_audio,6,1.0,,1.01296434299227,-0.00011378343186682376
q320_307395,Genre and Style,High,knowledge,True,A,0.9848270883861674,0.9848270883861674,True,UC_text,4,1.0,,0.994976405519843,0.10267082608945918
q32_644172,Harmony,Low,analitica,True,A,0.8715689454983546,0.8715689454983546,True,MI,20,15.0,,0.11857499831741308,0.07073057671846673
q32_644172,Harmony,Low,analitica,True,A,0.8715689454983546,0.8715689454983546,True,MI_balanced,20,13.0,,0.20814769059265548,0.016960539836535723
q32_644172,Harmony,Low,analitica,True,A,0.8715689454983546,0.8715689454983546,True,UC_audio,12,11.0,,0.26199053764269714,0.0038868713079210676
q32_644172,Harmony,Low,analitica,True,A,0.8715689454983546,0.8715689454983546,True,UC_text,7,1.0,,1.0322867132497213,-0.06788393584166559
q33_644172,Metre and Rhythm,Medium,percettiva,True,A,0.9923927445584669,0.9923927445584669,True,MI,14,1.0,,0.8950551270630798,-0.001792490248997045
q33_644172,Metre and Rhythm,Medium,percettiva,True,A,0.9923927445584669,0.9923927445584669,True,MI_balanced,14,1.0,,0.8872919496295163,-0.00163140350850328
q33_644172,Metre and Rhythm,Medium,percettiva,True,A,0.9923927445584669,0.9923927445584669,True,UC_audio,12,1.0,,0.9310525515315425,0.0042769448538892375
q33_644172,Metre and Rhythm,Medium,percettiva,True,A,0.9923927445584669,0.9923927445584669,True,UC_text,5,1.0,,0.9984213287065489,0.04429869816980243
q34_355486,Musical Texture,Medium,percettiva,True,A,0.9593397950919247,0.9593397950919247,True,MI,17,1.0,,0.7316242391643887,0.0664313020690264
q34_355486,Musical Texture,Medium,percettiva,True,A,0.9593397950919247,0.9593397950919247,True,MI_balanced,17,1.0,,0.8155059218979089,0.08390292805686196
q34_355486,Musical Texture,Medium,percettiva,True,A,0.9593397950919247,0.9593397950919247,True,UC_audio,7,1.0,,1.0085679032526085,-0.010234844819995877
q34_355486,Musical Texture,Medium,percettiva,True,A,0.9593397950919247,0.9593397950919247,True,UC_text,7,1.0,,0.949074718864659,0.12534990575396818
q35_355486,Melody,High,analitica,True,A,0.48896457383545866,0.48896457383545866,True,MI,9,1.0,,0.986680689703634,0.07759316710239132
q35_355486,Melody,High,analitica,True,A,0.48896457383545866,0.48896457383545866,True,MI_balanced,9,1.0,,0.8721685207471764,0.06560600622876572
q35_355486,Melody,High,analitica,True,A,0.48896457383545866,0.48896457383545866,True,UC_audio,7,1.0,,1.8150371612315952,0.24337083075925353
q35_355486,Melody,High,analitica,True,A,0.48896457383545866,0.48896457383545866,True,UC_text,4,1.0,,1.4127320568250639,-0.08646820281955715
q36_355486,Harmony,High,analitica,True,A,0.9034127931182238,0.9034127931182238,True,MI,7,1.0,,1.1271978120535584,0.3801417903408471
q36_355486,Harmony,High,analitica,True,A,0.9034127931182238,0.9034127931182238,True,MI_balanced,7,1.0,,1.1285813476713205,0.41533277732746376
q36_355486,Harmony,High,analitica,True,A,0.9034127931182238,0.9034127931182238,True,UC_audio,6,1.0,,1.107576119675513,0.01692122054949998
q36_355486,Harmony,High,analitica,True,A,0.9034127931182238,0.9034127931182238,True,UC_text,9,1.0,,1.0014648743323487,-0.005653044567975048
q37_337998,Instrumentation,Medium,percettiva,True,A,0.4258635061342917,0.4258635061342917,True,MI,12,1.0,2.0,1.590530975940865,0.0767885456703141
q37_337998,Instrumentation,Medium,percettiva,True,A,0.4258635061342917,0.4258635061342917,True,MI_balanced,12,1.0,1.0,1.301022923225714,-0.2586212914547272
q37_337998,Instrumentation,Medium,percettiva,True,A,0.4258635061342917,0.4258635061342917,True,UC_audio,9,1.0,,0.9986755629210983,-0.048222935531695287
q37_337998,Instrumentation,Medium,percettiva,True,A,0.4258635061342917,0.4258635061342917,True,UC_text,5,1.0,3.0,1.0952741510782922,0.11214773691657122
q38_337998,Performance,Low,analitica,True,A,0.4389239746941844,0.4389239746941844,True,MI,15,1.0,12.0,0.9398619862189652,0.3975468853805735
q38_337998,Performance,Low,analitica,True,A,0.4389239746941844,0.4389239746941844,True,MI_balanced,15,7.0,2.0,1.075785854302813,0.7823854223089592
q38_337998,Performance,Low,analitica,True,A,0.4389239746941844,0.4389239746941844,True,UC_audio,12,1.0,,1.1147391936691804,-0.15024916555191786
q38_337998,Performance,Low,analitica,True,A,0.4389239746941844,0.4389239746941844,True,UC_text,8,1.0,4.0,0.5486205115037337,1.0035478535329747
q39_337998,Instrumentation,Low,percettiva,False,C,0.5626869915636333,0.26579451447712593,True,MI,18,1.0,,0.9372282894695003,0.06337567368331629
q39_337998,Instrumentation,Low,percettiva,False,C,0.5626869915636333,0.26579451447712593,True,MI_balanced,18,1.0,,0.9992673410028343,0.14582269209464355
q39_337998,Instrumentation,Low,percettiva,False,C,0.5626869915636333,0.26579451447712593,True,UC_audio,8,1.0,,1.2426773302930398,-0.029278461640860655
q39_337998,Instrumentation,Low,percettiva,False,C,0.5626869915636333,0.26579451447712593,True,UC_text,5,1.0,,0.4686248831742287,0.014369783450114741
q3_1204663,Metre and Rhythm,Low,percettiva,True,A,0.7778983963008473,0.7778983963008473,True,MI,21,4.0,2.0,0.8365703765116159,0.3502312198611926
q3_1204663,Metre and Rhythm,Low,percettiva,True,A,0.7778983963008473,0.7778983963008473,True,MI_balanced,21,3.0,1.0,0.9912458114583675,0.3688684291098723
q3_1204663,Metre and Rhythm,Low,percettiva,True,A,0.7778983963008473,0.7778983963008473,True,UC_audio,15,8.0,,0.8447765136684746,-0.15212251033590019
q3_1204663,Metre and Rhythm,Low,percettiva,True,A,0.7778983963008473,0.7778983963008473,True,UC_text,5,,,0.3516282290760995,0.10106165836198847
q40_457120,Genre and Style,Medium,knowledge,True,A,0.752467961511814,0.752467961511814,True,MI,20,11.0,11.0,0.41176659334050203,0.21458903630931664
q40_457120,Genre and Style,Medium,knowledge,True,A,0.752467961511814,0.752467961511814,True,MI_balanced,20,9.0,7.0,0.505041185188879,0.5088554794245727
q40_457120,Genre and Style,Medium,knowledge,True,A,0.752467961511814,0.752467961511814,True,UC_audio,10,3.0,,0.692418771620711,0.125971458230945
q40_457120,Genre and Style,Medium,knowledge,True,A,0.752467961511814,0.752467961511814,True,UC_text,3,1.0,,0.9784951595274045,0.010372855009114921
q41_457120,Instrumentation,Medium,percettiva,False,B,0.6020156617748447,0.22146918523018588,True,MI,18,15.0,11.0,-0.014098883091348657,0.2835732208919704
q41_457120,Instrumentation,Medium,percettiva,False,B,0.6020156617748447,0.22146918523018588,True,MI_balanced,18,13.0,7.0,0.41139822035914103,0.5263810824192974
q41_457120,Instrumentation,Medium,percettiva,False,B,0.6020156617748447,0.22146918523018588,True,UC_audio,10,4.0,9.0,0.5599313346100577,0.42349002613675496
q41_457120,Instrumentation,Medium,percettiva,False,B,0.6020156617748447,0.22146918523018588,True,UC_text,5,1.0,,1.0932640200847341,-0.13673345244897156
q42_457120,Mood and Expression,Low,knowledge,True,A,0.9961037847608851,0.9961037847608851,True,MI,18,1.0,,0.8579068004602088,0.15525855042931788
q42_457120,Mood and Expression,Low,knowledge,True,A,0.9961037847608851,0.9961037847608851,True,MI_balanced,18,1.0,,0.9354337408621209,0.18946985495415608
q42_457120,Mood and Expression,Low,knowledge,True,A,0.9961037847608851,0.9961037847608851,True,UC_audio,9,1.0,,0.9880890460656672,0.00057310112670104
q42_457120,Mood and Expression,Low,knowledge,True,A,0.9961037847608851,0.9961037847608851,True,UC_text,8,1.0,,0.9766695277354008,0.07926830844190258
q43_1235672,Harmony,Medium,analitica,True,A,0.9864974681905784,0.9864974681905784,True,MI,18,1.0,,0.9943053789513374,0.06609884416204168
q43_1235672,Harmony,Medium,analitica,True,A,0.9864974681905784,0.9864974681905784,True,MI_balanced,18,1.0,,1.0070137466990012,0.0811930381145891
q43_1235672,Harmony,Medium,analitica,True,A,0.9864974681905784,0.9864974681905784,True,UC_audio,9,1.0,,0.9663981548449809,0.014492448518846263
q43_1235672,Harmony,Medium,analitica,True,A,0.9864974681905784,0.9864974681905784,True,UC_text,7,1.0,,1.011300475139451,0.05749324973861004
q44_1235672,Structure,Medium,analitica,True,A,0.9629723568715286,0.9629723568715286,True,MI,20,1.0,2.0,0.7311732978414601,0.3119255309308781
q44_1235672,Structure,Medium,analitica,True,A,0.9629723568715286,0.9629723568715286,True,MI_balanced,20,1.0,1.0,0.7881551269592937,0.18663461118794195
q44_1235672,Structure,Medium,analitica,True,A,0.9629723568715286,0.9629723568715286,True,UC_audio,15,1.0,,1.0106814706969431,-0.013200919113458288
q44_1235672,Structure,Medium,analitica,True,A,0.9629723568715286,0.9629723568715286,True,UC_text,6,2.0,3.0,0.7185171960390878,0.544913292129501
q45_1235672,Historical and Cultural Context,Low,knowledge,True,A,0.721029898407939,0.721029898407939,True,MI,19,6.0,,0.591767644713721,0.16277880841897538
q45_1235672,Historical and Cultural Context,Low,knowledge,True,A,0.721029898407939,0.721029898407939,True,MI_balanced,19,2.0,,0.5790228576791996,0.17271392602391797
q45_1235672,Historical and Cultural Context,Low,knowledge,True,A,0.721029898407939,0.721029898407939,True,UC_audio,12,10.0,,0.42678359435645713,0.20367318924344663
q45_1235672,Historical and Cultural Context,Low,knowledge,True,A,0.721029898407939,0.721029898407939,True,UC_text,3,1.0,,0.7025176414625018,-0.00018606130970262626
q46_510027,Performance,Medium,analitica,False,B,0.4266954499354253,0.33231075054271464,True,MI,15,,4.0,-0.5618456956280619,0.410192939185812
q46_510027,Performance,Medium,analitica,False,B,0.4266954499354253,0.33231075054271464,True,MI_balanced,15,,4.0,-0.6779380856252402,0.2836225705004695
q46_510027,Performance,Medium,analitica,False,B,0.4266954499354253,0.33231075054271464,True,UC_audio,7,1.0,,0.8633163703469972,-0.11712323282099821
q46_510027,Performance,Medium,analitica,False,B,0.4266954499354253,0.33231075054271464,True,UC_text,8,,2.0,0.15917141240049273,0.8277840623110685
q47_510027,Musical Texture,Low,percettiva,False,D,0.5783279700669809,0.3974786134519823,True,MI,4,1.0,,-0.3336719034669181,0.037682557405899327
q47_510027,Musical Texture,Low,percettiva,False,D,0.5783279700669809,0.3974786134519823,True,MI_balanced,4,,,-0.5084612880532714,0.045785690971091114
q47_510027,Musical Texture,Low,percettiva,False,D,0.5783279700669809,0.3974786134519823,True,UC_audio,7,1.0,,1.5784213321139016,-0.1460979348863946
q47_510027,Musical Texture,Low,percettiva,False,D,0.5783279700669809,0.3974786134519823,True,UC_text,10,1.0,3.0,1.0765195705427535,1.2473675435881495
q48_510027,Structure,Medium,analitica,False,B,0.8236512381222089,0.09837111218549409,True,MI,21,2.0,,0.39344296331674566,0.03528306147394297
q48_510027,Structure,Medium,analitica,False,B,0.8236512381222089,0.09837111218549409,True,MI_balanced,21,1.0,,0.17870322981715075,-0.0016814539324984668
q48_510027,Structure,Medium,analitica,False,B,0.8236512381222089,0.09837111218549409,True,UC_audio,12,6.0,,0.5117246567477446,0.13872010933310946
q48_510027,Structure,Medium,analitica,False,B,0.8236512381222089,0.09837111218549409,True,UC_text,5,1.0,1.0,0.7908711708920478,0.17475561576806045
q49_1149194,Sound Texture,Low,percettiva,False,B,0.7201172096601404,0.16067986831710754,True,MI,19,1.0,2.0,-0.14365832017609606,0.9528998593321475
q49_1149194,Sound Texture,Low,percettiva,False,B,0.7201172096601404,0.16067986831710754,True,MI_balanced,19,,1.0,-0.21132992045508325,1.2885430568831489
q49_1149194,Sound Texture,Low,percettiva,False,B,0.7201172096601404,0.16067986831710754,True,UC_audio,11,,,0.298680789190894,0.10759240997741898
q49_1149194,Sound Texture,Low,percettiva,False,B,0.7201172096601404,0.16067986831710754,True,UC_text,7,,1.0,0.14694220962405055,1.304707679639406
q4_196219,Musical Texture,Medium,percettiva,True,A,0.6069333858159941,0.6069333858159941,True,MI,7,1.0,,0.8487165994799517,0.21046923448034457
q4_196219,Musical Texture,Medium,percettiva,True,A,0.6069333858159941,0.6069333858159941,True,MI_balanced,7,1.0,,0.8407900829371706,0.2502357862831959
q4_196219,Musical Texture,Medium,percettiva,True,A,0.6069333858159941,0.6069333858159941,True,UC_audio,8,1.0,,0.8638329844649105,0.05482357327966024
q4_196219,Musical Texture,Medium,percettiva,True,A,0.6069333858159941,0.6069333858159941,True,UC_text,7,1.0,2.0,1.4843462341328977,0.8872696157477833
q50_1149194,Functional Context,Low,knowledge,True,A,0.774242610749785,0.774242610749785,True,MI,16,6.0,11.0,0.5203066533111345,0.3021368189002002
q50_1149194,Functional Context,Low,knowledge,True,A,0.774242610749785,0.774242610749785,True,MI_balanced,16,4.0,6.0,0.6563704121371988,0.3735551713316213
q50_1149194,Functional Context,Low,knowledge,True,A,0.774242610749785,0.774242610749785,True,UC_audio,6,2.0,,0.5951626516231888,0.014703167996533427
q50_1149194,Functional Context,Low,knowledge,True,A,0.774242610749785,0.774242610749785,True,UC_text,3,1.0,,0.5455229234979413,-0.07294704891825984
q51_1149194,Mood and Expression,Low,knowledge,False,B,0.8108972949674443,0.0168296364406235,True,MI,10,1.0,,0.9281298622788381,0.1827295654927317
q51_1149194,Mood and Expression,Low,knowledge,False,B,0.8108972949674443,0.0168296364406235,True,MI_balanced,10,1.0,,0.9629349144910218,0.17347328559346434
q51_1149194,Mood and Expression,Low,knowledge,False,B,0.8108972949674443,0.0168296364406235,True,UC_audio,9,1.0,,0.8523093768081672,0.027309204585371658
q51_1149194,Mood and Expression,Low,knowledge,False,B,0.8108972949674443,0.0168296364406235,True,UC_text,8,1.0,3.0,0.6951406368029484,0.2704574802516197
q52_1107251,Melody,Low,analitica,True,A,0.8889315750709431,0.8889315750709431,True,MI,8,1.0,,0.9026300837834461,-0.006621404297849385
q52_1107251,Melody,Low,analitica,True,A,0.8889315750709431,0.8889315750709431,True,MI_balanced,8,1.0,,0.8652316694420846,-1.5980476769303886e-05
q52_1107251,Melody,Low,analitica,True,A,0.8889315750709431,0.8889315750709431,True,UC_audio,9,1.0,,1.0269372004855677,-0.01678652987272427
q52_1107251,Melody,Low,analitica,True,A,0.8889315750709431,0.8889315750709431,True,UC_text,3,1.0,3.0,1.1249919299458497,0.49451406156833666
q53_1107251,Lyrics,Low,knowledge,False,D,0.8263304157443951,0.0678293310392644,True,MI,17,,4.0,-0.06102001250726717,0.5691331178995092
q53_1107251,Lyrics,Low,knowledge,False,D,0.8263304157443951,0.0678293310392644,True,MI_balanced,17,,3.0,-0.20409204503397513,0.6490209349576112
q53_1107251,Lyrics,Low,knowledge,False,D,0.8263304157443951,0.0678293310392644,True,UC_audio,11,10.0,10.0,0.31388109237273515,0.24396824900068267
q53_1107251,Lyrics,Low,knowledge,False,D,0.8263304157443951,0.0678293310392644,True,UC_text,6,,2.0,0.4469684396590088,0.4361373436918946
q54_1107251,Mood and Expression,Low,knowledge,True,A,0.43132068932250905,0.43132068932250905,True,MI,18,,1.0,-0.8174442652815708,1.4542339453709525
q54_1107251,Mood and Expression,Low,knowledge,True,A,0.43132068932250905,0.43132068932250905,True,MI_balanced,18,,1.0,-0.8016556853982671,1.6356833693283381
q54_1107251,Mood and Expression,Low,knowledge,True,A,0.43132068932250905,0.43132068932250905,True,UC_audio,9,,,-0.8724592509777793,0.02829965685531299
q54_1107251,Mood and Expression,Low,knowledge,True,A,0.43132068932250905,0.43132068932250905,True,UC_text,5,5.0,2.0,0.70848983656038,1.9006550789724728
q55_189585,Harmony,High,analitica,True,A,0.525014427741643,0.525014427741643,True,MI,18,1.0,2.0,0.39670888693381307,0.7575545482231428
q55_189585,Harmony,High,analitica,True,A,0.525014427741643,0.525014427741643,True,MI_balanced,18,6.0,1.0,0.44193270161284004,0.7881910958861045
q55_189585,Harmony,High,analitica,True,A,0.525014427741643,0.525014427741643,True,UC_audio,6,1.0,,0.8689977352094825,0.10245431831077542
q55_189585,Harmony,High,analitica,True,A,0.525014427741643,0.525014427741643,True,UC_text,9,5.0,4.0,0.7779838404767988,0.6353958823577815
q56_189585,Harmony,High,analitica,True,A,0.7516294243986392,0.7516294243986392,True,MI,17,,7.0,-0.25964607175078924,0.24407285726771336
q56_189585,Harmony,High,analitica,True,A,0.7516294243986392,0.7516294243986392,True,MI_balanced,17,,5.0,-0.36355514086034935,0.39261278819835044
q56_189585,Harmony,High,analitica,True,A,0.7516294243986392,0.7516294243986392,True,UC_audio,7,,,0.17982097972173341,0.09202590976447587
q56_189585,Harmony,High,analitica,True,A,0.7516294243986392,0.7516294243986392,True,UC_text,7,3.0,3.0,0.9226088497438029,0.44830093962591505
q57_189585,Genre and Style,Low,knowledge,False,B,0.9084791229072335,0.08450172157576791,True,MI,17,1.0,,1.0675896441184778,0.37711460011726433
q57_189585,Genre and Style,Low,knowledge,False,B,0.9084791229072335,0.08450172157576791,True,MI_balanced,17,1.0,,1.072672742835798,0.29688986510893844
q57_189585,Genre and Style,Low,knowledge,False,B,0.9084791229072335,0.08450172157576791,True,UC_audio,4,1.0,,1.0493998198459187,0.07033630122956941
q57_189585,Genre and Style,Low,knowledge,False,B,0.9084791229072335,0.08450172157576791,True,UC_text,6,1.0,,0.8860108050033592,0.1276882770392144
q58_170946,Historical and Cultural Context,Low,knowledge,False,D,0.8360969945519451,0.04716936468333151,True,MI,14,5.0,10.0,0.2229064047771965,0.288701162050649
q58_170946,Historical and Cultural Context,Low,knowledge,False,D,0.8360969945519451,0.04716936468333151,True,MI_balanced,14,6.0,3.0,0.08193820729435061,0.2990847832832008
q58_170946,Historical and Cultural Context,Low,knowledge,False,D,0.8360969945519451,0.04716936468333151,True,UC_audio,6,,,0.3803517065502264,0.09049768838113392
q58_170946,Historical and Cultural Context,Low,knowledge,False,D,0.8360969945519451,0.04716936468333151,True,UC_text,5,,,0.36512419922714207,0.36910920697265154
q59_170946,Sound Texture,Low,percettiva,True,A,0.9301821148613689,0.9301821148613689,True,MI,18,1.0,,0.36089117770320356,0.17813181025022845
q59_170946,Sound Texture,Low,percettiva,True,A,0.9301821148613689,0.9301821148613689,True,MI_balanced,18,,8.0,0.3994199834226544,0.4475587713797656
q59_170946,Sound Texture,Low,percettiva,True,A,0.9301821148613689,0.9301821148613689,True,UC_audio,9,1.0,,0.8502888908805357,0.021447305533625376
q59_170946,Sound Texture,Low,percettiva,True,A,0.9301821148613689,0.9301821148613689,True,UC_text,7,1.0,3.0,0.8419102889893928,0.4676072493292807
q5_196219,Performance,Low,analitica,True,A,0.8253847854215294,0.8253847854215294,True,MI,15,14.0,,0.2866119342406914,0.12822501741627496
q5_196219,Performance,Low,analitica,True,A,0.8253847854215294,0.8253847854215294,True,MI_balanced,15,5.0,,0.571579119548269,0.022740245571199403
q5_196219,Performance,Low,analitica,True,A,0.8253847854215294,0.8253847854215294,True,UC_audio,8,1.0,,0.9041492590766185,0.047495734911310414
q5_196219,Performance,Low,analitica,True,A,0.8253847854215294,0.8253847854215294,True,UC_text,9,2.0,3.0,1.1432512436816036,0.38646970767599087
q60_170946,Instrumentation,Low,percettiva,False,C,0.5734555386179445,0.3941298435554156,True,MI,8,1.0,7.0,1.2123324652163392,0.4342772035880485
q60_170946,Instrumentation,Low,percettiva,False,C,0.5734555386179445,0.3941298435554156,True,MI_balanced,8,1.0,4.0,1.1276293673662152,0.47400074283039934
q60_170946,Instrumentation,Low,percettiva,False,C,0.5734555386179445,0.3941298435554156,True,UC_audio,5,1.0,,0.8748715019947052,-0.0012650854181849535
q60_170946,Instrumentation,Low,percettiva,False,C,0.5734555386179445,0.3941298435554156,True,UC_text,8,2.0,7.0,0.9332584133364202,0.555211831433468
q61_1278743,Genre and Style,Medium,knowledge,False,C,0.3588823130167429,0.2794978264079164,True,MI,2,,,-1.6857168280729118,-0.4395543551343014
q61_1278743,Genre and Style,Medium,knowledge,False,C,0.3588823130167429,0.2794978264079164,True,MI_balanced,2,,,-1.6895838628400628,-0.45754594103442403
q61_1278743,Genre and Style,Medium,knowledge,False,C,0.3588823130167429,0.2794978264079164,True,UC_audio,9,,,-0.7084800402423755,-0.8527428507084097
q61_1278743,Genre and Style,Medium,knowledge,False,C,0.3588823130167429,0.2794978264079164,True,UC_text,6,,1.0,0.30750727049018034,1.1916657607147638
q62_1278743,Genre and Style,Low,knowledge,True,A,0.9641556821453231,0.9641556821453231,True,MI,11,1.0,,0.40724388246750615,0.18420041457148725
q62_1278743,Genre and Style,Low,knowledge,True,A,0.9641556821453231,0.9641556821453231,True,MI_balanced,11,,,0.3684924257589317,0.2304579910975148
q62_1278743,Genre and Style,Low,knowledge,True,A,0.9641556821453231,0.9641556821453231,True,UC_audio,8,1.0,,0.982392859066916,-0.006691617284827539
q62_1278743,Genre and Style,Low,knowledge,True,A,0.9641556821453231,0.9641556821453231,True,UC_text,9,2.0,5.0,0.8703543978555606,0.608173443982708
q63_1278743,Sound Texture,Low,percettiva,True,A,0.8827996279885922,0.8827996279885922,True,MI,7,1.0,,0.9458175585432893,-0.0231733622876313
q63_1278743,Sound Texture,Low,percettiva,True,A,0.8827996279885922,0.8827996279885922,True,MI_balanced,7,1.0,,0.9458175585432893,-0.0231733622876313
q63_1278743,Sound Texture,Low,percettiva,True,A,0.8827996279885922,0.8827996279885922,True,UC_audio,9,1.0,,0.9677203612578953,-0.030251431326518655
q63_1278743,Sound Texture,Low,percettiva,True,A,0.8827996279885922,0.8827996279885922,True,UC_text,7,1.0,5.0,0.8738927192148315,0.5131642613415452
q64_261271,Harmony,High,analitica,False,B,0.35243115938301856,0.3110194065298118,True,MI,9,,1.0,-1.6212221091234003,1.716139853831225
q64_261271,Harmony,High,analitica,False,B,0.35243115938301856,0.3110194065298118,True,MI_balanced,9,,1.0,-1.8962841508168964,1.6892748253374386
q64_261271,Harmony,High,analitica,False,B,0.35243115938301856,0.3110194065298118,True,UC_audio,7,1.0,,0.4426183100873672,-0.13839769775788893
q64_261271,Harmony,High,analitica,False,B,0.35243115938301856,0.3110194065298118,True,UC_text,7,1.0,1.0,-0.5770666236511636,2.035510321585229
q65_261271,Genre and Style,Low,knowledge,False,D,0.7627527899695614,0.1928541071148466,True,MI,11,1.0,,1.0161435228406972,-0.07552835766338334
q65_261271,Genre and Style,Low,knowledge,False,D,0.7627527899695614,0.1928541071148466,True,MI_balanced,11,1.0,,0.946114534177117,-0.1297900094261767
q65_261271,Genre and Style,Low,knowledge,False,D,0.7627527899695614,0.1928541071148466,True,UC_audio,5,1.0,,0.9254309113249968,0.030887669087007425
q65_261271,Genre and Style,Low,knowledge,False,D,0.7627527899695614,0.1928541071148466,True,UC_text,8,1.0,,1.076746708238699,-0.27676804421252027
q66_261271,Functional Context,Low,knowledge,True,A,0.5739477175298918,0.5739477175298918,True,MI,12,,2.0,-0.3704082446356835,1.0651139068500584
q66_261271,Functional Context,Low,knowledge,True,A,0.5739477175298918,0.5739477175298918,True,MI_balanced,12,,1.0,-0.26200918286192276,1.1374530657320028
q66_261271,Functional Context,Low,knowledge,True,A,0.5739477175298918,0.5739477175298918,True,UC_audio,5,,,0.2864296193370546,0.15115005938470324
q66_261271,Functional Context,Low,knowledge,True,A,0.5739477175298918,0.5739477175298918,True,UC_text,6,,1.0,-0.06755693466248122,1.1972356879692245
q67_1051201,Mood and Expression,Low,knowledge,True,A,0.37036050870034976,0.37036050870034976,True,MI,10,3.0,8.0,1.616334880782546,0.6222867556079493
q67_1051201,Mood and Expression,Low,knowledge,True,A,0.37036050870034976,0.37036050870034976,True,MI_balanced,10,1.0,4.0,1.766515023961756,0.8177810465938854
q67_1051201,Mood and Expression,Low,knowledge,True,A,0.37036050870034976,0.37036050870034976,True,UC_audio,6,1.0,2.0,1.7685427225771027,0.7556575679671526
q67_1051201,Mood and Expression,Low,knowledge,True,A,0.37036050870034976,0.37036050870034976,True,UC_text,10,1.0,3.0,0.5475289371564327,0.5118126285889527
q68_1051201,Mood and Expression,Low,knowledge,True,A,0.9865655916860867,0.9865655916860867,True,MI,14,1.0,,0.8088898303538937,0.0028604695803454276
q68_1051201,Mood and Expression,Low,knowledge,True,A,0.9865655916860867,0.9865655916860867,True,MI_balanced,14,1.0,,0.8483218462192293,0.0028970825705780874
q68_1051201,Mood and Expression,Low,knowledge,True,A,0.9865655916860867,0.9865655916860867,True,UC_audio,9,1.0,,0.9910513381879584,-0.0064792917338259
q68_1051201,Mood and Expression,Low,knowledge,True,A,0.9865655916860867,0.9865655916860867,True,UC_text,6,1.0,,0.9742998599989261,0.06768298492068475
q69_1051201,Performance,Low,analitica,False,B,0.41072919865693813,0.1712174032930665,True,MI,16,1.0,11.0,-0.18788502154113715,0.18974565272636212
q69_1051201,Performance,Low,analitica,False,B,0.41072919865693813,0.1712174032930665,True,MI_balanced,16,5.0,4.0,0.3194839219291095,0.8256710970320896
q69_1051201,Performance,Low,analitica,False,B,0.41072919865693813,0.1712174032930665,True,UC_audio,12,1.0,,0.7869144549203579,0.17839015231191357
q69_1051201,Performance,Low,analitica,False,B,0.41072919865693813,0.1712174032930665,True,UC_text,9,4.0,3.0,0.9482633118595847,0.9582731450828776
q6_196219,Melody,Medium,analitica,True,A,0.5864689700566988,0.5864689700566988,True,MI,7,,3.0,0.2406751573025127,0.5875023185697847
q6_196219,Melody,Medium,analitica,True,A,0.5864689700566988,0.5864689700566988,True,MI_balanced,7,,2.0,0.24421775108396068,0.646491573550964
q6_196219,Melody,Medium,analitica,True,A,0.5864689700566988,0.5864689700566988,True,UC_audio,8,1.0,,0.8398585514940108,0.18900656556486645
q6_196219,Melody,Medium,analitica,True,A,0.5864689700566988,0.5864689700566988,True,UC_text,5,3.0,4.0,0.7167277328212833,0.5161258809882462
q70_1247308,Metre and Rhythm,Low,percettiva,True,A,0.771284887384859,0.771284887384859,True,MI,16,2.0,2.0,1.1285206876771405,0.5362191783505565
q70_1247308,Metre and Rhythm,Low,percettiva,True,A,0.771284887384859,0.771284887384859,True,MI_balanced,16,1.0,2.0,1.1527057636929317,0.3378425442065273
q70_1247308,Metre and Rhythm,Low,percettiva,True,A,0.771284887384859,0.771284887384859,True,UC_audio,2,1.0,,0.9227618242249779,0.0011760898610957268
q70_1247308,Metre and Rhythm,Low,percettiva,True,A,0.771284887384859,0.771284887384859,True,UC_text,8,1.0,4.0,0.7080481935053413,0.6952333622759053
q71_1247308,Harmony,Medium,analitica,False,B,0.5158824305401267,0.10158327360606764,True,MI,4,,1.0,-0.4157286243250836,0.8375184067440359
q71_1247308,Harmony,Medium,analitica,False,B,0.5158824305401267,0.10158327360606764,True,MI_balanced,4,,1.0,-0.44981201331546894,0.8293400208162537
q71_1247308,Harmony,Medium,analitica,False,B,0.5158824305401267,0.10158327360606764,True,UC_audio,2,1.0,,1.2935193163899923,0.12342079101171428
q71_1247308,Harmony,Medium,analitica,False,B,0.5158824305401267,0.10158327360606764,True,UC_text,9,2.0,3.0,0.9254735510026081,1.1433690919073782
q72_1247308,Structure,Medium,analitica,False,C,0.4269884587275513,0.22855045237963104,True,MI,21,1.0,7.0,-0.7474865214059695,0.9233054985214502
q72_1247308,Structure,Medium,analitica,False,C,0.4269884587275513,0.22855045237963104,True,MI_balanced,21,,2.0,-0.4212652370425066,1.8957616873889143
q72_1247308,Structure,Medium,analitica,False,C,0.4269884587275513,0.22855045237963104,True,UC_audio,2,1.0,,0.43560751090399824,0.34393519350940066
q72_1247308,Structure,Medium,analitica,False,C,0.4269884587275513,0.22855045237963104,True,UC_text,5,,1.0,-0.6811762574141407,1.461846125648224
q73_26738,Instrumentation,Low,percettiva,True,A,0.9858162880338875,0.9858162880338875,True,MI,14,1.0,,0.7797650385736821,0.03693759432178053
q73_26738,Instrumentation,Low,percettiva,True,A,0.9858162880338875,0.9858162880338875,True,MI_balanced,14,1.0,,0.7592000378739636,0.040458614329568356
q73_26738,Instrumentation,Low,percettiva,True,A,0.9858162880338875,0.9858162880338875,True,UC_audio,9,1.0,,0.8301574433373993,0.028038403569369978
q73_26738,Instrumentation,Low,percettiva,True,A,0.9858162880338875,0.9858162880338875,True,UC_text,5,1.0,,0.9958964413846751,0.03143333597667698
q74_26738,Instrumentation,Medium,percettiva,False,B,0.8622048284359101,0.04292665074044106,True,MI,13,,,0.20571817707593662,0.22237649584201322
q74_26738,Instrumentation,Medium,percettiva,False,B,0.8622048284359101,0.04292665074044106,True,MI_balanced,13,,,0.17871277679281136,0.3244030395908883
q74_26738,Instrumentation,Medium,percettiva,False,B,0.8622048284359101,0.04292665074044106,True,UC_audio,9,,,0.2364763396533022,0.19203303482337095
q74_26738,Instrumentation,Medium,percettiva,False,B,0.8622048284359101,0.04292665074044106,True,UC_text,6,1.0,,0.4881440296845195,0.3395674230436097
q75_26738,Genre and Style,Low,knowledge,True,A,0.7297707110378354,0.7297707110378354,True,MI,14,1.0,14.0,0.0012818293876288448,0.29579435098027473
q75_26738,Genre and Style,Low,knowledge,True,A,0.7297707110378354,0.7297707110378354,True,MI_balanced,14,,4.0,0.13718319980076588,0.46220635411421307
q75_26738,Genre and Style,Low,knowledge,True,A,0.7297707110378354,0.7297707110378354,True,UC_audio,8,1.0,,0.5896944213601983,0.13964818330608336
q75_26738,Genre and Style,Low,knowledge,True,A,0.7297707110378354,0.7297707110378354,True,UC_text,7,4.0,1.0,0.9638336220826811,1.2223567712601786
q76_1087890,Performance,Low,analitica,True,A,0.9711981706292938,0.9711981706292938,True,MI,21,1.0,,0.5386902839498294,0.12322206472106272
q76_1087890,Performance,Low,analitica,True,A,0.9711981706292938,0.9711981706292938,True,MI_balanced,21,2.0,5.0,0.9651863384197806,0.8313629146268157
q76_1087890,Performance,Low,analitica,True,A,0.9711981706292938,0.9711981706292938,True,UC_audio,11,1.0,,0.9147577946114532,0.0024904541792795704
q76_1087890,Performance,Low,analitica,True,A,0.9711981706292938,0.9711981706292938,True,UC_text,9,1.0,3.0,0.9481498787712657,0.9448745419461607
q77_1087890,Instrumentation,Low,percettiva,True,A,0.9989821539845178,0.9989821539845178,True,MI,20,1.0,,0.9827644627814298,0.0039928047724608106
q77_1087890,Instrumentation,Low,percettiva,True,A,0.9989821539845178,0.9989821539845178,True,MI_balanced,20,1.0,,0.9545408091115986,0.0022380684850289542
q77_1087890,Instrumentation,Low,percettiva,True,A,0.9989821539845178,0.9989821539845178,True,UC_audio,10,1.0,,0.9820762256499412,-0.0001733505370906677
q77_1087890,Instrumentation,Low,percettiva,True,A,0.9989821539845178,0.9989821539845178,True,UC_text,5,1.0,,0.9991671797184598,0.0008853463336426693
q78_1087890,Metre and Rhythm,Medium,percettiva,True,A,0.9996941109299176,0.9996941109299176,True,MI,21,1.0,,0.9843403550807425,0.0008189542416340341
q78_1087890,Metre and Rhythm,Medium,percettiva,True,A,0.9996941109299176,0.9996941109299176,True,MI_balanced,21,1.0,,0.9959433938283659,0.004710189253042565
q78_1087890,Metre and Rhythm,Medium,percettiva,True,A,0.9996941109299176,0.9996941109299176,True,UC_audio,10,1.0,,0.9995196548583629,-2.9664063279926844e-05
q78_1087890,Metre and Rhythm,Medium,percettiva,True,A,0.9996941109299176,0.9996941109299176,True,UC_text,7,1.0,,0.9994539588015,0.0031334605519445584
q79_467850,Instrumentation,Low,percettiva,False,C,0.968798802443907,0.009497769258277366,True,MI,15,1.0,,0.9282536356774576,-0.00544949389645844
q79_467850,Instrumentation,Low,percettiva,False,C,0.968798802443907,0.009497769258277366,True,MI_balanced,15,1.0,,0.885390034288646,-0.0233005979212698
q79_467850,Instrumentation,Low,percettiva,False,C,0.968798802443907,0.009497769258277366,True,UC_audio,8,1.0,,0.8790579688880827,0.028909720754983017
q79_467850,Instrumentation,Low,percettiva,False,C,0.968798802443907,0.009497769258277366,True,UC_text,8,1.0,,1.0092156599869149,0.0310990379532869
q7_171574,Metre and Rhythm,Medium,percettiva,True,A,0.9556387959074817,0.9556387959074817,True,MI,14,1.0,,0.9868358310967137,0.15534505054497977
q7_171574,Metre and Rhythm,Medium,percettiva,True,A,0.9556387959074817,0.9556387959074817,True,MI_balanced,14,1.0,,1.0296017049318438,0.3325167180752454
q7_171574,Metre and Rhythm,Medium,percettiva,True,A,0.9556387959074817,0.9556387959074817,True,UC_audio,3,2.0,,0.5824934016010813,-0.013134047441510165
q7_171574,Metre and Rhythm,Medium,percettiva,True,A,0.9556387959074817,0.9556387959074817,True,UC_text,8,1.0,,1.0270142076888653,0.1511065791733487
q80_467850,Genre and Style,Low,knowledge,True,A,0.7921827530314501,0.7921827530314501,True,MI,8,1.0,,1.0114988653829688,0.1124521145177379
q80_467850,Genre and Style,Low,knowledge,True,A,0.7921827530314501,0.7921827530314501,True,MI_balanced,8,1.0,,1.0298799202235869,0.11170897396918687
q80_467850,Genre and Style,Low,knowledge,True,A,0.7921827530314501,0.7921827530314501,True,UC_audio,3,1.0,,0.9028816308816494,-0.1239109364190456
q80_467850,Genre and Style,Low,knowledge,True,A,0.7921827530314501,0.7921827530314501,True,UC_text,6,1.0,,0.9769313634921322,-0.14063411195893358
q81_467850,Metre and Rhythm,Low,percettiva,True,A,0.48777725240587916,0.48777725240587916,True,MI,22,2.0,1.0,1.6054728079526106,1.2044030996490196
q81_467850,Metre and Rhythm,Low,percettiva,True,A,0.48777725240587916,0.48777725240587916,True,MI_balanced,22,2.0,1.0,2.0092738220957362,0.993486084474741
q81_467850,Metre and Rhythm,Low,percettiva,True,A,0.48777725240587916,0.48777725240587916,True,UC_audio,5,1.0,,1.0008238692527252,-1.0602820105857693
q81_467850,Metre and Rhythm,Low,percettiva,True,A,0.48777725240587916,0.48777725240587916,True,UC_text,5,,,-0.10334914158278259,0.07204492829421567
q82_875005,Metre and Rhythm,Medium,percettiva,True,A,0.4243460020309641,0.4243460020309641,True,MI,15,8.0,1.0,0.33236879967199945,0.636230392811684
q82_875005,Metre and Rhythm,Medium,percettiva,True,A,0.4243460020309641,0.4243460020309641,True,MI_balanced,15,7.0,1.0,0.4381622830193653,0.8616644611121778
q82_875005,Metre and Rhythm,Medium,percettiva,True,A,0.4243460020309641,0.4243460020309641,True,UC_audio,8,6.0,,0.35073862156087493,0.12317648840978747
q82_875005,Metre and Rhythm,Medium,percettiva,True,A,0.4243460020309641,0.4243460020309641,True,UC_text,4,2.0,3.0,0.13683937411802402,0.3422569341246938
q83_875005,Harmony,Medium,analitica,True,A,0.4328962083736788,0.4328962083736788,True,MI,9,2.0,8.0,-0.05764323325346674,0.4636185801789689
q83_875005,Harmony,Medium,analitica,True,A,0.4328962083736788,0.4328962083736788,True,MI_balanced,9,1.0,3.0,-0.21732027059401632,0.6490508489757297
q83_875005,Harmony,Medium,analitica,True,A,0.4328962083736788,0.4328962083736788,True,UC_audio,9,1.0,,1.1149816342693968,0.15382818327297784
q83_875005,Harmony,Medium,analitica,True,A,0.4328962083736788,0.4328962083736788,True,UC_text,4,,,0.14537464816805118,0.15902010754361368
q84_875005,Harmony,High,analitica,False,D,0.45651594269589846,0.16794282988482132,True,MI,9,2.0,3.0,0.9961426903357239,1.2400129759597034
q84_875005,Harmony,High,analitica,False,D,0.45651594269589846,0.16794282988482132,True,MI_balanced,9,1.0,2.0,0.870198703996298,1.2785535836952069
q84_875005,Harmony,High,analitica,False,D,0.45651594269589846,0.16794282988482132,True,UC_audio,11,1.0,3.0,1.7004693710221592,-0.25895986076294863
q84_875005,Harmony,High,analitica,False,D,0.45651594269589846,0.16794282988482132,True,UC_text,6,,1.0,-0.33722464302676014,1.653219809254248
q85_1215807,Musical Texture,Medium,percettiva,False,D,0.49157512047941015,0.26312120121220384,True,MI,7,4.0,6.0,1.227346487552732,1.0029425644357286
q85_1215807,Musical Texture,Medium,percettiva,False,D,0.49157512047941015,0.26312120121220384,True,MI_balanced,7,1.0,3.0,1.6127708979121496,1.267875890012018
q85_1215807,Musical Texture,Medium,percettiva,False,D,0.49157512047941015,0.26312120121220384,True,UC_audio,10,1.0,,2.105558429405772,-0.5580690148313049
q85_1215807,Musical Texture,Medium,percettiva,False,D,0.49157512047941015,0.26312120121220384,True,UC_text,5,5.0,1.0,0.5367252659764344,1.4789390670778246
q86_1215807,Sound Texture,Low,percettiva,True,A,0.3376787962539557,0.3376787962539557,True,MI,14,2.0,1.0,2.813186210699588,2.5607746059696925
q86_1215807,Sound Texture,Low,percettiva,True,A,0.3376787962539557,0.3376787962539557,True,MI_balanced,14,1.0,1.0,4.484604170404286,2.585780673111695
q86_1215807,Sound Texture,Low,percettiva,True,A,0.3376787962539557,0.3376787962539557,True,UC_audio,9,3.0,1.0,0.7575524762894024,2.1535197308152934
q86_1215807,Sound Texture,Low,percettiva,True,A,0.3376787962539557,0.3376787962539557,True,UC_text,7,1.0,5.0,6.142857653034511,1.4320180519352528
q87_1215807,Instrumentation,Medium,percettiva,False,C,0.4426772709592504,0.39066132046614016,True,MI,11,1.0,6.0,-0.3941982445983009,1.189561465508368
q87_1215807,Instrumentation,Medium,percettiva,False,C,0.4426772709592504,0.39066132046614016,True,MI_balanced,11,,2.0,-0.4491714423554494,1.8171999333324333
q87_1215807,Instrumentation,Medium,percettiva,False,C,0.4426772709592504,0.39066132046614016,True,UC_audio,6,4.0,,0.8916960481049087,-0.048045055793773356
q87_1215807,Instrumentation,Medium,percettiva,False,C,0.4426772709592504,0.39066132046614016,True,UC_text,7,7.0,1.0,0.6155309024618685,1.7223642208598862
q88_306166,Harmony,Low,analitica,True,A,0.7932010179145567,0.7932010179145567,True,MI,19,1.0,8.0,0.5057115390423663,0.3636109331481239
q88_306166,Harmony,Low,analitica,True,A,0.7932010179145567,0.7932010179145567,True,MI_balanced,19,2.0,4.0,0.3080339427600783,0.22010740182735183
q88_306166,Harmony,Low,analitica,True,A,0.7932010179145567,0.7932010179145567,True,UC_audio,14,1.0,,0.865548302828621,-0.006321866612287678
q88_306166,Harmony,Low,analitica,True,A,0.7932010179145567,0.7932010179145567,True,UC_text,8,2.0,7.0,0.3068740616061119,0.3169127632365727
q89_306166,Melody,Medium,analitica,False,C,0.6197193300839833,0.1775525607760447,True,MI,18,1.0,12.0,0.8495969922673474,0.20144206485992638
q89_306166,Melody,Medium,analitica,False,C,0.6197193300839833,0.1775525607760447,True,MI_balanced,18,1.0,4.0,0.8371919264834885,0.8840833086941549
q89_306166,Melody,Medium,analitica,False,C,0.6197193300839833,0.1775525607760447,True,UC_audio,12,1.0,,0.8220851873446453,0.0623789401481777
q89_306166,Melody,Medium,analitica,False,C,0.6197193300839833,0.1775525607760447,True,UC_text,8,1.0,6.0,1.0771077134860854,0.5939858143516754
q8_171574,Harmony,Medium,analitica,True,A,0.47255280593250937,0.47255280593250937,True,MI,10,,3.0,-0.032112336451764936,0.6814423965425503
q8_171574,Harmony,Medium,analitica,True,A,0.47255280593250937,0.47255280593250937,True,MI_balanced,10,,2.0,-0.06342516042739675,0.7499235262060242
q8_171574,Harmony,Medium,analitica,True,A,0.47255280593250937,0.47255280593250937,True,UC_audio,5,1.0,,1.011775900625773,0.07396276730786248
q8_171574,Harmony,Medium,analitica,True,A,0.47255280593250937,0.47255280593250937,True,UC_text,5,,1.0,0.31618357458620167,0.8414838592890068
q90_306166,Performance,Medium,analitica,True,A,0.9258288182396722,0.9258288182396722,True,MI,14,1.0,,0.9606099500665342,0.09870953164302962
q90_306166,Performance,Medium,analitica,True,A,0.9258288182396722,0.9258288182396722,True,MI_balanced,14,1.0,,0.9552224186347508,0.114627370536269
q90_306166,Performance,Medium,analitica,True,A,0.9258288182396722,0.9258288182396722,True,UC_audio,8,1.0,,0.9764063433735283,0.03828502950887556
q90_306166,Performance,Medium,analitica,True,A,0.9258288182396722,0.9258288182396722,True,UC_text,9,1.0,,0.963359007326393,0.1185131093829064
q91_8559,Historical and Cultural Context,Low,knowledge,False,B,0.6201343257415544,0.2929307136869115,True,MI,13,1.0,,0.8369371808467042,-0.06420111842144999
q91_8559,Historical and Cultural Context,Low,knowledge,False,B,0.6201343257415544,0.2929307136869115,True,MI_balanced,13,1.0,,0.8369371808467042,-0.06420111842144999
q91_8559,Historical and Cultural Context,Low,knowledge,False,B,0.6201343257415544,0.2929307136869115,True,UC_audio,8,1.0,,0.7872192867273711,0.009729465559573072
q91_8559,Historical and Cultural Context,Low,knowledge,False,B,0.6201343257415544,0.2929307136869115,True,UC_text,3,,1.0,-0.07093455817270074,0.533307038673781
q92_8559,Performance,Low,analitica,False,B,0.5374779528781983,0.13589570835968626,True,MI,15,1.0,2.0,0.6544148725764322,1.5140701715356515
q92_8559,Performance,Low,analitica,False,B,0.5374779528781983,0.13589570835968626,True,MI_balanced,15,1.0,1.0,0.4900381195703492,1.498849418351802
q92_8559,Performance,Low,analitica,False,B,0.5374779528781983,0.13589570835968626,True,UC_audio,7,1.0,,1.1503670927713565,-0.029481548086477294
q92_8559,Performance,Low,analitica,False,B,0.5374779528781983,0.13589570835968626,True,UC_text,7,5.0,1.0,0.49428295713383935,1.5055226612195796
q93_8559,Instrumentation,Medium,percettiva,False,D,0.398458518688083,0.24167730820800165,True,MI,5,2.0,1.0,2.4631686265054267,2.3237811950880505
q93_8559,Instrumentation,Medium,percettiva,False,D,0.398458518688083,0.24167730820800165,True,MI_balanced,5,1.0,1.0,2.5626298572038286,2.4070335333126684
q93_8559,Instrumentation,Medium,percettiva,False,D,0.398458518688083,0.24167730820800165,True,UC_audio,3,1.0,,3.970590127838356,-0.5757482880726182
q93_8559,Instrumentation,Medium,percettiva,False,D,0.398458518688083,0.24167730820800165,True,UC_text,4,,2.0,-0.36057148097083236,2.2700198094436224
q94_1420928,Instrumentation,Low,percettiva,True,A,0.8976115784473208,0.8976115784473208,True,MI,10,1.0,,0.9395735026054216,-0.02100923610133006
q94_1420928,Instrumentation,Low,percettiva,True,A,0.8976115784473208,0.8976115784473208,True,MI_balanced,10,1.0,,0.9561997024231131,-0.00925050857100269
q94_1420928,Instrumentation,Low,percettiva,True,A,0.8976115784473208,0.8976115784473208,True,UC_audio,8,1.0,,1.111030673899862,0.07158983669760242
q94_1420928,Instrumentation,Low,percettiva,True,A,0.8976115784473208,0.8976115784473208,True,UC_text,8,1.0,,1.1196562994622234,-0.007087594286488899
q95_1420928,Mood and Expression,Low,knowledge,False,B,0.5765727927208478,0.03685906546862213,True,MI,10,1.0,2.0,1.193306079330963,0.35501865773937896
q95_1420928,Mood and Expression,Low,knowledge,False,B,0.5765727927208478,0.03685906546862213,True,MI_balanced,10,1.0,2.0,1.123418116088838,0.13881703397820006
q95_1420928,Mood and Expression,Low,knowledge,False,B,0.5765727927208478,0.03685906546862213,True,UC_audio,8,1.0,,0.9221563210103121,-0.008874125773101819
q95_1420928,Mood and Expression,Low,knowledge,False,B,0.5765727927208478,0.03685906546862213,True,UC_text,5,1.0,5.0,1.223235106740305,0.6840385458816327
q96_1420928,Harmony,Medium,analitica,True,A,0.5489203364981029,0.5489203364981029,True,MI,14,9.0,,0.39905695767223753,0.09342411310820346
q96_1420928,Harmony,Medium,analitica,True,A,0.5489203364981029,0.5489203364981029,True,MI_balanced,14,1.0,,0.4202712556662916,-0.04886684861178968
q96_1420928,Harmony,Medium,analitica,True,A,0.5489203364981029,0.5489203364981029,True,UC_audio,8,4.0,,0.6434570359352937,0.3291291677275382
q96_1420928,Harmony,Medium,analitica,True,A,0.5489203364981029,0.5489203364981029,True,UC_text,3,1.0,,1.271842273793567,0.13303103781535702
q97_1319502,Genre and Style,Low,knowledge,False,D,0.8527103496530819,0.0227239611076227,True,MI,15,8.0,2.0,0.32732308504595425,0.7695401743077057
q97_1319502,Genre and Style,Low,knowledge,False,D,0.8527103496530819,0.0227239611076227,True,MI_balanced,15,10.0,2.0,0.12316802694608987,0.6032616925425461
q97_1319502,Genre and Style,Low,knowledge,False,D,0.8527103496530819,0.0227239611076227,True,UC_audio,15,1.0,,0.5952969426176887,0.013483805856806077
q97_1319502,Genre and Style,Low,knowledge,False,D,0.8527103496530819,0.0227239611076227,True,UC_text,7,2.0,1.0,0.5302781479223072,0.8563064048134861
q98_1319502,Instrumentation,Medium,percettiva,False,C,0.6934746595175728,0.03046915008473866,True,MI,17,,10.0,-0.18496936210706771,0.401761642369233
q98_1319502,Instrumentation,Medium,percettiva,False,C,0.6934746595175728,0.03046915008473866,True,MI_balanced,17,,9.0,-0.2666577852347997,0.45587750418505835
q98_1319502,Instrumentation,Medium,percettiva,False,C,0.6934746595175728,0.03046915008473866,True,UC_audio,15,10.0,,0.38980957477863615,0.10785183314082183
q98_1319502,Instrumentation,Medium,percettiva,False,C,0.6934746595175728,0.03046915008473866,True,UC_text,6,5.0,5.0,0.8351872571789708,1.0388362471864432
q99_1319502,Historical and Cultural Context,Low,knowledge,True,A,0.47840665106639224,0.47840665106639224,True,MI,18,2.0,,0.9365212982473107,0.2294429781215898
q99_1319502,Historical and Cultural Context,Low,knowledge,True,A,0.47840665106639224,0.47840665106639224,True,MI_balanced,18,1.0,,0.5507328416102796,-0.047470067894539995
q99_1319502,Historical and Cultural Context,Low,knowledge,True,A,0.47840665106639224,0.47840665106639224,True,UC_audio,11,,3.0,-0.15933968656004835,0.33874188156982754
q99_1319502,Historical and Cultural Context,Low,knowledge,True,A,0.47840665106639224,0.47840665106639224,True,UC_text,2,1.0,,2.1467046347692245,-1.608217653782734
q9_171574,Sound Texture,Medium,percettiva,True,A,0.4596151413215651,0.4596151413215651,True,MI,6,1.0,,0.7135180059313002,0.2550321693571312
q9_171574,Sound Texture,Medium,percettiva,True,A,0.4596151413215651,0.4596151413215651,True,MI_balanced,6,4.0,,0.570586193010296,0.27719229367870274
q9_171574,Sound Texture,Medium,percettiva,True,A,0.4596151413215651,0.4596151413215651,True,UC_audio,2,1.0,,1.0349072362133582,-0.048817266835622965
q9_171574,Sound Texture,Medium,percettiva,True,A,0.4596151413215651,0.4596151413215651,True,UC_text,7,2.0,3.0,0.945807295794277,0.7857248554880171
