sample_id,category,difficulty,macro_family,correct_baseline,target_letter,prob_original_target,prob_original_correct,baseline_above_chance,feature_source,n_positive_available,minimal_sufficient_k,minimal_necessary_k,auc_sufficiency,auc_necessity
q100_1247352,Instrumentation,High,percettiva,True,A,0.7790570969882284,0.7790570969882284,True,MI,4,1.0,,1.2225581952021751,-0.02716016189510758
q100_1247352,Instrumentation,High,percettiva,True,A,0.7790570969882284,0.7790570969882284,True,MI_balanced,4,1.0,,1.2262715760267626,-0.02803596496088171
q100_1247352,Instrumentation,High,percettiva,True,A,0.7790570969882284,0.7790570969882284,True,UC_audio,8,1.0,,1.1416509828861636,0.03729944653705831
q100_1247352,Instrumentation,High,percettiva,True,A,0.7790570969882284,0.7790570969882284,True,UC_text,9,2.0,4.0,1.0477545713097256,0.3064837893069298
q101_1247352,Melody,High,analitica,True,A,0.5804742536572705,0.5804742536572705,True,MI,7,1.0,,1.279664825709225,-0.10466864114432825
q101_1247352,Melody,High,analitica,True,A,0.5804742536572705,0.5804742536572705,True,MI_balanced,7,1.0,,1.2899394101923378,-0.09909181585066218
q101_1247352,Melody,High,analitica,True,A,0.5804742536572705,0.5804742536572705,True,UC_audio,8,1.0,,1.0492213511733346,-0.09311218285123944
q101_1247352,Melody,High,analitica,True,A,0.5804742536572705,0.5804742536572705,True,UC_text,9,1.0,3.0,1.1040039024273618,0.2183748303237309
q102_1247352,Instrumentation,Medium,percettiva,True,A,0.6273510373797226,0.6273510373797226,True,MI,7,1.0,,0.8491019215029254,0.05797757212345944
q102_1247352,Instrumentation,Medium,percettiva,True,A,0.6273510373797226,0.6273510373797226,True,MI_balanced,7,1.0,,0.8517297679652128,0.053578041791530334
q102_1247352,Instrumentation,Medium,percettiva,True,A,0.6273510373797226,0.6273510373797226,True,UC_audio,9,1.0,,1.079530780766562,0.056314408344447044
q102_1247352,Instrumentation,Medium,percettiva,True,A,0.6273510373797226,0.6273510373797226,True,UC_text,6,1.0,,0.9331189865407514,0.37914406035440096
q103_625206,Metre and Rhythm,Medium,percettiva,True,A,0.7788002927718618,0.7788002927718618,True,MI,8,3.0,,0.796477376270175,0.2330172393257825
q103_625206,Metre and Rhythm,Medium,percettiva,True,A,0.7788002927718618,0.7788002927718618,True,MI_balanced,8,3.0,,0.7965487060121095,0.2399654311339399
q103_625206,Metre and Rhythm,Medium,percettiva,True,A,0.7788002927718618,0.7788002927718618,True,UC_audio,9,2.0,,0.8585078436133023,0.23016034761082108
q103_625206,Metre and Rhythm,Medium,percettiva,True,A,0.7788002927718618,0.7788002927718618,True,UC_text,7,4.0,1.0,0.7756199145562757,0.8206800281528067
q104_625206,Instrumentation,Medium,percettiva,False,C,0.9475836433507352,0.03674180512522175,True,MI,8,1.0,,1.0358212820116552,-0.018066975148388995
q104_625206,Instrumentation,Medium,percettiva,False,C,0.9475836433507352,0.03674180512522175,True,MI_balanced,8,1.0,,1.0356925039654181,-0.01855610371373885
q104_625206,Instrumentation,Medium,percettiva,False,C,0.9475836433507352,0.03674180512522175,True,UC_audio,8,1.0,,1.015799385926322,-0.00589177054636753
q104_625206,Instrumentation,Medium,percettiva,False,C,0.9475836433507352,0.03674180512522175,True,UC_text,7,6.0,3.0,0.6172977466235358,0.7229940121532379
q105_625206,Instrumentation,Medium,percettiva,False,D,0.3677917879117347,0.25277935265909834,True,MI,3,1.0,,0.5974268537389876,-0.017597024280229818
q105_625206,Instrumentation,Medium,percettiva,False,D,0.3677917879117347,0.25277935265909834,True,MI_balanced,3,1.0,,0.5928084295804686,-0.0011611815258842583
q105_625206,Instrumentation,Medium,percettiva,False,D,0.3677917879117347,0.25277935265909834,True,UC_audio,9,2.0,,0.47596238740136615,-0.09213110901903626
q105_625206,Instrumentation,Medium,percettiva,False,D,0.3677917879117347,0.25277935265909834,True,UC_text,10,3.0,3.0,0.5786564696778835,1.9931929939380582
q106_395289,Instrumentation,Low,percettiva,True,A,0.5014154751169733,0.5014154751169733,True,MI,9,1.0,,1.3192817623365223,-0.11040194412508934
q106_395289,Instrumentation,Low,percettiva,True,A,0.5014154751169733,0.5014154751169733,True,MI_balanced,9,1.0,,1.318947649426625,-0.11594971611646682
q106_395289,Instrumentation,Low,percettiva,True,A,0.5014154751169733,0.5014154751169733,True,UC_audio,10,1.0,,1.3223650641370428,-0.08537232642982838
q106_395289,Instrumentation,Low,percettiva,True,A,0.5014154751169733,0.5014154751169733,True,UC_text,5,3.0,2.0,1.2032408885748849,0.5406523775021367
q107_2083,Metre and Rhythm,Medium,percettiva,False,C,0.4046391751521694,0.3151333064698769,True,MI,4,1.0,,1.1305182900417843,0.13403181001598885
q107_2083,Metre and Rhythm,Medium,percettiva,False,C,0.4046391751521694,0.3151333064698769,True,MI_balanced,4,1.0,,1.114608351419409,0.14324380390124422
q107_2083,Metre and Rhythm,Medium,percettiva,False,C,0.4046391751521694,0.3151333064698769,True,UC_audio,9,1.0,,1.4321161496108203,0.22277894987684962
q107_2083,Metre and Rhythm,Medium,percettiva,False,C,0.4046391751521694,0.3151333064698769,True,UC_text,9,3.0,,3.0801774116463254,-0.6362951557896692
q108_2083,Genre and Style,Low,knowledge,False,B,0.5482601385398129,0.2934625049548398,True,MI,4,2.0,,0.9006740461977294,-0.12344520974988328
q108_2083,Genre and Style,Low,knowledge,False,B,0.5482601385398129,0.2934625049548398,True,MI_balanced,4,4.0,,0.9052159711711233,-0.12076574368276828
q108_2083,Genre and Style,Low,knowledge,False,B,0.5482601385398129,0.2934625049548398,True,UC_audio,7,2.0,,1.0690418168250275,-0.09185218012846456
q108_2083,Genre and Style,Low,knowledge,False,B,0.5482601385398129,0.2934625049548398,True,UC_text,6,1.0,2.0,0.7670914458560447,1.311267592411377
q109_2083,Instrumentation,Low,percettiva,False,C,0.8885017981219939,0.07293266887617549,True,MI,10,1.0,,0.7887705987426117,0.07826568829098961
q109_2083,Instrumentation,Low,percettiva,False,C,0.8885017981219939,0.07293266887617549,True,MI_balanced,10,1.0,,0.7897921814041274,0.07789808011347499
q109_2083,Instrumentation,Low,percettiva,False,C,0.8885017981219939,0.07293266887617549,True,UC_audio,9,1.0,,0.8648469863978193,0.018247604610192578
q109_2083,Instrumentation,Low,percettiva,False,C,0.8885017981219939,0.07293266887617549,True,UC_text,6,1.0,3.0,0.9630334817156977,0.2868457140292057
q10_1093606,Sound Texture,Low,percettiva,False,B,0.6408866383029549,0.02484987171013242,True,MI,5,1.0,,1.4715974648067622,-0.1865573655185785
q10_1093606,Sound Texture,Low,percettiva,False,B,0.6408866383029549,0.02484987171013242,True,MI_balanced,5,1.0,,1.4731269484421674,-0.1865573655185785
q10_1093606,Sound Texture,Low,percettiva,False,B,0.6408866383029549,0.02484987171013242,True,UC_audio,7,1.0,,0.895101711628552,-0.1709409239002271
q10_1093606,Sound Texture,Low,percettiva,False,B,0.6408866383029549,0.02484987171013242,True,UC_text,7,1.0,1.0,1.411722165207659,1.0625362681353527
q110_1336202,Performance,Medium,analitica,True,A,0.6696671306408498,0.6696671306408498,True,MI,6,1.0,,1.2410281749097833,-0.2366951237791036
q110_1336202,Performance,Medium,analitica,True,A,0.6696671306408498,0.6696671306408498,True,MI_balanced,6,1.0,,1.249973168728708,-0.23323175963395357
q110_1336202,Performance,Medium,analitica,True,A,0.6696671306408498,0.6696671306408498,True,UC_audio,10,1.0,,1.2697993649504822,-0.12087619316471
q110_1336202,Performance,Medium,analitica,True,A,0.6696671306408498,0.6696671306408498,True,UC_text,9,2.0,1.0,0.07541563770055724,0.6674696683140188
q111_1336202,Functional Context,Low,knowledge,True,A,0.8604446027544799,0.8604446027544799,True,MI,5,1.0,,1.0057731899852187,0.04547213212631951
q111_1336202,Functional Context,Low,knowledge,True,A,0.8604446027544799,0.8604446027544799,True,MI_balanced,5,1.0,,1.000834134740997,0.04941916535636782
q111_1336202,Functional Context,Low,knowledge,True,A,0.8604446027544799,0.8604446027544799,True,UC_audio,9,1.0,,0.9824000784001802,0.04628829931236176
q111_1336202,Functional Context,Low,knowledge,True,A,0.8604446027544799,0.8604446027544799,True,UC_text,4,1.0,3.0,0.9019945031004049,0.7084938949319243
q112_1336202,Instrumentation,Medium,percettiva,False,C,0.7626692377196053,0.09108785086656886,True,MI,12,1.0,,0.8602784958325143,0.0929169343411244
q112_1336202,Instrumentation,Medium,percettiva,False,C,0.7626692377196053,0.09108785086656886,True,MI_balanced,12,1.0,,0.8612942553126892,0.09137284823507838
q112_1336202,Instrumentation,Medium,percettiva,False,C,0.7626692377196053,0.09108785086656886,True,UC_audio,10,1.0,,0.7756680339484595,0.03890687285918133
q112_1336202,Instrumentation,Medium,percettiva,False,C,0.7626692377196053,0.09108785086656886,True,UC_text,6,1.0,,1.1346079441509858,-0.311476772055318
q113_1327741,Historical and Cultural Context,Low,knowledge,True,A,0.7851148705243092,0.7851148705243092,True,MI,3,1.0,,0.8010644834935537,0.04745717982912922
q113_1327741,Historical and Cultural Context,Low,knowledge,True,A,0.7851148705243092,0.7851148705243092,True,MI_balanced,3,1.0,,0.8027814905632169,0.05070951499016273
q113_1327741,Historical and Cultural Context,Low,knowledge,True,A,0.7851148705243092,0.7851148705243092,True,UC_audio,9,1.0,,0.9865927782284636,0.06261886103223858
q113_1327741,Historical and Cultural Context,Low,knowledge,True,A,0.7851148705243092,0.7851148705243092,True,UC_text,4,1.0,1.0,0.5221611516711627,0.785008674591969
q114_1327741,Melody,High,analitica,False,C,0.6951396736244371,0.039217096801806496,True,MI,11,1.0,,0.5885642752497001,0.21983716434050574
q114_1327741,Melody,High,analitica,False,C,0.6951396736244371,0.039217096801806496,True,MI_balanced,11,1.0,,0.563797716521878,0.23237971549686867
q114_1327741,Melody,High,analitica,False,C,0.6951396736244371,0.039217096801806496,True,UC_audio,9,1.0,,0.3758697128571797,0.16489437487415662
q114_1327741,Melody,High,analitica,False,C,0.6951396736244371,0.039217096801806496,True,UC_text,8,1.0,3.0,0.6293130191526888,0.6598919289139912
q115_1327741,Musical Texture,Medium,percettiva,False,D,0.6970182760796334,0.07346518580424083,True,MI,7,1.0,,1.0002079912535893,-0.040934312321589346
q115_1327741,Musical Texture,Medium,percettiva,False,D,0.6970182760796334,0.07346518580424083,True,MI_balanced,7,1.0,,0.986247962684482,-0.05517751910207666
q115_1327741,Musical Texture,Medium,percettiva,False,D,0.6970182760796334,0.07346518580424083,True,UC_audio,10,1.0,,1.0766848681359495,0.0694991110881045
q115_1327741,Musical Texture,Medium,percettiva,False,D,0.6970182760796334,0.07346518580424083,True,UC_text,8,3.0,2.0,0.9102911569120774,1.0006594657678178
q116_1162034,Harmony,High,analitica,False,C,0.33923575474638956,0.29937450280963623,True,MI,14,,1.0,-0.6257101165271265,0.6691123338712726
q116_1162034,Harmony,High,analitica,False,C,0.33923575474638956,0.29937450280963623,True,MI_balanced,14,,1.0,-0.6257101165271265,0.6691123338712727
q116_1162034,Harmony,High,analitica,False,C,0.33923575474638956,0.29937450280963623,True,UC_audio,9,,1.0,-0.8751126077188467,0.2208351558947489
q116_1162034,Harmony,High,analitica,False,C,0.33923575474638956,0.29937450280963623,True,UC_text,9,6.0,1.0,0.5675010248945033,2.7374418320415286
q117_1162034,Melody,High,analitica,True,A,0.5666564062416855,0.5666564062416855,True,MI,9,1.0,,1.0214020860808728,-0.06680936440413741
q117_1162034,Melody,High,analitica,True,A,0.5666564062416855,0.5666564062416855,True,MI_balanced,9,1.0,,1.0171022313104572,-0.06936383933131267
q117_1162034,Melody,High,analitica,True,A,0.5666564062416855,0.5666564062416855,True,UC_audio,10,1.0,,1.1728258360506596,-0.10621858724830832
q117_1162034,Melody,High,analitica,True,A,0.5666564062416855,0.5666564062416855,True,UC_text,6,1.0,,1.0336904703750456,-0.10635873582354384
q118_1162034,Instrumentation,Low,percettiva,True,A,0.3361950722027551,0.3361950722027551,True,MI,11,11.0,,0.4203943723498655,0.3175671480001809
q118_1162034,Instrumentation,Low,percettiva,True,A,0.3361950722027551,0.3361950722027551,True,MI_balanced,11,11.0,,0.43384775121649455,0.315110536221996
q118_1162034,Instrumentation,Low,percettiva,True,A,0.3361950722027551,0.3361950722027551,True,UC_audio,10,1.0,,0.785678269024905,0.16697628145010993
q118_1162034,Instrumentation,Low,percettiva,True,A,0.3361950722027551,0.3361950722027551,True,UC_text,5,2.0,4.0,1.80016136032093,0.7849522351002326
q119_1227239,Mood and Expression,Low,knowledge,True,A,0.9974223552051634,0.9974223552051634,True,MI,9,1.0,,1.0006002244128254,-0.00042037840578505894
q119_1227239,Mood and Expression,Low,knowledge,True,A,0.9974223552051634,0.9974223552051634,True,MI_balanced,9,1.0,,1.0006053354698434,-0.0004760955339255585
q119_1227239,Mood and Expression,Low,knowledge,True,A,0.9974223552051634,0.9974223552051634,True,UC_audio,10,1.0,,1.0008860032018692,1.7702631428408773e-06
q119_1227239,Mood and Expression,Low,knowledge,True,A,0.9974223552051634,0.9974223552051634,True,UC_text,9,1.0,,0.987946958068176,0.05023128362077081
q11_1093606,Harmony,High,analitica,True,A,0.582197206867429,0.582197206867429,True,MI,9,1.0,,0.8329994119973513,-0.002407124348477041
q11_1093606,Harmony,High,analitica,True,A,0.582197206867429,0.582197206867429,True,MI_balanced,9,1.0,,0.8340645134010404,0.011716834225483051
q11_1093606,Harmony,High,analitica,True,A,0.582197206867429,0.582197206867429,True,UC_audio,10,1.0,,0.9659515546701681,0.02664162006628142
q11_1093606,Harmony,High,analitica,True,A,0.582197206867429,0.582197206867429,True,UC_text,7,1.0,,1.7293014374992568,-0.11530086568116409
q120_1227239,Harmony,Medium,analitica,True,A,0.3230435121166624,0.3230435121166624,True,MI,11,1.0,,0.9975640452620846,0.15615311633849596
q120_1227239,Harmony,Medium,analitica,True,A,0.3230435121166624,0.3230435121166624,True,MI_balanced,11,1.0,,1.0951223647563693,0.14151104221326882
q120_1227239,Harmony,Medium,analitica,True,A,0.3230435121166624,0.3230435121166624,True,UC_audio,10,1.0,,0.7272031614725063,-0.009161753253302747
q120_1227239,Harmony,Medium,analitica,True,A,0.3230435121166624,0.3230435121166624,True,UC_text,9,,1.0,-0.3920752446967751,1.4304368548521849
q121_1227239,Instrumentation,Low,percettiva,False,C,0.6327804714672414,0.23278692622757058,True,MI,9,2.0,,0.9936490057622062,0.046893403152183
q121_1227239,Instrumentation,Low,percettiva,False,C,0.6327804714672414,0.23278692622757058,True,MI_balanced,9,2.0,,0.9883972322458096,0.04412027956136411
q121_1227239,Instrumentation,Low,percettiva,False,C,0.6327804714672414,0.23278692622757058,True,UC_audio,9,2.0,,0.8954450273280166,0.031271870903973965
q121_1227239,Instrumentation,Low,percettiva,False,C,0.6327804714672414,0.23278692622757058,True,UC_text,6,1.0,1.0,1.4930071124155213,-0.03734433972400631
q122_114772,Structure,Medium,analitica,False,C,0.6361127657331545,0.03167018975722758,True,MI,10,1.0,,0.9111237656526139,0.2935445469316508
q122_114772,Structure,Medium,analitica,False,C,0.6361127657331545,0.03167018975722758,True,MI_balanced,10,1.0,,0.9054341639633399,0.30374609679950293
q122_114772,Structure,Medium,analitica,False,C,0.6361127657331545,0.03167018975722758,True,UC_audio,9,1.0,,0.5978712821859496,0.1642974397226232
q122_114772,Structure,Medium,analitica,False,C,0.6361127657331545,0.03167018975722758,True,UC_text,6,2.0,1.0,0.6561532724512303,0.3325719546639126
q123_114772,Harmony,Medium,analitica,True,A,0.5619159169467425,0.5619159169467425,True,MI,6,1.0,,0.9225836896559618,0.0515253348277501
q123_114772,Harmony,Medium,analitica,True,A,0.5619159169467425,0.5619159169467425,True,MI_balanced,6,1.0,,0.9140362038243869,0.0215504865161069
q123_114772,Harmony,Medium,analitica,True,A,0.5619159169467425,0.5619159169467425,True,UC_audio,9,1.0,,0.9560317204471115,0.0692956899654451
q123_114772,Harmony,Medium,analitica,True,A,0.5619159169467425,0.5619159169467425,True,UC_text,9,4.0,7.0,0.7985179018349027,0.6928134542067654
q124_114772,Musical Texture,Low,percettiva,True,A,0.8309526605432608,0.8309526605432608,True,MI,6,1.0,,1.0861161190261015,-0.04472423715570938
q124_114772,Musical Texture,Low,percettiva,True,A,0.8309526605432608,0.8309526605432608,True,MI_balanced,6,1.0,,1.0865706642904258,-0.04539564394743001
q124_114772,Musical Texture,Low,percettiva,True,A,0.8309526605432608,0.8309526605432608,True,UC_audio,10,1.0,,0.9930182106434654,-0.033040187512808156
q124_114772,Musical Texture,Low,percettiva,True,A,0.8309526605432608,0.8309526605432608,True,UC_text,9,1.0,2.0,0.6500817382481718,0.7561054798695495
q125_187621,Functional Context,Low,knowledge,False,D,0.8964590761650891,0.05730871139857511,True,MI,12,1.0,,0.9904053687224831,0.006666326270824956
q125_187621,Functional Context,Low,knowledge,False,D,0.8964590761650891,0.05730871139857511,True,MI_balanced,12,1.0,,0.9901570095695914,0.007546516152201215
q125_187621,Functional Context,Low,knowledge,False,D,0.8964590761650891,0.05730871139857511,True,UC_audio,11,1.0,,0.9906265218804144,0.0009216305464497534
q125_187621,Functional Context,Low,knowledge,False,D,0.8964590761650891,0.05730871139857511,True,UC_text,8,1.0,2.0,0.9859145151702278,0.40974324620159286
q126_187621,Mood and Expression,Low,knowledge,False,B,0.48338907230585926,0.044962187650545986,True,MI,13,4.0,5.0,0.39343383894487455,0.6740854026254617
q126_187621,Mood and Expression,Low,knowledge,False,B,0.48338907230585926,0.044962187650545986,True,MI_balanced,13,4.0,5.0,0.385914126460637,0.6915245001016711
q126_187621,Mood and Expression,Low,knowledge,False,B,0.48338907230585926,0.044962187650545986,True,UC_audio,9,,,0.01170852059006714,0.16604143559816123
q126_187621,Mood and Expression,Low,knowledge,False,B,0.48338907230585926,0.044962187650545986,True,UC_text,7,5.0,5.0,0.5472766235428473,1.151053138650117
q127_187621,Instrumentation,Low,percettiva,False,C,0.5386514582834605,0.41950217751371327,True,MI,5,5.0,,1.1470985485906071,-0.2632199875308949
q127_187621,Instrumentation,Low,percettiva,False,C,0.5386514582834605,0.41950217751371327,True,MI_balanced,5,5.0,,1.1441602059982772,-0.2695966004937927
q127_187621,Instrumentation,Low,percettiva,False,C,0.5386514582834605,0.41950217751371327,True,UC_audio,8,6.0,,0.19211280180040122,-0.21572039330244763
q127_187621,Instrumentation,Low,percettiva,False,C,0.5386514582834605,0.41950217751371327,True,UC_text,7,1.0,,0.19933893273033268,-0.5217206035429695
q128_332470,Metre and Rhythm,Medium,percettiva,True,A,0.9007737147653146,0.9007737147653146,True,MI,5,1.0,,1.0278492651207476,-0.015870315556233614
q128_332470,Metre and Rhythm,Medium,percettiva,True,A,0.9007737147653146,0.9007737147653146,True,MI_balanced,5,1.0,,1.0286489074550293,-0.015213328308099293
q128_332470,Metre and Rhythm,Medium,percettiva,True,A,0.9007737147653146,0.9007737147653146,True,UC_audio,9,1.0,,1.0309867784594349,-0.012295108736857518
q128_332470,Metre and Rhythm,Medium,percettiva,True,A,0.9007737147653146,0.9007737147653146,True,UC_text,6,2.0,2.0,0.7392942911817282,0.69277439984772
q129_332470,Historical and Cultural Context,Low,knowledge,False,B,0.4042843624712854,0.09020803454372377,True,MI,11,2.0,,0.9514711345001725,0.09201442630977702
q129_332470,Historical and Cultural Context,Low,knowledge,False,B,0.4042843624712854,0.09020803454372377,True,MI_balanced,11,2.0,,0.943552687271498,0.07929301564163485
q129_332470,Historical and Cultural Context,Low,knowledge,False,B,0.4042843624712854,0.09020803454372377,True,UC_audio,9,2.0,,0.7378689363328349,0.08375077363113051
q129_332470,Historical and Cultural Context,Low,knowledge,False,B,0.4042843624712854,0.09020803454372377,True,UC_text,6,1.0,2.0,0.4651517176183783,0.7536930077385525
q12_1093606,Instrumentation,Low,percettiva,False,D,0.5314011417442056,0.3652263074580743,True,MI,8,1.0,,1.3971772860133587,0.03959130292814982
q12_1093606,Instrumentation,Low,percettiva,False,D,0.5314011417442056,0.3652263074580743,True,MI_balanced,8,1.0,,1.3800373961071069,0.027132129507765133
q12_1093606,Instrumentation,Low,percettiva,False,D,0.5314011417442056,0.3652263074580743,True,UC_audio,9,1.0,,1.2123718951314968,-0.007054711217924675
q12_1093606,Instrumentation,Low,percettiva,False,D,0.5314011417442056,0.3652263074580743,True,UC_text,7,6.0,2.0,0.7844070829515771,1.2371267694604178
q130_332470,Melody,Medium,analitica,False,B,0.8813614862706248,0.04972301256270012,True,MI,8,1.0,,1.029248035837901,-0.002154144190739706
q130_332470,Melody,Medium,analitica,False,B,0.8813614862706248,0.04972301256270012,True,MI_balanced,8,1.0,,1.0288442942009195,-0.002154144190739706
q130_332470,Melody,Medium,analitica,False,B,0.8813614862706248,0.04972301256270012,True,UC_audio,8,1.0,,1.0105927584748318,-0.003734742836032126
q130_332470,Melody,Medium,analitica,False,B,0.8813614862706248,0.04972301256270012,True,UC_text,7,3.0,2.0,0.8125377472671269,0.9491423738350823
q131_182074,Sound Texture,Low,percettiva,False,C,0.8682049829372901,0.03814626470682728,True,MI,9,1.0,,1.1575404757396481,-0.030766041004657
q131_182074,Sound Texture,Low,percettiva,False,C,0.8682049829372901,0.03814626470682728,True,MI_balanced,9,1.0,,1.156807976586666,-0.030150944629462478
q131_182074,Sound Texture,Low,percettiva,False,C,0.8682049829372901,0.03814626470682728,True,UC_audio,10,1.0,,1.1367066762595321,-0.025068021769950665
q131_182074,Sound Texture,Low,percettiva,False,C,0.8682049829372901,0.03814626470682728,True,UC_text,6,,1.0,-0.15801222912518487,1.2947989624960856
q132_182074,Instrumentation,Medium,percettiva,True,A,0.6743619592813902,0.6743619592813902,True,MI,11,1.0,,1.087074204574892,-0.004887672938987096
q132_182074,Instrumentation,Medium,percettiva,True,A,0.6743619592813902,0.6743619592813902,True,MI_balanced,11,1.0,,1.080948166595894,-0.0006806103740220668
q132_182074,Instrumentation,Medium,percettiva,True,A,0.6743619592813902,0.6743619592813902,True,UC_audio,10,1.0,,1.0546314830849255,-0.04852028418148409
q132_182074,Instrumentation,Medium,percettiva,True,A,0.6743619592813902,0.6743619592813902,True,UC_text,6,1.0,6.0,1.1518797036268453,0.4862647009109196
q133_182074,Sound Texture,Low,percettiva,True,A,0.920607015969818,0.920607015969818,True,MI,6,1.0,,1.027955227894997,-4.390648398406935e-05
q133_182074,Sound Texture,Low,percettiva,True,A,0.920607015969818,0.920607015969818,True,MI_balanced,6,1.0,,1.0274036899045398,0.0015890669162785525
q133_182074,Sound Texture,Low,percettiva,True,A,0.920607015969818,0.920607015969818,True,UC_audio,10,1.0,,1.023352588634648,-0.019572409657625387
q133_182074,Sound Texture,Low,percettiva,True,A,0.920607015969818,0.920607015969818,True,UC_text,8,1.0,,1.0693107491528964,0.05951336710519857
q134_172015,Metre and Rhythm,High,percettiva,False,C,0.44390227389982817,0.23760376525045013,True,MI,7,1.0,,1.0411772620339546,0.06661136043055342
q134_172015,Metre and Rhythm,High,percettiva,False,C,0.44390227389982817,0.23760376525045013,True,MI_balanced,7,1.0,,1.0426102767262337,0.06661136043055342
q134_172015,Metre and Rhythm,High,percettiva,False,C,0.44390227389982817,0.23760376525045013,True,UC_audio,9,1.0,,0.9933460808088267,0.033283566186872976
q134_172015,Metre and Rhythm,High,percettiva,False,C,0.44390227389982817,0.23760376525045013,True,UC_text,8,,3.0,0.0019598570989844575,0.8593341209362712
q135_172015,Metre and Rhythm,Low,percettiva,True,A,0.8509611161923704,0.8509611161923704,True,MI,8,1.0,,1.0196916191848928,0.026236777135009357
q135_172015,Metre and Rhythm,Low,percettiva,True,A,0.8509611161923704,0.8509611161923704,True,MI_balanced,8,1.0,,1.0204549939235878,0.026236777135009357
q135_172015,Metre and Rhythm,Low,percettiva,True,A,0.8509611161923704,0.8509611161923704,True,UC_audio,9,1.0,,0.9710670103279812,0.04723189676317954
q135_172015,Metre and Rhythm,Low,percettiva,True,A,0.8509611161923704,0.8509611161923704,True,UC_text,9,1.0,5.0,0.9482793473134749,0.3802255679481036
q136_172015,Instrumentation,Low,percettiva,True,A,0.9957453450611267,0.9957453450611267,True,MI,11,1.0,,0.9279954142882215,0.009072482594290865
q136_172015,Instrumentation,Low,percettiva,True,A,0.9957453450611267,0.9957453450611267,True,MI_balanced,11,1.0,,0.9279716471274668,0.008861198618011597
q136_172015,Instrumentation,Low,percettiva,True,A,0.9957453450611267,0.9957453450611267,True,UC_audio,11,1.0,,0.9287803063955532,0.008988141523657863
q136_172015,Instrumentation,Low,percettiva,True,A,0.9957453450611267,0.9957453450611267,True,UC_text,7,1.0,,1.001502682844401,0.0121835501205854
q137_250001,Functional Context,Low,knowledge,True,A,0.7503974196437038,0.7503974196437038,True,MI,7,1.0,,0.8615538063308271,0.17246574268989862
q137_250001,Functional Context,Low,knowledge,True,A,0.7503974196437038,0.7503974196437038,True,MI_balanced,7,1.0,,0.8586643568230455,0.1692210176358538
q137_250001,Functional Context,Low,knowledge,True,A,0.7503974196437038,0.7503974196437038,True,UC_audio,9,1.0,,0.8691605185500885,0.27195974224088226
q137_250001,Functional Context,Low,knowledge,True,A,0.7503974196437038,0.7503974196437038,True,UC_text,4,1.0,,0.9361709922559516,0.06303286152811288
q138_250001,Instrumentation,Medium,percettiva,True,A,0.6981525846051534,0.6981525846051534,True,MI,11,1.0,,1.1169510613608726,-0.05720020658494847
q138_250001,Instrumentation,Medium,percettiva,True,A,0.6981525846051534,0.6981525846051534,True,MI_balanced,11,1.0,,1.109744192149842,-0.05172256627309116
q138_250001,Instrumentation,Medium,percettiva,True,A,0.6981525846051534,0.6981525846051534,True,UC_audio,10,1.0,,1.0615189538954544,-0.014389444296897947
q138_250001,Instrumentation,Medium,percettiva,True,A,0.6981525846051534,0.6981525846051534,True,UC_text,6,3.0,1.0,0.7933181115479976,1.2207350399941677
q139_250001,Performance,Medium,analitica,True,A,0.40826366570209055,0.40826366570209055,True,MI,8,1.0,,0.7706056182216,0.11289606576455423
q139_250001,Performance,Medium,analitica,True,A,0.40826366570209055,0.40826366570209055,True,MI_balanced,8,1.0,,0.7850712101338381,0.09060297743908204
q139_250001,Performance,Medium,analitica,True,A,0.40826366570209055,0.40826366570209055,True,UC_audio,10,1.0,,1.006243499187879,0.13607194520031476
q139_250001,Performance,Medium,analitica,True,A,0.40826366570209055,0.40826366570209055,True,UC_text,9,2.0,7.0,0.9009363017949532,0.5737185218436005
q13_1045016,Metre and Rhythm,Medium,percettiva,True,A,0.9858887609518949,0.9858887609518949,True,MI,12,1.0,,0.9212040126353144,0.01995477179260779
q13_1045016,Metre and Rhythm,Medium,percettiva,True,A,0.9858887609518949,0.9858887609518949,True,MI_balanced,12,1.0,,0.9206503681120004,0.02025995332272256
q13_1045016,Metre and Rhythm,Medium,percettiva,True,A,0.9858887609518949,0.9858887609518949,True,UC_audio,9,1.0,,0.9773032375749577,0.016395358916617458
q13_1045016,Metre and Rhythm,Medium,percettiva,True,A,0.9858887609518949,0.9858887609518949,True,UC_text,5,1.0,,0.9979777548909295,0.0231313593877921
q140_1138688,Instrumentation,Medium,percettiva,False,C,0.6187639560347803,0.25793919241692226,True,MI,11,1.0,,0.7916983640610659,0.04651923179742899
q140_1138688,Instrumentation,Medium,percettiva,False,C,0.6187639560347803,0.25793919241692226,True,MI_balanced,11,1.0,,0.7905755160526073,0.05274410722291776
q140_1138688,Instrumentation,Medium,percettiva,False,C,0.6187639560347803,0.25793919241692226,True,UC_audio,9,1.0,,0.8918510739885952,0.08423047625329357
q140_1138688,Instrumentation,Medium,percettiva,False,C,0.6187639560347803,0.25793919241692226,True,UC_text,4,1.0,1.0,1.8170561858250853,-0.816226298461136
q141_1138688,Historical and Cultural Context,Low,knowledge,True,A,0.6424755920693577,0.6424755920693577,True,MI,6,1.0,,0.9097950737830302,-0.03461751699279149
q141_1138688,Historical and Cultural Context,Low,knowledge,True,A,0.6424755920693577,0.6424755920693577,True,MI_balanced,6,1.0,,0.9090355831361708,-0.03358655758073651
q141_1138688,Historical and Cultural Context,Low,knowledge,True,A,0.6424755920693577,0.6424755920693577,True,UC_audio,10,1.0,,1.1341182827520397,-0.07959474349355723
q141_1138688,Historical and Cultural Context,Low,knowledge,True,A,0.6424755920693577,0.6424755920693577,True,UC_text,8,3.0,6.0,0.913484722145101,0.5820736513756064
q142_1138688,Mood and Expression,Low,knowledge,False,B,0.6671326568979072,0.06205300331711166,True,MI,7,1.0,,1.3575687172905653,-0.1859763803226987
q142_1138688,Mood and Expression,Low,knowledge,False,B,0.6671326568979072,0.06205300331711166,True,MI_balanced,7,1.0,,1.3591275640416964,-0.19084644788033553
q142_1138688,Mood and Expression,Low,knowledge,False,B,0.6671326568979072,0.06205300331711166,True,UC_audio,8,1.0,,1.4356769720454075,-0.08504404518766519
q142_1138688,Mood and Expression,Low,knowledge,False,B,0.6671326568979072,0.06205300331711166,True,UC_text,6,1.0,1.0,0.8174724230664656,0.8014911445347771
q143_14458,Harmony,High,analitica,True,A,0.4950129474481897,0.4950129474481897,True,MI,5,1.0,,1.223624330033443,0.2548009827500098
q143_14458,Harmony,High,analitica,True,A,0.4950129474481897,0.4950129474481897,True,MI_balanced,5,1.0,,1.2331204988160884,0.2548009827500098
q143_14458,Harmony,High,analitica,True,A,0.4950129474481897,0.4950129474481897,True,UC_audio,9,1.0,,0.9062031022493396,0.25221809970621684
q143_14458,Harmony,High,analitica,True,A,0.4950129474481897,0.4950129474481897,True,UC_text,6,1.0,,1.4785909791089424,-0.45247702264127454
q144_14458,Melody,High,analitica,True,A,0.7999376085518233,0.7999376085518233,True,MI,9,1.0,,1.0103954871755647,-0.011464114451692623
q144_14458,Melody,High,analitica,True,A,0.7999376085518233,0.7999376085518233,True,MI_balanced,9,1.0,,1.0068606311458355,-0.010660503958654024
q144_14458,Melody,High,analitica,True,A,0.7999376085518233,0.7999376085518233,True,UC_audio,10,1.0,,1.048943669790295,-0.0033834744979303138
q144_14458,Melody,High,analitica,True,A,0.7999376085518233,0.7999376085518233,True,UC_text,9,1.0,3.0,0.9734226662806139,0.265412509629089
q145_14458,Instrumentation,Low,percettiva,False,C,0.511080033427994,0.10063762554572181,True,MI,13,1.0,,1.0748141475655035,0.002213324376861986
q145_14458,Instrumentation,Low,percettiva,False,C,0.511080033427994,0.10063762554572181,True,MI_balanced,13,1.0,,1.081873335909084,0.00443645678177435
q145_14458,Instrumentation,Low,percettiva,False,C,0.511080033427994,0.10063762554572181,True,UC_audio,9,1.0,,1.019877582611101,-0.08466143737363231
q145_14458,Instrumentation,Low,percettiva,False,C,0.511080033427994,0.10063762554572181,True,UC_text,9,1.0,1.0,0.6178072999463631,0.8000847988969478
q146_179608,Musical Texture,Low,percettiva,True,A,0.5770318244388276,0.5770318244388276,True,MI,9,2.0,,0.6472476173859504,0.2173729380614277
q146_179608,Musical Texture,Low,percettiva,True,A,0.5770318244388276,0.5770318244388276,True,MI_balanced,9,2.0,,0.6404018296046317,0.21193953063957952
q146_179608,Musical Texture,Low,percettiva,True,A,0.5770318244388276,0.5770318244388276,True,UC_audio,10,1.0,,0.6425749024864925,0.18189426805202039
q146_179608,Musical Texture,Low,percettiva,True,A,0.5770318244388276,0.5770318244388276,True,UC_text,6,1.0,1.0,1.1872982081929209,1.1234362082451785
q147_179608,Performance,Low,analitica,True,A,0.7518740046882628,0.7518740046882628,True,MI,8,1.0,,0.9839587561281717,-0.025951780906771908
q147_179608,Performance,Low,analitica,True,A,0.7518740046882628,0.7518740046882628,True,MI_balanced,8,1.0,,0.9814008245221825,-0.023090664794750217
q147_179608,Performance,Low,analitica,True,A,0.7518740046882628,0.7518740046882628,True,UC_audio,10,1.0,,1.0334140029620307,-0.014663961408860865
q147_179608,Performance,Low,analitica,True,A,0.7518740046882628,0.7518740046882628,True,UC_text,5,1.0,1.0,1.3828214586786456,0.7803089262270645
q148_179608,Instrumentation,Low,percettiva,True,A,0.6187822436218793,0.6187822436218793,True,MI,10,1.0,1.0,0.4431148024887908,0.6498652307868364
q148_179608,Instrumentation,Low,percettiva,True,A,0.6187822436218793,0.6187822436218793,True,MI_balanced,10,1.0,1.0,0.44312531623689916,0.644917714754501
q148_179608,Instrumentation,Low,percettiva,True,A,0.6187822436218793,0.6187822436218793,True,UC_audio,10,1.0,8.0,0.6732073064568903,0.5199185391640834
q148_179608,Instrumentation,Low,percettiva,True,A,0.6187822436218793,0.6187822436218793,True,UC_text,4,1.0,,1.4815610129605719,0.07654915806690257
q149_150794,Structure,Medium,analitica,True,A,0.26463422059178693,0.26463422059178693,False,MI,7,,,,
q149_150794,Structure,Medium,analitica,True,A,0.26463422059178693,0.26463422059178693,False,MI_balanced,7,,,,
q149_150794,Structure,Medium,analitica,True,A,0.26463422059178693,0.26463422059178693,False,UC_audio,10,,,,
q149_150794,Structure,Medium,analitica,True,A,0.26463422059178693,0.26463422059178693,False,UC_text,5,,,,
q14_1045016,Instrumentation,Low,percettiva,True,A,0.4740698200686093,0.4740698200686093,True,MI,3,1.0,,2.2044514561495183,-0.18503668353268457
q14_1045016,Instrumentation,Low,percettiva,True,A,0.4740698200686093,0.4740698200686093,True,MI_balanced,3,1.0,,2.2072968553714527,-0.18368375697933004
q14_1045016,Instrumentation,Low,percettiva,True,A,0.4740698200686093,0.4740698200686093,True,UC_audio,8,1.0,,1.2729414109222748,-0.07038581739803236
q14_1045016,Instrumentation,Low,percettiva,True,A,0.4740698200686093,0.4740698200686093,True,UC_text,4,1.0,,1.5697383162379481,-0.3531981205985663
q150_150794,Instrumentation,Low,percettiva,False,B,0.7580705130959461,0.1492729346566257,True,MI,12,1.0,,1.1150397747075327,0.09248268133256321
q150_150794,Instrumentation,Low,percettiva,False,B,0.7580705130959461,0.1492729346566257,True,MI_balanced,12,1.0,,1.1153155281441198,0.09656067001496264
q150_150794,Instrumentation,Low,percettiva,False,B,0.7580705130959461,0.1492729346566257,True,UC_audio,9,1.0,,0.9173223565402812,0.08709191050767219
q150_150794,Instrumentation,Low,percettiva,False,B,0.7580705130959461,0.1492729346566257,True,UC_text,7,2.0,1.0,0.8803441954666215,0.8475983496694236
q151_150794,Instrumentation,Low,percettiva,True,A,0.9878268348177691,0.9878268348177691,True,MI,8,1.0,,1.0039550657842529,-0.004412479820341276
q151_150794,Instrumentation,Low,percettiva,True,A,0.9878268348177691,0.9878268348177691,True,MI_balanced,8,1.0,,1.0042174340352872,-0.004332317525190379
q151_150794,Instrumentation,Low,percettiva,True,A,0.9878268348177691,0.9878268348177691,True,UC_audio,10,1.0,,1.005611022413006,-0.0034710701511391122
q151_150794,Instrumentation,Low,percettiva,True,A,0.9878268348177691,0.9878268348177691,True,UC_text,10,1.0,,0.9946161500248839,0.10730734093325119
q152_1051378,Functional Context,Low,knowledge,True,A,0.6711776098542602,0.6711776098542602,True,MI,7,1.0,,0.5174227160980217,0.34263481390304434
q152_1051378,Functional Context,Low,knowledge,True,A,0.6711776098542602,0.6711776098542602,True,MI_balanced,7,1.0,,0.5217459112659764,0.3520838830270731
q152_1051378,Functional Context,Low,knowledge,True,A,0.6711776098542602,0.6711776098542602,True,UC_audio,10,7.0,,0.47986166464289987,0.2963415157021481
q152_1051378,Functional Context,Low,knowledge,True,A,0.6711776098542602,0.6711776098542602,True,UC_text,5,1.0,,0.8495752940337952,-0.4214162585581099
q153_1051378,Instrumentation,Low,percettiva,True,A,0.98811740074727,0.98811740074727,True,MI,11,1.0,,0.9336450797186527,0.01445586034418105
q153_1051378,Instrumentation,Low,percettiva,True,A,0.98811740074727,0.98811740074727,True,MI_balanced,11,1.0,,0.9349299299297603,0.015276399630204945
q153_1051378,Instrumentation,Low,percettiva,True,A,0.98811740074727,0.98811740074727,True,UC_audio,11,1.0,,0.8949704959744723,0.011185609750662068
q153_1051378,Instrumentation,Low,percettiva,True,A,0.98811740074727,0.98811740074727,True,UC_text,5,1.0,,0.978045842642575,0.12520232944897025
q154_1051378,Harmony,Medium,analitica,False,C,0.8508659197313133,0.08968060814579792,True,MI,7,1.0,,0.9849345783909914,0.10869914046103606
q154_1051378,Harmony,Medium,analitica,False,C,0.8508659197313133,0.08968060814579792,True,MI_balanced,7,1.0,,0.9781134295578598,0.10657240505147128
q154_1051378,Harmony,Medium,analitica,False,C,0.8508659197313133,0.08968060814579792,True,UC_audio,9,1.0,,1.0017046634173914,0.05487087109091256
q154_1051378,Harmony,Medium,analitica,False,C,0.8508659197313133,0.08968060814579792,True,UC_text,5,1.0,,0.9801339447195265,0.32256728499271364
q155_1199044,Mood and Expression,Low,knowledge,False,D,0.6344474137809922,0.016907450884648664,True,MI,4,1.0,,1.415485422165191,-0.25502334776422714
q155_1199044,Mood and Expression,Low,knowledge,False,D,0.6344474137809922,0.016907450884648664,True,MI_balanced,4,1.0,,1.4213948584100926,-0.26623298113397864
q155_1199044,Mood and Expression,Low,knowledge,False,D,0.6344474137809922,0.016907450884648664,True,UC_audio,9,1.0,,1.2111446836956523,-0.12782246670626315
q155_1199044,Mood and Expression,Low,knowledge,False,D,0.6344474137809922,0.016907450884648664,True,UC_text,6,5.0,2.0,0.546235442934756,1.1448343428668226
q156_1199044,Sound Texture,Medium,percettiva,False,D,0.589206186140445,0.0621018751262564,True,MI,6,1.0,,0.5384178053910825,-0.03995455061995923
q156_1199044,Sound Texture,Medium,percettiva,False,D,0.589206186140445,0.0621018751262564,True,MI_balanced,6,1.0,,0.5367342942488745,-0.03215958453134031
q156_1199044,Sound Texture,Medium,percettiva,False,D,0.589206186140445,0.0621018751262564,True,UC_audio,10,2.0,,0.5776336354890628,0.17522430005311584
q156_1199044,Sound Texture,Medium,percettiva,False,D,0.589206186140445,0.0621018751262564,True,UC_text,5,1.0,1.0,0.9859029847811762,1.393964385355033
q157_1199044,Metre and Rhythm,Medium,percettiva,False,D,0.41803715626680926,0.09327669762580733,True,MI,5,5.0,,0.44463566039092484,2.8541348421661877e-05
q157_1199044,Metre and Rhythm,Medium,percettiva,False,D,0.41803715626680926,0.09327669762580733,True,MI_balanced,5,5.0,,0.44463566039092484,-0.00737926245285091
q157_1199044,Metre and Rhythm,Medium,percettiva,False,D,0.41803715626680926,0.09327669762580733,True,UC_audio,10,1.0,,0.9358864949222486,0.12843888673019013
q157_1199044,Metre and Rhythm,Medium,percettiva,False,D,0.41803715626680926,0.09327669762580733,True,UC_text,6,5.0,1.0,1.0038201283062085,1.957833560632485
q158_14014,Genre and Style,Medium,knowledge,False,C,0.8106461993834384,0.10970903299824125,True,MI,9,1.0,,0.9935186284866326,-0.060161604856956166
q158_14014,Genre and Style,Medium,knowledge,False,C,0.8106461993834384,0.10970903299824125,True,MI_balanced,9,1.0,,0.9828800582026419,-0.06373114087565153
q158_14014,Genre and Style,Medium,knowledge,False,C,0.8106461993834384,0.10970903299824125,True,UC_audio,9,1.0,,0.8625166536823614,-0.09659462963606615
q158_14014,Genre and Style,Medium,knowledge,False,C,0.8106461993834384,0.10970903299824125,True,UC_text,5,1.0,,1.3282427991048784,-0.050801612899228334
q159_14014,Harmony,Medium,analitica,False,B,0.7021007412785774,0.29267913302716564,True,MI,7,1.0,,1.2559127405661494,-0.23044478004470303
q159_14014,Harmony,Medium,analitica,False,B,0.7021007412785774,0.29267913302716564,True,MI_balanced,7,1.0,,1.2583965302878157,-0.22739639402068804
q159_14014,Harmony,Medium,analitica,False,B,0.7021007412785774,0.29267913302716564,True,UC_audio,9,1.0,,1.307010948516731,-0.20633915102361255
q159_14014,Harmony,Medium,analitica,False,B,0.7021007412785774,0.29267913302716564,True,UC_text,5,1.0,2.0,1.0713713576162034,0.013078891428572097
q15_1045016,Sound Texture,Low,percettiva,True,A,0.5481732751103768,0.5481732751103768,True,MI,9,1.0,,1.4084401312536363,-0.31667770074577134
q15_1045016,Sound Texture,Low,percettiva,True,A,0.5481732751103768,0.5481732751103768,True,MI_balanced,9,1.0,,1.4063226680491105,-0.3107736292395568
q15_1045016,Sound Texture,Low,percettiva,True,A,0.5481732751103768,0.5481732751103768,True,UC_audio,9,1.0,,1.2670934546868673,-0.29436060842188144
q15_1045016,Sound Texture,Low,percettiva,True,A,0.5481732751103768,0.5481732751103768,True,UC_text,7,5.0,7.0,1.3164993489565089,0.5847828924544323
q160_14014,Melody,Medium,analitica,False,B,0.8821859310661634,0.09298171305375992,True,MI,4,1.0,,0.9680849531216154,0.06811852296363115
q160_14014,Melody,Medium,analitica,False,B,0.8821859310661634,0.09298171305375992,True,MI_balanced,4,1.0,,0.967934401541602,0.07697589125171858
q160_14014,Melody,Medium,analitica,False,B,0.8821859310661634,0.09298171305375992,True,UC_audio,7,1.0,,0.946108530342967,0.05082802500359319
q160_14014,Melody,Medium,analitica,False,B,0.8821859310661634,0.09298171305375992,True,UC_text,7,1.0,,0.8500807171892999,-0.04361264758755094
q161_1177896,Sound Texture,High,percettiva,True,A,0.4821700099557556,0.4821700099557556,True,MI,8,1.0,,1.0150800858404223,-0.05363972875128257
q161_1177896,Sound Texture,High,percettiva,True,A,0.4821700099557556,0.4821700099557556,True,MI_balanced,8,1.0,,1.0118833011854353,-0.06284419625460935
q161_1177896,Sound Texture,High,percettiva,True,A,0.4821700099557556,0.4821700099557556,True,UC_audio,10,1.0,,1.133145655872858,-0.08979384605899127
q161_1177896,Sound Texture,High,percettiva,True,A,0.4821700099557556,0.4821700099557556,True,UC_text,10,5.0,3.0,1.1708926399128239,1.3776497186941912
q162_1177896,Harmony,Medium,analitica,True,A,0.8428447607377865,0.8428447607377865,True,MI,8,1.0,,1.0064163189729864,-0.028903040527981493
q162_1177896,Harmony,Medium,analitica,True,A,0.8428447607377865,0.8428447607377865,True,MI_balanced,8,1.0,,1.0099500939113237,-0.02969698431105137
q162_1177896,Harmony,Medium,analitica,True,A,0.8428447607377865,0.8428447607377865,True,UC_audio,10,1.0,,0.9593512083181569,-0.04770451148240231
q162_1177896,Harmony,Medium,analitica,True,A,0.8428447607377865,0.8428447607377865,True,UC_text,7,1.0,,0.8787669108956278,0.23894812074889268
q163_1177896,Functional Context,Low,knowledge,False,D,0.3128363857140118,0.24363722216730044,True,MI,7,1.0,,0.7085039232978912,-0.17769190302618287
q163_1177896,Functional Context,Low,knowledge,False,D,0.3128363857140118,0.24363722216730044,True,MI_balanced,7,1.0,,0.7354519986069138,-0.19015077822586576
q163_1177896,Functional Context,Low,knowledge,False,D,0.3128363857140118,0.24363722216730044,True,UC_audio,9,1.0,,0.7602489965946495,-0.338671457155429
q163_1177896,Functional Context,Low,knowledge,False,D,0.3128363857140118,0.24363722216730044,True,UC_text,9,,1.0,-2.133865105575738,3.781006982021793
q164_1227240,Sound Texture,Medium,percettiva,True,A,0.7471176285286101,0.7471176285286101,True,MI,4,1.0,,1.0656572979074592,0.002962818471739691
q164_1227240,Sound Texture,Medium,percettiva,True,A,0.7471176285286101,0.7471176285286101,True,MI_balanced,4,1.0,,1.0684611614695407,0.004468337391624809
q164_1227240,Sound Texture,Medium,percettiva,True,A,0.7471176285286101,0.7471176285286101,True,UC_audio,10,1.0,,1.0093900758513736,0.038859332541697475
q164_1227240,Sound Texture,Medium,percettiva,True,A,0.7471176285286101,0.7471176285286101,True,UC_text,8,1.0,,0.9818511695963736,0.1322208555297213
q165_1227240,Melody,High,analitica,True,A,0.5667288570715857,0.5667288570715857,True,MI,7,1.0,,0.9556088779422313,-0.021658736622765077
q165_1227240,Melody,High,analitica,True,A,0.5667288570715857,0.5667288570715857,True,MI_balanced,7,1.0,,0.9524150271977964,-0.018394122797178426
q165_1227240,Melody,High,analitica,True,A,0.5667288570715857,0.5667288570715857,True,UC_audio,11,1.0,,1.069818332325579,-0.04985432513711319
q165_1227240,Melody,High,analitica,True,A,0.5667288570715857,0.5667288570715857,True,UC_text,9,1.0,,0.8752812010866704,0.296414422958459
q166_1227240,Mood and Expression,Low,knowledge,False,D,0.8523887996755009,0.10180332446255133,True,MI,5,1.0,,1.0555839944898768,0.004222679123142569
q166_1227240,Mood and Expression,Low,knowledge,False,D,0.8523887996755009,0.10180332446255133,True,MI_balanced,5,1.0,,1.0512524705910224,-0.0012589068385336195
q166_1227240,Mood and Expression,Low,knowledge,False,D,0.8523887996755009,0.10180332446255133,True,UC_audio,10,1.0,,1.010879702547266,-0.036289040264504066
q166_1227240,Mood and Expression,Low,knowledge,False,D,0.8523887996755009,0.10180332446255133,True,UC_text,8,1.0,4.0,0.5155685239375233,0.6166638157595924
q167_7096,Metre and Rhythm,Medium,percettiva,False,B,0.5510400512246124,0.29495048498966364,True,MI,9,6.0,,0.6142048888291247,0.10622210137701762
q167_7096,Metre and Rhythm,Medium,percettiva,False,B,0.5510400512246124,0.29495048498966364,True,MI_balanced,9,6.0,,0.6151169365786687,0.10652297262412856
q167_7096,Metre and Rhythm,Medium,percettiva,False,B,0.5510400512246124,0.29495048498966364,True,UC_audio,8,4.0,,0.6160051704230088,0.08355833861959384
q167_7096,Metre and Rhythm,Medium,percettiva,False,B,0.5510400512246124,0.29495048498966364,True,UC_text,7,1.0,2.0,1.7072902174797275,0.41410041997565994
q168_7096,Genre and Style,High,knowledge,False,B,0.3939287979032902,0.270743039405947,True,MI,5,3.0,,0.5177279979129854,0.2483204467819217
q168_7096,Genre and Style,High,knowledge,False,B,0.3939287979032902,0.270743039405947,True,MI_balanced,5,3.0,,0.5112803022368269,0.24457983741955544
q168_7096,Genre and Style,High,knowledge,False,B,0.3939287979032902,0.270743039405947,True,UC_audio,8,4.0,,0.4233278615434488,-0.005270647659845305
q168_7096,Genre and Style,High,knowledge,False,B,0.3939287979032902,0.270743039405947,True,UC_text,6,,1.0,-0.13482154801393118,1.5456539089166352
q169_7096,Melody,Medium,analitica,True,A,0.697764247264001,0.697764247264001,True,MI,5,1.0,,0.9481585026129126,0.06136419311634343
q169_7096,Melody,Medium,analitica,True,A,0.697764247264001,0.697764247264001,True,MI_balanced,5,1.0,,0.9520946544416143,0.06136419311634343
q169_7096,Melody,Medium,analitica,True,A,0.697764247264001,0.697764247264001,True,UC_audio,11,1.0,,0.875014107244741,0.05899521934329628
q169_7096,Melody,Medium,analitica,True,A,0.697764247264001,0.697764247264001,True,UC_text,5,1.0,,0.8779680611873256,-0.041041785731249794
q16_1100505,Sound Texture,Medium,percettiva,True,A,0.7784091463046875,0.7784091463046875,True,MI,9,1.0,,0.7470721288756054,0.2224520874676318
q16_1100505,Sound Texture,Medium,percettiva,True,A,0.7784091463046875,0.7784091463046875,True,MI_balanced,9,1.0,,0.7475727974942745,0.225930948377407
q16_1100505,Sound Texture,Medium,percettiva,True,A,0.7784091463046875,0.7784091463046875,True,UC_audio,8,1.0,,0.8837444433436993,0.14858052446908093
q16_1100505,Sound Texture,Medium,percettiva,True,A,0.7784091463046875,0.7784091463046875,True,UC_text,9,1.0,,1.2605611363438776,0.203822907751579
q170_1103980,Harmony,High,analitica,True,A,0.5357296045134112,0.5357296045134112,True,MI,7,1.0,,1.021675455408561,-0.0205197081359926
q170_1103980,Harmony,High,analitica,True,A,0.5357296045134112,0.5357296045134112,True,MI_balanced,7,1.0,,1.0185269831768364,-0.02897166809668909
q170_1103980,Harmony,High,analitica,True,A,0.5357296045134112,0.5357296045134112,True,UC_audio,10,1.0,,0.9826694386903921,-0.02039734867480855
q170_1103980,Harmony,High,analitica,True,A,0.5357296045134112,0.5357296045134112,True,UC_text,9,1.0,1.0,0.7631091862617263,0.6987305498730907
q171_1103980,Harmony,High,analitica,True,A,0.5916888672425791,0.5916888672425791,True,MI,7,1.0,,1.0600940091591502,0.08019158254559185
q171_1103980,Harmony,High,analitica,True,A,0.5916888672425791,0.5916888672425791,True,MI_balanced,7,1.0,,1.0548369831295363,0.08162494699194758
q171_1103980,Harmony,High,analitica,True,A,0.5916888672425791,0.5916888672425791,True,UC_audio,10,1.0,,0.9709739157932817,0.0530106387796675
q171_1103980,Harmony,High,analitica,True,A,0.5916888672425791,0.5916888672425791,True,UC_text,8,1.0,,1.4350979330764226,-0.3665984210917027
q172_1103980,Instrumentation,Low,percettiva,False,D,0.36900588090469105,0.2238133803829637,True,MI,10,,1.0,-0.18846338323510106,0.7804352505483425
q172_1103980,Instrumentation,Low,percettiva,False,D,0.36900588090469105,0.2238133803829637,True,MI_balanced,10,,1.0,-0.17670169140943678,0.7851711756327645
q172_1103980,Instrumentation,Low,percettiva,False,D,0.36900588090469105,0.2238133803829637,True,UC_audio,10,,10.0,-0.5370448428261889,0.5296410874015293
q172_1103980,Instrumentation,Low,percettiva,False,D,0.36900588090469105,0.2238133803829637,True,UC_text,6,1.0,,3.0570236998194598,-0.73494038594181
q173_121123,Melody,High,analitica,False,B,0.34412869855837674,0.2087246065626622,True,MI,9,1.0,,1.074161907395868,-0.467673415309382
q173_121123,Melody,High,analitica,False,B,0.34412869855837674,0.2087246065626622,True,MI_balanced,9,1.0,,1.057212454816292,-0.4581315335356537
q173_121123,Melody,High,analitica,False,B,0.34412869855837674,0.2087246065626622,True,UC_audio,8,1.0,,0.750236464216491,0.09645765351624298
q173_121123,Melody,High,analitica,False,B,0.34412869855837674,0.2087246065626622,True,UC_text,10,10.0,2.0,-0.22350235547726835,1.93643070577034
q174_121123,Metre and Rhythm,Medium,percettiva,True,A,0.5635019005895402,0.5635019005895402,True,MI,6,1.0,,1.0312087987100886,-0.34866206673064065
q174_121123,Metre and Rhythm,Medium,percettiva,True,A,0.5635019005895402,0.5635019005895402,True,MI_balanced,6,1.0,,1.0352003784351127,-0.3635599179458353
q174_121123,Metre and Rhythm,Medium,percettiva,True,A,0.5635019005895402,0.5635019005895402,True,UC_audio,9,1.0,,1.2352738220365072,-0.17718197870170893
q174_121123,Metre and Rhythm,Medium,percettiva,True,A,0.5635019005895402,0.5635019005895402,True,UC_text,10,3.0,1.0,0.834015128808567,0.6165689761650162
q175_121123,Metre and Rhythm,High,percettiva,False,D,0.5211079764492981,0.06223747241480349,True,MI,9,1.0,,1.2394279025450647,0.05246961803861261
q175_121123,Metre and Rhythm,High,percettiva,False,D,0.5211079764492981,0.06223747241480349,True,MI_balanced,9,1.0,,1.2353374665900483,0.054131075553933795
q175_121123,Metre and Rhythm,High,percettiva,False,D,0.5211079764492981,0.06223747241480349,True,UC_audio,10,1.0,,1.2016401111938912,-0.09517681552840528
q175_121123,Metre and Rhythm,High,percettiva,False,D,0.5211079764492981,0.06223747241480349,True,UC_text,6,5.0,1.0,0.6270926192597059,1.682758477469846
q176_1076450,Metre and Rhythm,Medium,percettiva,False,C,0.6579943069855763,0.013656236166149562,True,MI,6,1.0,,0.6550657309147144,0.17641156186333437
q176_1076450,Metre and Rhythm,Medium,percettiva,False,C,0.6579943069855763,0.013656236166149562,True,MI_balanced,6,1.0,,0.6555696701833321,0.17067589737451425
q176_1076450,Metre and Rhythm,Medium,percettiva,False,C,0.6579943069855763,0.013656236166149562,True,UC_audio,9,1.0,,0.782721302576215,0.12987589633508287
q176_1076450,Metre and Rhythm,Medium,percettiva,False,C,0.6579943069855763,0.013656236166149562,True,UC_text,6,2.0,3.0,0.6583185744579975,0.5490361021553265
q177_1076450,Instrumentation,Medium,percettiva,False,C,0.5176492478567456,0.1308822265967306,True,MI,6,1.0,,1.1283137558701275,-0.12692688282949954
q177_1076450,Instrumentation,Medium,percettiva,False,C,0.5176492478567456,0.1308822265967306,True,MI_balanced,6,1.0,,1.1244315052035596,-0.10387300119231758
q177_1076450,Instrumentation,Medium,percettiva,False,C,0.5176492478567456,0.1308822265967306,True,UC_audio,9,1.0,,1.0924264069463367,-0.0973615450924436
q177_1076450,Instrumentation,Medium,percettiva,False,C,0.5176492478567456,0.1308822265967306,True,UC_text,9,6.0,4.0,0.6555539154739798,1.040828084215165
q178_1076450,Melody,Medium,analitica,True,A,0.4182952127464749,0.4182952127464749,True,MI,10,1.0,11.0,0.4261490691975334,0.48674395283996913
q178_1076450,Melody,Medium,analitica,True,A,0.4182952127464749,0.4182952127464749,True,MI_balanced,10,1.0,11.0,0.44214842338887317,0.4504600669689163
q178_1076450,Melody,Medium,analitica,True,A,0.4182952127464749,0.4182952127464749,True,UC_audio,11,1.0,10.0,0.2825912524375795,0.3129974248701105
q178_1076450,Melody,Medium,analitica,True,A,0.4182952127464749,0.4182952127464749,True,UC_text,8,1.0,2.0,2.680539839679026,0.3307639406904173
q179_1407836,Metre and Rhythm,Medium,percettiva,True,A,0.7149052387032054,0.7149052387032054,True,MI,5,1.0,,0.8769281690928588,-0.03606660250434424
q179_1407836,Metre and Rhythm,Medium,percettiva,True,A,0.7149052387032054,0.7149052387032054,True,MI_balanced,5,1.0,,0.8770121361478564,-0.036119748200765925
q179_1407836,Metre and Rhythm,Medium,percettiva,True,A,0.7149052387032054,0.7149052387032054,True,UC_audio,10,1.0,,1.0170344963813691,-0.0057648476664300865
q179_1407836,Metre and Rhythm,Medium,percettiva,True,A,0.7149052387032054,0.7149052387032054,True,UC_text,7,1.0,,0.8121198839985247,0.2159389165171301
q17_1100505,Performance,Medium,analitica,True,A,0.6527597182840056,0.6527597182840056,True,MI,10,1.0,,0.9680973500873485,0.023864962261563545
q17_1100505,Performance,Medium,analitica,True,A,0.6527597182840056,0.6527597182840056,True,MI_balanced,10,1.0,,0.9678687806641064,0.023864962261563545
q17_1100505,Performance,Medium,analitica,True,A,0.6527597182840056,0.6527597182840056,True,UC_audio,8,1.0,,1.00602134444937,0.11235349911454338
q17_1100505,Performance,Medium,analitica,True,A,0.6527597182840056,0.6527597182840056,True,UC_text,7,2.0,6.0,0.7243325775029311,0.5638729325137043
q180_1407836,Functional Context,Low,knowledge,False,D,0.6012392229157574,0.09220302109611653,True,MI,9,1.0,,1.1226780750243706,-0.05284762180489979
q180_1407836,Functional Context,Low,knowledge,False,D,0.6012392229157574,0.09220302109611653,True,MI_balanced,9,1.0,,1.1217075128861362,-0.05284762180489979
q180_1407836,Functional Context,Low,knowledge,False,D,0.6012392229157574,0.09220302109611653,True,UC_audio,11,1.0,,1.1247208533478863,-0.04741200288915067
q180_1407836,Functional Context,Low,knowledge,False,D,0.6012392229157574,0.09220302109611653,True,UC_text,6,2.0,3.0,0.7876075746207553,1.2703121529019812
q181_1407836,Functional Context,Low,knowledge,False,D,0.729514193478231,0.09872900999950547,True,MI,7,1.0,,0.9254472832033073,0.050744568418972104
q181_1407836,Functional Context,Low,knowledge,False,D,0.729514193478231,0.09872900999950547,True,MI_balanced,7,1.0,,0.9235953936524234,0.0535603348896714
q181_1407836,Functional Context,Low,knowledge,False,D,0.729514193478231,0.09872900999950547,True,UC_audio,10,1.0,,0.9088281007458218,0.026203874037769408
q181_1407836,Functional Context,Low,knowledge,False,D,0.729514193478231,0.09872900999950547,True,UC_text,9,4.0,4.0,0.8292209466198271,0.6188793922212759
q182_357330,Lyrics,Low,knowledge,False,D,0.4619154283164545,0.1699291896375247,True,MI,6,1.0,,0.8090381183636605,-0.07689325834890144
q182_357330,Lyrics,Low,knowledge,False,D,0.4619154283164545,0.1699291896375247,True,MI_balanced,6,1.0,,0.8010389588093255,-0.06347617723888992
q182_357330,Lyrics,Low,knowledge,False,D,0.4619154283164545,0.1699291896375247,True,UC_audio,9,1.0,,0.8550377231316293,-0.09243732705070373
q182_357330,Lyrics,Low,knowledge,False,D,0.4619154283164545,0.1699291896375247,True,UC_text,8,1.0,,1.0630475931197596,-0.5219788429193357
q183_357330,Metre and Rhythm,Medium,percettiva,True,A,0.9884514083615125,0.9884514083615125,True,MI,5,1.0,,1.0063595745248268,0.0019588434927482307
q183_357330,Metre and Rhythm,Medium,percettiva,True,A,0.9884514083615125,0.9884514083615125,True,MI_balanced,5,1.0,,1.0064020197475352,0.0019588434927482307
q183_357330,Metre and Rhythm,Medium,percettiva,True,A,0.9884514083615125,0.9884514083615125,True,UC_audio,9,1.0,,0.9962589384340045,0.0016850302980165074
q183_357330,Metre and Rhythm,Medium,percettiva,True,A,0.9884514083615125,0.9884514083615125,True,UC_text,8,1.0,,0.9608180849318357,0.2307624712305047
q184_357330,Lyrics,Low,knowledge,False,C,0.41436130446026115,0.28478608210137935,True,MI,10,1.0,,1.4044588179346376,-0.09744588909462239
q184_357330,Lyrics,Low,knowledge,False,C,0.41436130446026115,0.28478608210137935,True,MI_balanced,10,1.0,,1.3922466713088943,-0.09421761092625762
q184_357330,Lyrics,Low,knowledge,False,C,0.41436130446026115,0.28478608210137935,True,UC_audio,9,1.0,,1.340142843811148,-0.29060502547386075
q184_357330,Lyrics,Low,knowledge,False,C,0.41436130446026115,0.28478608210137935,True,UC_text,5,1.0,,4.386765241394324,-1.3875962007138836
q185_661634,Harmony,High,analitica,True,A,0.581875648880787,0.581875648880787,True,MI,3,1.0,,1.0991691470934106,0.00032617167428073784
q185_661634,Harmony,High,analitica,True,A,0.581875648880787,0.581875648880787,True,MI_balanced,3,1.0,,1.1005883114348385,0.0013046866971229514
q185_661634,Harmony,High,analitica,True,A,0.581875648880787,0.581875648880787,True,UC_audio,10,1.0,,1.2259864726030043,0.04223728191459061
q185_661634,Harmony,High,analitica,True,A,0.581875648880787,0.581875648880787,True,UC_text,7,1.0,,1.4409756588195501,-0.1457335405278327
q186_661634,Harmony,Medium,analitica,False,B,0.49449535700190256,0.1819146755957328,True,MI,12,1.0,,1.0280706997675988,0.13033845485938325
q186_661634,Harmony,Medium,analitica,False,B,0.49449535700190256,0.1819146755957328,True,MI_balanced,12,1.0,,1.0262272453967545,0.11728328092618816
q186_661634,Harmony,Medium,analitica,False,B,0.49449535700190256,0.1819146755957328,True,UC_audio,9,1.0,,0.9855189706372077,0.11406911603421303
q186_661634,Harmony,Medium,analitica,False,B,0.49449535700190256,0.1819146755957328,True,UC_text,6,2.0,1.0,1.527880590043899,1.3995713327122958
q187_661634,Harmony,High,analitica,True,A,0.6569224237533831,0.6569224237533831,True,MI,8,1.0,,1.3784153431255404,-0.35603449748089205
q187_661634,Harmony,High,analitica,True,A,0.6569224237533831,0.6569224237533831,True,MI_balanced,8,1.0,,1.3782765728258235,-0.3562510434926128
q187_661634,Harmony,High,analitica,True,A,0.6569224237533831,0.6569224237533831,True,UC_audio,11,1.0,,1.3199257933993853,-0.09223775651404051
q187_661634,Harmony,High,analitica,True,A,0.6569224237533831,0.6569224237533831,True,UC_text,5,5.0,1.0,0.5722705072633533,0.7214449439528712
q188_312915,Instrumentation,Medium,percettiva,True,A,0.875365828375588,0.875365828375588,True,MI,3,1.0,,0.8852711195632567,-0.07681197908848668
q188_312915,Instrumentation,Medium,percettiva,True,A,0.875365828375588,0.875365828375588,True,MI_balanced,3,1.0,,0.887443858383122,-0.07479409707432258
q188_312915,Instrumentation,Medium,percettiva,True,A,0.875365828375588,0.875365828375588,True,UC_audio,10,1.0,,1.0672594471544765,0.01584625920280122
q188_312915,Instrumentation,Medium,percettiva,True,A,0.875365828375588,0.875365828375588,True,UC_text,7,1.0,1.0,1.1298404689567036,0.9543394130052861
q189_312915,Instrumentation,Medium,percettiva,True,A,0.716333027286387,0.716333027286387,True,MI,8,1.0,,0.9771977169695091,0.045605793978367705
q189_312915,Instrumentation,Medium,percettiva,True,A,0.716333027286387,0.716333027286387,True,MI_balanced,8,1.0,,0.977358399624186,0.04221367819577442
q189_312915,Instrumentation,Medium,percettiva,True,A,0.716333027286387,0.716333027286387,True,UC_audio,11,1.0,,0.9954812587742029,0.034691329240295395
q189_312915,Instrumentation,Medium,percettiva,True,A,0.716333027286387,0.716333027286387,True,UC_text,9,5.0,,0.9427812002683201,0.30656359585059206
q18_1100505,Sound Texture,Medium,percettiva,False,B,0.44229882380679886,0.2682677973936595,True,MI,6,1.0,,0.7195283075535502,0.2380119534076167
q18_1100505,Sound Texture,Medium,percettiva,False,B,0.44229882380679886,0.2682677973936595,True,MI_balanced,6,1.0,,0.7223633387553131,0.23222014737529967
q18_1100505,Sound Texture,Medium,percettiva,False,B,0.44229882380679886,0.2682677973936595,True,UC_audio,7,1.0,,0.8055457233497888,0.1455421437164944
q18_1100505,Sound Texture,Medium,percettiva,False,B,0.44229882380679886,0.2682677973936595,True,UC_text,6,,,-0.007259239315028353,0.25736209840680285
q190_312915,Metre and Rhythm,Low,percettiva,True,A,0.5060163050011417,0.5060163050011417,True,MI,7,1.0,,0.9385527502678237,-0.14534802239018504
q190_312915,Metre and Rhythm,Low,percettiva,True,A,0.5060163050011417,0.5060163050011417,True,MI_balanced,7,1.0,,0.9392414414543515,-0.14500935344250174
q190_312915,Metre and Rhythm,Low,percettiva,True,A,0.5060163050011417,0.5060163050011417,True,UC_audio,10,1.0,,1.2284167040782825,-0.13296200674381822
q190_312915,Metre and Rhythm,Low,percettiva,True,A,0.5060163050011417,0.5060163050011417,True,UC_text,8,4.0,1.0,1.1333555852146795,0.5887007196205322
q191_1381590,Instrumentation,Low,percettiva,False,D,0.5220190094543588,0.07064759049940164,True,MI,12,4.0,,0.6170100765682859,0.08793881182415524
q191_1381590,Instrumentation,Low,percettiva,False,D,0.5220190094543588,0.07064759049940164,True,MI_balanced,12,4.0,,0.6169938873820175,0.08503669718254911
q191_1381590,Instrumentation,Low,percettiva,False,D,0.5220190094543588,0.07064759049940164,True,UC_audio,10,1.0,,0.6364116400066215,0.07740677754305603
q191_1381590,Instrumentation,Low,percettiva,False,D,0.5220190094543588,0.07064759049940164,True,UC_text,9,2.0,1.0,1.2447885396279839,1.805962864788637
q192_1381590,Musical Texture,Medium,percettiva,True,A,0.3825885928676369,0.3825885928676369,True,MI,8,6.0,,0.2671182112201843,0.14718830316524495
q192_1381590,Musical Texture,Medium,percettiva,True,A,0.3825885928676369,0.3825885928676369,True,MI_balanced,8,6.0,,0.27222518913664967,0.15318243123991354
q192_1381590,Musical Texture,Medium,percettiva,True,A,0.3825885928676369,0.3825885928676369,True,UC_audio,11,2.0,,0.6364068384569231,0.23790513795747018
q192_1381590,Musical Texture,Medium,percettiva,True,A,0.3825885928676369,0.3825885928676369,True,UC_text,8,2.0,1.0,1.001695186780938,1.405339102804135
q193_1381590,Instrumentation,Medium,percettiva,True,A,0.9579753841862512,0.9579753841862512,True,MI,5,1.0,,1.0035732885355146,-0.00978205412406185
q193_1381590,Instrumentation,Medium,percettiva,True,A,0.9579753841862512,0.9579753841862512,True,MI_balanced,5,1.0,,1.0030379802122114,-0.009109094837393372
q193_1381590,Instrumentation,Medium,percettiva,True,A,0.9579753841862512,0.9579753841862512,True,UC_audio,9,1.0,,1.006358793803984,-0.0024381405846103025
q193_1381590,Instrumentation,Medium,percettiva,True,A,0.9579753841862512,0.9579753841862512,True,UC_text,8,1.0,,0.9541846910131757,0.330509409699224
q194_1268901,Performance,Low,analitica,True,A,0.420005127579829,0.420005127579829,True,MI,5,,5.0,0.06502869298779182,0.5513152930731756
q194_1268901,Performance,Low,analitica,True,A,0.420005127579829,0.420005127579829,True,MI_balanced,5,,5.0,0.052526651050495546,0.5241361504546089
q194_1268901,Performance,Low,analitica,True,A,0.420005127579829,0.420005127579829,True,UC_audio,10,2.0,,0.5182571188237654,0.08912854853164673
q194_1268901,Performance,Low,analitica,True,A,0.420005127579829,0.420005127579829,True,UC_text,6,1.0,,1.2274517128125138,-0.10806359664281016
q195_1268901,Melody,High,analitica,True,A,0.4117253168284468,0.4117253168284468,True,MI,6,1.0,,0.8947413581323426,-0.36067972221416456
q195_1268901,Melody,High,analitica,True,A,0.4117253168284468,0.4117253168284468,True,MI_balanced,6,1.0,,0.910324630157292,-0.3562928916466941
q195_1268901,Melody,High,analitica,True,A,0.4117253168284468,0.4117253168284468,True,UC_audio,10,1.0,,1.419588158939787,0.24078087956220112
q195_1268901,Melody,High,analitica,True,A,0.4117253168284468,0.4117253168284468,True,UC_text,5,1.0,1.0,0.7136433962179366,-0.14028153377896496
q196_1268901,Harmony,High,analitica,True,A,0.5254056442343943,0.5254056442343943,True,MI,6,1.0,,1.3957635941320672,0.29638496581588075
q196_1268901,Harmony,High,analitica,True,A,0.5254056442343943,0.5254056442343943,True,MI_balanced,6,1.0,,1.3925015179226437,0.2670748291563655
q196_1268901,Harmony,High,analitica,True,A,0.5254056442343943,0.5254056442343943,True,UC_audio,10,1.0,,1.0012292405275651,0.1525764806538851
q196_1268901,Harmony,High,analitica,True,A,0.5254056442343943,0.5254056442343943,True,UC_text,6,1.0,2.0,1.308327138553315,0.1659533180507223
q197_1078326,Metre and Rhythm,Medium,percettiva,False,C,0.8595092749036598,0.008426332431244833,True,MI,6,1.0,,1.081534429243741,-0.03880903025609264
q197_1078326,Metre and Rhythm,Medium,percettiva,False,C,0.8595092749036598,0.008426332431244833,True,MI_balanced,6,1.0,,1.0813758169181396,-0.03713182515412587
q197_1078326,Metre and Rhythm,Medium,percettiva,False,C,0.8595092749036598,0.008426332431244833,True,UC_audio,9,1.0,,1.1008995782374844,-0.0502116126680012
q197_1078326,Metre and Rhythm,Medium,percettiva,False,C,0.8595092749036598,0.008426332431244833,True,UC_text,6,1.0,4.0,0.4378105577959177,0.6094039876686274
q198_1078326,Instrumentation,Medium,percettiva,True,A,0.4243460020309641,0.4243460020309641,True,MI,9,1.0,,0.8032511611499017,0.24216074428126375
q198_1078326,Instrumentation,Medium,percettiva,True,A,0.4243460020309641,0.4243460020309641,True,MI_balanced,9,1.0,,0.7968042447961357,0.24093450505558994
q198_1078326,Instrumentation,Medium,percettiva,True,A,0.4243460020309641,0.4243460020309641,True,UC_audio,10,1.0,,0.726837077702799,0.1723591709479267
q198_1078326,Instrumentation,Medium,percettiva,True,A,0.4243460020309641,0.4243460020309641,True,UC_text,6,1.0,,1.3773452690201213,-0.361694118556109
q199_1078326,Sound Texture,Medium,percettiva,False,B,0.5676326363215155,0.20882037704063167,True,MI,8,1.0,,1.170959969464296,-0.06867925675763058
q199_1078326,Sound Texture,Medium,percettiva,False,B,0.5676326363215155,0.20882037704063167,True,MI_balanced,8,1.0,,1.169633598511216,-0.05915080244851094
q199_1078326,Sound Texture,Medium,percettiva,False,B,0.5676326363215155,0.20882037704063167,True,UC_audio,7,1.0,,1.2305270930118313,-0.08358268419628567
q199_1078326,Sound Texture,Medium,percettiva,False,B,0.5676326363215155,0.20882037704063167,True,UC_text,8,5.0,4.0,0.61437671563697,0.8419302595845182
q19_435883,Metre and Rhythm,Medium,percettiva,True,A,0.8597009688845424,0.8597009688845424,True,MI,4,1.0,,1.0492616178621963,-0.024045982341436137
q19_435883,Metre and Rhythm,Medium,percettiva,True,A,0.8597009688845424,0.8597009688845424,True,MI_balanced,4,1.0,,1.0449344276352617,-0.02430667260261914
q19_435883,Metre and Rhythm,Medium,percettiva,True,A,0.8597009688845424,0.8597009688845424,True,UC_audio,8,1.0,,1.0479014629114862,-0.022993692481568524
q19_435883,Metre and Rhythm,Medium,percettiva,True,A,0.8597009688845424,0.8597009688845424,True,UC_text,5,1.0,3.0,0.6982450123025624,0.5809267702753179
q1_1204663,Melody,Low,analitica,False,C,0.610774105864861,0.370453221365608,True,MI,5,1.0,,1.193613915644396,-0.06741458484983243
q1_1204663,Melody,Low,analitica,False,C,0.610774105864861,0.370453221365608,True,MI_balanced,5,1.0,,1.1835340626254196,-0.05607604679541463
q1_1204663,Melody,Low,analitica,False,C,0.610774105864861,0.370453221365608,True,UC_audio,8,1.0,,1.1907648309980312,-0.03487500806754577
q1_1204663,Melody,Low,analitica,False,C,0.610774105864861,0.370453221365608,True,UC_text,10,1.0,2.0,0.8194284871656647,0.9324445221632084
q200_1121398,Instrumentation,Medium,percettiva,True,A,0.9731946365931791,0.9731946365931791,True,MI,6,1.0,,0.9795316637058223,-0.00089798284479657
q200_1121398,Instrumentation,Medium,percettiva,True,A,0.9731946365931791,0.9731946365931791,True,MI_balanced,6,1.0,,0.9786175918978866,-0.00021636769282745312
q200_1121398,Instrumentation,Medium,percettiva,True,A,0.9731946365931791,0.9731946365931791,True,UC_audio,9,1.0,,0.9917154181751577,0.0017381366344865212
q200_1121398,Instrumentation,Medium,percettiva,True,A,0.9731946365931791,0.9731946365931791,True,UC_text,9,1.0,,1.0024335524112074,0.17980863449505385
q201_1121398,Performance,Low,analitica,True,A,0.493006520146044,0.493006520146044,True,MI,5,1.0,,1.205202439808057,-0.026089124106620325
q201_1121398,Performance,Low,analitica,True,A,0.493006520146044,0.493006520146044,True,MI_balanced,5,1.0,,1.217158205961628,-0.02475632509918014
q201_1121398,Performance,Low,analitica,True,A,0.493006520146044,0.493006520146044,True,UC_audio,9,1.0,,1.0552914522138839,-0.10368585377088596
q201_1121398,Performance,Low,analitica,True,A,0.493006520146044,0.493006520146044,True,UC_text,6,2.0,,0.8954438332227741,-0.5418133302066225
q202_1121398,Sound Texture,Medium,percettiva,True,A,0.8644035879647032,0.8644035879647032,True,MI,6,1.0,,1.0013673082449133,-0.07384537327528923
q202_1121398,Sound Texture,Medium,percettiva,True,A,0.8644035879647032,0.8644035879647032,True,MI_balanced,6,1.0,,0.9974584011162009,-0.07270959948373687
q202_1121398,Sound Texture,Medium,percettiva,True,A,0.8644035879647032,0.8644035879647032,True,UC_audio,10,1.0,,1.085832902164421,0.009234321980972071
q202_1121398,Sound Texture,Medium,percettiva,True,A,0.8644035879647032,0.8644035879647032,True,UC_text,6,1.0,,1.143643653104718,0.2232877408133023
q203_962064,Sound Texture,Low,percettiva,False,D,0.38109590680697514,0.15886440940276828,True,MI,1,1.0,,0.7666567155219055,-0.037364810999686186
q203_962064,Sound Texture,Low,percettiva,False,D,0.38109590680697514,0.15886440940276828,True,MI_balanced,1,1.0,,0.762647889060202,-0.03573457574048343
q203_962064,Sound Texture,Low,percettiva,False,D,0.38109590680697514,0.15886440940276828,True,UC_audio,10,2.0,,0.28410591056934376,0.042087102684786375
q203_962064,Sound Texture,Low,percettiva,False,D,0.38109590680697514,0.15886440940276828,True,UC_text,6,1.0,,0.6743285550161338,-0.9353054016029935
q204_962064,Melody,High,analitica,False,C,0.5791226202142321,0.18801358755558295,True,MI,9,1.0,,0.9933114050380749,-0.029725927806306132
q204_962064,Melody,High,analitica,False,C,0.5791226202142321,0.18801358755558295,True,MI_balanced,9,1.0,,0.9936375166569688,-0.04473230168756097
q204_962064,Melody,High,analitica,False,C,0.5791226202142321,0.18801358755558295,True,UC_audio,9,1.0,,1.0404650065168264,-0.05828007191018456
q204_962064,Melody,High,analitica,False,C,0.5791226202142321,0.18801358755558295,True,UC_text,8,4.0,5.0,0.6855165369813264,0.6231890037255156
q205_1221864,Musical Texture,Medium,percettiva,True,A,0.44623685971254706,0.44623685971254706,True,MI,7,1.0,,1.037550995453964,-0.06320924109191144
q205_1221864,Musical Texture,Medium,percettiva,True,A,0.44623685971254706,0.44623685971254706,True,MI_balanced,7,1.0,,1.037550995453964,-0.07606487678496612
q205_1221864,Musical Texture,Medium,percettiva,True,A,0.44623685971254706,0.44623685971254706,True,UC_audio,10,1.0,,1.115800371678002,0.022246626879327422
q205_1221864,Musical Texture,Medium,percettiva,True,A,0.44623685971254706,0.44623685971254706,True,UC_text,9,1.0,4.0,1.819856152051009,0.694789266508042
q206_1221864,Harmony,High,analitica,True,A,0.7978065100975543,0.7978065100975543,True,MI,8,1.0,,0.6631677005665569,0.15120010392463648
q206_1221864,Harmony,High,analitica,True,A,0.7978065100975543,0.7978065100975543,True,MI_balanced,8,1.0,,0.6690995907922631,0.15147685668954494
q206_1221864,Harmony,High,analitica,True,A,0.7978065100975543,0.7978065100975543,True,UC_audio,10,1.0,,0.6373520550164637,0.116952994731198
q206_1221864,Harmony,High,analitica,True,A,0.7978065100975543,0.7978065100975543,True,UC_text,4,2.0,4.0,0.5173534994043412,0.6463526176299007
q207_1221864,Instrumentation,Medium,percettiva,True,A,0.49621313076551293,0.49621313076551293,True,MI,7,1.0,,1.2921181668826878,-0.29117901916302136
q207_1221864,Instrumentation,Medium,percettiva,True,A,0.49621313076551293,0.49621313076551293,True,MI_balanced,7,1.0,,1.2709690569117738,-0.2994710176467688
q207_1221864,Instrumentation,Medium,percettiva,True,A,0.49621313076551293,0.49621313076551293,True,UC_audio,10,1.0,,1.447869201040904,-0.23566092904860086
q207_1221864,Instrumentation,Medium,percettiva,True,A,0.49621313076551293,0.49621313076551293,True,UC_text,9,6.0,1.0,0.6288871881801702,1.0312212581175486
q208_1374348,Performance,High,analitica,True,A,0.601505917206517,0.601505917206517,True,MI,2,1.0,,1.041934340430528,0.021441268102679333
q208_1374348,Performance,High,analitica,True,A,0.601505917206517,0.601505917206517,True,MI_balanced,2,1.0,,1.041934340430528,-0.0015798880704539751
q208_1374348,Performance,High,analitica,True,A,0.601505917206517,0.601505917206517,True,UC_audio,9,1.0,,1.0548748002748687,-0.043603596216455376
q208_1374348,Performance,High,analitica,True,A,0.601505917206517,0.601505917206517,True,UC_text,8,1.0,,0.5109936656005256,-0.02553347055393896
q209_1374348,Instrumentation,Low,percettiva,True,A,0.9295955504336533,0.9295955504336533,True,MI,10,1.0,,1.0223563841205277,-0.011877943548131369
q209_1374348,Instrumentation,Low,percettiva,True,A,0.9295955504336533,0.9295955504336533,True,MI_balanced,10,1.0,,1.0227698185456557,-0.012971062116268554
q209_1374348,Instrumentation,Low,percettiva,True,A,0.9295955504336533,0.9295955504336533,True,UC_audio,10,1.0,,1.0317023210512268,-0.026152820428527523
q209_1374348,Instrumentation,Low,percettiva,True,A,0.9295955504336533,0.9295955504336533,True,UC_text,7,1.0,,0.9526144769333357,0.2685832333098236
q20_435883,Melody,High,analitica,True,A,0.4761535367288767,0.4761535367288767,True,MI,6,1.0,,1.216857834371134,-0.05735564358916646
q20_435883,Melody,High,analitica,True,A,0.4761535367288767,0.4761535367288767,True,MI_balanced,6,1.0,,1.2181216028537318,-0.044781527362905305
q20_435883,Melody,High,analitica,True,A,0.4761535367288767,0.4761535367288767,True,UC_audio,8,1.0,,1.2256605633568138,-0.04270387147904795
q20_435883,Melody,High,analitica,True,A,0.4761535367288767,0.4761535367288767,True,UC_text,9,5.0,2.0,0.8976620388267182,1.2820515084377384
q210_1374348,Mood and Expression,Low,knowledge,False,C,0.47399084625385335,0.2874899806760991,True,MI,11,1.0,,0.6403628382487614,0.192909001885846
q210_1374348,Mood and Expression,Low,knowledge,False,C,0.47399084625385335,0.2874899806760991,True,MI_balanced,11,1.0,,0.6391750617647578,0.19611004962534834
q210_1374348,Mood and Expression,Low,knowledge,False,C,0.47399084625385335,0.2874899806760991,True,UC_audio,10,1.0,,0.2287896428121759,-0.15258138961059997
q210_1374348,Mood and Expression,Low,knowledge,False,C,0.47399084625385335,0.2874899806760991,True,UC_text,10,1.0,6.0,1.3591983492826623,-0.045967294111256864
q211_336086,Instrumentation,Medium,percettiva,False,D,0.4243461724419741,0.20044693864525948,True,MI,5,3.0,,0.6231039017122861,-0.0887339726067422
q211_336086,Instrumentation,Medium,percettiva,False,D,0.4243461724419741,0.20044693864525948,True,MI_balanced,5,3.0,,0.6156008543958124,-0.08962153116888615
q211_336086,Instrumentation,Medium,percettiva,False,D,0.4243461724419741,0.20044693864525948,True,UC_audio,10,1.0,,0.9114249981107369,0.05874690538716027
q211_336086,Instrumentation,Medium,percettiva,False,D,0.4243461724419741,0.20044693864525948,True,UC_text,6,2.0,2.0,0.5785212452240107,1.143224198210973
q212_336086,Instrumentation,Medium,percettiva,False,D,0.4638260949038141,0.2482682181426003,True,MI,8,1.0,,1.396521101325232,0.005032693139423961
q212_336086,Instrumentation,Medium,percettiva,False,D,0.4638260949038141,0.2482682181426003,True,MI_balanced,8,1.0,,1.396521101325232,-0.0005673940596986495
q212_336086,Instrumentation,Medium,percettiva,False,D,0.4638260949038141,0.2482682181426003,True,UC_audio,10,1.0,,0.9424985990318936,0.023282123054529872
q212_336086,Instrumentation,Medium,percettiva,False,D,0.4638260949038141,0.2482682181426003,True,UC_text,5,2.0,,1.4851180331351956,-0.17314247478163686
q213_336086,Instrumentation,Low,percettiva,False,D,0.7128344236456265,0.12387204882412577,True,MI,4,1.0,,1.2126377061057598,-0.05691708237854417
q213_336086,Instrumentation,Low,percettiva,False,D,0.7128344236456265,0.12387204882412577,True,MI_balanced,4,1.0,,1.2126377061057598,-0.0568203647032409
q213_336086,Instrumentation,Low,percettiva,False,D,0.7128344236456265,0.12387204882412577,True,UC_audio,11,1.0,,0.9704166529449779,-0.05321407571297436
q213_336086,Instrumentation,Low,percettiva,False,D,0.7128344236456265,0.12387204882412577,True,UC_text,6,1.0,1.0,1.388385770541106,1.0944366512303163
q214_1298301,Genre and Style,Low,knowledge,True,A,0.6527360761067141,0.6527360761067141,True,MI,9,1.0,,1.0638562215951792,-0.10549858495050886
q214_1298301,Genre and Style,Low,knowledge,True,A,0.6527360761067141,0.6527360761067141,True,MI_balanced,9,1.0,,1.05880789985479,-0.09520384281572197
q214_1298301,Genre and Style,Low,knowledge,True,A,0.6527360761067141,0.6527360761067141,True,UC_audio,10,1.0,,1.085856908908992,-0.12766332039978262
q214_1298301,Genre and Style,Low,knowledge,True,A,0.6527360761067141,0.6527360761067141,True,UC_text,6,1.0,6.0,0.9914658651758226,0.4975058084365822
q215_1298301,Performance,Medium,analitica,False,B,0.296333299976947,0.20366670002290477,True,MI,7,,1.0,-0.3818245510919804,1.522349578335583
q215_1298301,Performance,Medium,analitica,False,B,0.296333299976947,0.20366670002290477,True,MI_balanced,7,,1.0,-0.45184336113212425,1.4914777518216709
q215_1298301,Performance,Medium,analitica,False,B,0.296333299976947,0.20366670002290477,True,UC_audio,9,,1.0,-1.1424251383940816,1.2562517428728546
q215_1298301,Performance,Medium,analitica,False,B,0.296333299976947,0.20366670002290477,True,UC_text,5,1.0,,0.31104914753031854,-0.43207332631754763
q216_1298301,Metre and Rhythm,Medium,percettiva,True,A,0.6431519383093326,0.6431519383093326,True,MI,9,1.0,,1.0049762285755783,-0.08424213937783519
q216_1298301,Metre and Rhythm,Medium,percettiva,True,A,0.6431519383093326,0.6431519383093326,True,MI_balanced,9,1.0,,0.9854769329457541,-0.09753114380049524
q216_1298301,Metre and Rhythm,Medium,percettiva,True,A,0.6431519383093326,0.6431519383093326,True,UC_audio,10,1.0,,0.9134062187734713,-0.1198056821548938
q216_1298301,Metre and Rhythm,Medium,percettiva,True,A,0.6431519383093326,0.6431519383093326,True,UC_text,7,3.0,2.0,1.585674941586332,1.1452249674872552
q217_770629,Metre and Rhythm,Medium,percettiva,True,A,0.4337989866994145,0.4337989866994145,True,MI,10,1.0,,0.6999381583709037,-0.09478918783818488
q217_770629,Metre and Rhythm,Medium,percettiva,True,A,0.4337989866994145,0.4337989866994145,True,MI_balanced,10,1.0,,0.7020377521745141,-0.12192279913938629
q217_770629,Metre and Rhythm,Medium,percettiva,True,A,0.4337989866994145,0.4337989866994145,True,UC_audio,10,1.0,,1.0002869383427286,-0.31002164450929204
q217_770629,Metre and Rhythm,Medium,percettiva,True,A,0.4337989866994145,0.4337989866994145,True,UC_text,7,3.0,1.0,1.7640456436995309,0.4166714583366959
q218_770629,Functional Context,Low,knowledge,True,A,0.3942759935519921,0.3942759935519921,True,MI,7,2.0,2.0,-0.08115677530771734,1.3298940852172716
q218_770629,Functional Context,Low,knowledge,True,A,0.3942759935519921,0.3942759935519921,True,MI_balanced,7,2.0,2.0,-0.08115677530771734,1.332456541704814
q218_770629,Functional Context,Low,knowledge,True,A,0.3942759935519921,0.3942759935519921,True,UC_audio,10,1.0,5.0,0.38570666945491267,0.7436829154030291
q218_770629,Functional Context,Low,knowledge,True,A,0.3942759935519921,0.3942759935519921,True,UC_text,3,1.0,2.0,1.7265847512987598,-0.42935569635554977
q219_1133179,Structure,Medium,analitica,True,A,0.5579784254480065,0.5579784254480065,True,MI,11,1.0,,0.9638288267003385,-0.01835963396524591
q219_1133179,Structure,Medium,analitica,True,A,0.5579784254480065,0.5579784254480065,True,MI_balanced,11,1.0,,0.9661090524970342,-0.011742616051876644
q219_1133179,Structure,Medium,analitica,True,A,0.5579784254480065,0.5579784254480065,True,UC_audio,10,1.0,,0.9929241846696075,0.011525362212713297
q219_1133179,Structure,Medium,analitica,True,A,0.5579784254480065,0.5579784254480065,True,UC_text,6,2.0,,0.7175833490661205,0.19550503856067594
q21_435883,Performance,Medium,analitica,True,A,0.8575015161540497,0.8575015161540497,True,MI,7,1.0,,1.0537707904429647,0.008173956129849393
q21_435883,Performance,Medium,analitica,True,A,0.8575015161540497,0.8575015161540497,True,MI_balanced,7,1.0,,1.0544317454985253,0.008132072172287494
q21_435883,Performance,Medium,analitica,True,A,0.8575015161540497,0.8575015161540497,True,UC_audio,9,1.0,,0.9182432025214864,0.0025956989283828506
q21_435883,Performance,Medium,analitica,True,A,0.8575015161540497,0.8575015161540497,True,UC_text,7,1.0,,1.0192446037485277,0.13371930053755224
q220_1133179,Instrumentation,Medium,percettiva,True,A,0.494419526858673,0.494419526858673,True,MI,3,1.0,,1.518787669333337,-0.4532019395658628
q220_1133179,Instrumentation,Medium,percettiva,True,A,0.494419526858673,0.494419526858673,True,MI_balanced,3,1.0,,1.518787669333337,-0.45512349326597124
q220_1133179,Instrumentation,Medium,percettiva,True,A,0.494419526858673,0.494419526858673,True,UC_audio,10,1.0,,1.1005467469022543,-0.4915721215180862
q220_1133179,Instrumentation,Medium,percettiva,True,A,0.494419526858673,0.494419526858673,True,UC_text,8,9.0,1.0,0.2296471491741965,1.776251135293156
q221_1133179,Performance,Low,analitica,True,A,0.7397715410468628,0.7397715410468628,True,MI,9,1.0,,1.2438966479138271,-0.0667005018455203
q221_1133179,Performance,Low,analitica,True,A,0.7397715410468628,0.7397715410468628,True,MI_balanced,9,1.0,,1.2436326336675554,-0.06918687710531915
q221_1133179,Performance,Low,analitica,True,A,0.7397715410468628,0.7397715410468628,True,UC_audio,10,1.0,,1.2190258414048345,-0.025741946936004168
q221_1133179,Performance,Low,analitica,True,A,0.7397715410468628,0.7397715410468628,True,UC_text,6,4.0,4.0,0.8225861913490821,0.3547944893057089
q222_1227366,Harmony,High,analitica,True,A,0.9423423565919774,0.9423423565919774,True,MI,4,1.0,,1.0138417080196418,0.030662985739683193
q222_1227366,Harmony,High,analitica,True,A,0.9423423565919774,0.9423423565919774,True,MI_balanced,4,1.0,,1.014120363705455,0.03165715868976409
q222_1227366,Harmony,High,analitica,True,A,0.9423423565919774,0.9423423565919774,True,UC_audio,10,1.0,,1.0073213545413704,0.049310729711580195
q222_1227366,Harmony,High,analitica,True,A,0.9423423565919774,0.9423423565919774,True,UC_text,7,1.0,,0.9376833377866106,0.2607192627644558
q223_1227366,Performance,High,analitica,False,D,0.47773126326890347,0.057056862806014824,True,MI,8,3.0,,0.2743100482652663,0.1624322918629214
q223_1227366,Performance,High,analitica,False,D,0.47773126326890347,0.057056862806014824,True,MI_balanced,8,3.0,,0.274975120353919,0.14294507592730754
q223_1227366,Performance,High,analitica,False,D,0.47773126326890347,0.057056862806014824,True,UC_audio,10,1.0,,0.2478012745950565,0.19616641498839
q223_1227366,Performance,High,analitica,False,D,0.47773126326890347,0.057056862806014824,True,UC_text,8,8.0,1.0,0.5221045070575551,0.9669315152856512
q224_1227366,Instrumentation,Low,percettiva,True,A,0.9732794191296411,0.9732794191296411,True,MI,6,1.0,,1.000217141776436,0.005779452551786508
q224_1227366,Instrumentation,Low,percettiva,True,A,0.9732794191296411,0.9732794191296411,True,MI_balanced,6,1.0,,1.0001303338767376,0.004439743905787168
q224_1227366,Instrumentation,Low,percettiva,True,A,0.9732794191296411,0.9732794191296411,True,UC_audio,10,1.0,,0.9983977382410124,0.0003629559422078691
q224_1227366,Instrumentation,Low,percettiva,True,A,0.9732794191296411,0.9732794191296411,True,UC_text,7,1.0,,0.9682462116486827,0.22609276186303268
q225_26435,Metre and Rhythm,High,percettiva,False,D,0.6239667709981229,0.1392258055401098,True,MI,4,1.0,,1.0228041855123846,-0.04819563741743267
q225_26435,Metre and Rhythm,High,percettiva,False,D,0.6239667709981229,0.1392258055401098,True,MI_balanced,4,1.0,,1.013974229118721,-0.037958409036701925
q225_26435,Metre and Rhythm,High,percettiva,False,D,0.6239667709981229,0.1392258055401098,True,UC_audio,9,1.0,,0.9399851914758457,-0.036498422656363896
q225_26435,Metre and Rhythm,High,percettiva,False,D,0.6239667709981229,0.1392258055401098,True,UC_text,2,1.0,,1.439332148737673,-0.512372585595015
q226_26435,Functional Context,Low,knowledge,True,A,0.8542731803175269,0.8542731803175269,True,MI,11,1.0,,0.9964550788105451,0.01995908705269899
q226_26435,Functional Context,Low,knowledge,True,A,0.8542731803175269,0.8542731803175269,True,MI_balanced,11,1.0,,0.9974794842838708,0.0175355237911626
q226_26435,Functional Context,Low,knowledge,True,A,0.8542731803175269,0.8542731803175269,True,UC_audio,10,1.0,,1.0845620316063427,0.06311346784031922
q226_26435,Functional Context,Low,knowledge,True,A,0.8542731803175269,0.8542731803175269,True,UC_text,5,1.0,,1.0894322047685694,-0.02687629583431382
q227_26435,Functional Context,Medium,knowledge,False,B,0.29258944112552565,0.2582092755222342,True,MI,11,3.0,1.0,0.6082847481839209,-0.43125700834604425
q227_26435,Functional Context,Medium,knowledge,False,B,0.29258944112552565,0.2582092755222342,True,MI_balanced,11,4.0,1.0,0.6484931889453345,-0.4649999288121719
q227_26435,Functional Context,Medium,knowledge,False,B,0.29258944112552565,0.2582092755222342,True,UC_audio,8,2.0,1.0,0.6188077076297887,0.5741394761529726
q227_26435,Functional Context,Medium,knowledge,False,B,0.29258944112552565,0.2582092755222342,True,UC_text,8,,1.0,-0.7530251188559358,2.4055567396447715
q228_7360,Instrumentation,Low,percettiva,False,C,0.8944450541213118,0.09427381511758104,True,MI,7,1.0,,1.0461434556760711,-0.030716325619642548
q228_7360,Instrumentation,Low,percettiva,False,C,0.8944450541213118,0.09427381511758104,True,MI_balanced,7,1.0,,1.0451791742370657,-0.031009710541972345
q228_7360,Instrumentation,Low,percettiva,False,C,0.8944450541213118,0.09427381511758104,True,UC_audio,9,1.0,,1.0530488951303227,-0.01612986421675664
q228_7360,Instrumentation,Low,percettiva,False,C,0.8944450541213118,0.09427381511758104,True,UC_text,7,1.0,,0.8983268431735103,0.05828500106402187
q229_7360,Instrumentation,Medium,percettiva,True,A,0.998270102292105,0.998270102292105,True,MI,5,1.0,,0.9999242854074936,0.0002753541503173805
q229_7360,Instrumentation,Medium,percettiva,True,A,0.998270102292105,0.998270102292105,True,MI_balanced,5,1.0,,0.9999627473155506,0.0002463757959125534
q229_7360,Instrumentation,Medium,percettiva,True,A,0.998270102292105,0.998270102292105,True,UC_audio,10,1.0,,0.9994756783504719,0.0003996395602330066
q229_7360,Instrumentation,Medium,percettiva,True,A,0.998270102292105,0.998270102292105,True,UC_text,5,1.0,,0.9908526471172763,0.03522391448384627
q22_1215874,Melody,Medium,analitica,True,A,0.5367475421346855,0.5367475421346855,True,MI,9,1.0,,1.041841968527644,-0.04826155976899956
q22_1215874,Melody,Medium,analitica,True,A,0.5367475421346855,0.5367475421346855,True,MI_balanced,9,1.0,,1.0324726155661677,-0.05530481743623691
q22_1215874,Melody,Medium,analitica,True,A,0.5367475421346855,0.5367475421346855,True,UC_audio,8,1.0,,1.0752028074637456,0.02416623931552889
q22_1215874,Melody,Medium,analitica,True,A,0.5367475421346855,0.5367475421346855,True,UC_text,7,1.0,,1.127120832875039,-0.5031685730104188
q230_7360,Harmony,High,analitica,True,A,0.6216091029182793,0.6216091029182793,True,MI,14,1.0,,0.818633102486567,0.12399909533020939
q230_7360,Harmony,High,analitica,True,A,0.6216091029182793,0.6216091029182793,True,MI_balanced,14,1.0,,0.8154618639279579,0.12692695822722538
q230_7360,Harmony,High,analitica,True,A,0.6216091029182793,0.6216091029182793,True,UC_audio,10,1.0,,0.6496874741571034,0.07777324727233895
q230_7360,Harmony,High,analitica,True,A,0.6216091029182793,0.6216091029182793,True,UC_text,9,3.0,5.0,0.7872037922031763,0.558565427566085
q231_1321293,Historical and Cultural Context,Low,knowledge,False,B,0.5131414051930488,0.3526765862929166,True,MI,10,1.0,,0.9278290719527077,-0.12860986789236115
q231_1321293,Historical and Cultural Context,Low,knowledge,False,B,0.5131414051930488,0.3526765862929166,True,MI_balanced,10,1.0,,0.9396844969473555,-0.13080413393424048
q231_1321293,Historical and Cultural Context,Low,knowledge,False,B,0.5131414051930488,0.3526765862929166,True,UC_audio,8,1.0,,1.1943322227261894,-0.12039842403552434
q231_1321293,Historical and Cultural Context,Low,knowledge,False,B,0.5131414051930488,0.3526765862929166,True,UC_text,3,1.0,,0.9492066063857725,0.22519613884392023
q232_1321293,Lyrics,Low,knowledge,True,A,0.7839560003734708,0.7839560003734708,True,MI,11,1.0,,0.9590607181462661,0.07107144125552563
q232_1321293,Lyrics,Low,knowledge,True,A,0.7839560003734708,0.7839560003734708,True,MI_balanced,11,1.0,,0.956026310972402,0.07059593178756814
q232_1321293,Lyrics,Low,knowledge,True,A,0.7839560003734708,0.7839560003734708,True,UC_audio,10,1.0,,0.9054402722734207,0.04353024588308612
q232_1321293,Lyrics,Low,knowledge,True,A,0.7839560003734708,0.7839560003734708,True,UC_text,3,1.0,,0.8837893796319106,-0.013934368134947694
q233_1321293,Lyrics,Low,knowledge,True,A,0.9009922204556763,0.9009922204556763,True,MI,12,1.0,,0.9377601702296925,0.036185981878966336
q233_1321293,Lyrics,Low,knowledge,True,A,0.9009922204556763,0.9009922204556763,True,MI_balanced,12,1.0,,0.9376604229135167,0.033644816874594745
q233_1321293,Lyrics,Low,knowledge,True,A,0.9009922204556763,0.9009922204556763,True,UC_audio,10,1.0,,0.9553668693241134,0.02761206066068746
q233_1321293,Lyrics,Low,knowledge,True,A,0.9009922204556763,0.9009922204556763,True,UC_text,7,1.0,,1.0939181373427382,-0.026236587160944177
q234_156528,Mood and Expression,Low,knowledge,True,A,0.7713158067676316,0.7713158067676316,True,MI,8,1.0,,0.9044611377125149,0.048744547668300615
q234_156528,Mood and Expression,Low,knowledge,True,A,0.7713158067676316,0.7713158067676316,True,MI_balanced,8,1.0,,0.9096612229508888,0.048744547668300615
q234_156528,Mood and Expression,Low,knowledge,True,A,0.7713158067676316,0.7713158067676316,True,UC_audio,10,1.0,,0.8789483683709416,-0.0182632874234099
q234_156528,Mood and Expression,Low,knowledge,True,A,0.7713158067676316,0.7713158067676316,True,UC_text,9,6.0,6.0,0.5779568104229044,0.5270971021193632
q235_156528,Harmony,High,analitica,False,D,0.7068017058627538,0.17870745762444395,True,MI,4,1.0,,0.8089067467880573,0.15185061634765307
q235_156528,Harmony,High,analitica,False,D,0.7068017058627538,0.17870745762444395,True,MI_balanced,4,1.0,,0.8023181736514032,0.15092385849248469
q235_156528,Harmony,High,analitica,False,D,0.7068017058627538,0.17870745762444395,True,UC_audio,9,1.0,,0.6725722216455291,0.1091975378767632
q235_156528,Harmony,High,analitica,False,D,0.7068017058627538,0.17870745762444395,True,UC_text,4,1.0,1.0,1.0000427804129257,0.5975833166270713
q236_156528,Performance,Low,analitica,True,A,0.39344467898339053,0.39344467898339053,True,MI,5,3.0,4.0,0.823013476672072,0.38006989813454006
q236_156528,Performance,Low,analitica,True,A,0.39344467898339053,0.39344467898339053,True,MI_balanced,5,3.0,1.0,0.7884329440539494,0.39396666461850305
q236_156528,Performance,Low,analitica,True,A,0.39344467898339053,0.39344467898339053,True,UC_audio,9,,6.0,-0.01667134310210577,0.6774291732280134
q236_156528,Performance,Low,analitica,True,A,0.39344467898339053,0.39344467898339053,True,UC_text,7,1.0,,1.5398662335327395,-1.1990762199181293
q237_270070,Mood and Expression,Low,knowledge,True,A,0.8486143671012102,0.8486143671012102,True,MI,12,1.0,,1.044280484934075,-0.03457037951814366
q237_270070,Mood and Expression,Low,knowledge,True,A,0.8486143671012102,0.8486143671012102,True,MI_balanced,12,1.0,,1.0468435580051678,-0.03457037951814366
q237_270070,Mood and Expression,Low,knowledge,True,A,0.8486143671012102,0.8486143671012102,True,UC_audio,10,1.0,,1.0035014749404856,-0.05908043509772479
q237_270070,Mood and Expression,Low,knowledge,True,A,0.8486143671012102,0.8486143671012102,True,UC_text,8,2.0,6.0,0.70533736280292,0.5472422766583247
q238_270070,Melody,Medium,analitica,True,A,0.9603124110865147,0.9603124110865147,True,MI,4,1.0,,1.023934119125673,-0.009688132130888143
q238_270070,Melody,Medium,analitica,True,A,0.9603124110865147,0.9603124110865147,True,MI_balanced,4,1.0,,1.0237736086356741,-0.009857327943355856
q238_270070,Melody,Medium,analitica,True,A,0.9603124110865147,0.9603124110865147,True,UC_audio,10,1.0,,1.0024519116928567,-0.012396978293936167
q238_270070,Melody,Medium,analitica,True,A,0.9603124110865147,0.9603124110865147,True,UC_text,5,1.0,,1.0104584635426148,0.0735557782973631
q239_270070,Lyrics,Low,knowledge,False,C,0.38893657498388307,0.343235322725138,True,MI,10,1.0,,0.7943083608162078,0.18603143614075185
q239_270070,Lyrics,Low,knowledge,False,C,0.38893657498388307,0.343235322725138,True,MI_balanced,10,1.0,,0.766834061744427,0.18603143614075185
q239_270070,Lyrics,Low,knowledge,False,C,0.38893657498388307,0.343235322725138,True,UC_audio,10,1.0,1.0,0.9387227975535024,0.3252374699573928
q239_270070,Lyrics,Low,knowledge,False,C,0.38893657498388307,0.343235322725138,True,UC_text,5,4.0,1.0,0.5575265842826944,2.022043553096716
q23_1215874,Sound Texture,Medium,percettiva,True,A,0.9916090921245515,0.9916090921245515,True,MI,4,1.0,,1.0047337314280222,-0.0028792386979363655
q23_1215874,Sound Texture,Medium,percettiva,True,A,0.9916090921245515,0.9916090921245515,True,MI_balanced,4,1.0,,1.0045841519352858,-0.0026577043183053394
q23_1215874,Sound Texture,Medium,percettiva,True,A,0.9916090921245515,0.9916090921245515,True,UC_audio,7,1.0,,1.0058626719136095,-0.0018152649574466133
q23_1215874,Sound Texture,Medium,percettiva,True,A,0.9916090921245515,0.9916090921245515,True,UC_text,8,1.0,,0.9256216220744862,0.07922791564806361
q240_1163315,Genre and Style,Medium,knowledge,False,B,0.7426081388819542,0.21276079397709813,True,MI,8,1.0,,1.0320355729053525,-0.029860367421083757
q240_1163315,Genre and Style,Medium,knowledge,False,B,0.7426081388819542,0.21276079397709813,True,MI_balanced,8,1.0,,1.0277675135316742,-0.031986651573897955
q240_1163315,Genre and Style,Medium,knowledge,False,B,0.7426081388819542,0.21276079397709813,True,UC_audio,8,1.0,,1.073976668413244,-0.03239342641506809
q240_1163315,Genre and Style,Medium,knowledge,False,B,0.7426081388819542,0.21276079397709813,True,UC_text,4,,1.0,0.19757050444533228,0.6978193864694601
q241_1163315,Metre and Rhythm,Medium,percettiva,True,A,0.8710900450650608,0.8710900450650608,True,MI,8,1.0,,0.9441452148247166,0.00379264873434548
q241_1163315,Metre and Rhythm,Medium,percettiva,True,A,0.8710900450650608,0.8710900450650608,True,MI_balanced,8,1.0,,0.945475095469934,0.0067544574141646906
q241_1163315,Metre and Rhythm,Medium,percettiva,True,A,0.8710900450650608,0.8710900450650608,True,UC_audio,9,1.0,,0.9714877590466128,0.04141993108348365
q241_1163315,Metre and Rhythm,Medium,percettiva,True,A,0.8710900450650608,0.8710900450650608,True,UC_text,7,1.0,3.0,1.0101975876707703,0.3978761058237246
q242_1163315,Metre and Rhythm,Medium,percettiva,False,D,0.7102051913782369,0.26126988892128306,True,MI,6,1.0,,0.8233999598063517,0.014369456590829797
q242_1163315,Metre and Rhythm,Medium,percettiva,False,D,0.7102051913782369,0.26126988892128306,True,MI_balanced,6,1.0,,0.8314416869175123,0.024108939662230426
q242_1163315,Metre and Rhythm,Medium,percettiva,False,D,0.7102051913782369,0.26126988892128306,True,UC_audio,10,1.0,,0.8205095745418,0.09275763947962169
q242_1163315,Metre and Rhythm,Medium,percettiva,False,D,0.7102051913782369,0.26126988892128306,True,UC_text,8,4.0,4.0,0.9384870444172105,1.0610937705112398
q243_78733,Melody,High,analitica,True,A,0.9868626419101587,0.9868626419101587,True,MI,9,1.0,,1.0037504837559796,-0.002006973283658979
q243_78733,Melody,High,analitica,True,A,0.9868626419101587,0.9868626419101587,True,MI_balanced,9,1.0,,1.0035929277875415,-0.0020631150445342633
q243_78733,Melody,High,analitica,True,A,0.9868626419101587,0.9868626419101587,True,UC_audio,10,1.0,,1.004111210675631,-0.001759926501895717
q243_78733,Melody,High,analitica,True,A,0.9868626419101587,0.9868626419101587,True,UC_text,7,2.0,3.0,0.9326719722185357,0.6316018715541049
q244_78733,Instrumentation,Medium,percettiva,False,D,0.5292563422418969,0.19470252742039065,True,MI,4,1.0,,0.6835341540850166,0.13661305790033193
q244_78733,Instrumentation,Medium,percettiva,False,D,0.5292563422418969,0.19470252742039065,True,MI_balanced,4,1.0,,0.6856668918228177,0.13801813398544827
q244_78733,Instrumentation,Medium,percettiva,False,D,0.5292563422418969,0.19470252742039065,True,UC_audio,10,1.0,,0.8786540656590786,-0.04399987374189644
q244_78733,Instrumentation,Medium,percettiva,False,D,0.5292563422418969,0.19470252742039065,True,UC_text,8,5.0,1.0,0.8674981241832832,1.8018009128541097
q245_78733,Harmony,High,analitica,False,B,0.5150773463567062,0.27570103620866127,True,MI,12,,,0.31375467966417336,0.29607783821551714
q245_78733,Harmony,High,analitica,False,B,0.5150773463567062,0.27570103620866127,True,MI_balanced,12,,,0.32029537854667767,0.29220152226112783
q245_78733,Harmony,High,analitica,False,B,0.5150773463567062,0.27570103620866127,True,UC_audio,10,,,0.25074620925078545,0.24104332386753696
q245_78733,Harmony,High,analitica,False,B,0.5150773463567062,0.27570103620866127,True,UC_text,8,2.0,2.0,1.2037462904722482,1.1266792928833425
q246_785425,Melody,High,analitica,True,A,0.6523692325689344,0.6523692325689344,True,MI,7,1.0,,0.8271399725730394,0.06942139201670458
q246_785425,Melody,High,analitica,True,A,0.6523692325689344,0.6523692325689344,True,MI_balanced,7,1.0,,0.8250342819733372,0.08026613427536239
q246_785425,Melody,High,analitica,True,A,0.6523692325689344,0.6523692325689344,True,UC_audio,11,1.0,,0.8815328728615879,0.01637079252027847
q246_785425,Melody,High,analitica,True,A,0.6523692325689344,0.6523692325689344,True,UC_text,7,5.0,2.0,0.5333246379276926,0.6605947069153112
q247_785425,Historical and Cultural Context,Medium,knowledge,False,D,0.4420441925855318,0.3442643633377791,True,MI,5,3.0,2.0,0.5626474402096782,0.5305207769467858
q247_785425,Historical and Cultural Context,Medium,knowledge,False,D,0.4420441925855318,0.3442643633377791,True,MI_balanced,5,3.0,3.0,0.6183755387167049,0.5031849251761213
q247_785425,Historical and Cultural Context,Medium,knowledge,False,D,0.4420441925855318,0.3442643633377791,True,UC_audio,10,4.0,9.0,0.6649623836683953,0.4286044775453964
q247_785425,Historical and Cultural Context,Medium,knowledge,False,D,0.4420441925855318,0.3442643633377791,True,UC_text,3,,1.0,-0.5146823938902474,1.048431348259473
q248_785425,Musical Texture,Medium,percettiva,False,B,0.5296669737749242,0.41250505394297227,True,MI,12,1.0,,0.943545073779379,0.10478671468369792
q248_785425,Musical Texture,Medium,percettiva,False,B,0.5296669737749242,0.41250505394297227,True,MI_balanced,12,1.0,,0.9692549611855718,0.09384791452551466
q248_785425,Musical Texture,Medium,percettiva,False,B,0.5296669737749242,0.41250505394297227,True,UC_audio,8,1.0,,0.8142585429763197,0.06848849461116652
q248_785425,Musical Texture,Medium,percettiva,False,B,0.5296669737749242,0.41250505394297227,True,UC_text,7,5.0,,0.5014193960113789,0.39999978240889056
q249_6730,Lyrics,Low,knowledge,False,C,0.7725895896628003,0.0160345853815648,True,MI,8,1.0,,1.012339351353466,-0.10014495303418765
q249_6730,Lyrics,Low,knowledge,False,C,0.7725895896628003,0.0160345853815648,True,MI_balanced,8,1.0,,1.017554727538515,-0.0993781459915883
q249_6730,Lyrics,Low,knowledge,False,C,0.7725895896628003,0.0160345853815648,True,UC_audio,9,1.0,,0.9615063921141097,-0.084425269283719
q249_6730,Lyrics,Low,knowledge,False,C,0.7725895896628003,0.0160345853815648,True,UC_text,6,,1.0,0.30176754861732313,1.0051170866477084
q24_1215874,Metre and Rhythm,Medium,percettiva,True,A,0.9881779890215204,0.9881779890215204,True,MI,9,1.0,,0.9335950585908609,0.041569005345779265
q24_1215874,Metre and Rhythm,Medium,percettiva,True,A,0.9881779890215204,0.9881779890215204,True,MI_balanced,9,1.0,,0.9337822259150126,0.041264627231602645
q24_1215874,Metre and Rhythm,Medium,percettiva,True,A,0.9881779890215204,0.9881779890215204,True,UC_audio,10,1.0,,0.8940348200753587,0.020133466304175656
q24_1215874,Metre and Rhythm,Medium,percettiva,True,A,0.9881779890215204,0.9881779890215204,True,UC_text,8,1.0,,1.0017088859664685,0.15890394607387257
q250_6730,Harmony,High,analitica,True,A,0.9584450325276195,0.9584450325276195,True,MI,7,1.0,,0.8713252664868788,0.024922217884122407
q250_6730,Harmony,High,analitica,True,A,0.9584450325276195,0.9584450325276195,True,MI_balanced,7,1.0,,0.8672402129499606,0.023425559987810863
q250_6730,Harmony,High,analitica,True,A,0.9584450325276195,0.9584450325276195,True,UC_audio,10,1.0,,0.9302538316141918,0.02519707388798516
q250_6730,Harmony,High,analitica,True,A,0.9584450325276195,0.9584450325276195,True,UC_text,9,1.0,4.0,0.9571532782000113,0.6509552781594315
q251_6730,Lyrics,Low,knowledge,True,A,0.34600580950308274,0.34600580950308274,True,MI,5,1.0,,0.3149726732847669,0.23032179698135383
q251_6730,Lyrics,Low,knowledge,True,A,0.34600580950308274,0.34600580950308274,True,MI_balanced,5,1.0,,0.3068393292552684,0.23188095218194016
q251_6730,Lyrics,Low,knowledge,True,A,0.34600580950308274,0.34600580950308274,True,UC_audio,10,1.0,,0.8222216844687728,0.17382125039333352
q251_6730,Lyrics,Low,knowledge,True,A,0.34600580950308274,0.34600580950308274,True,UC_text,7,2.0,2.0,1.336863588510394,1.5800044270170646
q252_231013,Genre and Style,Low,knowledge,True,A,0.35898421896503147,0.35898421896503147,True,MI,7,1.0,,1.2434622201647052,-0.11828717302690057
q252_231013,Genre and Style,Low,knowledge,True,A,0.35898421896503147,0.35898421896503147,True,MI_balanced,7,1.0,,1.2617041584127398,-0.13051412235819174
q252_231013,Genre and Style,Low,knowledge,True,A,0.35898421896503147,0.35898421896503147,True,UC_audio,10,1.0,,1.3609319869491294,-0.059533082707444555
q252_231013,Genre and Style,Low,knowledge,True,A,0.35898421896503147,0.35898421896503147,True,UC_text,7,1.0,,1.5649573440988007,-0.689650288830482
q253_231013,Instrumentation,Low,percettiva,True,A,0.5359458583775156,0.5359458583775156,True,MI,7,1.0,,0.46928653975054746,-0.1642982151785465
q253_231013,Instrumentation,Low,percettiva,True,A,0.5359458583775156,0.5359458583775156,True,MI_balanced,7,1.0,,0.46928653975054746,-0.16745699306058612
q253_231013,Instrumentation,Low,percettiva,True,A,0.5359458583775156,0.5359458583775156,True,UC_audio,11,1.0,,1.1057536569296975,-0.14745739444631573
q253_231013,Instrumentation,Low,percettiva,True,A,0.5359458583775156,0.5359458583775156,True,UC_text,5,5.0,2.0,0.8799580295463739,1.6935309142474182
q254_231013,Mood and Expression,Low,knowledge,True,A,0.7178612262282392,0.7178612262282392,True,MI,8,1.0,,1.0320391443953565,0.01798580323088028
q254_231013,Mood and Expression,Low,knowledge,True,A,0.7178612262282392,0.7178612262282392,True,MI_balanced,8,1.0,,1.0369050263081494,0.014503678820076828
q254_231013,Mood and Expression,Low,knowledge,True,A,0.7178612262282392,0.7178612262282392,True,UC_audio,10,1.0,,0.9779299009438793,-0.011384578644324708
q254_231013,Mood and Expression,Low,knowledge,True,A,0.7178612262282392,0.7178612262282392,True,UC_text,9,,2.0,0.3225695903014539,0.8851841273881915
q255_266919,Sound Texture,Low,percettiva,False,B,0.43059708033443794,0.38000058965711164,True,MI,9,8.0,7.0,0.328569761778621,0.38843473735956036
q255_266919,Sound Texture,Low,percettiva,False,B,0.43059708033443794,0.38000058965711164,True,MI_balanced,9,8.0,7.0,0.31668752091837377,0.4176142328838247
q255_266919,Sound Texture,Low,percettiva,False,B,0.43059708033443794,0.38000058965711164,True,UC_audio,8,,,0.28073219807768784,0.4195689957026793
q255_266919,Sound Texture,Low,percettiva,False,B,0.43059708033443794,0.38000058965711164,True,UC_text,3,2.0,2.0,2.4184419959752232,0.5306823147865922
q256_266919,Melody,High,analitica,False,D,0.6775488468880845,0.05561659616443263,True,MI,12,11.0,,0.44743852033762177,0.1754046917414539
q256_266919,Melody,High,analitica,False,D,0.6775488468880845,0.05561659616443263,True,MI_balanced,12,11.0,,0.4408135397977977,0.1689333151246811
q256_266919,Melody,High,analitica,False,D,0.6775488468880845,0.05561659616443263,True,UC_audio,10,,,0.2765019272022657,-0.04067949270937468
q256_266919,Melody,High,analitica,False,D,0.6775488468880845,0.05561659616443263,True,UC_text,8,8.0,2.0,0.6111919354958525,0.9188771745076728
q257_266919,Genre and Style,Medium,knowledge,True,A,0.8593242748955682,0.8593242748955682,True,MI,8,1.0,,0.8564297104904479,0.18167382580150424
q257_266919,Genre and Style,Medium,knowledge,True,A,0.8593242748955682,0.8593242748955682,True,MI_balanced,8,1.0,,0.854165343010169,0.18211817828729282
q257_266919,Genre and Style,Medium,knowledge,True,A,0.8593242748955682,0.8593242748955682,True,UC_audio,10,1.0,,0.8289165571317938,0.10664751662865755
q257_266919,Genre and Style,Medium,knowledge,True,A,0.8593242748955682,0.8593242748955682,True,UC_text,8,1.0,6.0,1.057175985247308,0.44115219536179834
q258_349850,Historical and Cultural Context,Low,knowledge,False,C,0.7533158376015721,0.1019502122484349,True,MI,5,1.0,,1.1907654255225553,-0.06457294310362342
q258_349850,Historical and Cultural Context,Low,knowledge,False,C,0.7533158376015721,0.1019502122484349,True,MI_balanced,5,1.0,,1.1893489589648722,-0.06457294310362342
q258_349850,Historical and Cultural Context,Low,knowledge,False,C,0.7533158376015721,0.1019502122484349,True,UC_audio,9,1.0,,1.062024912101947,-0.032904811693632144
q258_349850,Historical and Cultural Context,Low,knowledge,False,C,0.7533158376015721,0.1019502122484349,True,UC_text,4,1.0,3.0,0.8725304006715207,0.5319860894501228
q259_349850,Sound Texture,Medium,percettiva,True,A,0.997986013619788,0.997986013619788,True,MI,9,1.0,,0.9995257137436636,0.0005522784157377752
q259_349850,Sound Texture,Medium,percettiva,True,A,0.997986013619788,0.997986013619788,True,MI_balanced,9,1.0,,0.9995427644431106,0.000557178555071947
q259_349850,Sound Texture,Medium,percettiva,True,A,0.997986013619788,0.997986013619788,True,UC_audio,11,1.0,,0.9991572103572695,0.00032044089609061335
q259_349850,Sound Texture,Medium,percettiva,True,A,0.997986013619788,0.997986013619788,True,UC_text,7,1.0,,0.9976529807607043,0.012341005043162042
q25_135660,Metre and Rhythm,High,percettiva,True,A,0.5845217321263524,0.5845217321263524,True,MI,7,1.0,,1.2022664584483336,-0.1376429631390062
q25_135660,Metre and Rhythm,High,percettiva,True,A,0.5845217321263524,0.5845217321263524,True,MI_balanced,7,1.0,,1.176908922719062,-0.14020561211582763
q25_135660,Metre and Rhythm,High,percettiva,True,A,0.5845217321263524,0.5845217321263524,True,UC_audio,8,1.0,,0.9090810718983974,0.07276130161735349
q25_135660,Metre and Rhythm,High,percettiva,True,A,0.5845217321263524,0.5845217321263524,True,UC_text,8,1.0,6.0,1.5611456258037817,0.2942431409203959
q260_349850,Melody,Medium,analitica,True,A,0.7411339685356709,0.7411339685356709,True,MI,13,1.0,,0.9986740659379733,-0.08825425332176141
q260_349850,Melody,Medium,analitica,True,A,0.7411339685356709,0.7411339685356709,True,MI_balanced,13,1.0,,1.0060236982433441,-0.08335370346942586
q260_349850,Melody,Medium,analitica,True,A,0.7411339685356709,0.7411339685356709,True,UC_audio,10,1.0,,1.0393696588270585,-0.10433485188642552
q260_349850,Melody,Medium,analitica,True,A,0.7411339685356709,0.7411339685356709,True,UC_text,10,7.0,9.0,0.5340957538394758,0.5751608580011389
q261_924963,Mood and Expression,Low,knowledge,False,B,0.7321010172187559,0.16335381721684936,True,MI,9,1.0,,1.0407518989844204,-0.06008177614585716
q261_924963,Mood and Expression,Low,knowledge,False,B,0.7321010172187559,0.16335381721684936,True,MI_balanced,9,1.0,,1.0369577673246286,-0.06510970967108136
q261_924963,Mood and Expression,Low,knowledge,False,B,0.7321010172187559,0.16335381721684936,True,UC_audio,8,1.0,,1.0379025359072558,-0.11327177480638992
q261_924963,Mood and Expression,Low,knowledge,False,B,0.7321010172187559,0.16335381721684936,True,UC_text,7,,3.0,0.10506521439371201,0.6348850820670244
q262_924963,Mood and Expression,Medium,knowledge,False,D,0.977804313885999,0.0010103628885978757,True,MI,4,1.0,,1.0034987254842458,-0.003249201697217931
q262_924963,Mood and Expression,Medium,knowledge,False,D,0.977804313885999,0.0010103628885978757,True,MI_balanced,4,1.0,,1.002809123261425,-0.0043207748431577505
q262_924963,Mood and Expression,Medium,knowledge,False,D,0.977804313885999,0.0010103628885978757,True,UC_audio,10,1.0,,1.000438319098245,-0.0037128237655870123
q262_924963,Mood and Expression,Medium,knowledge,False,D,0.977804313885999,0.0010103628885978757,True,UC_text,8,4.0,2.0,0.8201802834920999,1.112703368630263
q263_924963,Genre and Style,Medium,knowledge,False,D,0.8547309047954599,0.07016058514393911,True,MI,5,2.0,,0.9108255456011912,0.06673629744247249
q263_924963,Genre and Style,Medium,knowledge,False,D,0.8547309047954599,0.07016058514393911,True,MI_balanced,5,2.0,,0.8976417916970564,0.06469892631377207
q263_924963,Genre and Style,Medium,knowledge,False,D,0.8547309047954599,0.07016058514393911,True,UC_audio,10,2.0,,0.9835945299616679,0.030739418917097687
q263_924963,Genre and Style,Medium,knowledge,False,D,0.8547309047954599,0.07016058514393911,True,UC_text,5,,3.0,-0.28945165677373896,1.086114786862894
q264_1138775,Genre and Style,Low,knowledge,False,B,0.8169694460868709,0.16087082221960827,True,MI,13,1.0,,0.9202164576803926,-0.07192259664850191
q264_1138775,Genre and Style,Low,knowledge,False,B,0.8169694460868709,0.16087082221960827,True,MI_balanced,13,1.0,,0.9250089262887514,-0.07325070085409281
q264_1138775,Genre and Style,Low,knowledge,False,B,0.8169694460868709,0.16087082221960827,True,UC_audio,8,1.0,,0.8844473018195854,-0.06489629539464228
q264_1138775,Genre and Style,Low,knowledge,False,B,0.8169694460868709,0.16087082221960827,True,UC_text,5,,1.0,-0.13103947154944,1.2669344511897422
q265_1138775,Instrumentation,Low,percettiva,True,A,0.6904550713152154,0.6904550713152154,True,MI,8,1.0,,0.8080356098552274,0.3958079829434929
q265_1138775,Instrumentation,Low,percettiva,True,A,0.6904550713152154,0.6904550713152154,True,MI_balanced,8,1.0,,0.7939191448319999,0.3958079829434929
q265_1138775,Instrumentation,Low,percettiva,True,A,0.6904550713152154,0.6904550713152154,True,UC_audio,10,1.0,,0.7311919071294329,0.3160814501906561
q265_1138775,Instrumentation,Low,percettiva,True,A,0.6904550713152154,0.6904550713152154,True,UC_text,6,1.0,3.0,1.2014516013037333,0.6851222080155193
q266_1138775,Functional Context,Low,knowledge,True,A,0.532807695020662,0.532807695020662,True,MI,5,1.0,,1.7329927614479066,-0.007363273939711567
q266_1138775,Functional Context,Low,knowledge,True,A,0.532807695020662,0.532807695020662,True,MI_balanced,5,1.0,,1.7329927614479066,-0.006883499025184921
q266_1138775,Functional Context,Low,knowledge,True,A,0.532807695020662,0.532807695020662,True,UC_audio,9,1.0,,0.8298184623867697,-0.21908262267000753
q266_1138775,Functional Context,Low,knowledge,True,A,0.532807695020662,0.532807695020662,True,UC_text,8,1.0,6.0,0.9220145861910678,0.2547573624822044
q267_1070646,Instrumentation,Medium,percettiva,True,A,0.7108692160045776,0.7108692160045776,True,MI,11,1.0,,0.8429746087605062,0.009167261887870334
q267_1070646,Instrumentation,Medium,percettiva,True,A,0.7108692160045776,0.7108692160045776,True,MI_balanced,11,1.0,,0.8510380096815626,0.0019601916354605926
q267_1070646,Instrumentation,Medium,percettiva,True,A,0.7108692160045776,0.7108692160045776,True,UC_audio,10,1.0,,0.9712275066389255,-0.08307665812681236
q267_1070646,Instrumentation,Medium,percettiva,True,A,0.7108692160045776,0.7108692160045776,True,UC_text,8,4.0,1.0,0.738867456109068,1.3032160004224402
q268_1070646,Historical and Cultural Context,Medium,knowledge,True,A,0.921824115756151,0.921824115756151,True,MI,4,1.0,,1.00420911899201,-0.002939113192715145
q268_1070646,Historical and Cultural Context,Medium,knowledge,True,A,0.921824115756151,0.921824115756151,True,MI_balanced,4,1.0,,1.005943545758305,-0.0023703479473761945
q268_1070646,Historical and Cultural Context,Medium,knowledge,True,A,0.921824115756151,0.921824115756151,True,UC_audio,10,1.0,,1.0203448091587466,-0.013637845991432439
q268_1070646,Historical and Cultural Context,Medium,knowledge,True,A,0.921824115756151,0.921824115756151,True,UC_text,7,2.0,4.0,0.8924023012256146,0.6098856529302599
q269_1070646,Melody,High,analitica,True,A,0.5109597001469601,0.5109597001469601,True,MI,9,1.0,,1.3884195082028794,-0.09825330036972871
q269_1070646,Melody,High,analitica,True,A,0.5109597001469601,0.5109597001469601,True,MI_balanced,9,1.0,,1.3915427994458613,-0.09277725897858549
q269_1070646,Melody,High,analitica,True,A,0.5109597001469601,0.5109597001469601,True,UC_audio,10,1.0,,1.159023129255055,-0.07150510709249985
q269_1070646,Melody,High,analitica,True,A,0.5109597001469601,0.5109597001469601,True,UC_text,7,1.0,1.0,1.2999952028592852,0.6184394074901626
q26_135660,Melody,High,analitica,False,B,0.4897511700952205,0.01675836348159513,True,MI,5,1.0,,1.1998881392421294,-0.12328365721067135
q26_135660,Melody,High,analitica,False,B,0.4897511700952205,0.01675836348159513,True,MI_balanced,5,1.0,,1.1541188628001997,-0.11727310007232618
q26_135660,Melody,High,analitica,False,B,0.4897511700952205,0.01675836348159513,True,UC_audio,7,1.0,,1.1076337822300535,-0.11481518128203197
q26_135660,Melody,High,analitica,False,B,0.4897511700952205,0.01675836348159513,True,UC_text,7,1.0,,1.4053876091398692,-0.2971328817938906
q270_17954,Instrumentation,Low,percettiva,False,C,0.7772231533791335,0.06379836147558846,True,MI,8,1.0,,0.8510658795293774,0.03691848411106611
q270_17954,Instrumentation,Low,percettiva,False,C,0.7772231533791335,0.06379836147558846,True,MI_balanced,8,1.0,,0.8546948791474844,0.0333690015232159
q270_17954,Instrumentation,Low,percettiva,False,C,0.7772231533791335,0.06379836147558846,True,UC_audio,9,1.0,,1.043348874985415,0.03735345245799719
q270_17954,Instrumentation,Low,percettiva,False,C,0.7772231533791335,0.06379836147558846,True,UC_text,7,1.0,,1.266545069712824,-0.20587950389664383
q271_17954,Performance,High,analitica,False,C,0.6424755920693577,0.06771642920403496,True,MI,8,1.0,,0.7957932466217851,-0.0137475650740524
q271_17954,Performance,High,analitica,False,C,0.6424755920693577,0.06771642920403496,True,MI_balanced,8,1.0,,0.7903125190168799,-0.023897184484371184
q271_17954,Performance,High,analitica,False,C,0.6424755920693577,0.06771642920403496,True,UC_audio,9,1.0,,0.9211161896985204,0.10808176769862646
q271_17954,Performance,High,analitica,False,C,0.6424755920693577,0.06771642920403496,True,UC_text,6,4.0,,1.1163706943172806,0.3291550295148097
q272_17954,Harmony,High,analitica,True,A,0.9961091312250773,0.9961091312250773,True,MI,4,1.0,,1.0013541775558212,-9.763681827741188e-05
q272_17954,Harmony,High,analitica,True,A,0.9961091312250773,0.9961091312250773,True,MI_balanced,4,1.0,,1.0014155621915213,-0.00014596273261021194
q272_17954,Harmony,High,analitica,True,A,0.9961091312250773,0.9961091312250773,True,UC_audio,9,1.0,,1.0014521543843127,-0.0005463830802266686
q272_17954,Harmony,High,analitica,True,A,0.9961091312250773,0.9961091312250773,True,UC_text,9,1.0,,0.9340242268063376,0.23862055596302
q273_1131366,Melody,Low,analitica,False,D,0.7380061670524464,0.036743163494945365,True,MI,5,1.0,,0.8839668257367918,0.052538024043104266
q273_1131366,Melody,Low,analitica,False,D,0.7380061670524464,0.036743163494945365,True,MI_balanced,5,1.0,,0.8834801416817721,0.04783237753023822
q273_1131366,Melody,Low,analitica,False,D,0.7380061670524464,0.036743163494945365,True,UC_audio,10,1.0,,0.8434291194087251,0.0943244901536946
q273_1131366,Melody,Low,analitica,False,D,0.7380061670524464,0.036743163494945365,True,UC_text,7,1.0,,0.9654353072460072,0.09598366138652946
q274_1131366,Harmony,High,analitica,False,C,0.49078430399435063,0.051728285068138855,True,MI,13,1.0,,0.5401843242313796,0.015840565680881984
q274_1131366,Harmony,High,analitica,False,C,0.49078430399435063,0.051728285068138855,True,MI_balanced,13,1.0,,0.5441160256535641,0.04107447204535552
q274_1131366,Harmony,High,analitica,False,C,0.49078430399435063,0.051728285068138855,True,UC_audio,9,2.0,,0.9690929914329338,0.08339932336020012
q274_1131366,Harmony,High,analitica,False,C,0.49078430399435063,0.051728285068138855,True,UC_text,6,,4.0,-0.21218096370420733,1.2181771803339165
q275_1131366,Mood and Expression,Low,knowledge,False,C,0.957003041150819,0.022506554305212787,True,MI,6,1.0,,1.0279026747042521,-0.0052869586846469915
q275_1131366,Mood and Expression,Low,knowledge,False,C,0.957003041150819,0.022506554305212787,True,MI_balanced,6,1.0,,1.0284636848029631,-0.006625237309758419
q275_1131366,Mood and Expression,Low,knowledge,False,C,0.957003041150819,0.022506554305212787,True,UC_audio,9,1.0,,1.0227578737845837,-0.0036834798697434573
q275_1131366,Mood and Expression,Low,knowledge,False,C,0.957003041150819,0.022506554305212787,True,UC_text,5,1.0,,0.9818022340556322,0.018749903068987505
q276_30259,Melody,High,analitica,False,B,0.5037751145054703,0.26965138744251593,True,MI,9,1.0,,1.295956014889662,-0.13790939551750472
q276_30259,Melody,High,analitica,False,B,0.5037751145054703,0.26965138744251593,True,MI_balanced,9,1.0,,1.295344590966562,-0.11955954555066581
q276_30259,Melody,High,analitica,False,B,0.5037751145054703,0.26965138744251593,True,UC_audio,8,1.0,,1.1878127960690248,-0.104042102792702
q276_30259,Melody,High,analitica,False,B,0.5037751145054703,0.26965138744251593,True,UC_text,8,1.0,,0.9686241822679075,-0.18400046912597706
q277_30259,Functional Context,Low,knowledge,True,A,0.9322370760183784,0.9322370760183784,True,MI,10,1.0,,0.9215606501532903,-0.00011070158343921184
q277_30259,Functional Context,Low,knowledge,True,A,0.9322370760183784,0.9322370760183784,True,MI_balanced,10,1.0,,0.924489340284686,-0.00011070158343921184
q277_30259,Functional Context,Low,knowledge,True,A,0.9322370760183784,0.9322370760183784,True,UC_audio,10,1.0,,0.7669787123900075,-0.013486057115111172
q277_30259,Functional Context,Low,knowledge,True,A,0.9322370760183784,0.9322370760183784,True,UC_text,3,2.0,,0.9732282639591319,0.1324879259264885
q278_30259,Lyrics,Low,knowledge,False,D,0.7166823638104877,0.2326726977232893,True,MI,4,1.0,,0.7820202248777799,0.10951358039141787
q278_30259,Lyrics,Low,knowledge,False,D,0.7166823638104877,0.2326726977232893,True,MI_balanced,4,1.0,,0.774633006434074,0.10375474456142585
q278_30259,Lyrics,Low,knowledge,False,D,0.7166823638104877,0.2326726977232893,True,UC_audio,10,1.0,,0.7559041229725191,0.0919932052348635
q278_30259,Lyrics,Low,knowledge,False,D,0.7166823638104877,0.2326726977232893,True,UC_text,6,1.0,3.0,0.9630154549615827,0.7897097430253281
q279_617329,Instrumentation,Low,percettiva,False,B,0.8602231407612788,0.03335447084153448,True,MI,7,1.0,,1.042680139057141,-0.050063557793935766
q279_617329,Instrumentation,Low,percettiva,False,B,0.8602231407612788,0.03335447084153448,True,MI_balanced,7,1.0,,1.0420174888345746,-0.05102763902364746
q279_617329,Instrumentation,Low,percettiva,False,B,0.8602231407612788,0.03335447084153448,True,UC_audio,7,1.0,,1.0683494799214122,-0.021879768090957392
q279_617329,Instrumentation,Low,percettiva,False,B,0.8602231407612788,0.03335447084153448,True,UC_text,8,8.0,1.0,0.4691196560803261,1.3930179668928495
q27_135660,Sound Texture,Low,percettiva,False,C,0.8794061325462667,0.06370396657608228,True,MI,5,1.0,,1.0507883626149321,-0.008264671344364824
q27_135660,Sound Texture,Low,percettiva,False,C,0.8794061325462667,0.06370396657608228,True,MI_balanced,5,1.0,,1.0503265430827635,-0.0075771077620100475
q27_135660,Sound Texture,Low,percettiva,False,C,0.8794061325462667,0.06370396657608228,True,UC_audio,8,1.0,,1.091587371103298,0.0044647262161359716
q27_135660,Sound Texture,Low,percettiva,False,C,0.8794061325462667,0.06370396657608228,True,UC_text,8,3.0,3.0,0.954832533542238,0.5446075514688875
q280_617329,Lyrics,Low,knowledge,True,A,0.44238634968525914,0.44238634968525914,True,MI,13,1.0,,0.7923869808929067,0.212189725677146
q280_617329,Lyrics,Low,knowledge,True,A,0.44238634968525914,0.44238634968525914,True,MI_balanced,13,1.0,,0.8012449689851123,0.2166308529766974
q280_617329,Lyrics,Low,knowledge,True,A,0.44238634968525914,0.44238634968525914,True,UC_audio,10,1.0,,0.7565365866632138,0.03854629214803385
q280_617329,Lyrics,Low,knowledge,True,A,0.44238634968525914,0.44238634968525914,True,UC_text,8,1.0,1.0,0.9085576499220306,0.017363316626221273
q281_617329,Performance,Medium,analitica,False,B,0.5815682355988119,0.2424337092725873,True,MI,10,1.0,,0.7532337513993332,0.07510925257921584
q281_617329,Performance,Medium,analitica,False,B,0.5815682355988119,0.2424337092725873,True,MI_balanced,10,1.0,,0.7579479801127912,0.0689056499407061
q281_617329,Performance,Medium,analitica,False,B,0.5815682355988119,0.2424337092725873,True,UC_audio,6,1.0,,0.8609814397745944,0.05162070484026831
q281_617329,Performance,Medium,analitica,False,B,0.5815682355988119,0.2424337092725873,True,UC_text,3,1.0,,0.9336997834216173,-0.04558760988364507
q282_852,Sound Texture,Low,percettiva,True,A,0.5686604016723933,0.5686604016723933,True,MI,9,1.0,8.0,0.8316473981668893,0.49951872389636354
q282_852,Sound Texture,Low,percettiva,True,A,0.5686604016723933,0.5686604016723933,True,MI_balanced,9,1.0,8.0,0.8405665371870774,0.4999531979677289
q282_852,Sound Texture,Low,percettiva,True,A,0.5686604016723933,0.5686604016723933,True,UC_audio,9,1.0,,0.37322911150453375,0.2828589717060982
q282_852,Sound Texture,Low,percettiva,True,A,0.5686604016723933,0.5686604016723933,True,UC_text,6,1.0,1.0,2.1781345233587666,-0.5821314212521843
q283_852,Sound Texture,Low,percettiva,True,A,0.7512053380128002,0.7512053380128002,True,MI,9,1.0,,0.8557307335148876,0.07289993036853816
q283_852,Sound Texture,Low,percettiva,True,A,0.7512053380128002,0.7512053380128002,True,MI_balanced,9,1.0,,0.8448980475119877,0.07399964078140296
q283_852,Sound Texture,Low,percettiva,True,A,0.7512053380128002,0.7512053380128002,True,UC_audio,10,1.0,,0.9256335501256742,0.06845591226419834
q283_852,Sound Texture,Low,percettiva,True,A,0.7512053380128002,0.7512053380128002,True,UC_text,9,3.0,4.0,0.9524160379201997,0.8197281788802405
q284_852,Performance,Low,analitica,False,B,0.8185299856047512,0.08627242576337475,True,MI,12,1.0,,1.0771963750436875,-0.059801518557730846
q284_852,Performance,Low,analitica,False,B,0.8185299856047512,0.08627242576337475,True,MI_balanced,12,1.0,,1.0784413570463258,-0.06056024575271922
q284_852,Performance,Low,analitica,False,B,0.8185299856047512,0.08627242576337475,True,UC_audio,8,1.0,,1.0752813663901228,0.00017111969220319213
q284_852,Performance,Low,analitica,False,B,0.8185299856047512,0.08627242576337475,True,UC_text,5,2.0,5.0,0.9295496202785845,0.5522435930961187
q285_1222340,Functional Context,Low,knowledge,False,C,0.6537251722211075,0.03688065051315687,True,MI,11,1.0,,0.9993060838322942,-0.09132550166317248
q285_1222340,Functional Context,Low,knowledge,False,C,0.6537251722211075,0.03688065051315687,True,MI_balanced,11,1.0,,1.0021585506445863,-0.09132550166317248
q285_1222340,Functional Context,Low,knowledge,False,C,0.6537251722211075,0.03688065051315687,True,UC_audio,9,1.0,,1.0389315491584628,-0.08700878854711219
q285_1222340,Functional Context,Low,knowledge,False,C,0.6537251722211075,0.03688065051315687,True,UC_text,10,,4.0,-0.43901430990541335,1.0902721944214981
q286_1222340,Melody,Low,analitica,False,C,0.6764172107659462,0.0489994984016712,True,MI,14,1.0,,0.7484910530776554,0.29520425850794246
q286_1222340,Melody,Low,analitica,False,C,0.6764172107659462,0.0489994984016712,True,MI_balanced,14,1.0,,0.75101288963484,0.29424804663036197
q286_1222340,Melody,Low,analitica,False,C,0.6764172107659462,0.0489994984016712,True,UC_audio,10,1.0,,0.5997108360053502,0.2855054517676742
q286_1222340,Melody,Low,analitica,False,C,0.6764172107659462,0.0489994984016712,True,UC_text,7,1.0,2.0,1.3449091142903564,0.7715863315500117
q287_1222340,Melody,Low,analitica,True,A,0.7557950005543587,0.7557950005543587,True,MI,9,1.0,,1.0314176788161673,0.18882573142548326
q287_1222340,Melody,Low,analitica,True,A,0.7557950005543587,0.7557950005543587,True,MI_balanced,9,1.0,,1.0331989074172856,0.1938714387152959
q287_1222340,Melody,Low,analitica,True,A,0.7557950005543587,0.7557950005543587,True,UC_audio,10,1.0,,0.7269570997719806,0.15404960122734845
q287_1222340,Melody,Low,analitica,True,A,0.7557950005543587,0.7557950005543587,True,UC_text,4,1.0,1.0,1.1122633220023954,0.8206987851713914
q288_1222369,Genre and Style,Low,knowledge,True,A,0.7854941905605675,0.7854941905605675,True,MI,12,4.0,,0.6304921650530795,0.3140840131923068
q288_1222369,Genre and Style,Low,knowledge,True,A,0.7854941905605675,0.7854941905605675,True,MI_balanced,12,4.0,,0.6219040202179723,0.31346017940043713
q288_1222369,Genre and Style,Low,knowledge,True,A,0.7854941905605675,0.7854941905605675,True,UC_audio,10,1.0,,0.6725933578321495,0.21059939652044637
q288_1222369,Genre and Style,Low,knowledge,True,A,0.7854941905605675,0.7854941905605675,True,UC_text,6,1.0,,1.0530170149907816,0.22782865284303122
q289_1222369,Mood and Expression,Low,knowledge,False,C,0.741959345368603,0.06901296952453886,True,MI,4,1.0,,1.2637772374163776,-0.01772513698652116
q289_1222369,Mood and Expression,Low,knowledge,False,C,0.741959345368603,0.06901296952453886,True,MI_balanced,4,1.0,,1.2664917151995978,-0.016772846174163178
q289_1222369,Mood and Expression,Low,knowledge,False,C,0.741959345368603,0.06901296952453886,True,UC_audio,9,1.0,,1.1397736780139767,0.04741753317493137
q289_1222369,Mood and Expression,Low,knowledge,False,C,0.741959345368603,0.06901296952453886,True,UC_text,7,2.0,6.0,0.7168746412874446,0.4148308963761897
q28_14013,Performance,Low,analitica,True,A,0.8739361878131051,0.8739361878131051,True,MI,5,1.0,,0.9223642690870505,0.041469923427663376
q28_14013,Performance,Low,analitica,True,A,0.8739361878131051,0.8739361878131051,True,MI_balanced,5,1.0,,0.9308170034391187,0.04196465433618719
q28_14013,Performance,Low,analitica,True,A,0.8739361878131051,0.8739361878131051,True,UC_audio,8,1.0,,0.99794759721755,0.029753887876708702
q28_14013,Performance,Low,analitica,True,A,0.8739361878131051,0.8739361878131051,True,UC_text,7,2.0,,0.9824231827686704,0.29727895621139616
q290_1222369,Mood and Expression,Low,knowledge,True,A,0.9791028571395038,0.9791028571395038,True,MI,10,1.0,,0.99431351890478,0.004498265900026865
q290_1222369,Mood and Expression,Low,knowledge,True,A,0.9791028571395038,0.9791028571395038,True,MI_balanced,10,1.0,,0.9943329466921106,0.00493049751428132
q290_1222369,Mood and Expression,Low,knowledge,True,A,0.9791028571395038,0.9791028571395038,True,UC_audio,10,1.0,,0.9886800137245505,0.0006092713284408189
q290_1222369,Mood and Expression,Low,knowledge,True,A,0.9791028571395038,0.9791028571395038,True,UC_text,10,5.0,1.0,0.7139164846332906,1.0528482989876407
q291_1352257,Metre and Rhythm,Medium,percettiva,True,A,0.5015480202695632,0.5015480202695632,True,MI,5,1.0,,1.0209279453124667,-0.31622926506189436
q291_1352257,Metre and Rhythm,Medium,percettiva,True,A,0.5015480202695632,0.5015480202695632,True,MI_balanced,5,1.0,,1.0085420957937359,-0.32786209128635047
q291_1352257,Metre and Rhythm,Medium,percettiva,True,A,0.5015480202695632,0.5015480202695632,True,UC_audio,10,1.0,,1.0019980856649806,-0.03106451072054729
q291_1352257,Metre and Rhythm,Medium,percettiva,True,A,0.5015480202695632,0.5015480202695632,True,UC_text,5,2.0,,1.1882027363221181,-0.18751215181983352
q292_1352257,Historical and Cultural Context,Low,knowledge,False,C,0.5967953719853906,0.24878132410061662,True,MI,7,1.0,,1.0063905430498905,0.11403009232937887
q292_1352257,Historical and Cultural Context,Low,knowledge,False,C,0.5967953719853906,0.24878132410061662,True,MI_balanced,7,1.0,,0.9990341494416285,0.1104224020569588
q292_1352257,Historical and Cultural Context,Low,knowledge,False,C,0.5967953719853906,0.24878132410061662,True,UC_audio,9,1.0,,1.0686579613535219,0.08693390504364758
q292_1352257,Historical and Cultural Context,Low,knowledge,False,C,0.5967953719853906,0.24878132410061662,True,UC_text,4,1.0,3.0,0.44902067814475044,0.5300487495787981
q293_1352257,Harmony,High,analitica,True,A,0.32366164660707536,0.32366164660707536,True,MI,7,1.0,,0.9601120095488713,0.23543829677291564
q293_1352257,Harmony,High,analitica,True,A,0.32366164660707536,0.32366164660707536,True,MI_balanced,7,1.0,,0.9601120095488713,0.23543829677291564
q293_1352257,Harmony,High,analitica,True,A,0.32366164660707536,0.32366164660707536,True,UC_audio,9,1.0,7.0,0.6297994026056892,0.48030301393907976
q293_1352257,Harmony,High,analitica,True,A,0.32366164660707536,0.32366164660707536,True,UC_text,6,1.0,,3.3064363504421554,-1.4270963409194186
q294_1936726,Sound Texture,Medium,percettiva,True,A,0.9828462270760933,0.9828462270760933,True,MI,7,1.0,,0.9929203759795111,0.011415166120953663
q294_1936726,Sound Texture,Medium,percettiva,True,A,0.9828462270760933,0.9828462270760933,True,MI_balanced,7,1.0,,0.9920887031881714,0.011321790270681099
q294_1936726,Sound Texture,Medium,percettiva,True,A,0.9828462270760933,0.9828462270760933,True,UC_audio,10,1.0,,0.9913104374086094,0.008751952144414944
q294_1936726,Sound Texture,Medium,percettiva,True,A,0.9828462270760933,0.9828462270760933,True,UC_text,6,1.0,,1.0088156352975133,0.04587041750453252
q295_1936726,Sound Texture,Medium,percettiva,True,A,0.8062616376847335,0.8062616376847335,True,MI,6,1.0,,0.8955062331348574,0.02862610198096157
q295_1936726,Sound Texture,Medium,percettiva,True,A,0.8062616376847335,0.8062616376847335,True,MI_balanced,6,1.0,,0.8944521479643579,0.023215200696575563
q295_1936726,Sound Texture,Medium,percettiva,True,A,0.8062616376847335,0.8062616376847335,True,UC_audio,10,1.0,,0.9415644302708693,0.06278830042483989
q295_1936726,Sound Texture,Medium,percettiva,True,A,0.8062616376847335,0.8062616376847335,True,UC_text,9,2.0,2.0,0.8345037923480947,0.7944280387166345
q296_1936726,Sound Texture,Medium,percettiva,True,A,0.9272858876147093,0.9272858876147093,True,MI,9,1.0,,0.7862711643291044,0.023569363160557407
q296_1936726,Sound Texture,Medium,percettiva,True,A,0.9272858876147093,0.9272858876147093,True,MI_balanced,9,1.0,,0.7876227210689533,0.022755677567350297
q296_1936726,Sound Texture,Medium,percettiva,True,A,0.9272858876147093,0.9272858876147093,True,UC_audio,9,1.0,,0.8063013005818112,0.06903949076886103
q296_1936726,Sound Texture,Medium,percettiva,True,A,0.9272858876147093,0.9272858876147093,True,UC_text,3,1.0,,0.740884412996587,0.2737221771985547
q297_1320579,Sound Texture,High,percettiva,False,D,0.4159628150949801,0.1350433542499103,True,MI,9,4.0,,0.9969408319186173,-0.6167853277581334
q297_1320579,Sound Texture,High,percettiva,False,D,0.4159628150949801,0.1350433542499103,True,MI_balanced,9,4.0,,0.9803865141076789,-0.6523731103764949
q297_1320579,Sound Texture,High,percettiva,False,D,0.4159628150949801,0.1350433542499103,True,UC_audio,9,5.0,,0.6722332646747555,-0.48449690781022753
q297_1320579,Sound Texture,High,percettiva,False,D,0.4159628150949801,0.1350433542499103,True,UC_text,7,1.0,1.0,1.0058178751740923,1.8060856919173063
q298_1320579,Instrumentation,Low,percettiva,False,C,0.799165648520411,0.09544672553959066,True,MI,11,7.0,,0.5570663330160672,0.2604229880726357
q298_1320579,Instrumentation,Low,percettiva,False,C,0.799165648520411,0.09544672553959066,True,MI_balanced,11,7.0,,0.5535431221336858,0.24812172807924446
q298_1320579,Instrumentation,Low,percettiva,False,C,0.799165648520411,0.09544672553959066,True,UC_audio,9,2.0,,0.28389001956677434,0.16696216669319727
q298_1320579,Instrumentation,Low,percettiva,False,C,0.799165648520411,0.09544672553959066,True,UC_text,5,4.0,5.0,0.688000965916748,0.4990063814224227
q299_1320579,Historical and Cultural Context,Low,knowledge,True,A,0.710892329893556,0.710892329893556,True,MI,5,1.0,,1.1325584240533357,-0.0310769583254345
q299_1320579,Historical and Cultural Context,Low,knowledge,True,A,0.710892329893556,0.710892329893556,True,MI_balanced,5,1.0,,1.1305690439561278,-0.0310769583254345
q299_1320579,Historical and Cultural Context,Low,knowledge,True,A,0.710892329893556,0.710892329893556,True,UC_audio,9,1.0,,1.095241858990176,-0.06798997513249085
q299_1320579,Historical and Cultural Context,Low,knowledge,True,A,0.710892329893556,0.710892329893556,True,UC_text,7,,3.0,0.29847250755542837,0.8706387375926474
q29_14013,Melody,Medium,analitica,True,A,0.627860245819366,0.627860245819366,True,MI,6,1.0,,1.0770220577481484,-0.01058032626014557
q29_14013,Melody,Medium,analitica,True,A,0.627860245819366,0.627860245819366,True,MI_balanced,6,1.0,,1.075139210306894,-0.005977905797908236
q29_14013,Melody,Medium,analitica,True,A,0.627860245819366,0.627860245819366,True,UC_audio,8,1.0,,0.9874521724057043,0.006939504525017047
q29_14013,Melody,Medium,analitica,True,A,0.627860245819366,0.627860245819366,True,UC_text,9,5.0,4.0,0.9241659015130047,0.5599328442709346
q2_1204663,Structure,High,analitica,True,A,0.4943922860104417,0.4943922860104417,True,MI,10,1.0,,0.8809849113570549,0.09838076193538589
q2_1204663,Structure,High,analitica,True,A,0.4943922860104417,0.4943922860104417,True,MI_balanced,10,1.0,,0.8694357871458686,0.09141529532265452
q2_1204663,Structure,High,analitica,True,A,0.4943922860104417,0.4943922860104417,True,UC_audio,9,1.0,,0.9241431297159844,0.06249173429749601
q2_1204663,Structure,High,analitica,True,A,0.4943922860104417,0.4943922860104417,True,UC_text,9,2.0,5.0,0.9416031582225821,0.41708444225582764
q300_1079319,Instrumentation,Low,percettiva,True,A,0.943780328182555,0.943780328182555,True,MI,5,1.0,,1.002074929977995,0.019741092073148607
q300_1079319,Instrumentation,Low,percettiva,True,A,0.943780328182555,0.943780328182555,True,MI_balanced,5,1.0,,1.002074929977995,0.018837735477879376
q300_1079319,Instrumentation,Low,percettiva,True,A,0.943780328182555,0.943780328182555,True,UC_audio,9,1.0,,1.009723610902246,0.02226246741521564
q300_1079319,Instrumentation,Low,percettiva,True,A,0.943780328182555,0.943780328182555,True,UC_text,10,1.0,,0.9706905730961867,0.13519249828167623
q301_1079319,Lyrics,Low,knowledge,True,A,0.951375181193556,0.951375181193556,True,MI,4,1.0,,1.014699231578869,0.009473280921012036
q301_1079319,Lyrics,Low,knowledge,True,A,0.951375181193556,0.951375181193556,True,MI_balanced,4,1.0,,1.0152687052356744,0.010199910476924836
q301_1079319,Lyrics,Low,knowledge,True,A,0.951375181193556,0.951375181193556,True,UC_audio,9,1.0,,0.9921792914233524,0.007576133753326205
q301_1079319,Lyrics,Low,knowledge,True,A,0.951375181193556,0.951375181193556,True,UC_text,4,1.0,,0.8966817495560612,0.08261011337802046
q302_1079319,Genre and Style,High,knowledge,True,A,0.8320003245715621,0.8320003245715621,True,MI,6,1.0,,1.0781739134606296,-0.014285351535478935
q302_1079319,Genre and Style,High,knowledge,True,A,0.8320003245715621,0.8320003245715621,True,MI_balanced,6,1.0,,1.0799444861091436,-0.014585449545306429
q302_1079319,Genre and Style,High,knowledge,True,A,0.8320003245715621,0.8320003245715621,True,UC_audio,10,1.0,,1.0989029396758818,-0.0488109130916675
q302_1079319,Genre and Style,High,knowledge,True,A,0.8320003245715621,0.8320003245715621,True,UC_text,4,1.0,,1.1118914558216666,0.43293569339382526
q303_498814,Genre and Style,Low,knowledge,True,A,0.5246735482407012,0.5246735482407012,True,MI,5,3.0,,0.462452884315463,0.11782309836392844
q303_498814,Genre and Style,Low,knowledge,True,A,0.5246735482407012,0.5246735482407012,True,MI_balanced,5,3.0,,0.46273093035847795,0.12203947775628322
q303_498814,Genre and Style,Low,knowledge,True,A,0.5246735482407012,0.5246735482407012,True,UC_audio,9,1.0,,1.35758256850188,0.14011799705576672
q303_498814,Genre and Style,Low,knowledge,True,A,0.5246735482407012,0.5246735482407012,True,UC_text,5,1.0,,1.7459467024920095,-0.021714607604723164
q304_498814,Harmony,High,analitica,True,A,0.3632122790982715,0.3632122790982715,True,MI,3,1.0,,2.269892141721658,-0.21241452421297996
q304_498814,Harmony,High,analitica,True,A,0.3632122790982715,0.3632122790982715,True,MI_balanced,3,1.0,,2.2848361260659096,-0.15991625373236024
q304_498814,Harmony,High,analitica,True,A,0.3632122790982715,0.3632122790982715,True,UC_audio,9,1.0,,2.1076640605136294,-0.25696151552534857
q304_498814,Harmony,High,analitica,True,A,0.3632122790982715,0.3632122790982715,True,UC_text,5,1.0,,2.2300168130236835,-0.26279865733627816
q305_498814,Melody,High,analitica,False,C,0.5180543063146169,0.40346109943133707,True,MI,5,1.0,,1.387710876455073,-0.2079137150141318
q305_498814,Melody,High,analitica,False,C,0.5180543063146169,0.40346109943133707,True,MI_balanced,5,1.0,,1.381259783173349,-0.2043582538256325
q305_498814,Melody,High,analitica,False,C,0.5180543063146169,0.40346109943133707,True,UC_audio,8,1.0,,1.3944201261086513,-0.21472756728412482
q305_498814,Melody,High,analitica,False,C,0.5180543063146169,0.40346109943133707,True,UC_text,7,1.0,2.0,1.2032839171828913,0.46708246172841705
q306_785413,Instrumentation,Medium,percettiva,True,A,0.4612837054133661,0.4612837054133661,True,MI,13,1.0,,1.1746514442868559,-0.07431476100584536
q306_785413,Instrumentation,Medium,percettiva,True,A,0.4612837054133661,0.4612837054133661,True,MI_balanced,13,1.0,,1.1704963316709054,-0.07431476100584536
q306_785413,Instrumentation,Medium,percettiva,True,A,0.4612837054133661,0.4612837054133661,True,UC_audio,10,1.0,,0.9351717854344369,-0.13268092861210334
q306_785413,Instrumentation,Medium,percettiva,True,A,0.4612837054133661,0.4612837054133661,True,UC_text,5,1.0,2.0,0.7095664562841223,0.7530358850117985
q307_785413,Instrumentation,Low,percettiva,True,A,0.992132679573854,0.992132679573854,True,MI,6,1.0,,1.0034146979692216,-0.0042496816741976985
q307_785413,Instrumentation,Low,percettiva,True,A,0.992132679573854,0.992132679573854,True,MI_balanced,6,1.0,,1.0034184732162872,-0.00415756137847389
q307_785413,Instrumentation,Low,percettiva,True,A,0.992132679573854,0.992132679573854,True,UC_audio,10,1.0,,1.0053048329161638,-0.003195240160458147
q307_785413,Instrumentation,Low,percettiva,True,A,0.992132679573854,0.992132679573854,True,UC_text,6,1.0,,0.9973084339548559,0.03887953117038015
q308_785413,Instrumentation,Medium,percettiva,True,A,0.9568098251102398,0.9568098251102398,True,MI,5,1.0,,1.020878288175073,-0.0009127678861407168
q308_785413,Instrumentation,Medium,percettiva,True,A,0.9568098251102398,0.9568098251102398,True,MI_balanced,5,1.0,,1.0208943036790283,-0.001142936296574733
q308_785413,Instrumentation,Medium,percettiva,True,A,0.9568098251102398,0.9568098251102398,True,UC_audio,10,1.0,,0.9947886984126069,0.002517442792856518
q308_785413,Instrumentation,Medium,percettiva,True,A,0.9568098251102398,0.9568098251102398,True,UC_text,8,1.0,8.0,0.9692864659830128,0.339653748248372
q309_964594,Instrumentation,Medium,percettiva,True,A,0.39427590432205706,0.39427590432205706,True,MI,8,1.0,,1.1232881509287622,0.2908184298340004
q309_964594,Instrumentation,Medium,percettiva,True,A,0.39427590432205706,0.39427590432205706,True,MI_balanced,8,1.0,,1.1232881509287622,0.2908184298340004
q309_964594,Instrumentation,Medium,percettiva,True,A,0.39427590432205706,0.39427590432205706,True,UC_audio,9,1.0,9.0,0.8661981235619728,0.3627435293313116
q309_964594,Instrumentation,Medium,percettiva,True,A,0.39427590432205706,0.39427590432205706,True,UC_text,7,1.0,,1.4754341827873774,-0.09199087145126855
q30_14013,Melody,Medium,analitica,False,C,0.7989664732973271,0.12252547702272101,True,MI,6,1.0,,0.9749850698535388,0.005318372322244373
q30_14013,Melody,Medium,analitica,False,C,0.7989664732973271,0.12252547702272101,True,MI_balanced,6,1.0,,0.9749456099832238,0.004587325399812474
q30_14013,Melody,Medium,analitica,False,C,0.7989664732973271,0.12252547702272101,True,UC_audio,9,1.0,,0.9536658236215111,-0.02473585765099763
q30_14013,Melody,Medium,analitica,False,C,0.7989664732973271,0.12252547702272101,True,UC_text,9,4.0,8.0,0.8961134403982965,0.4400827098501044
q310_964594,Genre and Style,Medium,knowledge,False,C,0.7632762971874795,0.13263753210452223,True,MI,8,1.0,,0.9874946128285249,0.11383920091887037
q310_964594,Genre and Style,Medium,knowledge,False,C,0.7632762971874795,0.13263753210452223,True,MI_balanced,8,1.0,,0.9970523495897048,0.11470936216236956
q310_964594,Genre and Style,Medium,knowledge,False,C,0.7632762971874795,0.13263753210452223,True,UC_audio,9,1.0,,0.9195211944128802,0.09116325756250143
q310_964594,Genre and Style,Medium,knowledge,False,C,0.7632762971874795,0.13263753210452223,True,UC_text,5,1.0,,0.8734193466331502,0.21917355982732242
q311_964594,Instrumentation,Medium,percettiva,True,A,0.6729529477790595,0.6729529477790595,True,MI,10,1.0,,0.9325181741962363,0.005086216685964675
q311_964594,Instrumentation,Medium,percettiva,True,A,0.6729529477790595,0.6729529477790595,True,MI_balanced,10,1.0,,0.9325876556298597,-0.007717909661112913
q311_964594,Instrumentation,Medium,percettiva,True,A,0.6729529477790595,0.6729529477790595,True,UC_audio,10,1.0,,1.0242926447262166,-0.02442941862455654
q311_964594,Instrumentation,Medium,percettiva,True,A,0.6729529477790595,0.6729529477790595,True,UC_text,7,1.0,,1.0867748239983825,0.19583827772465015
q312_1051203,Musical Texture,Medium,percettiva,False,D,0.8312404043205199,0.09927750883122784,True,MI,5,1.0,,1.0215475164371108,0.0018240984323499845
q312_1051203,Musical Texture,Medium,percettiva,False,D,0.8312404043205199,0.09927750883122784,True,MI_balanced,5,1.0,,1.027475030506131,0.004401394010432282
q312_1051203,Musical Texture,Medium,percettiva,False,D,0.8312404043205199,0.09927750883122784,True,UC_audio,10,1.0,,1.057436406245518,0.019651449118910622
q312_1051203,Musical Texture,Medium,percettiva,False,D,0.8312404043205199,0.09927750883122784,True,UC_text,7,5.0,5.0,0.8165536848962262,0.6777069636493078
q313_1051203,Mood and Expression,Low,knowledge,False,B,0.64060044163121,0.2670419939053306,True,MI,10,1.0,,0.8388205820179693,0.12844403478091654
q313_1051203,Mood and Expression,Low,knowledge,False,B,0.64060044163121,0.2670419939053306,True,MI_balanced,10,1.0,,0.8363321705327752,0.12324948477530816
q313_1051203,Mood and Expression,Low,knowledge,False,B,0.64060044163121,0.2670419939053306,True,UC_audio,8,1.0,,1.0011937197059164,0.21718924942215045
q313_1051203,Mood and Expression,Low,knowledge,False,B,0.64060044163121,0.2670419939053306,True,UC_text,5,1.0,1.0,1.5732155275997366,0.5496386168652508
q314_1051203,Performance,Medium,analitica,True,A,0.9043543564765165,0.9043543564765165,True,MI,9,1.0,,1.0035730370954572,-0.0065762147880853074
q314_1051203,Performance,Medium,analitica,True,A,0.9043543564765165,0.9043543564765165,True,MI_balanced,9,1.0,,1.0049944644990392,-0.004415890409542518
q314_1051203,Performance,Medium,analitica,True,A,0.9043543564765165,0.9043543564765165,True,UC_audio,9,1.0,,1.0043793274197,0.0014805809129013634
q314_1051203,Performance,Medium,analitica,True,A,0.9043543564765165,0.9043543564765165,True,UC_text,9,2.0,4.0,1.0347990332922943,0.7934484382158983
q315_1351134,Metre and Rhythm,Medium,percettiva,True,A,0.8339412147762799,0.8339412147762799,True,MI,9,5.0,,0.5383426038856066,0.2013577102369193
q315_1351134,Metre and Rhythm,Medium,percettiva,True,A,0.8339412147762799,0.8339412147762799,True,MI_balanced,9,5.0,,0.5382729632538018,0.21351212933090796
q315_1351134,Metre and Rhythm,Medium,percettiva,True,A,0.8339412147762799,0.8339412147762799,True,UC_audio,10,1.0,,0.7244073721354954,0.14508469223516468
q315_1351134,Metre and Rhythm,Medium,percettiva,True,A,0.8339412147762799,0.8339412147762799,True,UC_text,8,1.0,,0.9565870543817316,0.28967109012148257
q316_1351134,Functional Context,Low,knowledge,True,A,0.681068969413216,0.681068969413216,True,MI,7,1.0,,1.3115111131757837,-0.2702865921176612
q316_1351134,Functional Context,Low,knowledge,True,A,0.681068969413216,0.681068969413216,True,MI_balanced,7,1.0,,1.3199798186972478,-0.2803395061273063
q316_1351134,Functional Context,Low,knowledge,True,A,0.681068969413216,0.681068969413216,True,UC_audio,9,1.0,,1.2656798324676393,-0.19993360681842637
q316_1351134,Functional Context,Low,knowledge,True,A,0.681068969413216,0.681068969413216,True,UC_text,5,3.0,2.0,0.8686143321709632,1.1941182052891886
q317_1351134,Metre and Rhythm,Low,percettiva,False,B,0.8212328360364068,0.06741089621594896,True,MI,10,1.0,,1.0992364949721503,0.0042690533168609195
q317_1351134,Metre and Rhythm,Low,percettiva,False,B,0.8212328360364068,0.06741089621594896,True,MI_balanced,10,1.0,,1.1002555158094927,0.002386305893121119
q317_1351134,Metre and Rhythm,Low,percettiva,False,B,0.8212328360364068,0.06741089621594896,True,UC_audio,7,1.0,,1.1260321604225338,-0.014980794429982135
q317_1351134,Metre and Rhythm,Low,percettiva,False,B,0.8212328360364068,0.06741089621594896,True,UC_text,5,,2.0,0.2007937721099595,0.906854863067892
q318_307395,Performance,Medium,analitica,False,D,0.6463379100184387,0.12727148060970842,True,MI,8,4.0,,0.5757554411334591,0.1788138510720185
q318_307395,Performance,Medium,analitica,False,D,0.6463379100184387,0.12727148060970842,True,MI_balanced,8,4.0,,0.5757554411334591,0.1841771265919075
q318_307395,Performance,Medium,analitica,False,D,0.6463379100184387,0.12727148060970842,True,UC_audio,10,,,0.24622581077620215,0.1997861703859885
q318_307395,Performance,Medium,analitica,False,D,0.6463379100184387,0.12727148060970842,True,UC_text,5,,1.0,0.30566309459363433,1.3225976039584355
q319_307395,Metre and Rhythm,High,percettiva,False,B,0.4369797160940135,0.34032014508033787,True,MI,7,1.0,,0.9991897786659896,-0.11333051396068648
q319_307395,Metre and Rhythm,High,percettiva,False,B,0.4369797160940135,0.34032014508033787,True,MI_balanced,7,1.0,,0.9804151374419449,-0.11540504500441491
q319_307395,Metre and Rhythm,High,percettiva,False,B,0.4369797160940135,0.34032014508033787,True,UC_audio,7,1.0,,1.1099094478818725,-0.021912425038904382
q319_307395,Metre and Rhythm,High,percettiva,False,B,0.4369797160940135,0.34032014508033787,True,UC_text,8,,1.0,-0.45599771195246297,0.8952129702806838
q31_644172,Melody,Medium,analitica,True,A,0.43932247639951527,0.43932247639951527,True,MI,8,1.0,,1.538617136504142,0.02179399679477253
q31_644172,Melody,Medium,analitica,True,A,0.43932247639951527,0.43932247639951527,True,MI_balanced,8,1.0,,1.536477682254945,0.02762579513144931
q31_644172,Melody,Medium,analitica,True,A,0.43932247639951527,0.43932247639951527,True,UC_audio,9,1.0,,0.9714766117870569,0.03424895763147682
q31_644172,Melody,Medium,analitica,True,A,0.43932247639951527,0.43932247639951527,True,UC_text,8,1.0,,1.2816402604134964,-0.984887768745763
q320_307395,Genre and Style,High,knowledge,True,A,0.9891478249481144,0.9891478249481144,True,MI,7,1.0,,1.006429323076301,-0.0051665419975278765
q320_307395,Genre and Style,High,knowledge,True,A,0.9891478249481144,0.9891478249481144,True,MI_balanced,7,1.0,,1.0064675614843601,-0.00526068312791125
q320_307395,Genre and Style,High,knowledge,True,A,0.9891478249481144,0.9891478249481144,True,UC_audio,11,1.0,,1.001410686708422,-0.0034898018721886536
q320_307395,Genre and Style,High,knowledge,True,A,0.9891478249481144,0.9891478249481144,True,UC_text,5,1.0,,0.988898277419536,0.09757226047737172
q32_644172,Harmony,Low,analitica,True,A,0.4609724400528787,0.4609724400528787,True,MI,8,,,-0.14753674928465044,0.061540229446059774
q32_644172,Harmony,Low,analitica,True,A,0.4609724400528787,0.4609724400528787,True,MI_balanced,8,,,-0.12703880885412683,0.05970986139466721
q32_644172,Harmony,Low,analitica,True,A,0.4609724400528787,0.4609724400528787,True,UC_audio,9,3.0,,0.6384465530082821,0.008736667529389614
q32_644172,Harmony,Low,analitica,True,A,0.4609724400528787,0.4609724400528787,True,UC_text,7,3.0,3.0,0.7987222778252155,0.259108675556421
q33_644172,Metre and Rhythm,Medium,percettiva,True,A,0.9551642377387746,0.9551642377387746,True,MI,11,1.0,,0.8607549101196346,0.039206417917908444
q33_644172,Metre and Rhythm,Medium,percettiva,True,A,0.9551642377387746,0.9551642377387746,True,MI_balanced,11,1.0,,0.8638682625004338,0.03833917401015837
q33_644172,Metre and Rhythm,Medium,percettiva,True,A,0.9551642377387746,0.9551642377387746,True,UC_audio,9,1.0,,0.9363665599864232,0.050436256559572186
q33_644172,Metre and Rhythm,Medium,percettiva,True,A,0.9551642377387746,0.9551642377387746,True,UC_text,5,1.0,,1.0481728423278078,0.030120561763813447
q34_355486,Musical Texture,Medium,percettiva,True,A,0.9422620986574956,0.9422620986574956,True,MI,7,1.0,,1.0114206797562821,-0.016416889437594347
q34_355486,Musical Texture,Medium,percettiva,True,A,0.9422620986574956,0.9422620986574956,True,MI_balanced,7,1.0,,1.0101742153267679,-0.01727267877950687
q34_355486,Musical Texture,Medium,percettiva,True,A,0.9422620986574956,0.9422620986574956,True,UC_audio,10,1.0,,1.00653779506476,-0.009871997160656594
q34_355486,Musical Texture,Medium,percettiva,True,A,0.9422620986574956,0.9422620986574956,True,UC_text,10,3.0,8.0,0.7061093401222885,0.4705465731074418
q35_355486,Melody,High,analitica,True,A,0.695581438480713,0.695581438480713,True,MI,13,1.0,,0.8857013533395166,-0.012467784131196319
q35_355486,Melody,High,analitica,True,A,0.695581438480713,0.695581438480713,True,MI_balanced,13,1.0,,0.8846411475548289,-0.013392536265775988
q35_355486,Melody,High,analitica,True,A,0.695581438480713,0.695581438480713,True,UC_audio,9,1.0,,0.9993189412682985,-0.010551991754297633
q35_355486,Melody,High,analitica,True,A,0.695581438480713,0.695581438480713,True,UC_text,6,1.0,,0.7072329196007231,0.31474990262226205
q36_355486,Harmony,High,analitica,True,A,0.9830489256475782,0.9830489256475782,True,MI,3,1.0,,1.006013050533834,-0.0061167725591687455
q36_355486,Harmony,High,analitica,True,A,0.9830489256475782,0.9830489256475782,True,MI_balanced,3,1.0,,1.006013050533834,-0.005994695426701699
q36_355486,Harmony,High,analitica,True,A,0.9830489256475782,0.9830489256475782,True,UC_audio,8,1.0,,1.0101000741341368,-0.0027789867436309374
q36_355486,Harmony,High,analitica,True,A,0.9830489256475782,0.9830489256475782,True,UC_text,9,1.0,,0.9781074352046999,0.03423264129783794
q37_337998,Instrumentation,Medium,percettiva,False,C,0.5168251379190607,0.40250382212235125,True,MI,9,1.0,,1.3264753486437049,-0.04141370664135432
q37_337998,Instrumentation,Medium,percettiva,False,C,0.5168251379190607,0.40250382212235125,True,MI_balanced,9,1.0,,1.31762293684213,-0.03252314194215911
q37_337998,Instrumentation,Medium,percettiva,False,C,0.5168251379190607,0.40250382212235125,True,UC_audio,9,1.0,,1.116017992221776,-0.09001400314538267
q37_337998,Instrumentation,Medium,percettiva,False,C,0.5168251379190607,0.40250382212235125,True,UC_text,6,1.0,1.0,2.263086054114315,0.6523824203740964
q38_337998,Performance,Low,analitica,True,A,0.41872959135245025,0.41872959135245025,True,MI,9,1.0,,0.7964545081985483,0.3187984769212224
q38_337998,Performance,Low,analitica,True,A,0.41872959135245025,0.41872959135245025,True,MI_balanced,9,1.0,,0.7787512418911651,0.3092489692211958
q38_337998,Performance,Low,analitica,True,A,0.41872959135245025,0.41872959135245025,True,UC_audio,8,1.0,,0.6722468801250888,-0.08593341096257441
q38_337998,Performance,Low,analitica,True,A,0.41872959135245025,0.41872959135245025,True,UC_text,9,,2.0,-0.22422723898105998,1.644637834695971
q39_337998,Instrumentation,Low,percettiva,False,C,0.5856472447885253,0.007372210821287519,True,MI,12,1.0,11.0,0.5226520876026751,0.36966684498395874
q39_337998,Instrumentation,Low,percettiva,False,C,0.5856472447885253,0.007372210821287519,True,MI_balanced,12,1.0,11.0,0.5167313031692221,0.369880786874414
q39_337998,Instrumentation,Low,percettiva,False,C,0.5856472447885253,0.007372210821287519,True,UC_audio,9,1.0,,0.47838658732667727,0.18072907956014272
q39_337998,Instrumentation,Low,percettiva,False,C,0.5856472447885253,0.007372210821287519,True,UC_text,5,1.0,,1.4755938908340112,0.1471577083479035
q3_1204663,Metre and Rhythm,Low,percettiva,True,A,0.6954286946194962,0.6954286946194962,True,MI,14,2.0,,0.6896768377506289,0.06152973097080925
q3_1204663,Metre and Rhythm,Low,percettiva,True,A,0.6954286946194962,0.6954286946194962,True,MI_balanced,14,2.0,,0.6819767751498141,0.05785241932687183
q3_1204663,Metre and Rhythm,Low,percettiva,True,A,0.6954286946194962,0.6954286946194962,True,UC_audio,10,1.0,,0.7699078062005801,-0.0021827834585841357
q3_1204663,Metre and Rhythm,Low,percettiva,True,A,0.6954286946194962,0.6954286946194962,True,UC_text,4,1.0,3.0,0.8325466112671259,0.45130199607643723
q40_457120,Genre and Style,Medium,knowledge,True,A,0.3735450164677389,0.3735450164677389,True,MI,8,1.0,,0.8921336263627395,0.10631022502315192
q40_457120,Genre and Style,Medium,knowledge,True,A,0.3735450164677389,0.3735450164677389,True,MI_balanced,8,1.0,,0.9140211088054125,0.09633072399878441
q40_457120,Genre and Style,Medium,knowledge,True,A,0.3735450164677389,0.3735450164677389,True,UC_audio,9,1.0,,1.3879335897356693,0.06322329320714576
q40_457120,Genre and Style,Medium,knowledge,True,A,0.3735450164677389,0.3735450164677389,True,UC_text,4,1.0,1.0,1.0622725454411712,0.8089910549194639
q41_457120,Instrumentation,Medium,percettiva,False,D,0.4980398096877671,0.11112770249592499,True,MI,14,1.0,,1.0879534626432439,-0.01063660181919084
q41_457120,Instrumentation,Medium,percettiva,False,D,0.4980398096877671,0.11112770249592499,True,MI_balanced,14,1.0,,1.0812368744390157,-0.008184033350234435
q41_457120,Instrumentation,Medium,percettiva,False,D,0.4980398096877671,0.11112770249592499,True,UC_audio,10,1.0,,0.9560892782735446,-0.07677293095929266
q41_457120,Instrumentation,Medium,percettiva,False,D,0.4980398096877671,0.11112770249592499,True,UC_text,6,,3.0,-0.36482874537327403,0.34845294820858697
q42_457120,Mood and Expression,Low,knowledge,True,A,0.7404320837925223,0.7404320837925223,True,MI,7,1.0,,1.0159938739136323,0.04440575136727585
q42_457120,Mood and Expression,Low,knowledge,True,A,0.7404320837925223,0.7404320837925223,True,MI_balanced,7,1.0,,1.0112146733155083,0.05557118568277689
q42_457120,Mood and Expression,Low,knowledge,True,A,0.7404320837925223,0.7404320837925223,True,UC_audio,8,1.0,,1.1155166933049216,0.07422999128044101
q42_457120,Mood and Expression,Low,knowledge,True,A,0.7404320837925223,0.7404320837925223,True,UC_text,6,5.0,,0.46222921134531425,0.3194958974588394
q43_1235672,Harmony,Medium,analitica,True,A,0.973118587715673,0.973118587715673,True,MI,8,1.0,,0.9706718553453583,0.02156068265798773
q43_1235672,Harmony,Medium,analitica,True,A,0.973118587715673,0.973118587715673,True,MI_balanced,8,1.0,,0.970080558605869,0.020445178681810693
q43_1235672,Harmony,Medium,analitica,True,A,0.973118587715673,0.973118587715673,True,UC_audio,9,1.0,,0.9882823529797141,0.01594331588063249
q43_1235672,Harmony,Medium,analitica,True,A,0.973118587715673,0.973118587715673,True,UC_text,9,1.0,,0.9970845613572032,0.048326466643249834
q44_1235672,Structure,Medium,analitica,True,A,0.9839413321501934,0.9839413321501934,True,MI,9,1.0,,0.9963890582660483,0.004247417062789018
q44_1235672,Structure,Medium,analitica,True,A,0.9839413321501934,0.9839413321501934,True,MI_balanced,9,1.0,,0.9960803059313883,0.004073680308040931
q44_1235672,Structure,Medium,analitica,True,A,0.9839413321501934,0.9839413321501934,True,UC_audio,9,1.0,,0.9879587819471118,-0.001644503809492847
q44_1235672,Structure,Medium,analitica,True,A,0.9839413321501934,0.9839413321501934,True,UC_text,7,1.0,7.0,0.9485402111575273,0.6082077983124937
q45_1235672,Historical and Cultural Context,Low,knowledge,False,B,0.4266954499354253,0.33231075054271464,True,MI,10,1.0,,0.8843500198929022,0.11306908136268608
q45_1235672,Historical and Cultural Context,Low,knowledge,False,B,0.4266954499354253,0.33231075054271464,True,MI_balanced,10,1.0,,0.8906330996593929,0.10836595629997364
q45_1235672,Historical and Cultural Context,Low,knowledge,False,B,0.4266954499354253,0.33231075054271464,True,UC_audio,8,1.0,,0.8541731714717173,0.061465522666559184
q45_1235672,Historical and Cultural Context,Low,knowledge,False,B,0.4266954499354253,0.33231075054271464,True,UC_text,4,1.0,2.0,0.8474115239809145,0.18737409051357465
q46_510027,Performance,Medium,analitica,True,A,0.6547762337892697,0.6547762337892697,True,MI,8,1.0,,0.9497212389699897,-0.0217235817912845
q46_510027,Performance,Medium,analitica,True,A,0.6547762337892697,0.6547762337892697,True,MI_balanced,8,1.0,,0.9480924380521709,-0.018277627243239888
q46_510027,Performance,Medium,analitica,True,A,0.6547762337892697,0.6547762337892697,True,UC_audio,9,1.0,,1.031592348244523,0.030604379790157843
q46_510027,Performance,Medium,analitica,True,A,0.6547762337892697,0.6547762337892697,True,UC_text,6,3.0,2.0,1.0741079537120206,1.4251908652231668
q47_510027,Musical Texture,Low,percettiva,False,D,0.5739780239796417,0.39448894214283536,True,MI,6,1.0,,1.138530250677195,-0.0990943273858757
q47_510027,Musical Texture,Low,percettiva,False,D,0.5739780239796417,0.39448894214283536,True,MI_balanced,6,1.0,,1.1442964809544316,-0.10443909779248259
q47_510027,Musical Texture,Low,percettiva,False,D,0.5739780239796417,0.39448894214283536,True,UC_audio,8,1.0,,1.2365425978579154,-0.10626889654977865
q47_510027,Musical Texture,Low,percettiva,False,D,0.5739780239796417,0.39448894214283536,True,UC_text,10,1.0,1.0,0.5813556527343061,1.4128998621341657
q48_510027,Structure,Medium,analitica,True,A,0.7050725106118595,0.7050725106118595,True,MI,4,1.0,,0.8080857440435875,0.11348181522134303
q48_510027,Structure,Medium,analitica,True,A,0.7050725106118595,0.7050725106118595,True,MI_balanced,4,1.0,,0.7942576165812759,0.10656437447718409
q48_510027,Structure,Medium,analitica,True,A,0.7050725106118595,0.7050725106118595,True,UC_audio,9,1.0,,0.848265250543549,0.12827109626821145
q48_510027,Structure,Medium,analitica,True,A,0.7050725106118595,0.7050725106118595,True,UC_text,6,,1.0,0.11761457815893973,1.2700029947878897
q49_1149194,Sound Texture,Low,percettiva,False,B,0.6799323586872957,0.08120633981861562,True,MI,14,1.0,,0.8772884031538726,0.15854479131536653
q49_1149194,Sound Texture,Low,percettiva,False,B,0.6799323586872957,0.08120633981861562,True,MI_balanced,14,1.0,,0.8811405122886206,0.1585104028450973
q49_1149194,Sound Texture,Low,percettiva,False,B,0.6799323586872957,0.08120633981861562,True,UC_audio,8,1.0,,0.8888470671671025,0.14991120440720998
q49_1149194,Sound Texture,Low,percettiva,False,B,0.6799323586872957,0.08120633981861562,True,UC_text,9,,1.0,-0.04298938172515132,1.1496244935793845
q4_196219,Musical Texture,Medium,percettiva,False,B,0.6451737281790263,0.20945724272810615,True,MI,9,1.0,,0.64031360129364,0.13324931882376498
q4_196219,Musical Texture,Medium,percettiva,False,B,0.6451737281790263,0.20945724272810615,True,MI_balanced,9,1.0,,0.6427410103589388,0.13460257173486018
q4_196219,Musical Texture,Medium,percettiva,False,B,0.6451737281790263,0.20945724272810615,True,UC_audio,8,1.0,,0.9844874111745833,0.10106078130556165
q4_196219,Musical Texture,Medium,percettiva,False,B,0.6451737281790263,0.20945724272810615,True,UC_text,10,3.0,3.0,0.8927820076248286,0.7711422016112917
q50_1149194,Functional Context,Low,knowledge,True,A,0.49143981487064087,0.49143981487064087,True,MI,12,9.0,,0.4328754283733536,0.24075230800722852
q50_1149194,Functional Context,Low,knowledge,True,A,0.49143981487064087,0.49143981487064087,True,MI_balanced,12,9.0,,0.4227037049637539,0.2384900927634573
q50_1149194,Functional Context,Low,knowledge,True,A,0.49143981487064087,0.49143981487064087,True,UC_audio,10,4.0,,0.3306602271707409,0.2878810409461006
q50_1149194,Functional Context,Low,knowledge,True,A,0.49143981487064087,0.49143981487064087,True,UC_text,6,1.0,,1.4110771364463275,-0.7002633734965293
q51_1149194,Mood and Expression,Low,knowledge,True,A,0.5705992398180539,0.5705992398180539,True,MI,10,4.0,10.0,0.45796417472101175,0.4769003292328772
q51_1149194,Mood and Expression,Low,knowledge,True,A,0.5705992398180539,0.5705992398180539,True,MI_balanced,10,4.0,10.0,0.44836588071820044,0.47848917176947386
q51_1149194,Mood and Expression,Low,knowledge,True,A,0.5705992398180539,0.5705992398180539,True,UC_audio,9,4.0,,0.18202514217047575,0.36794169013989203
q51_1149194,Mood and Expression,Low,knowledge,True,A,0.5705992398180539,0.5705992398180539,True,UC_text,8,1.0,3.0,1.391750487011237,0.9691276949921711
q52_1107251,Melody,Low,analitica,True,A,0.9433640615516597,0.9433640615516597,True,MI,5,1.0,,0.9407308713817797,0.039963693050883306
q52_1107251,Melody,Low,analitica,True,A,0.9433640615516597,0.9433640615516597,True,MI_balanced,5,1.0,,0.9401919231864222,0.04112877897679065
q52_1107251,Melody,Low,analitica,True,A,0.9433640615516597,0.9433640615516597,True,UC_audio,9,1.0,,0.9812078528636178,0.04152632531308858
q52_1107251,Melody,Low,analitica,True,A,0.9433640615516597,0.9433640615516597,True,UC_text,4,1.0,,1.0493113048942162,0.11107240980141658
q53_1107251,Lyrics,Low,knowledge,True,A,0.6589201421348428,0.6589201421348428,True,MI,8,1.0,,0.9173914700781937,-0.0035723196238091363
q53_1107251,Lyrics,Low,knowledge,True,A,0.6589201421348428,0.6589201421348428,True,MI_balanced,8,1.0,,0.9155906558528643,-0.008040911187616089
q53_1107251,Lyrics,Low,knowledge,True,A,0.6589201421348428,0.6589201421348428,True,UC_audio,9,1.0,,0.9615656174096017,0.0861264144101632
q53_1107251,Lyrics,Low,knowledge,True,A,0.6589201421348428,0.6589201421348428,True,UC_text,5,1.0,5.0,1.2891234879163136,0.45886091765735976
q54_1107251,Mood and Expression,Low,knowledge,True,A,0.33248792943492,0.33248792943492,True,MI,9,,1.0,-0.7215637357578255,0.8994065478790415
q54_1107251,Mood and Expression,Low,knowledge,True,A,0.33248792943492,0.33248792943492,True,MI_balanced,9,,1.0,-0.6616940086560619,0.938761470443391
q54_1107251,Mood and Expression,Low,knowledge,True,A,0.33248792943492,0.33248792943492,True,UC_audio,9,,1.0,-1.2314145218566648,0.9855953451845602
q54_1107251,Mood and Expression,Low,knowledge,True,A,0.33248792943492,0.33248792943492,True,UC_text,6,2.0,1.0,3.797215008314589,2.3309615472422416
q55_189585,Harmony,High,analitica,True,A,0.4575707392124759,0.4575707392124759,True,MI,6,1.0,,0.8947005914386975,-0.12207733834463669
q55_189585,Harmony,High,analitica,True,A,0.4575707392124759,0.4575707392124759,True,MI_balanced,6,1.0,,0.8947005914386975,-0.11657097980168754
q55_189585,Harmony,High,analitica,True,A,0.4575707392124759,0.4575707392124759,True,UC_audio,8,1.0,,0.8746442265959309,-0.018976012158028622
q55_189585,Harmony,High,analitica,True,A,0.4575707392124759,0.4575707392124759,True,UC_text,8,5.0,3.0,0.5685229990704895,0.9119998267823751
q56_189585,Harmony,High,analitica,True,A,0.5751583488016836,0.5751583488016836,True,MI,10,1.0,,0.8378661892342288,0.12255302027215918
q56_189585,Harmony,High,analitica,True,A,0.5751583488016836,0.5751583488016836,True,MI_balanced,10,1.0,,0.8372387782510342,0.12892231403379553
q56_189585,Harmony,High,analitica,True,A,0.5751583488016836,0.5751583488016836,True,UC_audio,9,1.0,,0.5701108025862105,0.06154389484220597
q56_189585,Harmony,High,analitica,True,A,0.5751583488016836,0.5751583488016836,True,UC_text,7,6.0,1.0,0.7975524752609282,0.3634552972042318
q57_189585,Genre and Style,Low,knowledge,False,B,0.9755098421693921,0.017867086001580657,True,MI,7,1.0,,1.004284170206702,0.004674823501267313
q57_189585,Genre and Style,Low,knowledge,False,B,0.9755098421693921,0.017867086001580657,True,MI_balanced,7,1.0,,1.0040590218191052,0.004626182241746649
q57_189585,Genre and Style,Low,knowledge,False,B,0.9755098421693921,0.017867086001580657,True,UC_audio,6,1.0,,0.9874375250621801,-0.0028804759245981268
q57_189585,Genre and Style,Low,knowledge,False,B,0.9755098421693921,0.017867086001580657,True,UC_text,6,1.0,,0.9324088135084071,0.3334158855195723
q58_170946,Historical and Cultural Context,Low,knowledge,False,D,0.39181905048540705,0.09906737035332987,True,MI,9,1.0,,0.8447666312968446,0.21950086892269116
q58_170946,Historical and Cultural Context,Low,knowledge,False,D,0.39181905048540705,0.09906737035332987,True,MI_balanced,9,1.0,,0.8664638601395447,0.2178310170496202
q58_170946,Historical and Cultural Context,Low,knowledge,False,D,0.39181905048540705,0.09906737035332987,True,UC_audio,9,1.0,,1.0102804810447275,0.30412613561328633
q58_170946,Historical and Cultural Context,Low,knowledge,False,D,0.39181905048540705,0.09906737035332987,True,UC_text,7,7.0,2.0,0.1547170332205961,1.9086665997142152
q59_170946,Sound Texture,Low,percettiva,True,A,0.5793347511259064,0.5793347511259064,True,MI,6,1.0,,1.3251452664963954,-0.17833508217008126
q59_170946,Sound Texture,Low,percettiva,True,A,0.5793347511259064,0.5793347511259064,True,MI_balanced,6,1.0,,1.3277233538105868,-0.18450118787359487
q59_170946,Sound Texture,Low,percettiva,True,A,0.5793347511259064,0.5793347511259064,True,UC_audio,8,1.0,,1.3412881481861472,-0.028767954351267777
q59_170946,Sound Texture,Low,percettiva,True,A,0.5793347511259064,0.5793347511259064,True,UC_text,6,,1.0,0.10059428423310532,1.0718568856328294
q5_196219,Performance,Low,analitica,False,D,0.6334848322517329,0.299237046424471,True,MI,11,1.0,,0.8790716072482095,0.018731144386626174
q5_196219,Performance,Low,analitica,False,D,0.6334848322517329,0.299237046424471,True,MI_balanced,11,1.0,,0.8874677682900848,0.013270452040214743
q5_196219,Performance,Low,analitica,False,D,0.6334848322517329,0.299237046424471,True,UC_audio,9,1.0,,0.829640977395475,-0.018834290136308197
q5_196219,Performance,Low,analitica,False,D,0.6334848322517329,0.299237046424471,True,UC_text,9,1.0,3.0,1.0611392762989778,0.4436085169079186
q60_170946,Instrumentation,Low,percettiva,False,C,0.333183235353951,0.17834013451413475,True,MI,12,1.0,,0.538283162658526,-0.10023185875480192
q60_170946,Instrumentation,Low,percettiva,False,C,0.333183235353951,0.17834013451413475,True,MI_balanced,12,1.0,,0.5485327877760253,-0.10964037760535077
q60_170946,Instrumentation,Low,percettiva,False,C,0.333183235353951,0.17834013451413475,True,UC_audio,9,1.0,7.0,1.7544825742326322,0.3002645413745227
q60_170946,Instrumentation,Low,percettiva,False,C,0.333183235353951,0.17834013451413475,True,UC_text,10,3.0,1.0,0.116652226827822,2.0275969843351977
q61_1278743,Genre and Style,Medium,knowledge,True,A,0.5666417294986628,0.5666417294986628,True,MI,13,4.0,,0.440994303574886,0.1784133550142218
q61_1278743,Genre and Style,Medium,knowledge,True,A,0.5666417294986628,0.5666417294986628,True,MI_balanced,13,4.0,,0.4385886038555771,0.16693811083329535
q61_1278743,Genre and Style,Medium,knowledge,True,A,0.5666417294986628,0.5666417294986628,True,UC_audio,10,1.0,,0.4093576521035815,0.09831024966800198
q61_1278743,Genre and Style,Medium,knowledge,True,A,0.5666417294986628,0.5666417294986628,True,UC_text,8,3.0,1.0,0.711431486515406,1.076133852053173
q62_1278743,Genre and Style,Low,knowledge,True,A,0.9245261359131977,0.9245261359131977,True,MI,6,1.0,,1.013719995578181,-0.0018394396913872187
q62_1278743,Genre and Style,Low,knowledge,True,A,0.9245261359131977,0.9245261359131977,True,MI_balanced,6,1.0,,1.0136784060543704,-0.0003088897982277406
q62_1278743,Genre and Style,Low,knowledge,True,A,0.9245261359131977,0.9245261359131977,True,UC_audio,7,1.0,,1.002417489281987,-0.010337434332946975
q62_1278743,Genre and Style,Low,knowledge,True,A,0.9245261359131977,0.9245261359131977,True,UC_text,9,4.0,4.0,0.6959512047475511,0.5641442651353195
q63_1278743,Sound Texture,Low,percettiva,True,A,0.7358793921504376,0.7358793921504376,True,MI,8,1.0,,0.9020664422004537,0.07238933989608297
q63_1278743,Sound Texture,Low,percettiva,True,A,0.7358793921504376,0.7358793921504376,True,MI_balanced,8,1.0,,0.9036634254473227,0.07148318937449478
q63_1278743,Sound Texture,Low,percettiva,True,A,0.7358793921504376,0.7358793921504376,True,UC_audio,10,1.0,,1.0094327847376865,0.05499886761438262
q63_1278743,Sound Texture,Low,percettiva,True,A,0.7358793921504376,0.7358793921504376,True,UC_text,6,1.0,,1.032148284163964,0.1956971617343473
q64_261271,Harmony,High,analitica,False,D,0.5905829437074843,0.16920484631600588,True,MI,8,5.0,,0.7916530676126416,-0.09473887984840698
q64_261271,Harmony,High,analitica,False,D,0.5905829437074843,0.16920484631600588,True,MI_balanced,8,5.0,,0.7894446622702929,-0.09159483804375078
q64_261271,Harmony,High,analitica,False,D,0.5905829437074843,0.16920484631600588,True,UC_audio,8,2.0,,0.9392517478702646,-0.0373948659442535
q64_261271,Harmony,High,analitica,False,D,0.5905829437074843,0.16920484631600588,True,UC_text,8,1.0,,1.0130257981968975,-1.0175633981139256
q65_261271,Genre and Style,Low,knowledge,True,A,0.43868378552001,0.43868378552001,True,MI,7,,,0.2457223593062413,0.13173477519878413
q65_261271,Genre and Style,Low,knowledge,True,A,0.43868378552001,0.43868378552001,True,MI_balanced,7,,,0.2548516136982793,0.12770781956617955
q65_261271,Genre and Style,Low,knowledge,True,A,0.43868378552001,0.43868378552001,True,UC_audio,9,1.0,,0.8233092703005345,0.24352816600075944
q65_261271,Genre and Style,Low,knowledge,True,A,0.43868378552001,0.43868378552001,True,UC_text,8,1.0,,0.4257641945452024,-0.2195259153717176
q66_261271,Functional Context,Low,knowledge,False,C,0.36613591194104816,0.2516412868574379,True,MI,7,1.0,,1.847183761778422,-0.7313726450175602
q66_261271,Functional Context,Low,knowledge,False,C,0.36613591194104816,0.2516412868574379,True,MI_balanced,7,1.0,,1.876302576748709,-0.783548465673423
q66_261271,Functional Context,Low,knowledge,False,C,0.36613591194104816,0.2516412868574379,True,UC_audio,9,1.0,,2.555251467557609,-0.5622421565407337
q66_261271,Functional Context,Low,knowledge,False,C,0.36613591194104816,0.2516412868574379,True,UC_text,5,1.0,,2.6994116479670125,-1.1318218266584528
q67_1051201,Mood and Expression,Low,knowledge,True,A,0.5120515466082621,0.5120515466082621,True,MI,3,1.0,,1.10287377248811,-0.12668011047368627
q67_1051201,Mood and Expression,Low,knowledge,True,A,0.5120515466082621,0.5120515466082621,True,MI_balanced,3,1.0,,1.1485421124219366,-0.12668011047368627
q67_1051201,Mood and Expression,Low,knowledge,True,A,0.5120515466082621,0.5120515466082621,True,UC_audio,8,1.0,,1.5093856500260014,-0.07323320701603563
q67_1051201,Mood and Expression,Low,knowledge,True,A,0.5120515466082621,0.5120515466082621,True,UC_text,10,1.0,2.0,0.541004046545687,0.5437705531016764
q68_1051201,Mood and Expression,Low,knowledge,True,A,0.5624720122358406,0.5624720122358406,True,MI,7,1.0,,1.1320689628710043,-0.04960798768405304
q68_1051201,Mood and Expression,Low,knowledge,True,A,0.5624720122358406,0.5624720122358406,True,MI_balanced,7,1.0,,1.1351891196060158,-0.06573164828501644
q68_1051201,Mood and Expression,Low,knowledge,True,A,0.5624720122358406,0.5624720122358406,True,UC_audio,8,1.0,,1.3506243043485135,-0.16395235755020213
q68_1051201,Mood and Expression,Low,knowledge,True,A,0.5624720122358406,0.5624720122358406,True,UC_text,6,1.0,2.0,0.6450111973158031,0.27380797972951465
q69_1051201,Performance,Low,analitica,True,A,0.3466892061294624,0.3466892061294624,True,MI,6,1.0,,3.153636559212288,-2.0138159433846186
q69_1051201,Performance,Low,analitica,True,A,0.3466892061294624,0.3466892061294624,True,MI_balanced,6,1.0,,3.1585269381880474,-2.0150577145252275
q69_1051201,Performance,Low,analitica,True,A,0.3466892061294624,0.3466892061294624,True,UC_audio,8,1.0,,2.4950962201052045,-0.4926974568307551
q69_1051201,Performance,Low,analitica,True,A,0.3466892061294624,0.3466892061294624,True,UC_text,9,2.0,1.0,2.615311780214562,1.6175420344108877
q6_196219,Melody,Medium,analitica,True,A,0.32445568517615814,0.32445568517615814,True,MI,4,1.0,,3.3818248599630407,-0.777402454743773
q6_196219,Melody,Medium,analitica,True,A,0.32445568517615814,0.32445568517615814,True,MI_balanced,4,1.0,,3.4346216953001893,-0.7680163266990765
q6_196219,Melody,Medium,analitica,True,A,0.32445568517615814,0.32445568517615814,True,UC_audio,7,1.0,,1.3625614572771805,-1.255029511813792
q6_196219,Melody,Medium,analitica,True,A,0.32445568517615814,0.32445568517615814,True,UC_text,6,1.0,3.0,6.2982669009844985,1.4153191264862863
q70_1247308,Metre and Rhythm,Low,percettiva,True,A,0.8761731950757831,0.8761731950757831,True,MI,8,1.0,,1.0915175952308842,-0.07799649299726717
q70_1247308,Metre and Rhythm,Low,percettiva,True,A,0.8761731950757831,0.8761731950757831,True,MI_balanced,8,1.0,,1.0951764069143546,-0.07896712738749599
q70_1247308,Metre and Rhythm,Low,percettiva,True,A,0.8761731950757831,0.8761731950757831,True,UC_audio,8,1.0,,1.102528079275889,-0.03953655329301239
q70_1247308,Metre and Rhythm,Low,percettiva,True,A,0.8761731950757831,0.8761731950757831,True,UC_text,8,1.0,2.0,1.0985234305211022,0.17459761428505446
q71_1247308,Harmony,Medium,analitica,False,B,0.6483554914809865,0.1857569583799487,True,MI,6,1.0,,1.0066157662978579,0.04595108474226856
q71_1247308,Harmony,Medium,analitica,False,B,0.6483554914809865,0.1857569583799487,True,MI_balanced,6,1.0,,1.0067533254140622,0.04071878752885876
q71_1247308,Harmony,Medium,analitica,False,B,0.6483554914809865,0.1857569583799487,True,UC_audio,8,1.0,,0.922635532599254,0.0856150843391874
q71_1247308,Harmony,Medium,analitica,False,B,0.6483554914809865,0.1857569583799487,True,UC_text,10,5.0,2.0,0.8191143698788874,1.0370664540687604
q72_1247308,Structure,Medium,analitica,False,C,0.5276429754608789,0.07140871153180714,True,MI,7,1.0,,0.8786732547792507,0.16717760184267058
q72_1247308,Structure,Medium,analitica,False,C,0.5276429754608789,0.07140871153180714,True,MI_balanced,7,1.0,,0.8547052727727125,0.16830799588356912
q72_1247308,Structure,Medium,analitica,False,C,0.5276429754608789,0.07140871153180714,True,UC_audio,9,1.0,,0.7351670550584191,0.06606646034690529
q72_1247308,Structure,Medium,analitica,False,C,0.5276429754608789,0.07140871153180714,True,UC_text,6,,2.0,0.08603739081473805,1.1603448262360807
q73_26738,Instrumentation,Low,percettiva,True,A,0.9583497115334648,0.9583497115334648,True,MI,10,1.0,,0.8827332986130345,0.04500062225693168
q73_26738,Instrumentation,Low,percettiva,True,A,0.9583497115334648,0.9583497115334648,True,MI_balanced,10,1.0,,0.8799815805300312,0.04493809014721858
q73_26738,Instrumentation,Low,percettiva,True,A,0.9583497115334648,0.9583497115334648,True,UC_audio,10,1.0,,0.8717806724822033,0.019856628870579082
q73_26738,Instrumentation,Low,percettiva,True,A,0.9583497115334648,0.9583497115334648,True,UC_text,6,1.0,,1.0032810580966791,0.0966423399900289
q74_26738,Instrumentation,Medium,percettiva,False,B,0.5337324930816612,0.11909181665773177,True,MI,7,7.0,,0.42041380469744555,0.3094836989831878
q74_26738,Instrumentation,Medium,percettiva,False,B,0.5337324930816612,0.11909181665773177,True,MI_balanced,7,7.0,,0.40585527746382977,0.31495786139487986
q74_26738,Instrumentation,Medium,percettiva,False,B,0.5337324930816612,0.11909181665773177,True,UC_audio,8,2.0,,0.462266148914942,0.37756509060050053
q74_26738,Instrumentation,Medium,percettiva,False,B,0.5337324930816612,0.11909181665773177,True,UC_text,4,1.0,3.0,0.9192571270298638,0.5887573236914929
q75_26738,Genre and Style,Low,knowledge,True,A,0.4434575518375659,0.4434575518375659,True,MI,7,1.0,,1.47200030732816,0.15231257315008065
q75_26738,Genre and Style,Low,knowledge,True,A,0.4434575518375659,0.4434575518375659,True,MI_balanced,7,1.0,,1.4531346220735708,0.1427855601110775
q75_26738,Genre and Style,Low,knowledge,True,A,0.4434575518375659,0.4434575518375659,True,UC_audio,8,1.0,,1.2859278610435576,0.07153739659285924
q75_26738,Genre and Style,Low,knowledge,True,A,0.4434575518375659,0.4434575518375659,True,UC_text,7,5.0,1.0,1.0401330393581965,1.4205772912318686
q76_1087890,Performance,Low,analitica,True,A,0.5170798761518574,0.5170798761518574,True,MI,6,,,0.33216012324735295,0.1224529519405836
q76_1087890,Performance,Low,analitica,True,A,0.5170798761518574,0.5170798761518574,True,MI_balanced,6,,,0.33910036060192517,0.12286028566050812
q76_1087890,Performance,Low,analitica,True,A,0.5170798761518574,0.5170798761518574,True,UC_audio,9,1.0,,0.44556764387112785,0.17675314585957544
q76_1087890,Performance,Low,analitica,True,A,0.5170798761518574,0.5170798761518574,True,UC_text,9,2.0,4.0,2.027442071751012,1.2849766319358282
q77_1087890,Instrumentation,Low,percettiva,True,A,0.9924345297973386,0.9924345297973386,True,MI,13,1.0,,0.8933276298675618,0.013443113790227319
q77_1087890,Instrumentation,Low,percettiva,True,A,0.9924345297973386,0.9924345297973386,True,MI_balanced,13,1.0,,0.8918271287126135,0.014416123242114394
q77_1087890,Instrumentation,Low,percettiva,True,A,0.9924345297973386,0.9924345297973386,True,UC_audio,11,1.0,,0.8684486856569308,0.0035331849466448523
q77_1087890,Instrumentation,Low,percettiva,True,A,0.9924345297973386,0.9924345297973386,True,UC_text,5,1.0,,0.9969081366078303,0.018812231650523745
q78_1087890,Metre and Rhythm,Medium,percettiva,True,A,0.9983011900383661,0.9983011900383661,True,MI,14,1.0,,0.9957096299158259,0.0033438295619923775
q78_1087890,Metre and Rhythm,Medium,percettiva,True,A,0.9983011900383661,0.9983011900383661,True,MI_balanced,14,1.0,,0.9957590161934996,0.00336435544292688
q78_1087890,Metre and Rhythm,Medium,percettiva,True,A,0.9983011900383661,0.9983011900383661,True,UC_audio,9,1.0,,0.9981781837699332,0.0016169878099490168
q78_1087890,Metre and Rhythm,Medium,percettiva,True,A,0.9983011900383661,0.9983011900383661,True,UC_text,8,1.0,,0.9979688531569714,0.05767176305556046
q79_467850,Instrumentation,Low,percettiva,False,C,0.9642493501558231,0.00945316799744306,True,MI,12,1.0,,0.9670464435396211,-0.00040762497669660883
q79_467850,Instrumentation,Low,percettiva,False,C,0.9642493501558231,0.00945316799744306,True,MI_balanced,12,1.0,,0.9665123826313972,6.494180799027834e-06
q79_467850,Instrumentation,Low,percettiva,False,C,0.9642493501558231,0.00945316799744306,True,UC_audio,8,1.0,,0.9761829136871137,0.003965360548521006
q79_467850,Instrumentation,Low,percettiva,False,C,0.9642493501558231,0.00945316799744306,True,UC_text,6,1.0,,1.0052888444263757,-0.007173523606896331
q7_171574,Metre and Rhythm,Medium,percettiva,True,A,0.9574547872408016,0.9574547872408016,True,MI,10,1.0,,0.9673398175778956,-0.0026391373674321244
q7_171574,Metre and Rhythm,Medium,percettiva,True,A,0.9574547872408016,0.9574547872408016,True,MI_balanced,10,1.0,,0.96440463031882,-0.0047090869883519805
q7_171574,Metre and Rhythm,Medium,percettiva,True,A,0.9574547872408016,0.9574547872408016,True,UC_audio,9,1.0,,0.985588390796832,0.0012097672562750286
q7_171574,Metre and Rhythm,Medium,percettiva,True,A,0.9574547872408016,0.9574547872408016,True,UC_text,7,1.0,,1.0372860958073697,0.0108800732997602
q80_467850,Genre and Style,Low,knowledge,True,A,0.7629938201720218,0.7629938201720218,True,MI,9,1.0,,0.8216190140865651,0.14898958225006206
q80_467850,Genre and Style,Low,knowledge,True,A,0.7629938201720218,0.7629938201720218,True,MI_balanced,9,1.0,,0.8253310876228316,0.1377496939519967
q80_467850,Genre and Style,Low,knowledge,True,A,0.7629938201720218,0.7629938201720218,True,UC_audio,9,1.0,,0.8561760142890603,0.06747053742680795
q80_467850,Genre and Style,Low,knowledge,True,A,0.7629938201720218,0.7629938201720218,True,UC_text,6,1.0,,0.9510967798442633,0.40701633182908703
q81_467850,Metre and Rhythm,Low,percettiva,False,C,0.7686187353050942,0.1513500027622551,True,MI,3,1.0,,1.0116140481005036,0.11403022145077363
q81_467850,Metre and Rhythm,Low,percettiva,False,C,0.7686187353050942,0.1513500027622551,True,MI_balanced,3,1.0,,1.0116140481005036,0.11403022145077363
q81_467850,Metre and Rhythm,Low,percettiva,False,C,0.7686187353050942,0.1513500027622551,True,UC_audio,8,1.0,,0.8232406275576193,0.05942572083348334
q81_467850,Metre and Rhythm,Low,percettiva,False,C,0.7686187353050942,0.1513500027622551,True,UC_text,7,4.0,3.0,0.7235527562967797,1.1190100721561875
q82_875005,Metre and Rhythm,Medium,percettiva,False,C,0.8612945365014019,0.06239196695908977,True,MI,8,1.0,,0.8344446130980464,0.041395637910432485
q82_875005,Metre and Rhythm,Medium,percettiva,False,C,0.8612945365014019,0.06239196695908977,True,MI_balanced,8,1.0,,0.8349238434429336,0.03863109946368026
q82_875005,Metre and Rhythm,Medium,percettiva,False,C,0.8612945365014019,0.06239196695908977,True,UC_audio,9,1.0,,0.8265771329386858,-0.021250766424906784
q82_875005,Metre and Rhythm,Medium,percettiva,False,C,0.8612945365014019,0.06239196695908977,True,UC_text,4,1.0,,1.0112915267795253,0.046878509793045656
q83_875005,Harmony,Medium,analitica,False,B,0.5075301595002841,0.34882003728761735,True,MI,5,1.0,,0.7141005528098917,0.23551626645384763
q83_875005,Harmony,Medium,analitica,False,B,0.5075301595002841,0.34882003728761735,True,MI_balanced,5,1.0,,0.7180646013535698,0.23551626645384763
q83_875005,Harmony,Medium,analitica,False,B,0.5075301595002841,0.34882003728761735,True,UC_audio,7,1.0,,0.9493936371535088,0.1626564748313988
q83_875005,Harmony,Medium,analitica,False,B,0.5075301595002841,0.34882003728761735,True,UC_text,6,5.0,5.0,0.20370138655081624,0.367262395135379
q84_875005,Harmony,High,analitica,False,D,0.8952821561047314,0.03471385638883704,True,MI,8,1.0,,1.032935133910001,-0.007186345467410943
q84_875005,Harmony,High,analitica,False,D,0.8952821561047314,0.03471385638883704,True,MI_balanced,8,1.0,,1.032665299540771,-0.008274546273770344
q84_875005,Harmony,High,analitica,False,D,0.8952821561047314,0.03471385638883704,True,UC_audio,9,1.0,,0.9782942002783452,0.015383490277399473
q84_875005,Harmony,High,analitica,False,D,0.8952821561047314,0.03471385638883704,True,UC_text,10,1.0,1.0,0.7121708808630006,0.7154436793812761
q85_1215807,Musical Texture,Medium,percettiva,False,D,0.6246057921481741,0.2027798115472213,True,MI,6,1.0,,1.1602033154060372,-0.2172195535377288
q85_1215807,Musical Texture,Medium,percettiva,False,D,0.6246057921481741,0.2027798115472213,True,MI_balanced,6,1.0,,1.1810517661994038,-0.20036257037466096
q85_1215807,Musical Texture,Medium,percettiva,False,D,0.6246057921481741,0.2027798115472213,True,UC_audio,8,1.0,,1.2366966564396762,-0.09214866626153577
q85_1215807,Musical Texture,Medium,percettiva,False,D,0.6246057921481741,0.2027798115472213,True,UC_text,6,1.0,2.0,1.5080753190601472,1.0596312455096863
q86_1215807,Sound Texture,Low,percettiva,False,C,0.49171754910529836,0.0854476975718156,True,MI,6,1.0,,0.973968793659277,0.0753810920700251
q86_1215807,Sound Texture,Low,percettiva,False,C,0.49171754910529836,0.0854476975718156,True,MI_balanced,6,1.0,,0.9862784656921704,0.05540177937152951
q86_1215807,Sound Texture,Low,percettiva,False,C,0.49171754910529836,0.0854476975718156,True,UC_audio,8,1.0,,1.1954249553401797,-0.023272529064064035
q86_1215807,Sound Texture,Low,percettiva,False,C,0.49171754910529836,0.0854476975718156,True,UC_text,9,1.0,1.0,1.0766663347631824,1.0691643617883289
q87_1215807,Instrumentation,Medium,percettiva,True,A,0.8503704745153505,0.8503704745153505,True,MI,10,1.0,,0.9060088249048113,0.1481560819114885
q87_1215807,Instrumentation,Medium,percettiva,True,A,0.8503704745153505,0.8503704745153505,True,MI_balanced,10,1.0,,0.9061440154968757,0.15833296065672312
q87_1215807,Instrumentation,Medium,percettiva,True,A,0.8503704745153505,0.8503704745153505,True,UC_audio,8,1.0,,0.8311294055110208,0.0975766866032652
q87_1215807,Instrumentation,Medium,percettiva,True,A,0.8503704745153505,0.8503704745153505,True,UC_text,5,1.0,,1.2265336016291357,-0.15483749936191543
q88_306166,Harmony,Low,analitica,False,D,0.5534577431206007,0.17968142188268674,True,MI,5,1.0,,1.402732850422875,-0.2705157558577725
q88_306166,Harmony,Low,analitica,False,D,0.5534577431206007,0.17968142188268674,True,MI_balanced,5,1.0,,1.3998586775015753,-0.27432441901273213
q88_306166,Harmony,Low,analitica,False,D,0.5534577431206007,0.17968142188268674,True,UC_audio,8,2.0,,1.437738415275098,-0.11146983798704967
q88_306166,Harmony,Low,analitica,False,D,0.5534577431206007,0.17968142188268674,True,UC_text,8,1.0,2.0,0.7655124358838024,1.1340365461740491
q89_306166,Melody,Medium,analitica,False,C,0.49720788327073673,0.26613620187039794,True,MI,7,1.0,,1.1007989111915741,-0.029074792452719534
q89_306166,Melody,Medium,analitica,False,C,0.49720788327073673,0.26613620187039794,True,MI_balanced,7,1.0,,1.1003742566186507,-0.040721568451333526
q89_306166,Melody,Medium,analitica,False,C,0.49720788327073673,0.26613620187039794,True,UC_audio,8,1.0,,1.0695963408380145,0.05469698048628701
q89_306166,Melody,Medium,analitica,False,C,0.49720788327073673,0.26613620187039794,True,UC_text,9,1.0,2.0,1.4023401953844579,0.7714050878802415
q8_171574,Harmony,Medium,analitica,False,B,0.45755319104231934,0.3563427834805784,True,MI,10,1.0,2.0,0.6325938367815981,0.6583160436558816
q8_171574,Harmony,Medium,analitica,False,B,0.45755319104231934,0.3563427834805784,True,MI_balanced,10,1.0,2.0,0.620135823601239,0.6705703785729917
q8_171574,Harmony,Medium,analitica,False,B,0.45755319104231934,0.3563427834805784,True,UC_audio,7,1.0,,0.9614418578655972,0.38417246445934367
q8_171574,Harmony,Medium,analitica,False,B,0.45755319104231934,0.3563427834805784,True,UC_text,6,5.0,2.0,1.1163283249977136,0.8152752965782823
q90_306166,Performance,Medium,analitica,True,A,0.8900014505320665,0.8900014505320665,True,MI,7,1.0,,1.0009633894010252,0.026857641697491955
q90_306166,Performance,Medium,analitica,True,A,0.8900014505320665,0.8900014505320665,True,MI_balanced,7,1.0,,1.0012499811648026,0.03005915133415776
q90_306166,Performance,Medium,analitica,True,A,0.8900014505320665,0.8900014505320665,True,UC_audio,9,1.0,,0.9998081253149677,0.016163312429212852
q90_306166,Performance,Medium,analitica,True,A,0.8900014505320665,0.8900014505320665,True,UC_text,10,1.0,,0.8882371768026281,0.3133888941768232
q91_8559,Historical and Cultural Context,Low,knowledge,False,C,0.3403147063767798,0.16075328469827008,True,MI,11,10.0,,0.0678720149085851,0.14268967978473654
q91_8559,Historical and Cultural Context,Low,knowledge,False,C,0.3403147063767798,0.16075328469827008,True,MI_balanced,11,10.0,,0.11199889852310775,0.15745270633740732
q91_8559,Historical and Cultural Context,Low,knowledge,False,C,0.3403147063767798,0.16075328469827008,True,UC_audio,9,,,-0.05030817825964586,0.23571751263264226
q91_8559,Historical and Cultural Context,Low,knowledge,False,C,0.3403147063767798,0.16075328469827008,True,UC_text,4,2.0,2.0,0.40220178887517116,0.4114004995131346
q92_8559,Performance,Low,analitica,False,B,0.673437628286572,0.06263945701031617,True,MI,6,1.0,,1.1591319525798593,-0.16886957064410682
q92_8559,Performance,Low,analitica,False,B,0.673437628286572,0.06263945701031617,True,MI_balanced,6,1.0,,1.1634938361706584,-0.1650092513812934
q92_8559,Performance,Low,analitica,False,B,0.673437628286572,0.06263945701031617,True,UC_audio,8,1.0,,1.2247226138690208,-0.1523360160800684
q92_8559,Performance,Low,analitica,False,B,0.673437628286572,0.06263945701031617,True,UC_text,8,3.0,1.0,0.7600372843603945,1.0645920049504176
q93_8559,Instrumentation,Medium,percettiva,False,D,0.9257419341767593,0.008009237051244686,True,MI,4,1.0,,1.0173985842337752,0.0019249750043568237
q93_8559,Instrumentation,Medium,percettiva,False,D,0.9257419341767593,0.008009237051244686,True,MI_balanced,4,1.0,,1.0173985842337752,0.002316285647106069
q93_8559,Instrumentation,Medium,percettiva,False,D,0.9257419341767593,0.008009237051244686,True,UC_audio,8,1.0,,1.001831683842709,0.008109181452100711
q93_8559,Instrumentation,Medium,percettiva,False,D,0.9257419341767593,0.008009237051244686,True,UC_text,7,6.0,2.0,0.6336803588346561,0.9334040771884927
q94_1420928,Instrumentation,Low,percettiva,True,A,0.9970699548769011,0.9970699548769011,True,MI,7,1.0,,0.9787896086964657,0.0019001097071201828
q94_1420928,Instrumentation,Low,percettiva,True,A,0.9970699548769011,0.9970699548769011,True,MI_balanced,7,1.0,,0.9788615439747969,0.0019250978182174796
q94_1420928,Instrumentation,Low,percettiva,True,A,0.9970699548769011,0.9970699548769011,True,UC_audio,9,1.0,,0.9796653803813075,0.0019079975182539795
q94_1420928,Instrumentation,Low,percettiva,True,A,0.9970699548769011,0.9970699548769011,True,UC_text,10,1.0,,0.9953344932926901,0.02069895268326494
q95_1420928,Mood and Expression,Low,knowledge,False,B,0.6574905509714851,0.0030447853096149456,True,MI,8,2.0,,0.6919851860378607,0.33997693411816227
q95_1420928,Mood and Expression,Low,knowledge,False,B,0.6574905509714851,0.0030447853096149456,True,MI_balanced,8,2.0,,0.6982912111301254,0.34227428080708966
q95_1420928,Mood and Expression,Low,knowledge,False,B,0.6574905509714851,0.0030447853096149456,True,UC_audio,8,2.0,,0.9453311794799412,0.25840280585467457
q95_1420928,Mood and Expression,Low,knowledge,False,B,0.6574905509714851,0.0030447853096149456,True,UC_text,4,1.0,,1.404464222319377,0.28984766179211824
q96_1420928,Harmony,Medium,analitica,False,D,0.41818745403359453,0.25364351237854266,True,MI,10,10.0,,0.599291605101348,0.18140111029051012
q96_1420928,Harmony,Medium,analitica,False,D,0.41818745403359453,0.25364351237854266,True,MI_balanced,10,10.0,2.0,0.6028362784202963,0.1835184671611574
q96_1420928,Harmony,Medium,analitica,False,D,0.41818745403359453,0.25364351237854266,True,UC_audio,10,2.0,2.0,0.9640911426230294,0.5356493291277103
q96_1420928,Harmony,Medium,analitica,False,D,0.41818745403359453,0.25364351237854266,True,UC_text,3,3.0,3.0,2.061015700831908,1.2177860125573432
q97_1319502,Genre and Style,Low,knowledge,False,D,0.6119408578672848,0.25509490193435536,True,MI,6,1.0,,1.0021860194627992,0.1893363989905516
q97_1319502,Genre and Style,Low,knowledge,False,D,0.6119408578672848,0.25509490193435536,True,MI_balanced,6,1.0,,1.0192064167133412,0.16500429037766015
q97_1319502,Genre and Style,Low,knowledge,False,D,0.6119408578672848,0.25509490193435536,True,UC_audio,8,1.0,,0.8939967085808134,0.10902758192689012
q97_1319502,Genre and Style,Low,knowledge,False,D,0.6119408578672848,0.25509490193435536,True,UC_text,7,,1.0,-0.3129713887478064,1.183586273304171
q98_1319502,Instrumentation,Medium,percettiva,False,B,0.34031470637677974,0.2650373598169513,True,MI,7,1.0,,1.454724457738255,-0.012367573258786901
q98_1319502,Instrumentation,Medium,percettiva,False,B,0.34031470637677974,0.2650373598169513,True,MI_balanced,7,1.0,,1.4327124584289854,-0.02103356881327838
q98_1319502,Instrumentation,Medium,percettiva,False,B,0.34031470637677974,0.2650373598169513,True,UC_audio,8,1.0,,0.32249110517827,-0.5424260133629806
q98_1319502,Instrumentation,Medium,percettiva,False,B,0.34031470637677974,0.2650373598169513,True,UC_text,4,,,-0.9006370757625647,0.2728523118573542
q99_1319502,Historical and Cultural Context,Low,knowledge,False,B,0.4863146366551992,0.1229595961658327,True,MI,12,1.0,9.0,0.8546586633961915,0.303374365607512
q99_1319502,Historical and Cultural Context,Low,knowledge,False,B,0.4863146366551992,0.1229595961658327,True,MI_balanced,12,1.0,9.0,0.8628563850020864,0.3120548306260416
q99_1319502,Historical and Cultural Context,Low,knowledge,False,B,0.4863146366551992,0.1229595961658327,True,UC_audio,8,1.0,,0.8550645018117627,0.37709054932444863
q99_1319502,Historical and Cultural Context,Low,knowledge,False,B,0.4863146366551992,0.1229595961658327,True,UC_text,4,3.0,1.0,0.9189876803332583,1.4966844003066717
q9_171574,Sound Texture,Medium,percettiva,True,A,0.5089068616589429,0.5089068616589429,True,MI,11,1.0,,1.0443192731209328,0.08626486711670212
q9_171574,Sound Texture,Medium,percettiva,True,A,0.5089068616589429,0.5089068616589429,True,MI_balanced,11,1.0,,1.0500566849348119,0.0789481740196774
q9_171574,Sound Texture,Medium,percettiva,True,A,0.5089068616589429,0.5089068616589429,True,UC_audio,8,1.0,,0.8832358863443013,0.05622065563786891
q9_171574,Sound Texture,Medium,percettiva,True,A,0.5089068616589429,0.5089068616589429,True,UC_text,7,2.0,4.0,0.6729637998522645,0.8070443972527443
