sample_id,idx,question,category,difficulty,macro_family,model_answer,correct_answer_letter,correct,a_shap,t_shap,uc_audio_l1,mi_audio_l1,uc_text_l1,mi_text_l1,uc_audio_sum,mi_audio_sum,uc_text_sum,mi_text_sum,base_ucmi,uc_stem_drums,mi_stem_drums,uc_stem_bass,mi_stem_bass,uc_stem_other,mi_stem_other,uc_stem_vocals,mi_stem_vocals,uc_time_seg0,mi_time_seg0,uc_time_seg1,mi_time_seg1,uc_time_seg2,mi_time_seg2,uc_time_seg3,mi_time_seg3,uc_time_seg4,mi_time_seg4,uc_time_seg5,mi_time_seg5,uc_time_seg6,mi_time_seg6,uc_time_seg7,mi_time_seg7
q100_1247352,99,[MASK],Instrumentation,High,percettiva,A,A,True,0.6728624535315985,0.3271375464684015,0.898666436314741,0.17178204761781074,5.853370329252474,0.11165529406555404,-0.23583360740867004,0.08218271085666895,5.853370329252474,-0.11165529406555404,,-0.4968942739564587,0.00020942232865519758,-0.004777774252604266,0.05238568484112704,-0.0655779736526425,0.07438727206745761,0.33141641445303544,-0.044799668380570895,0.09524689116974805,-0.02622211697685478,-0.007430196986326645,-0.009011410804859274,-0.013673744117180774,-0.007929636095686676,-0.038592807081041444,0.022998828815183885,-0.08105833582453369,0.01999918134295032,0.0,0.011437343744134293,-0.004533067233781492,0.028425955433758858,-0.185792347335554,0.04248456539804233
q101_1247352,100,[MASK],Melody,High,analitica,C,A,False,0.3997975708502024,0.6002024291497975,1.2214974730086567,0.21009821855438354,5.720017826779183,0.1031226842559433,0.2718559697647105,0.03145513118202931,5.720017826779183,-0.1031226842559433,,0.5718577203589795,-0.08932154368617712,0.17481900102770404,0.024053128480913684,-0.418370343313711,0.05187516519996623,-0.056450408308262125,0.04484838118732652,0.06294021050593965,0.0734811678018126,-0.03093982452119612,-0.020983474562890608,0.0,0.0,0.06971989683846852,0.0,0.10452745473206349,-0.010621039924774403,0.13482260013145259,-0.06634084800824694,-0.005431685129114065,0.0,-0.06378268279290357,0.055919325876128675
q102_1247352,101,[MASK],Instrumentation,Medium,percettiva,A,A,True,0.7633053221288515,0.23669467787114848,0.5563135791434465,0.397668496827722,5.296678485773985,0.10178184558526,-0.5285410284169527,0.3743208497644083,5.296678485773985,0.10178184558526,,0.013886275363246908,-0.011673823531656843,-0.1774710274592228,0.05183035753778416,-0.16633836461527723,0.15056551087362297,-0.19861791170569953,0.18359880488465805,-0.17342816602174932,0.17927992275153345,-0.07111520446371414,0.0,0.03320571266518885,0.03476448672329417,-0.10306991426063532,0.012565870105049847,-0.05535650531626265,0.053618966865734696,0.08984063286634977,-0.03227336082591426,0.12308623041659084,-0.04363729241912826,-0.37170381430272065,0.1700022565638387
q103_625206,102,[MASK],Metre and Rhythm,Medium,percettiva,A,A,True,0.6514084507042253,0.3485915492957747,0.5433351747449411,0.6615453636672887,5.891767072840502,0.24366695722566745,-0.40989540093849425,-0.5258546121741289,5.891767072840502,-0.24366695722566745,,-0.4057241155685478,-0.49392138941474417,0.009388223837181464,-0.07867333869323757,-0.07089117227316985,0.06784537574657991,0.05733166306604193,-0.02110525981272701,-0.1555875090429445,-0.033248433283531165,0.03297603415364392,0.04295819986950661,-0.08172073796361824,-0.049135246324153295,0.0322461121771687,-0.06412935938940088,-0.09236592486117931,-0.10074384248167981,0.0,-0.07866962546352377,0.1787563172658652,0.0,-0.3241996926674301,-0.24288630510134657
q104_625206,103,[MASK],Instrumentation,Medium,percettiva,B,A,False,0.5068681318681318,0.4931318681318681,0.767551172416666,0.34086727605771083,5.525718111836847,0.05997205751568399,-0.22998628324927495,0.34086727605771083,5.525718111836847,0.05997205751568399,,-0.4809100374340193,0.17790417131962588,0.17414634712615068,0.04637349759787775,0.09463609745754484,0.09297802728869296,-0.017858690398951174,0.02361157985151422,-0.3336981947266078,0.11527943648119535,0.3181389098261018,-0.048795853929956834,-0.07033692499291301,-0.01851906478948949,0.07573682990596835,0.08470367145568924,0.0,0.05749005569742953,-0.12187915804292981,-0.026999711623778254,0.29567236276508213,-0.02101707493153613,-0.3936201079839766,0.1987258176981574
q105_625206,104,[MASK],Instrumentation,Medium,percettiva,B,A,False,0.6551724137931034,0.3448275862068966,1.2163040613521547,0.6093173020096034,4.779968014730176,0.18162269452210072,0.37065790601823145,0.6093173020096034,4.779968014730176,0.18162269452210072,,0.36675649734893334,0.2951757858498607,0.4267244863362597,0.06441929914801421,-0.369526678037863,0.2497222170117286,-0.05329639962909861,0.0,-0.0001996829581174947,0.1688765902084946,0.025486777605240193,0.08490158220583346,-0.12994959363899103,0.08916179201619989,0.2318198496768698,0.047953723098904485,0.18694714194976217,0.11804120068284436,0.02465706313800997,0.0,-0.0738424428000757,0.053099610891105584,0.10573879304553355,0.047282802906221166
q106_395289,105,[MASK],Instrumentation,Low,percettiva,A,A,True,0.6461693548387096,0.3538306451612903,1.3853428480943593,0.4364661014189495,5.694419997463169,0.04631988181835556,-0.4726490169314775,-0.014853860671610665,5.694419997463169,-0.04631988181835556,,0.45634691558144086,-0.22346999842897614,-0.27627308980573106,0.016130752509014336,-0.6527228427071873,0.19467536786465509,0.0,-0.0021899826163039437,0.19990697629899098,0.027117063273726795,-0.1090076402036409,0.0319784741862938,0.0,-0.00686127423115062,-0.00036316673465645877,-0.032157491628889416,-0.10320972680707252,-0.056651697948929984,-0.25962920731051903,0.028686478583841993,-0.0635831802296561,0.03838226109002807,-0.13676307194492338,-0.04534767399653127
q107_2083,106,[MASK],Metre and Rhythm,Medium,percettiva,C,A,False,0.6030769230769232,0.39692307692307693,0.8565428014534375,0.3688026050674899,4.642836785346552,0.11811569862697059,-0.07951617186564819,-0.2360540989034871,4.642836785346552,-0.11811569862697059,,0.08094075382217408,-0.2542660300488654,0.3075725609717206,-0.048162321936623134,-0.10941197757031998,0.06415104379179197,-0.35861750908922285,0.0022232092902094037,0.0324071237167915,0.05921112980169704,0.043366086368339066,-0.07511207910781421,0.099916309430027,-0.0601757321364666,-0.014452424980210613,0.013872971270012417,-0.013672196193707804,-0.040284374908052326,-0.15349680522332804,-0.02932612793338098,-0.029838262434266467,-0.05972533806045663,-0.04374600254929287,-0.04451454782902589
q108_2083,107,[MASK],Genre and Style,Low,knowledge,B,A,False,0.637704918032787,0.36229508196721316,0.8895537711326685,0.4914772902810537,5.741836928980515,0.031083078586857136,-0.5965527362364119,0.46995478281684633,5.741836928980515,0.031083078586857136,,-0.15780976592093032,-0.01076125373210366,-0.2506461270601925,0.2642657746379348,0.1465005174481283,0.1811449381246755,-0.3345973607034174,0.03530532378633965,0.08325093231363916,0.04236845270399726,0.0,0.0,-0.06797855440694422,-0.027471498819369177,-0.21585329478222048,0.11690688957594561,-0.12830414904594997,-0.02152183674622363,-0.11830569124010372,0.1543901022655548,0.030526239137061706,0.08118154506970536,-0.17988821821189438,0.12410112876723607
q109_2083,108,[MASK],Instrumentation,Low,percettiva,C,A,False,0.6146666666666666,0.3853333333333333,0.5839924274327833,0.8881207375909039,5.458432389407798,0.27840686862575403,-0.0269104721427999,-0.018916240376238177,5.458432389407798,-0.27840686862575403,,-0.2837175286900501,-0.453518488983571,0.18072474383493678,0.39449247664434983,0.09781623381005494,0.012860428644430044,-0.0217339210977415,0.027249343318552947,0.0,-0.02730993818933874,0.08848903479488968,-0.06093542305647638,0.1157124598200146,0.09165186281978047,0.0998150393782611,0.08103036304621408,-0.10378358429277706,0.12174022750597216,-0.348566791399629,-0.2285948554805733,0.01652842949493863,-0.08946409240566829,0.10489494006150217,0.09296561538385181
q10_1093606,9,[MASK],Sound Texture,Low,percettiva,A,A,True,0.75,0.25000000000000006,0.6181687504044846,0.21817835286618498,5.560823706853499,0.11848138190863057,0.6181687504044846,0.21817835286618498,5.560823706853499,0.11848138190863057,,0.059014207639351765,0.0002484193265080495,0.015344783603023483,0.015077837360925573,0.13109380089481637,0.06343056833022702,0.412715958267293,0.13942152784852435,0.2773752080226036,0.07232218566930608,0.02894414411301803,0.0,-0.0436641715414354,-0.022919454460673314,0.043268973500499,-0.03481227453768483,0.0741038944025078,0.09008438725120729,0.10143591272167507,0.03097012570119907,0.16386598098466446,0.06481684000426537,-0.027161191799047957,0.017716543238565346
q110_1336202,109,[MASK],Performance,Medium,analitica,B,A,False,0.632016632016632,0.367983367983368,0.34546762283217297,0.10732513265361832,5.698198724895728,0.0188936360045498,0.34546762283217297,0.029891305552670562,5.698198724895728,-0.0188936360045498,,0.012296103323054117,-0.02299567960730651,0.01922024176501689,-0.015118760856216813,0.29833850516023697,0.06860821910314444,0.015612772583864985,-0.0006024730869505519,0.0517703406868639,0.03575977807785437,0.01757127297154448,0.03606977057204428,0.03238317669136199,-0.007427067216725637,0.05777858358699694,0.007321859791103811,0.08060048699246158,0.0,-0.0677288628816144,-0.0734175797465289,0.14759858473821522,0.0352783948323792,0.025494040046343213,-0.003693850757456558
q111_1336202,110,[MASK],Functional Context,Low,unknown,A,A,True,0.8207417582417582,0.17925824175824173,1.2739496273256703,0.20637352897497324,6.01219876498686,0.07277097223151918,0.9751452707060586,0.16842234608602444,6.01219876498686,0.07277097223151918,,-0.038151165033360204,0.03814587322465769,-0.08616966903237366,-0.010413646890092564,1.1245474490158645,0.14925206430584115,-0.025081344244072008,-0.008561944554381843,0.22296860983849795,0.001897712524074037,0.010338245603885996,0.011344182354443831,-0.038151165033360204,0.05934197761795418,0.21762962632651045,-0.011842496076342392,0.10255260577171571,-0.009336333463314351,0.17893016203338089,0.040180086620688456,0.2604120880296785,-0.0006517158160026255,0.0204650981357492,0.0774889323245233
q112_1336202,111,[MASK],Instrumentation,Medium,percettiva,C,A,False,0.645679012345679,0.35432098765432096,0.8465302015852765,0.44791808431011954,5.190508441031957,0.020722052391119832,0.11708474118421636,0.34086629531865303,5.190508441031957,0.020722052391119832,,-0.035014384376506696,-0.04411236603091933,0.27896564653230316,-0.009413528464813931,0.2028418248524433,0.3489831451359461,-0.32970834582402336,0.04540904467844021,0.21460163738567756,0.17725339670180795,0.08277883016181228,-0.015013375388461774,-0.0029857962304767546,0.028623125569200714,-0.295456227834686,0.0670486219080795,-0.032463775510544954,0.03774763934633961,0.039403893573691486,0.049261291216202735,0.04633441243191806,0.009477713608887987,0.06487176720682465,-0.013532117643403662
q113_1327741,112,[MASK],Historical and Cultural Context,Low,knowledge,A,A,True,0.6484794275491951,0.351520572450805,1.0120257074444927,0.19762600126770385,6.293043522622477,0.2912057833547158,-0.12969212395268814,0.1554606138063099,6.293043522622477,0.2912057833547158,,0.22030791804877653,0.03690833338910792,0.023708968698788913,-0.021082693730696964,0.19714990499833682,0.06117272647142248,-0.5708589156985904,0.07846224767647647,-0.5178440734043369,0.12773106679986468,0.13421582305793622,0.04310732041052562,0.06624812516923147,0.05929335895009309,-0.049015176166901354,0.0,0.0581870464952371,-0.027023735722280482,-0.023098793888759087,-0.012615382916973042,-0.07738304476604067,-0.02975867098394138,0.2789979695509451,-0.0052733427309785905
q114_1327741,113,[MASK],Melody,High,analitica,A,A,True,0.8794871794871795,0.12051282051282051,1.6562864973842792,0.3484162820333748,6.519035788068698,0.15882843687675557,0.3795430107036034,0.023212665466172545,6.519035788068698,0.15882843687675557,,0.21890065769939296,0.13849780231047149,-0.2023797836196529,-0.028824035998497383,0.7990140963445483,-0.13377777228510374,-0.43599195972068505,0.047316671439302176,-0.41302407620104364,-0.18036873048328114,0.241008291874594,-0.018736422970323525,0.1744789704947975,0.011684952939742458,0.23594839794850375,0.0234135243876623,0.18672157149696098,0.012917359273578956,0.0573833537877014,0.013747918140336872,-0.07074793735293522,0.06500381510174891,-0.03222556134497536,0.09555024907670774
q115_1327741,114,[MASK],Musical Texture,Medium,percettiva,D,A,False,0.8915254237288135,0.10847457627118644,0.903203057602773,0.22452950919964704,5.830941754882403,0.12920809137662637,0.07105351657360881,0.20492923471999502,5.830941754882403,0.12920809137662637,,0.41415400456069684,0.027591458254698047,-0.0626147673338494,0.030996903472734812,0.07297428252749409,-0.009800137239826007,-0.35346000318073273,0.1561410102323882,-0.5419810598091129,0.1395891102660089,0.06942951805474674,0.0010516240388003407,0.19625626939126123,0.09256386567072603,0.058654190617838775,0.0,0.062216914887881496,0.014417528365406997,0.015825995706597,-0.004222827351576839,-0.016419806101916942,-0.011037449705794688,0.22707149382631348,-0.02743261656357569
q116_1162034,115,[MASK],Harmony,High,analitica,A,A,True,0.6788990825688074,0.3211009174311927,0.663217075310243,0.3540556494059711,5.642736761423108,0.036568327753928785,0.17290137818633097,0.3124663545186305,5.642736761423108,0.036568327753928785,,-0.20275861039983833,0.02631971672513817,0.17555766492450442,0.056750222906866495,0.24250156182378257,0.25019106233029614,-0.04239923816211768,-0.020794647443670294,0.16423958144417444,0.06041853846155672,0.0345250105313771,0.02285296555503643,0.16330387030616317,0.12851835760438574,-0.17414517705000268,-0.0061981126364119695,-0.029130939414475917,0.022809337748391733,0.02859571244948606,0.005904240032032727,0.007011866850348301,0.04518687772978651,-0.021498546930739507,0.032974150023852636
q117_1162034,116,[MASK],Melody,High,analitica,A,A,True,0.49696048632218837,0.5030395136778115,1.2026993023516759,0.27957906727966425,6.422739192219566,0.13030514122728268,-1.0259770414368377,0.21147818322784578,6.422739192219566,0.13030514122728268,,0.08836113045741914,-0.010000339868879785,-0.2111867460447191,-0.02405010215702944,-0.8819254424641154,0.21051873233878238,-0.021225983385422163,0.03500989291497264,-0.2911601221979539,0.028785884576878838,-0.22395311208893148,0.01596496534808688,0.002195328102142201,0.19322199060756573,-0.15004738695686354,-0.1463978077886617,-0.09163878400234501,0.025230350559370188,-0.022918943457872418,0.024538970302596948,-0.12056074724243203,0.06489097287460702,-0.1278932735925813,0.005242856747401881
q118_1162034,117,[MASK],Instrumentation,Low,percettiva,B,A,False,0.4962406015037594,0.5037593984962406,1.051900787383242,0.33141970632449697,5.360673059745185,0.0377872720090996,0.36825722304057606,-0.014752425913396379,5.360673059745185,0.0377872720090996,,-0.16764807107444624,-0.1559398326080168,0.540039181814103,0.15208445622952182,0.17003982339780602,0.006249183976028444,-0.17417371109688673,-0.017146233510929844,0.20140043402466457,-0.00519465496558736,0.08845260799326923,-0.0003418355404758641,0.08223317540438797,-0.011277517756724621,0.051088197401300876,-0.0018628250245563832,-0.03962015217440251,0.01410619756915199,0.01418270984103119,-0.024142071619944097,0.051390641538302,0.0,-0.08087039098797723,0.01396028142473997
q119_1227239,118,[MASK],Mood and Expression,Low,knowledge,A,A,True,0.703342618384401,0.29665738161559896,0.8858776549180152,0.12682085311117056,6.657995433913128,0.10495110064969748,0.8858776549180152,-0.08451662815419989,6.657995433913128,-0.10495110064969748,,0.2353902614611334,-0.02731963377056194,0.10302634902885954,-0.036650431004240244,0.30955604077549026,0.021152112478485332,0.23790500365253192,-0.04169867585788303,0.2595008975044094,0.045835853505850524,0.0531307444898635,-0.01568751031021299,0.06927418246461604,-0.04170503481520065,0.1414828724561121,0.01966201286268695,0.09701845029591863,-0.028676134135646916,0.16138540062472603,-0.038784815602569495,0.06475303831236402,0.011274735500868847,0.039332068770005404,-0.03643573515997615
q11_1093606,10,[MASK],Harmony,High,analitica,B,A,False,0.7653846153846154,0.2346153846153846,0.6604661753396601,0.4359315059342822,6.101181696809205,0.2646327984889659,0.6604661753396601,0.3290201117601873,6.101181696809205,0.2646327984889659,,0.06477812666959708,0.07901292293200805,0.03504603216813916,0.055149172305839295,0.2167634151614751,-0.05345569708704745,0.34387860134044873,0.24831371360938745,0.4482568492325287,0.10901106110994897,0.03825487810561152,0.0,-0.09279072439117139,-0.0163957979303759,-0.08419514475324802,-0.010384344442324653,0.1288795808817877,0.13681793529162972,0.0527318209261266,0.12700453877513518,0.18042006150553677,0.0660170231518885,-0.011091146167511744,-0.08305030419571446
q120_1227239,119,[MASK],Harmony,Medium,analitica,C,A,False,0.7051282051282052,0.2948717948717949,1.782040858543148,0.232046672648681,5.920656051477174,0.05412112508096591,1.782040858543148,-0.232046672648681,5.920656051477174,-0.05412112508096591,,0.5956101534164999,-0.03407716875654409,0.14589833862596935,0.0,0.2293382746641074,-0.17519841471295228,0.8111940918365713,-0.02277108917918462,0.3987763571555677,-0.08567256086110112,0.36625705252663043,-0.09154560314899596,0.07318615429107293,-0.0075322144209459055,0.4340971145242932,-0.07811697010514818,0.0,0.029883182791734263,0.18092570552551812,0.0,0.2259789301114467,0.025104222986871295,0.10281954440861885,-0.024166729891095372
q121_1227239,120,[MASK],Instrumentation,Low,percettiva,A,A,True,0.9420529801324503,0.05794701986754967,3.2386454430433416,0.28672461824713846,6.54780287301182,0.08837345874219417,3.2386454430433416,-0.054335431238425824,6.54780287301182,-0.08837345874219417,,0.20366157442028587,0.018004460688037398,0.09176042606872449,-0.06882804712623886,0.7294116441475662,-0.10170197761654327,2.213811798406765,0.09819013281631891,0.25158676362385834,-0.0054097690780873595,0.07258255598689194,-0.017457156682305394,0.26448963154617433,0.0,0.5529957991359362,0.001191178264649602,0.9544688488478489,-0.04498419469542356,0.39686025980597234,0.04539834501139132,0.3182688142162212,0.016503902919924728,0.42739276988043795,-0.04957773697857518
q122_114772,121,[MASK],Structure,Medium,analitica,A,A,True,0.8288633461047255,0.1711366538952746,0.7271703139322812,0.16866947312219227,5.594344674431238,0.08496041481267351,0.6681423754610325,0.1452777631537832,5.594344674431238,0.08496041481267351,,0.03615321890000361,0.012749085976229299,0.1356045907693919,0.0293557088470145,0.5258985350272612,0.11486882331474393,-0.02951396923562435,-0.011695854984204538,0.11588267823026449,0.012308435272460679,0.0,0.029555914613649818,0.2080622560281608,0.047509878097143944,0.05705243886285037,0.022458853334306205,0.3420909165599564,0.10037842446162192,0.06145118978650346,0.026438670940324045,-0.039243423921516404,-0.0651431032288387,-0.07715368008518665,-0.028229310336884708
q123_114772,122,[MASK],Harmony,Medium,analitica,A,A,True,0.7873563218390806,0.21264367816091956,0.9921225376499614,0.08416781889540244,6.043403738763877,0.17686881188890285,0.8560752492670896,-0.03343450881141273,6.043403738763877,-0.17686881188890285,,-0.06802364419143594,-0.004909535853358517,0.6314241971793213,-0.017491494152271886,0.29267469627920417,-0.03640013384777718,0.0,0.025366655041994854,0.08345687117681266,-6.83788410175152e-05,0.0694276434178604,0.020698458122087055,0.2524403473132997,-0.03818615630520296,0.19634447230432156,-0.007059496233644698,0.12617368803580703,0.011073873440753723,0.08759996153849325,-0.019276480738514245,0.019764169520745348,-0.024671575162017033,0.020868095959749727,0.02405524690614294
q124_114772,123,[MASK],Musical Texture,Low,percettiva,A,A,True,0.38,0.62,0.524514448975927,0.21996421945815395,5.437710337032997,0.10165995115520182,-0.3440130589320336,-0.18911353536752137,5.437710337032997,-0.10165995115520182,,0.09025069502194674,-0.10483131118137208,-0.2381320990861815,-0.008622474542644563,-0.18207530083425744,-0.09108509168882103,-0.014056354033541468,0.01542534204531629,0.1910668834460329,-0.05689494415690954,0.14286911823338544,-0.026512008747596988,-0.03342378312254685,-0.04568371435897308,-0.24542404106320917,-0.01805774402326152,-0.049109805235714094,0.04106766844336007,-0.0932818829008234,0.013507836094936573,-0.14949355516154245,-0.050484196238314114,-0.10721599312761605,-0.04605643238076279
q125_187621,124,[MASK],Functional Context,Low,unknown,C,A,False,0.8106508875739645,0.18934911242603553,0.5166862322258519,0.8138528476787743,5.807050447448132,0.12189442582928191,0.23117589724021154,0.8138528476787743,5.807050447448132,0.12189442582928191,,-0.06640735497920788,0.17612643554894672,-0.07634781251361232,0.17188364402146428,0.0603346537465355,0.3213474905721372,0.3135964109864962,0.14449527753622612,-0.012084715370842682,0.4730168041765856,0.11919659017946138,0.046738566698078896,0.025211882823597626,-0.06100730426870586,-0.08721455840978808,0.12089966946665667,0.027865013591420643,-0.025916132363397907,0.45114607881509916,0.1864040956200959,-0.04822744919666321,-0.021088522281003656,-0.2447169451920733,0.09480567063046463
q126_187621,125,[MASK],Mood and Expression,Low,knowledge,A,A,True,0.8155397390272835,0.18446026097271648,4.462368669142695,0.3497001601738716,5.836548897708611,0.03242391727403738,1.7198661390930745,0.017637112381144182,5.836548897708611,-0.03242391727403738,,0.49390215403556603,-0.028573829661148027,0.7545626826280186,0.18116471794001726,1.8426525674543,0.0025039183374906543,-1.37125126502481,-0.1374576942352157,0.9041439649559345,0.1927656872970549,-0.26731472028918024,-0.02709913714903965,0.04595445360247796,-0.14076095523079407,1.0660062290889065,0.20498705703943523,0.0,0.022775675116066006,0.052327314733167374,-0.10959802918794836,-0.119180768322731,-0.08093691723160024,0.03792966532449929,-0.04449626827202957
q127_187621,126,[MASK],Instrumentation,Low,percettiva,A,A,True,0.8244916003536693,0.17550839964633067,2.3120267846978813,0.20887516114810542,6.442486088711144,0.2353781362875258,2.1089705493895954,0.02405363238547542,6.442486088711144,0.2353781362875258,,0.7793322255498046,0.014443900497030308,0.15897883802160423,0.09067545551251055,1.2721876034723294,0.011345040757249555,-0.10152811765414303,-0.092410764381315,0.505040520767697,0.08039962355598153,0.2762783152564142,-0.0009308760453386467,0.42439079298904736,-0.06777667905290853,0.46138176990736146,0.08135253995446025,0.1362135888624494,0.0,0.20646746439976818,-0.0036987409954774425,0.0,-0.019330472440129018,0.09919809720685765,-0.04596176259111272
q128_332470,127,[MASK],Metre and Rhythm,Medium,percettiva,A,A,True,0.6514476614699333,0.34855233853006684,1.4299905765512375,0.6732519708570621,6.25184320673583,0.08276631513832365,-0.5836467023538866,0.6284690380962334,6.25184320673583,0.08276631513832365,,0.32017674568865484,0.03213486949148945,0.10299519141002053,-0.0001948838577171333,-1.006818639452562,0.6187256349851583,0.0,-0.022196582522697135,-0.012904061464451482,0.17790221675865114,-0.14884618572622277,0.1354323177190881,-0.085830420823948,0.003098851418097355,-0.17827421489320422,0.22117977827932422,-0.019652107073102762,0.04570201715478132,-0.03252012904005363,-0.022196582522697135,0.007254920436993106,0.0,-0.11287450376989697,0.06735043928898848
q129_332470,128,[MASK],Historical and Cultural Context,Low,knowledge,A,A,True,0.6516690856313498,0.34833091436865027,0.9480418950785766,0.6331605212121091,6.75185414160953,0.05082997557760091,-0.1577432055219422,0.6297877986108567,6.75185414160953,0.05082997557760091,,0.3822536988816795,0.16258754432590147,0.012895645896637775,-0.0016863613006262122,-0.4825341436374744,0.4688866155855814,-0.07035840666278508,0.0,0.1499006786126237,0.03923990462951747,0.0944573872420911,0.05132961421022979,-0.01754072376949948,-0.006757045832428348,-0.5302501498509836,0.21502694786514293,0.1851744604947169,0.08498390032542906,-0.03965050335008666,0.07451947519156807,-0.025638210960720394,0.10513090650129205,0.025803856059916294,0.06631409572010571
q12_1093606,11,[MASK],Instrumentation,Low,percettiva,A,A,True,0.831615120274914,0.16838487972508592,1.1029364494762106,0.5599049929892748,6.138847074285185,0.1333525018836579,1.0301095705907404,0.20927967903011557,6.138847074285185,0.1333525018836579,,0.6460566530870916,-0.12843807913054428,0.12151915376121132,0.04296811100782323,-0.036413439442735174,-0.04687457784903533,0.2989472031851724,0.34162422500187195,0.34194128674176094,0.05271343596539851,0.0031490976573401164,-0.05107101673100116,-0.009103827776435036,-0.06367316398441791,0.0113487707570116,0.021244928617192058,0.45092316845455316,0.09552892508358747,0.0,0.029331552365421343,0.2318510747565094,0.07040668856350304,0.0,0.05479832915043224
q130_332470,129,[MASK],Melody,Medium,analitica,B,A,False,0.6966292134831461,0.30337078651685395,0.463874785993015,0.6857867555882025,5.049476590022704,0.19295887608397846,-0.4517916570137509,0.6857867555882025,5.049476590022704,0.19295887608397846,,-0.266119335531858,0.021398083490716997,-0.0020086517120524103,0.01882517550801195,-0.18970523425947255,0.6449486893774793,0.00604156448963207,0.0006148072119942938,-0.1806135075694898,0.12348708622213694,-0.09709221100592288,0.06561024197023624,0.0,0.048325373783793805,-0.056704671462814285,0.16947636282135903,0.028303847205079728,0.1351179301323564,-0.0723274055285234,0.015738238804388245,-0.03474799351160697,0.016527476295204905,-0.038609715140473344,0.11150404555872698
q131_182074,130,[MASK],Sound Texture,Low,percettiva,D,A,False,0.43576388888888895,0.5642361111111112,0.42249874810321886,0.46700181296004645,6.174927823618382,0.0036568327751356675,0.13065143983384597,0.29905395584585526,6.174927823618382,0.0036568327751356675,,-0.018525059100457653,0.06656978460688844,0.19747709719420506,-0.03641091779824697,0.07909799677432733,0.31645809979606243,-0.1273985950342288,-0.0475630107588486,0.1466816228420539,-0.030499325199218646,0.1271831376966309,0.006502464640921517,0.19217143121364677,0.0,0.15571561358275754,-0.04401620665776645,-0.1413749282868556,0.2983045395416402,0.041465862469782434,-0.00872330056216701,-0.060525603312774366,-0.01979533122870786,-0.3306656963713956,0.09728111531115355
q132_182074,131,[MASK],Instrumentation,Medium,percettiva,A,A,True,0.6203007518796992,0.37969924812030076,0.7232939483130353,0.09898060898350952,5.786328394324051,0.20063822491653063,0.5190510280215005,0.015045671286118278,5.786328394324051,-0.20063822491653063,,-0.10212146014576745,-0.012968396794093888,0.17299687479500198,-0.028999072054601734,0.4071791967640343,0.05560406649016174,0.04099641660823165,0.0014090736446521618,0.17872765725980316,-0.06327254499054231,0.16390281008549845,-0.01742665512769062,-0.057927239254309246,0.03565702734894949,0.12647287778059052,-0.03192054563072999,-0.0645226793939004,0.08308402687475944,0.1373972735577432,-0.019699862077733603,0.10325793238811434,-0.03818469815046224,-0.06825760440203955,0.06680892303956812
q133_182074,132,[MASK],Sound Texture,Low,percettiva,A,A,True,0.698936170212766,0.30106382978723406,0.21879072508407582,0.5180291929031995,6.842177910463861,0.16431368602502422,-0.017416313807023923,-0.42163888997041804,6.842177910463861,-0.16431368602502422,,0.0887108530008755,-0.20304164823362653,-0.016777525112715075,0.04819515146639067,0.011976352637650463,-0.25079364495049106,-0.1013259943328348,-0.015998748252691167,0.06031671163741499,0.015022884083952782,0.10008592660669541,0.05359224476845436,0.05465485157138737,-0.017003945372493657,-0.09010095608322585,-0.013914561053419447,0.1526046255129342,-0.26345224442057924,0.0,-0.09453011325242883,-0.10830257730079546,-0.025735852434394055,-0.18667489575143453,-0.07561730228950994
q134_172015,133,[MASK],Metre and Rhythm,High,percettiva,A,A,True,0.7815384615384615,0.21846153846153846,0.689753445413243,0.7287148207774078,6.183094750016486,0.12030979831622092,0.22614113258715424,0.5468334132466005,6.183094750016486,0.12030979831622092,,0.024609308488858256,0.5178852172184418,0.07332665242706342,-0.05442089801637432,-0.23180615641304436,0.11988889979356236,0.36001132808427694,-0.036519805749029396,-0.04074697253750771,-0.0032185881362452873,-0.004515712448354768,-0.03126355198597478,0.001113482486327949,0.0808507776230187,0.11148619953857991,0.06608817342530338,0.12266992841950752,-0.030899745975108927,0.06311333588057566,0.12448160455022941,0.03968850720948529,0.17756205096224542,-0.06666763596145961,0.16323269278313252
q135_172015,134,[MASK],Metre and Rhythm,Low,percettiva,A,A,True,0.6844405594405594,0.3155594405594406,1.9784551019175562,0.7489278459510983,6.590587815951386,0.08727640890750266,0.902719506741944,0.7489278459510983,6.590587815951386,0.08727640890750266,,0.7174152871235375,0.3437055942473417,0.1396514927123142,0.02619879121221551,-0.5378677975878061,0.15378272286740063,0.5835205244938984,0.22524073762414043,0.08050285041710763,0.060386339719818424,-0.026870580592009474,-0.02604219050780452,0.16054324564675831,0.057516241973272944,0.06740930132754623,0.11619803876070817,0.2359024369022721,0.02404049953059503,0.13199224318691302,0.10847527945908736,0.2863144566815208,0.17088765100605002,-0.03307444682816468,0.23746598600937083
q136_172015,135,[MASK],Instrumentation,Low,percettiva,A,A,True,0.5938914027149321,0.4061085972850679,0.9249477246527876,0.9264559788928431,7.182263359299828,0.27572519123826694,0.3231378737706996,0.8533060482409388,7.182263359299828,0.27572519123826694,,-0.300904925441044,0.5874178388780171,0.10281614384076998,0.027591966104913157,0.08266022275693702,0.27487120858396075,0.4385664326140366,-0.03657496532595222,0.145924339361181,0.0,-0.023750771465571974,-0.01621422482813089,-0.1567045102356494,0.245655274239505,0.17854670604465156,0.07785322267093563,0.1461385748613872,0.04317603317622918,0.039253488870935514,0.1162682164474096,0.06189587830303865,0.17641615489027984,-0.06816583196927299,0.2101513716447105
q137_250001,136,[MASK],Functional Context,Low,unknown,A,A,True,0.7191142191142191,0.2808857808857809,0.900837709482904,0.27318443185797686,6.1678579465699945,0.051683236558029824,0.8441429445961816,-0.27318443185797686,6.1678579465699945,-0.051683236558029824,,0.6992553240100461,-0.1341798717905408,0.1732350030294967,-0.055139457479783896,-0.020578712725878648,-0.07994270497814811,-0.007768669717482576,-0.003922397609504059,0.0,-0.03690604994299297,0.08990498004758604,0.0,0.2913461259567828,-0.030836793476569292,0.09028664827399545,-0.03496994515730119,0.11623775670024991,-0.05608370583500629,0.0429462584509734,-0.07842072486491045,0.07887659211807463,-0.05433265087095381,0.13454458304851932,0.018365438289757178
q138_250001,137,[MASK],Instrumentation,Medium,percettiva,C,A,False,0.7168803418803419,0.28311965811965817,0.9456311390780063,0.24373300426250916,5.516088452283721,0.08642314792086521,0.8337195207343291,-0.12844565750619713,5.516088452283721,-0.08642314792086521,,0.6493630144771434,-0.10921514008774647,0.2344326821676937,0.057643673378156006,0.005879633261330633,-0.04679589658519788,-0.05595580917183857,-0.030078294211408778,-0.08178015176632263,-0.023846320329545624,-0.03675553707439927,-0.03458942709795766,0.2919068548764579,-0.1232621214969575,0.140078267209178,-0.03800222032081424,0.07728227422994408,0.01836286599172258,0.09236122381178294,0.10246903426608943,0.2518202695787228,-0.030363073739661295,0.0988063198689654,0.0007856052209271758
q139_250001,138,[MASK],Performance,Medium,analitica,D,A,False,0.44755244755244755,0.5524475524475524,0.7656719813538737,0.10945215533859778,5.910660708754496,0.13774070119475165,-0.12449079070190203,-0.10945215533859778,5.910660708754496,-0.13774070119475165,,-0.3657910969925223,-0.031229699098286434,0.3205905953259858,-0.01903464598463652,-0.028298795894065837,-0.030868602510285614,-0.05099149314129969,-0.028319207745389215,-0.07125651158863178,0.028932818958285315,-0.043271010987207204,0.013857619372659691,-0.06848259867646617,0.004404307429447564,0.06376491368530296,-0.08997372699415003,0.0484715546854626,0.0,-0.13736204957465625,-0.005200594394887561,0.06386022483350115,-0.05859234029712548,0.019784686920792747,-0.002880239412827291
q13_1045016,12,[MASK],Metre and Rhythm,Medium,percettiva,A,A,True,0.6424731182795699,0.3575268817204302,1.2603194107282765,0.1844660398544118,7.17982547194179,0.028523295645038235,0.4163514412136151,-0.0433498908657787,7.17982547194179,0.028523295645038235,,0.8383354259709458,-0.00018016372907970687,-0.15160838819492206,0.07055807449431654,-0.021983117065518767,-0.09589932022497993,-0.24839247949688983,-0.0178284814060356,-0.3015832058106426,0.23113129313670855,-0.03391234903845835,-0.02110421816611712,0.028360446158403094,-0.032652323768060876,0.14223631709066042,-0.010824564297828453,0.29437043305026733,-0.05363119458887498,0.1571601775489938,-0.020398798265995038,0.1147389434706951,-0.049691414422242855,0.01498067874369631,-0.08617867049336789
q140_1138688,139,[MASK],Instrumentation,Medium,percettiva,C,A,False,0.521875,0.478125,1.0367294577308315,1.1601505827905005,5.601536444855298,0.4522283198533148,-0.6733586105220261,1.118983051350697,5.601536444855298,0.4522283198533148,,0.009816060912365254,0.00790367458890745,-0.03621073052739182,-0.020583765719901826,-0.8188333035990369,0.6813850119757189,0.17186936269203748,0.4502781305059725,-0.3839887543020166,0.1115030056149395,-0.002492673942293494,0.0,0.18614814581130434,0.05450147844169947,0.17694168427489626,0.3417186908355455,-0.4565230589643412,0.12321563579778277,-0.09325210069705063,0.008987060238435388,0.15317177778265587,-0.006860772344226853,-0.2533636304851804,0.48591795276652117
q141_1138688,140,[MASK],Historical and Cultural Context,Low,knowledge,B,A,False,0.6035911602209945,0.39640883977900554,0.36206346787798993,0.37454558019007084,5.467086892805235,0.2122181954023839,0.2833179104348494,0.37357616172879754,5.467086892805235,0.2122181954023839,,0.13030828249130028,-0.0004847092306366537,-0.03937277872157029,0.049843705791708305,0.007045882280935556,0.21232369040471663,0.18533652438418383,0.11189347476300926,0.15848588269134906,-0.0021585993202836336,-0.041573650716521506,0.01595069219245603,0.11653859017103725,-0.04362692136838885,0.2667617064039608,0.018910130315688264,-0.07099675891741132,0.045511064492321715,-0.20283163481016403,0.325918052583638,-0.036808710051634726,0.013071742833366068,0.09374248566423388,0.0
q142_1138688,141,[MASK],Mood and Expression,Low,knowledge,A,A,True,0.7757009345794392,0.22429906542056074,1.475537462177756,0.8679270609153454,5.238900528069238,0.1283548303917628,1.1652117695233366,0.81530895407293,5.238900528069238,0.1283548303917628,,-0.065457530412233,-0.02630905342120767,-0.05373633509691994,0.016389482336720343,1.3203746158505463,0.5633888741296834,-0.03596898081805683,0.261839651027734,0.10045078961402687,0.06744321439184123,0.12986093894485798,0.043542776172968756,0.24176130032720994,0.08887707466637276,-0.11024402254182586,0.12677583885212879,0.2795469967886586,0.04870790383229973,0.31604167409394446,0.06852382421857288,0.09656103271758024,0.12143435776553255,0.11123305957888424,0.25000396417321347
q143_14458,142,[MASK],Harmony,High,analitica,A,A,True,0.757051282051282,0.24294871794871795,0.8251642438679243,0.6355947469551518,7.643146183633348,0.029132767776792228,0.16027194672593573,0.5547034059965633,7.643146183633348,-0.029132767776792228,,0.023218634513411017,0.0005476194537057041,0.06132542791229707,0.010935985324709584,-0.3324461485709943,0.5836654716974423,0.40817403287122195,-0.04044567047929421,-0.22846365716359165,0.11876231118003869,-0.16922706034724674,0.10464237445057148,0.19628624121392582,-0.008304339486831555,0.27496770009369237,0.04490348890643783,-0.10296009078470711,0.02568527808103635,0.13405168245618038,0.053165437031513295,-0.09572041303167098,0.14694842256100896,0.1513375442893537,0.06890043327278826
q144_14458,143,[MASK],Melody,High,analitica,A,A,True,0.7864372469635628,0.2135627530364373,1.0965503636798961,0.4039629931668168,6.16542005914384,0.04436957100713764,1.0965503636798961,0.3198984866666236,6.16542005914384,0.04436957100713764,,0.04644204571225613,-0.00496421875450824,0.0,0.0,0.49725775461039734,0.3619307399167202,0.5528505633572426,-0.03706803449558831,0.5399068493002668,0.30872866583542097,0.19608865564673272,0.037155570993061895,0.11599906308820515,0.028668306236612234,0.07846048722013883,0.015369374469291083,0.012350037569784984,0.07145357352756575,-0.05192865484286627,-0.08925689644109676,0.016594074828151475,-0.06194188759895691,0.18907985086948237,0.009721779644725393
q145_14458,144,[MASK],Instrumentation,Low,percettiva,A,A,True,0.8233618233618233,0.17663817663817663,1.6060272748522653,0.9041323936620642,5.190386547043237,0.114458865863232,0.4644659689437251,0.7105831087870763,5.190386547043237,0.114458865863232,,1.0352466218979952,-0.09677464243749392,-0.05035474689331319,0.0,-0.289292639573536,0.32880658754150405,-0.23113326648742089,0.4785511636830662,-0.22051773207877107,0.2924032140969156,0.0,0.0,-0.025663421912637784,0.0344375931344404,0.13271288037244028,-0.00931030926481019,0.08245493827623306,0.0878899164535206,0.029919948722551853,0.10606261213178049,0.19962442614796921,0.08815818092677793,0.26593492941593966,0.1109419013084515
q146_179608,145,[MASK],Musical Texture,Low,percettiva,A,A,True,0.9165029469548134,0.08349705304518663,1.0970888134438732,0.2200280511496395,5.504264693032121,0.012189442583149924,0.9927546232419722,0.09389056773248808,5.504264693032121,-0.012189442583149924,,0.3775064541805093,0.017614529693983173,-0.05216709510095054,0.04817029414265111,0.41451544349445824,0.09117448560442952,0.25289982066795513,-0.06306874170857571,0.0,0.06245166307829371,-0.059401001494227036,-0.005338538889127747,0.15363138678465543,-0.03204356225597416,0.2206533580310427,-0.01388593279099249,-0.03457575584313032,-0.00017394919388469265,0.5142877343323116,0.09325576397105025,0.09094402896991621,-0.01037487618687677,0.10721487246140346,0.0
q147_179608,146,[MASK],Performance,Low,analitica,C,A,False,0.865710560625815,0.13428943937418514,1.810491774271879,0.3606251257417118,5.759024042467834,0.045100937561056105,1.810491774271879,0.13204209146880852,5.759024042467834,0.045100937561056105,,0.666601867785986,0.08012011878411927,0.05572134231433101,0.017900390868679537,0.5440189428913793,0.14831309895246134,0.5441496212801827,-0.11429151713645164,0.0,0.12078104255007804,0.0,-0.06287230655138613,0.21069669640115773,-0.1127121432306119,0.3485061491600251,0.02542432343110685,0.15708007553838157,-0.012186118816146861,0.8198185339650427,0.12444315215520273,0.1366231934117859,0.007352187498437468,0.13776712579548614,0.041811954432128304
q148_179608,147,[MASK],Instrumentation,Low,percettiva,A,A,True,0.7822185970636216,0.21778140293637846,1.0401328972892219,0.11436819396139225,6.578764057290129,0.18174458891951975,0.2628066856774732,0.018584808508901325,6.578764057290129,-0.18174458891951975,,0.21172783904482045,-0.0038331378181949843,0.16547519043045097,0.02151399883470231,0.2742667620080761,0.04496250240044447,-0.3886631058058743,-0.044058554908050475,0.16187493294723476,-0.04399418518870071,0.2804557103834803,0.025703576375551346,0.27503368887080526,0.05099855445252051,0.0,0.022601736071652764,0.05341664666086431,-0.07066474402340499,-0.3045277930863367,-0.06142535565729437,0.0,0.0,-0.20344650009857462,0.09536522647857679
q149_150794,148,[MASK],Structure,Medium,analitica,A,A,True,0.7847222222222221,0.21527777777777776,0.8656572676109324,0.2798037343291952,5.939671582356223,0.10434162851537139,0.18136922175381076,0.0700927545425794,5.939671582356223,-0.10434162851537139,,0.09609655011514416,-0.03228791299021985,0.3831734938631453,-0.059344162875070716,-0.34214402292856083,0.1749482444358873,0.04424320070408211,-0.01322341402801733,-0.09882065034650779,0.08857519397048652,0.13210477385094255,0.0,0.07668461508875937,0.029953244490750174,0.03906076770669435,-0.14707433731390823,0.009533527247845827,0.013477108857576265,0.0,0.09454562540391007,0.0197415467371614,-0.03671699123091485,0.0030646414689150525,0.027332910364679462
q14_1045016,13,[MASK],Instrumentation,Low,percettiva,A,A,True,0.7902654867256638,0.2097345132743363,1.6699381575924026,0.6701528838246096,6.497826158149632,0.10080669015721164,1.4975115303859547,0.0801887373427368,6.497826158149632,-0.10080669015721164,,0.34475339263137567,-0.17148389024762253,0.07656313234107344,-0.021516733606840234,-0.08621331360322397,-0.10198144938647365,1.1624083190167296,0.3751708105836732,0.40636586464786256,-0.05788778754408315,0.11330403711681884,-0.07209281612763219,-0.06487771790746627,0.024381093158329453,0.4539134291057898,0.03473781729727018,0.042181411944262615,0.007715235339164819,0.08277920129795728,0.06438824197241955,0.276574398005219,-0.0029297899616687537,0.18727090617551106,0.08187674320893687
q150_150794,149,[MASK],Instrumentation,Low,percettiva,A,A,True,0.6988265971316819,0.3011734028683181,0.277264102814818,0.5636975819096712,6.0492546713612585,0.1917399318586086,0.277264102814818,0.5474954687584124,6.0492546713612585,0.1917399318586086,,0.0,0.0051860366773471035,0.22848503131428793,0.08619830125667022,0.008449235550904766,0.46421218740002446,0.04032983594962529,-0.008101056575629467,-0.14757152319088995,0.09571888972020351,-0.019348849537440597,0.04317067107097942,0.3454015746692908,0.12116550670784676,-0.08007328693337597,0.03451137863573059,-0.12814802923198035,0.08294548042436499,0.11687594333704018,0.03386987755903341,0.21671556759230595,0.11607351718179468,-0.026587293890132112,0.020040147458459015
q151_150794,150,[MASK],Instrumentation,Low,percettiva,A,A,True,0.7491039426523298,0.2508960573476703,0.5706646635793622,0.29616898319340856,7.0459853913338915,0.056071435888813484,0.18656933621332625,-0.06023719601783814,7.0459853913338915,-0.056071435888813484,,0.2384473341283641,0.11178112477851662,0.0770422423346641,0.0061847688092685794,-0.19204766368301793,-0.15243346553584958,0.06312742343331595,-0.025769624069773765,0.15904896634366222,-0.052844163368134744,0.0292021324874196,0.0,0.04232008486950941,-0.005781854566312639,-0.08492718901284696,-0.11625466923477032,0.05386955039286006,-0.010653722671209856,0.0,0.0,0.09339355234222932,0.011715618838802021,-0.1063377612095074,0.11358159498378737
q152_1051378,151,[MASK],Functional Context,Low,unknown,A,A,True,0.7838577291381669,0.2161422708618331,1.0928862199420695,0.7978757155494824,6.966875909312661,0.3350877766700026,0.7155392015934994,0.7978757155494824,6.966875909312661,0.3350877766700026,,0.28959350124921224,0.2265383129398788,0.16238700227145358,0.11660479928954552,-0.188673509174285,0.2797347298631736,0.45223220724711855,0.17499787345688447,-0.08515012909147845,-0.11557025978385067,0.06507082643496137,0.0,0.08469204164723759,0.14054371241903335,0.07739704384276938,-0.006948716148708775,0.17901302789382972,0.03668377822093688,0.2300993522927142,0.316055004564912,0.16885135127479978,0.2828307670396217,-0.0044343127013342434,0.14428142923753795
q153_1051378,152,[MASK],Instrumentation,Low,percettiva,A,A,True,0.8135198135198135,0.1864801864801865,1.2071480045028613,0.30336925365934897,7.084382134808392,0.1239666310771213,0.980284823132251,-0.008951496766982286,7.084382134808392,0.1239666310771213,,0.45469945842931275,-0.12727457974374656,0.37696845041006455,0.08102396336659784,-0.11343159068530512,-0.02888579546941905,0.26204850497817883,0.06618491507958549,0.17744233326861925,0.038654126994001975,0.12177888168383423,-0.0537867076740413,-0.04893768738293769,-0.017017922531595717,-0.02480074999126282,-0.047359838533261936,0.12477622814796158,0.01972452955354576,0.17111885277916203,-0.03471428282917915,0.0,0.030145157957082634,0.4589069646268744,0.055403440296465434
q154_1051378,153,[MASK],Harmony,Medium,analitica,C,A,False,0.6237785016286646,0.37622149837133556,1.26729180311677,0.542676980875155,6.613503967434318,0.2827950679403955,0.1817237682794402,0.24392004563213487,6.613503967434318,0.2827950679403955,,-0.40771667384922905,0.1663601770403334,0.724507785698105,0.22693833621331155,-0.12212433803885353,-0.10078837117382973,-0.012943005530582266,-0.04859009644768038,0.10537988173785151,0.16265634306052446,0.14618464017045965,0.019072566262425362,-0.11904451554411909,0.06205069580238811,-0.15908780107756637,0.028646547036704453,-0.03420725805224081,-0.08136884416548736,0.1672850258121778,0.11349680859587646,0.0,-0.03374978748310661,0.07521379523287751,-0.02688428347719003
q155_1199044,154,[MASK],Mood and Expression,Low,knowledge,C,A,False,0.7832167832167832,0.21678321678321683,1.682710152972748,0.39558398956255014,5.302468471354301,0.2208117523823223,1.682710152972748,0.1910184077423549,5.302468471354301,0.2208117523823223,,0.19418193651050264,0.023708890314013725,0.08677126508352753,-0.10228279091009762,0.8765698170964227,0.192691591346522,0.5251871342822952,0.07690071699191678,0.39621007548208254,0.22859927184581996,0.13328135918799974,-0.004960340632804552,0.0,-0.16631001322317168,0.0,-0.046734760811337886,0.4497492800988657,0.024919728734652338,0.3135757713228873,0.06798927486050045,0.1814684757050936,0.023796276528744845,0.2084251911758191,0.0637189704399514
q156_1199044,155,[MASK],Sound Texture,Medium,percettiva,C,A,False,0.5746153846153846,0.4253846153846154,1.6569086939719546,0.7140490010749081,5.53778566060986,0.17272440140670542,1.6569086939719546,0.4748617538712159,5.53778566060986,0.17272440140670542,,0.12554576742929907,0.02788296735380685,0.12896381463522955,-0.11959362360184615,0.5927285738188167,0.1533057128266509,0.8096705380886092,0.4132666972926043,0.3066110698114561,0.23172383862256732,0.0821319411433297,-0.043151434027306895,0.07941505916282462,-0.03918236632942624,0.0,-0.001979489559481913,0.4447700599822457,0.21377397467752413,0.3769332259563656,0.05196045681181954,0.20320801096772062,0.055631413663911125,0.16383932694801223,0.006085360011608844
q157_1199044,156,[MASK],Metre and Rhythm,Medium,percettiva,B,A,False,0.8022598870056498,0.19774011299435026,1.750763664205329,0.39745304126471903,5.74013040725771,0.032789600550907926,1.750763664205329,0.39745304126471903,5.74013040725771,0.032789600550907926,,0.15267389217264488,0.11353621098020952,0.23158754992195604,0.020042438982809455,0.940536946017802,0.017728275214541064,0.42596527609292606,0.24614611608715894,0.6410997883229808,0.055362865399450706,0.0974970249021394,0.04418430375544116,0.24683936592505062,0.05960294980517515,0.2004256805256791,0.018082739684885097,0.9070518952699838,0.1748350874198454,0.10638076938443518,0.027796067007187442,0.09017666663654646,0.04666820216832933,-0.5387075267614861,-0.029079173975595302
q158_14014,157,[MASK],Genre and Style,Medium,knowledge,C,A,False,0.5288135593220339,0.47118644067796606,1.1802379844301687,0.44309679358623405,5.471962669769154,0.051317553277079396,-1.1802379844301687,0.4242395169251198,5.471962669769154,0.051317553277079396,,-0.03690252666593935,0.030061905929362635,-0.10043328462238459,-0.009428638330557144,-1.0038754779090024,0.378618328980602,-0.03902669523284249,0.024987920345712275,-0.21546915067682218,0.11625125742073139,-0.06783933370494538,0.034029102263471854,-0.2965974349963326,0.022075068799193565,-0.2920360290324306,0.15158451762042904,-0.07618200653220905,0.013598904928150307,0.016084168305908822,0.02517097505825555,-0.08343082602233064,0.032127532730908716,-0.16476737177100723,0.029402158103979358
q159_14014,158,[MASK],Harmony,Medium,analitica,A,A,True,0.7389525368248773,0.26104746317512273,1.7495735949021611,0.09705821505415901,5.649684743347501,0.06082531849629029,1.3499703130538143,0.08053879328235045,5.649684743347501,0.06082531849629029,,-0.029522911085092505,0.009905837643320141,-0.07226700102378748,0.0056240243745732214,1.5497719539779877,0.07326864215036137,-0.0980117288152935,-0.008259710885904277,0.36115913440337843,0.026184887604981583,0.25533198677142643,0.026546702762182194,0.2512399424763094,-0.02262966440632872,0.1791370284479922,0.03207063361580444,0.058132286129861425,-0.002475052933524175,0.2827056397270346,0.018233019809454236,0.10015438915990034,0.022620184286839026,-0.1378900940620886,-0.02001191745705813
q15_1045016,14,[MASK],Sound Texture,Low,percettiva,B,A,False,0.83991683991684,0.1600831600831601,2.417937908000684,0.9213030568632132,6.489781126875523,0.25049304511167153,2.417937908000684,0.2836708303618234,6.489781126875523,0.25049304511167153,,0.5844871573987533,-0.06265890575063887,0.35651631126360805,-0.05268172208313407,0.3974364685570696,-0.20347548541692195,1.079497970781253,0.6024869436125183,0.7791360001841484,0.12858162280468796,0.17853461041706323,-0.01955788963641583,-0.10654248758287561,0.03228547692869546,0.6166711536999551,0.05980523239554062,0.08387521755546844,0.029599887399370695,0.20010769472127998,0.05446099120628632,0.3100147336712126,-0.0015044907363417764,0.35614098533443206,0.0
q160_14014,159,[MASK],Melody,Medium,analitica,A,A,True,0.47933884297520657,0.5206611570247934,0.41791962090881873,0.27765686077171803,6.106423156919972,0.07216150009790263,0.17249256382250563,0.17441997755798372,6.106423156919972,0.07216150009790263,,-0.028259780260049924,0.024712694920956776,-0.04916708345659065,-0.03597525740494221,0.2952060923656622,0.2013257242438941,-0.045286664826516,-0.015643184201924943,-0.022246687216785493,0.04014368402530879,0.16733989926536677,0.024476112940181698,0.0009284784312407757,0.07349305884611684,-0.11365937655043533,0.017552420810702726,0.0607042399145649,0.009747840866603366,0.12180932029007292,-0.009832693794360416,0.04784372990923077,0.00948903320264099,-0.0902270402207497,0.009350520660789754
q161_1177896,160,[MASK],Sound Texture,High,percettiva,C,A,False,0.5119047619047619,0.488095238095238,0.45026754698764637,0.61145989915191,6.2729309426434705,0.09434628559934281,-0.01401609849790042,0.4479777222528657,6.2729309426434705,-0.09434628559934281,,-0.06347145181968739,-0.08174108844952219,-0.048468525508906964,0.1745572772357587,-0.12020184541417905,0.16852649580860826,0.21812572424487298,0.18663503765802092,0.010270716621922471,0.21384916522753109,0.10312134303123108,-0.11785676604225931,0.0021084716919358287,0.027888724706295314,-0.00960394525365224,0.3242732569201987,0.0,0.03120144644887793,-0.20988645686111768,0.038571292919073664,0.06309074968405363,-0.06879145161215752,0.026883022587726457,-0.001157946314694125
q162_1177896,161,[MASK],Harmony,Medium,analitica,A,A,True,0.75,0.25,1.670165701109169,0.4669858132217909,6.18211959540477,0.1212849537070181,-1.3373220823838803,0.2801686510894069,6.18211959540477,0.1212849537070181,,-0.47959983455009514,0.10403166482674417,0.0,0.02390188066715133,0.16642180936264436,0.24564368666170344,-1.0241440571964295,-0.09340858106619199,-1.0035194961605933,0.21523575994672212,0.12777175401344482,-0.027108155619614833,0.0,-0.05992585970287116,0.06730040012228433,-0.01348470345826162,-0.30776433408121895,0.17540708570100394,-0.052681104968957726,0.03630250074608626,0.04246388743029064,0.017938660730397137,-0.21089318873913018,-0.06419663725405489
q163_1177896,162,[MASK],Functional Context,Low,unknown,B,A,False,0.6105263157894737,0.3894736842105263,0.481222056324023,0.519645965267552,5.829235232274084,0.1309146133555776,-0.39989750831940013,-0.0046951514165529395,5.829235232274084,0.1309146133555776,,-0.016628404632106818,-0.02299747393993446,-0.04423748055289169,0.05302228896497084,-0.37969389713671303,0.20445311796052867,0.04066227400231144,-0.23917308440211799,-0.26604966426511045,0.10635365203839009,0.09510121851561991,0.0,-0.033126074716950185,-0.03746149513578326,-0.0753479250906292,-0.04474267251111144,-0.28546880776287287,0.12354998812355444,-0.05436993822915541,0.03703008104313657,0.07480306393418082,0.011854905656831737,0.14456061929551725,-0.2012796106315711
q164_1227240,163,[MASK],Sound Texture,Medium,percettiva,A,A,True,0.8397435897435898,0.16025641025641027,0.5869777676130572,0.22940391260645965,5.740252301836773,0.029742239905885422,0.5681928031718546,-0.20255508512490827,5.740252301836773,-0.029742239905885422,,0.06668137973976991,-0.0798535104233569,0.07590360508323554,0.013424413740775682,-0.009392482220601336,-0.057358470184330074,0.43500030056945044,-0.078767518257997,0.26566340807365074,-0.01122247416314644,0.0,-0.05365655770271725,0.14580085273052157,-0.0367443488877701,0.15950310082059516,-0.032100536497010154,-0.059673664641281605,0.020146252481346764,0.1562862715079117,-0.02566438044959113,-0.09580171873067522,0.02860760823122894,-0.003585446588867801,-0.09192064813724893
q165_1227240,164,[MASK],Melody,High,analitica,B,A,False,0.5129032258064516,0.4870967741935484,0.6003962173802189,0.8179295103557066,5.412234401410532,0.10738898916074867,-0.10972428415312224,0.09784054578749346,5.412234401410532,-0.10738898916074867,,-0.285607561135396,0.1146410373798522,-0.06570628816026214,0.009980243353382766,0.24533596661354828,-0.36004448228410657,-0.003746401471012406,0.33326374733836506,-0.019772934266710174,-0.3151313070950354,0.13178264514611598,0.024117471889489976,0.11152038177059997,-0.0176920897615749,0.05995497648065037,0.002779665420789756,-0.10029878070068653,0.10545120033556937,0.0,0.03686146763435305,-0.24228507261514795,0.23712345160675177,-0.05062549996794388,0.024330685757149806
q166_1227240,165,[MASK],Mood and Expression,Low,knowledge,D,A,False,0.46307692307692305,0.536923076923077,0.9196602536965073,0.2622815074598921,6.171758568785966,0.038031060861233555,0.3073909267819647,-0.08947771480727947,6.171758568785966,0.038031060861233555,,-0.3061346634572713,-0.11711826680360489,0.11271716121540676,0.07885133968328313,0.23013315885888902,0.0075505566430231884,0.27067527016494025,-0.0587613443299809,-0.07101840870287389,0.06512039015061648,-0.09617111007990566,0.05719098993163027,0.030253553160337995,-0.030819761243399035,0.03904125084006361,-0.02619630275020193,0.16745290155497028,0.0038485692206274968,0.13253308944280165,-0.09767870969025962,0.042886119587164935,-0.08131436756670528,0.062413530979405725,0.020371477140412143
q167_7096,166,[MASK],Metre and Rhythm,Medium,percettiva,C,A,False,0.8179708222811671,0.18202917771883287,1.0186088426678617,0.7569508904576276,5.334526705527257,0.2511634644337092,0.3148688535785383,0.7569508904576276,5.334526705527257,0.2511634644337092,,0.6225719749370644,0.12516191069857274,0.0441668731861356,0.146832053430157,-0.23185774063582099,0.06228598037012928,-0.12001225390884067,0.42267094595876853,-0.20966942283533221,0.4003748795938809,-0.2693496774903445,0.1515856670306557,-0.07544182573093157,0.007636573752631576,0.21294831634352007,0.032378204975666305,0.3888128081844573,0.0,0.10190966676361243,0.010287661502648558,0.25420795556799564,0.06499479251449874,-0.08854896722443871,0.08969311108764573
q168_7096,167,[MASK],Genre and Style,High,knowledge,A,A,True,0.6350482315112541,0.364951768488746,0.5137309245516533,0.2927676383130113,5.521939384767575,0.03254581170001567,-0.044143918686316924,0.2927676383130113,5.521939384767575,0.03254581170001567,,0.19552600350161908,0.1768504198515684,-0.0006695511963548881,0.011361209827497627,0.03926749943104907,0.0037583631762104254,-0.2782678704226302,0.1007976454577348,-0.05430874412253536,0.11136655013360246,-0.027040480387732605,-0.1007450591271496,-0.12223760425652062,0.14011752297711605,-0.030714168882692267,0.21131256721283415,0.06627427775096198,0.03421382232045582,0.11014158059039826,-0.07631693827667438,0.07956431365890769,0.0,-0.06582309303710396,-0.027180826927173204
q169_7096,168,[MASK],Melody,Medium,analitica,B,A,False,0.7136752136752137,0.2863247863247863,0.1734905947190429,0.5944148211523524,5.0241225497058775,0.09349302460844809,-0.028399997199947374,0.5944148211523524,5.0241225497058775,0.09349302460844809,,-0.023260819301653635,0.1081875849335237,-0.0772859265297575,0.14297535162787728,-0.0003985501280839958,0.11434223215208307,0.07254529875954777,0.2289096524388684,-0.22378284222437678,0.4188811150431019,-0.08489638459545497,0.06137919765867346,0.09362978190411195,-0.006710420110976847,-0.08013838124995896,0.10506620421399415,0.052441925596668285,-0.01299880888879174,-0.052862746821372084,-0.015262560968758415,0.20065899609219826,0.01565297531791773,0.06654965409823696,0.028407118887192266
q16_1100505,15,[MASK],Sound Texture,Medium,percettiva,D,A,False,0.8188405797101449,0.18115942028985507,1.6418611483599248,0.4200348444169316,5.696004624720438,0.17272440140670542,0.0057548201086811135,0.13505141975097817,5.696004624720438,-0.17272440140670542,,0.8238079842343029,-0.062381713958427495,-0.12408087396600079,0.02649511274999721,-0.5183355103648019,-0.08010999837454924,-0.17563677979481918,0.2510480193339577,-0.25867348267530854,-0.013543800419613068,0.06985655289858997,-0.030971596738746807,-0.1253231121605869,-0.03224361890413195,0.06423459485526813,0.034347936638393715,0.41958837536938565,0.06564156343820808,-0.03445679080913822,0.02649511274999721,-0.2371861735518038,-0.002121689191559778,0.10771485618227478,0.08744751217843083
q170_1103980,169,[MASK],Harmony,High,analitica,C,A,False,0.7567567567567568,0.24324324324324326,1.133076808434003,0.1922165627167915,6.010736031831838,0.0193812137090838,1.014181431970383,0.16362306911828214,6.010736031831838,-0.0193812137090838,,-0.035583547569869124,0.030260450822060872,-0.023864140661940914,0.0,0.16532151701807465,-0.014296746799254675,0.9083076031841184,0.14765936509547595,-0.03071188998745445,0.029417148204742054,-0.013624728189976593,0.023440685774077274,0.06655420888556882,0.019221091960607038,0.2069093397561392,0.12550489829657385,0.46688184612424777,0.04419022571472075,-0.007476759783742435,0.03207603041784622,0.04664359294372297,-0.025036219522573115,0.2790058222218778,-0.08519079172771189
q171_1103980,170,[MASK],Harmony,High,analitica,D,A,False,0.8133208255159475,0.18667917448405255,0.7774979811427539,0.539862743331394,7.149961335537341,0.1600473811276691,0.36660084450268626,0.06235558822243459,7.149961335537341,-0.1600473811276691,,0.018034724735632397,0.0,0.061567036414463705,0.04242322118861733,-0.20544856832003383,0.2586859445882969,0.492447651672624,-0.23875357755447968,-0.19508313244522513,0.2028731299573297,0.059353905967380695,-0.075311330356501,0.03752257576792658,0.10153931338589653,0.23457998689615703,0.059573624608771275,0.11961641013532284,-0.06919614624814499,-0.0275788995617003,-0.06315509544542096,0.0,-0.042403032161149434,0.13818999774282453,-0.0515648755183466
q172_1103980,171,[MASK],Instrumentation,Low,percettiva,A,A,True,0.7732095490716181,0.22679045092838196,1.0156461876494038,0.10748176021718223,6.075340079061641,0.20880515143951456,0.6653343291608388,-0.012414599545425044,6.075340079061641,-0.20880515143951456,,0.006630244312340876,-0.010010439341465567,-0.0701374047114563,0.029627977316936477,-0.10501852453282623,0.017905603018942118,0.8338600140927804,-0.04993774053983807,-0.0393325419035172,0.021420719574318462,0.08013789596301074,0.009664544516729366,0.10293517563054343,-0.025812326103115135,0.11617915578184612,-0.0019704865840657684,0.25988806500833217,0.02444195332679494,0.08247331835485279,-0.04255176099842678,0.0,0.011585046336559903,0.0630532603257708,-0.009192289614220035
q173_121123,172,[MASK],Melody,High,analitica,C,A,False,0.40291262135922323,0.5970873786407767,0.3403863036991462,0.44169033925180207,4.8032498497459475,0.0912989249571585,-0.2928090867417213,-0.09077453843532848,4.8032498497459475,-0.0912989249571585,,-0.06687744952019414,-0.12941803255065337,-0.12369880269424804,0.17545790040823678,-0.12602144300599155,-0.11656555544604512,0.02378860847871247,-0.020248850846866773,0.12504161510121656,-0.03592458516144374,0.05242622017832769,0.03286726427095892,-0.28231644735634553,0.003932681880047556,-0.05861497794945886,-0.04636350535838322,-0.07568085348059336,-0.025121447451751402,-0.055164787032030496,0.020945056048692054,0.0,-0.012736391736688144,0.0015001437971627618,-0.028373610926760492
q174_121123,173,[MASK],Metre and Rhythm,Medium,percettiva,A,A,True,0.6379999999999999,0.36199999999999993,0.14735710779581163,0.6929234848705771,5.95990605607419,0.06216615717371427,0.14735710779581163,-0.1547219213812878,5.95990605607419,-0.06216615717371427,,0.06878449891915027,-0.19277990881109353,0.00651760370792568,0.26910078174464463,0.07205500516873567,-0.2310427943148389,0.0,0.0,0.18214794809448795,-0.08616782940549982,-0.02931137735196526,0.03154869616589566,-0.23944226107364297,0.015087797851126149,0.039030882807521664,-0.05724715719685204,0.03952512645581274,-0.0034740247060426714,0.052252818974797804,0.03590741606815875,0.0453549975378714,-0.01602583214415128,0.05779897235092828,-0.07435098801392254
q175_121123,174,[MASK],Metre and Rhythm,High,percettiva,B,A,False,0.35654008438818563,0.6434599156118144,0.613480203446663,0.6107869930513181,5.791935538580704,0.0814254764591258,0.47909497217666774,-0.06760086002394833,5.791935538580704,-0.0814254764591258,,0.3104108175089101,-0.16999090262987546,-0.06719261563499762,0.2715930665136849,0.22610241672354212,-0.15520731756626885,0.009774353579213163,-0.013995706341488945,0.14777975077242095,-0.04505848803696817,0.06504918864363868,0.022668509707124827,-0.1297340548022856,0.08847266544329868,0.14243617604138994,-0.07049333656140878,0.02548124773020676,-0.01989326582827421,0.028770470480300542,0.039695803650011005,0.0,0.0,0.19931219331099645,-0.08299274839773169
q176_1076450,175,[MASK],Metre and Rhythm,Medium,percettiva,C,A,False,0.6995412844036698,0.3004587155963303,0.1408310777040935,0.3571585082856646,4.625405882905457,0.024135096316294527,-0.09582577447036489,0.0896719450289471,4.625405882905457,0.024135096316294527,,-0.0006130301502899893,-0.010548289005021716,-0.008825953886708544,-0.00277974063673056,0.022502651616864308,0.22341522665730584,-0.10888944205023066,-0.12041525198660646,-0.01450711943523431,0.0001243107346096759,0.012895252320472353,0.0204320646408511,0.01313071879533,0.035287382381707824,-0.0616093698928391,-0.011217122465808083,0.0041352671900479684,-0.010349565930657757,-0.09001471831925638,0.027040481020458657,0.06973409941041223,0.016645709681213483,-0.029589904539297635,0.011708684966572229
q177_1076450,176,[MASK],Instrumentation,Medium,percettiva,A,A,True,0.8319838056680161,0.1680161943319838,1.7407764487144501,0.8489282933342391,7.047691913647039,0.004631988182208068,1.5739016656518177,0.3862050331947736,7.047691913647039,0.004631988182208068,,-0.07472938797105964,-0.032872882586288246,-0.00870800356025661,0.0,0.1939758734324761,0.6175666632645064,1.4633631837506578,-0.19848874748344444,-0.019495511355420853,0.15602338999196919,0.3775308120239479,0.02120727438912112,0.4438429377440036,0.031734566651202584,0.37984770116603206,0.10402488696875721,0.005645836142581517,0.07926521946314045,0.07292688026403038,-0.0005979859194560552,0.11105365726198833,0.013273488695663686,0.20254935240465477,-0.018725807045624467
q178_1076450,177,[MASK],Melody,Medium,analitica,A,A,True,0.48030303030303023,0.5196969696969697,1.8568589111204106,1.4189899507360368,5.915780275080891,0.200394436052157,-0.7517947203826569,1.3444384871640538,5.915780275080891,0.200394436052157,,0.1010051069938351,-0.037275731785991466,0.045429867156555274,0.014261124140071427,-1.3043268157515338,0.8933890228383886,0.40609712121848646,0.4740640719715852,-0.22230276276828487,0.32765584149335636,-0.14505113018673277,0.0739824627649162,0.4873442437248442,0.2600146959623204,-0.3395919432708677,0.18192491976309502,-0.19727185226893365,0.13808152194112655,-0.0031437272202666233,0.04410283660029964,-0.22903032483471175,0.18402716802858307,-0.10274722355770373,0.13464904061035649
q179_1407836,178,[MASK],Metre and Rhythm,Medium,percettiva,A,A,True,0.6442307692307693,0.3557692307692307,0.9421659872202082,0.3100854235078599,6.6046056749695765,0.08276631513832365,0.8512304183039525,0.2712650444284476,6.6046056749695765,-0.08276631513832365,,0.5710628225807628,0.063068728203619,-0.04546778445812785,0.10780717937915232,0.12502626623535518,-0.01941018953970615,0.20060911394596231,0.11979932638538242,-0.04422871546201806,0.01849758779278774,0.03110814360178614,-0.014567788469409646,0.09369483505353784,-0.02514578605776062,0.12045144835388563,-0.04779579376700639,0.2253543743570447,0.23563413607288936,0.2040016909368448,0.07237531683936659,0.1313735252363758,0.10063935615806789,0.08947511622649558,-0.06837198414048729
q17_1100505,16,[MASK],Performance,Medium,analitica,B,A,False,0.8955223880597015,0.10447761194029853,0.9364356929338308,0.2544139812735698,5.08263187409031,0.03498370021496935,0.9364356929338308,-0.21762164984439641,5.08263187409031,0.03498370021496935,,0.3273180083199456,-0.10601989378170623,0.0,-0.013574126509346649,0.2693361710166643,-0.1164237952679302,0.33978151359722086,0.018396165714586687,0.4908922584027857,0.039706479445664564,0.016540701964838672,-0.08372596168466026,0.08629233082182206,-0.039915346296208694,0.010570073010311508,-0.04622431947460621,0.17699826339466532,-0.014941115711877258,0.08726667027954035,-0.05479017348527222,0.04658219606957118,-0.0328480720742594,0.021293198990295973,0.015116859436823095
q180_1407836,179,[MASK],Functional Context,Low,unknown,B,A,False,0.5368271954674221,0.4631728045325779,1.1405311887933387,0.19640424553762453,6.229414631934355,0.01962500255917781,0.36555523098578635,-0.027860823367030323,6.229414631934355,-0.01962500255917781,,-0.2788441904293786,-0.08845755302628273,-0.10864378847439757,0.027965567289042783,0.08026790821241492,-0.023674981426044704,0.6727753016771476,0.05630614379625432,-0.05853684446247999,0.05800003662644894,-0.04977779238004101,-0.01560454871904219,0.04081828264336572,-0.05885291418191255,0.07488806493412514,-0.09976703607035431,0.08355634700497194,0.09818496180755898,0.28714537577278676,-0.01902325683707591,0.09604718222576845,0.03001349967512153,-0.10858538475271068,-0.020811565667774826
q181_1407836,180,[MASK],Functional Context,Low,unknown,D,A,False,0.6376582278481013,0.3623417721518987,1.6429478512964593,0.2115203790376095,5.569234422750311,0.014749225526299224,1.6429478512964593,0.17280129423419438,5.569234422750311,-0.014749225526299224,,0.4638390831199151,0.06999170273943969,0.08075191308604632,0.07359083856721409,0.455833730398168,-0.01935954240170757,0.6425231246923298,0.04857829532924819,0.0,0.036152688893519275,0.03494129773332119,0.0,0.3836103073132158,-0.05850822564028942,0.10019918517362197,-0.012782623198949298,0.5097108414048959,0.1579549947222309,0.3736153697846092,0.038982733589179704,0.24087084988679516,0.040000554570191665,0.0,-0.0289988287016884
q182_357330,181,[MASK],Lyrics,Low,unknown,B,A,False,0.6791044776119403,0.32089552238805974,0.5580991591404689,0.3695837862346706,5.778649045810795,0.025475935002765227,0.5525959878798677,0.10929416726697153,5.778649045810795,0.025475935002765227,,0.2506667728155264,-0.08739033882371822,0.04853724127459732,0.016262311018511128,-0.0027515856303005903,0.22317666573230993,0.25614355942004463,-0.04275447066013131,0.04900751630421355,0.21053798429968154,0.03017890422875403,-0.01513184179256303,-0.20439145128690128,0.1257669288781812,0.1104212077393879,-0.08422975483222159,0.0510640570261537,-0.02654630859436965,0.17642134289264844,-0.054729148088176936,0.17969345681554696,-0.06263600362207117,0.1602009541600645,0.016262311018511128
q183_357330,182,[MASK],Metre and Rhythm,Medium,percettiva,A,A,True,0.7224080267558529,0.2775919732441472,0.8029005384040006,0.28684698587851887,6.69541702214016,0.10726709473281912,0.5318082503390388,0.28684698587851887,6.69541702214016,0.10726709473281912,,0.3123036051507738,0.06342423283898306,-0.1218610083486658,0.046060540207593426,0.35505078922074584,0.07379462125188624,-0.013685135683815158,0.10356759158005614,0.0,-0.05167426681339364,0.0,-0.03576972276457751,0.1956986440225601,0.06105420914622492,-0.21235696137287866,0.11331521191136273,0.09480757278105639,0.027908673755980377,0.0873340913087114,0.02930129765750934,0.2062462519318855,0.027127295345805155,0.16007865166770385,0.11558428763960747
q184_357330,183,[MASK],Lyrics,Low,unknown,C,A,False,0.7644230769230769,0.23557692307692307,1.2962557931785688,0.41755837535568774,7.094621266893545,0.14493247231984294,1.1654679453321644,0.21016310879211217,7.094621266893545,0.14493247231984294,,-0.06539392392320222,0.018980223567664704,0.16814506508160548,-0.025235375143812338,0.7203014749045566,0.29488051850623526,0.3424153292692045,-0.07846225813797544,0.7038133522138313,0.25550030303601323,0.10857390261985941,-0.052680853085980694,-0.4254337726175628,0.11551508480054455,0.11453347298022383,-0.061122625921025145,0.24048191885651704,-0.03152733693805564,0.13806294726396606,-0.029325278311035034,0.21073542649408472,-0.04005740539808918,0.07470069752124493,0.05386122060974009
q185_661634,184,[MASK],Harmony,High,analitica,A,A,True,0.6369047619047619,0.3630952380952381,0.6793345515307417,0.7056878748208105,6.342898342792074,0.1477360441310023,-0.5460251206771514,0.7056878748208105,6.342898342792074,0.1477360441310023,,0.0,0.0,0.0666547154267952,0.05682857486048229,-0.543393086652319,0.45287089564966465,-0.06928674945162754,0.19598840431066356,0.003635107249324039,0.18419836075975451,-0.015224915625660997,0.0768743324120943,-0.03188866135447814,-0.02436226475671197,0.06562082828820395,0.10855442078686614,-0.2567547149154626,0.17457570017566623,-0.13717138598735662,0.12606110155499478,-0.054206672134627404,0.09013964352953922,-0.12003470619709355,-0.030353419641392737
q186_661634,185,[MASK],Harmony,Medium,analitica,C,A,False,0.7380497131931166,0.26195028680688337,0.6177348755192891,0.5756215973986377,5.279003793970414,0.08825156432171487,0.4867562960476293,0.5360873913980214,5.279003793970414,0.08825156432171487,,0.026071113506044248,-0.019767103000308116,0.12881233189353275,0.031473889441914676,-0.06548928973582983,0.4176815275845507,0.3973621403838822,0.1066990773718642,0.08703482039339623,0.12621773853181423,0.004910593925586074,0.05501238254077131,-0.027110617667539447,0.03141919819570169,0.19271488461525854,0.021683715741933243,0.0077915009806546615,0.14149949296923942,0.1691528238459597,0.12896264884855788,0.13952643878668683,-0.0004728417777103838,-0.08726414883237324,0.031765056347714066
q187_661634,186,[MASK],Harmony,High,analitica,B,A,False,0.7407407407407407,0.25925925925925924,0.7865590648379907,0.3977945566848954,5.219031736907775,0.054608702779557455,0.23311209972728986,0.2938169529310212,5.219031736907775,0.054608702779557455,,0.019747776267576022,-0.030412493969614946,0.044143888607626,0.02559359243821728,-0.2767234825553504,0.32021216236974104,0.4459439174074382,-0.02157630790732214,-0.00038188373213841886,0.0921688058829533,0.014881747420375761,0.008985004840560914,-0.05550144342273975,-0.018097109966218414,0.2116662778799406,-0.014183448779203814,-0.008433738267693822,0.09786064138047151,0.09955814093190724,0.0270542834964657,0.017215972552761676,0.059329021722050235,-0.04589297363512346,0.04069975435394184
q188_312915,187,[MASK],Instrumentation,Medium,percettiva,D,A,False,0.7099792099792099,0.29002079002079,1.2307851699924637,0.26867735859143405,6.836205084263753,0.02888897892527912,1.2307851699924637,0.011349086296395194,6.836205084263753,0.02888897892527912,,0.014890429416059968,0.09900779014889378,0.16076571977993734,0.025778852545252466,0.8718576583002409,-0.12866413614751943,0.1832713624962255,0.015226579749768376,0.24109474286080337,-0.019637406342258648,0.30939229223813225,-0.013263346983683458,0.059674268473948876,0.004136525395636467,0.16924649961234106,0.021978369256813304,0.1562553704590291,0.027036820284937445,0.1339204766120567,0.015830219181789264,0.06156218743664734,0.01486549029724481,0.09963933229950488,-0.039597584794084
q189_312915,188,[MASK],Instrumentation,Medium,percettiva,A,A,True,0.42964352720450283,0.5703564727954973,0.777951270659313,0.3151527193169272,7.124485400777685,0.021453418945126992,0.2937582672272488,0.19218530948057178,7.124485400777685,0.021453418945126992,,-0.2420965017160321,0.1325869672014673,0.056740293481483114,0.019310112106912834,0.1645856787617802,-0.061483704918177694,0.31452879670001754,0.10177193509036936,-0.18947044017574965,0.21764442852248211,0.08091489988449381,-0.051448636890355864,0.02828733082525923,-0.011155522841749676,0.05420162773554971,0.03473075837281221,-0.0046806701934287084,-0.0026177869174239185,0.07092114781548467,0.017011563109660052,0.0,0.01799209213122586,0.2535843713356397,-0.029971586006078986
q18_1100505,17,[MASK],Sound Texture,Medium,percettiva,A,A,True,0.7097591888466414,0.29024081115335865,2.1082589923692012,0.516818862474433,6.6341041260701585,0.018649847153214077,2.1082589923692012,0.3160851267979821,6.6341041260701585,-0.018649847153214077,,0.5514898585366521,-0.053122422594170535,0.07013822467225526,0.04460125848174257,0.2663556286007039,-0.04724444524405489,1.2202752805595898,0.37185073615446496,0.44726274297886565,0.1039218235444351,0.2178987474125222,0.11182050775302886,0.01808926291380719,0.1005317677250564,0.4310888697451162,0.034557673910151625,0.23696233457968713,0.012174892015235247,0.0,0.0,0.23132675865593455,-0.08143574248015473,0.5256302760832681,0.03451420433022953
q190_312915,189,[MASK],Metre and Rhythm,Low,percettiva,A,A,True,0.8301963993453355,0.16980360065466446,2.2560064377666746,0.45445954214612644,7.6096252166005405,0.09800311838330346,2.2560064377666746,-0.37457928962430137,7.6096252166005405,0.09800311838330346,,0.07895310246245567,-0.10486726343666183,0.0,0.03994012626091253,0.653414738204926,-0.25918312428090073,1.5236385970992927,-0.050469028167651364,0.31518947719376483,-0.0912979054629865,0.008084507956824034,0.0,0.44992776670287393,-0.09194998302294466,0.509642072850491,-0.1354261671747529,-0.10997875332855972,-0.023385879190863122,0.37379389275775315,-0.022127896816622958,0.393556517257751,-0.014067360365890035,0.31579095637577625,0.0036759024097587772
q191_1381590,190,[MASK],Instrumentation,Low,percettiva,B,A,False,0.517094017094017,0.48290598290598297,1.8064916469181433,0.1738631937971376,6.052302032363892,0.12335715895521226,1.6452851416702474,-0.08771323210542672,6.052302032363892,-0.12335715895521226,,-0.08060325262394803,-0.052208759680808056,0.05031307899805829,0.037626474032541574,0.5959697782835778,-0.07857945327047411,1.0796055370125592,0.0054485068133138664,-0.04760842331986575,0.0821922714354593,0.2132658693273546,0.0,0.369531721872811,-0.015243907169420156,0.14320009926756272,0.004066427480230426,0.2598110503349442,0.029931701504705532,0.0827740336224072,-0.06299907892233358,0.28978077068132935,-0.01238308277037508,0.334530019883704,-0.11327756366369315
q192_1381590,191,[MASK],Musical Texture,Medium,percettiva,A,A,True,0.8068376068376069,0.1931623931623932,1.2361613323949359,0.39247771132199627,5.793398271440554,0.30132302066497046,1.2361613323949359,-0.39247771132199627,5.793398271440554,-0.30132302066497046,,0.026428996942940708,-0.02201093621071487,0.051871201887583374,-0.01378644086665057,0.3265060821387147,-0.17672714399406833,0.8313550514256971,-0.17995319025056253,0.057553602101876544,0.026695367129770078,0.06713864009022198,-0.049641372772242516,0.2764438496496795,-0.003068932924049578,0.1063829541283382,-0.07706372797796873,0.11352159933323755,-0.02748964779771261,0.18376250857614124,-0.11373432135642222,0.2352025010195933,-0.12897635435208585,0.19615567749584742,-0.019198721271284885
q193_1381590,192,[MASK],Instrumentation,Medium,percettiva,A,A,True,0.4272727272727273,0.5727272727272728,3.3912186359922387,0.42143552350052416,6.154937138559021,0.054852491632223575,-1.7951369599111715,-0.06376967778164874,6.154937138559021,0.054852491632223575,,0.6626759046892183,0.05039734762145961,0.13536493335131547,0.12843557523797808,-1.8965944752466513,-0.04527187811536828,-0.696583322705054,-0.19733072252571815,-0.7010114544241725,-0.0468465017700808,-0.1563462961149149,-0.0020774148071957474,-0.1669443957291656,0.16586761271801814,-0.09156154759152599,0.0,-0.10544260277185574,-0.0625582119949892,-0.07332422805605829,0.016989232747701574,-0.34330454393532644,-0.0522054299680573,-0.15720189128815187,-0.08293896470704541
q194_1268901,193,[MASK],Performance,Low,analitica,A,A,True,0.7107023411371237,0.2892976588628763,0.4455942609164463,0.13405424272366454,6.257328456844825,0.04753882608310525,-0.36003812480024416,0.11105064931200258,6.257328456844825,-0.04753882608310525,,-0.3574193593716136,-0.00918490468625082,-0.04539683348673161,-0.002316892019580163,0.0043740306379931315,0.12255244601783356,0.038404037420107964,0.0,-0.3094056160081611,0.033630679812547914,0.0,0.023655120388186738,-0.2242770956348965,0.00964841856424345,0.2009610387039074,0.0024678214796370126,0.17504013756008896,0.02008708766951237,-0.2915355433699423,0.07397383509524623,0.09162608739689984,-0.06465651188449646,-0.002447133448140501,0.012244198187125317
q195_1268901,194,[MASK],Melody,High,analitica,A,A,True,0.4056047197640118,0.5943952802359882,0.6276386145469837,0.5391658944113159,5.479763913519933,0.0188936360045498,-0.529956437424868,0.32712724427283874,5.479763913519933,-0.0188936360045498,,-0.04062907315091802,-0.10601932506923861,0.04884108856105783,0.02916452567295656,-0.5183708743665747,0.3910709229562449,-0.01979757846843307,0.012911120712875842,-0.03627097856719823,0.09746007679471608,-0.02311811852481386,0.0088895786082229,-0.030065815048051052,0.027101606001452463,0.0,0.0035051153055409325,-0.0352918089155162,0.015420091128293218,-0.1993084973663318,0.11675459908129529,-0.010485468504647925,0.010599538621997022,-0.19541575049830884,0.04739663873132075
q196_1268901,195,[MASK],Harmony,High,analitica,A,A,True,0.6830238726790451,0.31697612732095487,2.1415751646315195,0.6738407243754334,7.549043686460943,0.12226010911378006,1.7726179604696883,0.1208957444630269,7.549043686460943,-0.12226010911378006,,-0.13080262469419934,-0.2734328408020183,-0.05367597738671644,0.0,1.8787373082296126,0.39736823441923014,0.07835925432099142,-0.003039649154184948,0.43018650314835144,0.04652256131480975,0.324692596552553,0.020777713591085368,0.16152361618347366,0.007605315993759996,0.11298520425186845,0.010137734395513673,0.33844739639898236,-0.05830389041592893,0.30694864059094334,-0.00464186965190868,0.1260949298421647,0.06543194403515191,-0.02826092649864881,0.03336623520054379
q197_1078326,196,[MASK],Metre and Rhythm,Medium,percettiva,C,A,False,0.7839313572542902,0.2160686427457098,1.1077772322812036,0.07201133785622835,6.1962593483662705,0.04887966476354481,0.8828241185480492,-0.029352821217703953,6.1962593483662705,-0.04887966476354481,,0.6123332413238428,0.008157557820999112,0.3829674340907836,-0.02530247332599249,-0.11247655686657725,-0.02537960621097366,0.0,0.013171700498263083,0.32616311352408034,0.05445772974123517,0.21399022868611514,-0.011702819885372223,-0.07768302832998454,0.03754891506089559,0.12991528314613757,-0.007898450338204683,0.12158836261907863,0.01605960184493967,0.09887144549275653,-0.017539998680794186,0.39435749697839695,-0.11997667789583383,-0.32437878356853156,0.01969887893543054
q198_1078326,197,[MASK],Instrumentation,Medium,percettiva,A,A,True,0.6440443213296398,0.35595567867036004,0.33923945461372806,0.17346911694578787,5.296922274977521,0.007923137679586262,0.2931636906453774,0.17346911694578787,5.296922274977521,0.007923137679586262,,0.07507308199660996,0.0834449107567466,0.16467126978821542,0.022949883899205804,0.07645722084472736,0.047743055858563116,-0.023037881984175362,0.019331266431272354,0.01678558410621981,0.030748502273561275,0.13036402993793753,-0.04836876007154438,0.07281618692868304,0.01689997035872622,0.03642287766301745,0.0,0.061000848570713855,0.0,0.049128766698451405,0.0008505335793648396,0.11812287111917577,0.055448491086150686,-0.19147747437882146,0.1178903797195292
q199_1078326,198,[MASK],Sound Texture,Medium,percettiva,A,A,True,0.7134831460674157,0.28651685393258425,0.8797898663040336,0.2586283559930593,5.449168412751758,0.05070808115623468,0.6083017304573266,-0.004854339994594538,5.449168412751758,-0.05070808115623468,,-0.0404862810114215,-0.05295291559920777,-0.09525778691193196,-0.07810905488440095,0.7232892214513551,0.12688700799923236,0.02075657692932495,-0.0006793775102181612,0.10052067210173127,0.04600526830946394,0.1426252203832878,-0.01298700873038877,0.02719180240589096,0.0,-0.004247501865808016,-0.020668069787626704,0.04325115253363056,-0.019633735961963675,0.06296217416458283,0.000994655891371059,0.3671802716271296,-0.020168152963908073,-0.13118206089311835,0.02160270324845768
q19_435883,18,[MASK],Metre and Rhythm,Medium,percettiva,A,A,True,0.5584112149532711,0.441588785046729,1.003935455206593,0.28862446217173615,6.459429414016673,0.031204973013367582,-1.003935455206593,0.001718388665638948,6.459429414016673,0.031204973013367582,,-0.3594049323205093,-0.12581180358349314,-0.2612835924274603,0.12297987957444367,-0.2787134517966044,-0.017641233169555473,-0.10453347866201912,0.02219154584424389,0.05373860783343961,-0.008639565578596315,-0.04657905780198709,-0.0014991475961192505,0.0,-0.019880073724329435,-0.4666519743102351,-0.05993510879819561,-0.5219156063099101,0.15158289939108538,0.0,0.016807704688709374,-0.052355156219396376,-0.07821354033190692,0.029827731601495884,0.001495220614991688
q1_1204663,0,[MASK],Melody,Low,analitica,A,A,True,0.8798185941043083,0.12018140589569161,0.9493207310719856,0.3021227171857368,5.571794205209638,0.14212890052713179,0.5590395876292673,-0.3021227171857368,5.571794205209638,-0.14212890052713179,,0.22074799825649197,-0.09587433382412011,0.00459141615794529,0.0,0.5288407449361892,-0.15620764523187047,-0.19514057172135912,-0.0500407381297462,0.09519880708716544,0.0,0.04322176964404145,-0.005018633084266474,-0.03354434722184464,-0.024604426423022373,0.2272945258905854,-0.039803641159792506,-0.01888485492437742,-0.04390375146961903,-0.021118911818128014,-0.07267992849884286,0.13081413391000518,-0.06395556549185208,0.1360584650618199,-0.052156771058341454
q200_1121398,199,[MASK],Instrumentation,Medium,percettiva,A,A,True,0.7786885245901639,0.22131147540983606,1.0620669970661958,0.7257305753443355,8.028088779347607,0.07082066141338318,0.653739897862107,-0.20916813858582306,8.028088779347607,-0.07082066141338318,,-0.10930935073249581,0.20539206990114936,-0.09485419886954857,0.035134638487759946,0.5676967362926764,0.01775450999034692,0.29020671117147506,-0.4674493569650793,-0.10331104981892122,0.17539821566775682,0.12831480191965416,0.03931079258328957,0.33168537650830676,-0.09895704193847307,0.1250375193841676,-0.06325887031614437,0.0100188187837785,-0.059959964283952394,0.19280999366661078,-0.17362303811505808,0.05864940917573069,0.0,-0.08946497175722033,-0.02807823218324152
q201_1121398,200,[MASK],Performance,Low,analitica,B,A,False,0.7638522427440633,0.2361477572559367,0.6664702871503643,0.9138418692851854,6.048279515478036,0.18174458891951975,0.6664702871503643,0.004600581583668384,6.048279515478036,-0.18174458891951975,,0.2977265541241724,0.40443621673350416,0.09869610764849632,0.05478500870092276,0.18871257212132922,-0.18187842295205262,0.08133505325636638,-0.2727422208987059,0.225810876138404,0.28096196381595695,-0.011810007191062032,0.014660833908005905,0.121974765320715,-0.10980749972908241,0.21956630224388635,0.0015119199940791528,0.0,0.0,0.06713260901633,-0.22938975613867324,-0.04545116055088698,-0.032123129237532244,0.08924690217297795,0.07878624897091424
q202_1121398,201,[MASK],Sound Texture,Medium,percettiva,A,A,True,0.7859778597785979,0.2140221402214022,0.9483698703946872,0.18942766404337746,6.65677648912154,0.07252718337424101,-0.6820848323540041,0.01151515792597986,6.65677648912154,-0.07252718337424101,,-0.29603518236881243,0.0382501793304095,0.1331425190203415,0.062221231654269155,-0.23568306444384218,-0.016216453747199034,-0.28350910456169104,-0.07273979931149976,0.0477050320293284,0.22237577900660382,-0.053541226890351845,-0.06683799772791768,-0.06683151514522118,-0.02453472423627795,-0.16372765515979573,-0.060451187110681974,0.024833052534837988,-0.02827977774271777,-0.3167589876106318,-0.1071131165016407,0.019637028424296835,0.003050916568499297,-0.17340056053646688,0.07330526567011283
q203_962064,202,[MASK],Sound Texture,Low,percettiva,A,A,True,0.7234432234432235,0.2765567765567766,0.6673765542461482,0.20211071966983232,5.5683811619456725,0.048513981483126536,0.10747539236028297,-0.20211071966983232,5.5683811619456725,0.048513981483126536,,-0.14179126328812056,-0.04219056624833767,0.10871461105107347,-0.00400348032372891,0.2787113622521421,-0.15339864376051815,-0.13815931765481204,-0.002518029337247596,0.0,-0.1342548700069734,0.12848511286308878,0.0,-0.09879610278550562,0.013345068393799122,0.011466201060073324,-0.0368624398495177,-0.03010330315055687,-0.029498309563839788,-0.11702878182092112,0.0255902272934102,0.08717289675299589,-0.020230403152664302,0.12627936944110854,-0.020199992784046446
q204_962064,203,[MASK],Melody,High,analitica,A,A,True,0.6278586278586279,0.37214137214137216,1.0367760672242106,0.3666126255715669,6.780499332404993,0.053389758518710265,1.0367760672242106,0.03851451181507093,6.780499332404993,0.053389758518710265,,0.42304073074852677,-0.046746016564197995,0.0,0.03755982238215423,0.2852040452091874,-0.11730304031404998,0.32853129126649644,0.16500374631116466,0.20614482545687352,-0.03246020088645093,0.21629160633510597,-0.05325152716865884,0.004979232221125507,0.1611487630618803,0.16704013857615974,0.042934405027326074,0.0,0.0,0.12122371551960223,0.06153417386692543,0.12933030055639003,-0.0019010596243393373,0.19176624855895366,-0.13949004246161184
q205_1221864,204,[MASK],Musical Texture,Medium,percettiva,A,A,True,0.8109375,0.18906250000000002,1.2115480666037124,0.16297401394530475,5.285220409941696,0.0820349485856469,0.2841079501660808,0.09427886905319936,5.285220409941696,0.0820349485856469,,0.056084568290253024,-0.007428742530015825,-0.14632485967459363,0.01870080992716294,0.6917434400946436,0.10992563157208912,-0.31739519854422216,-0.026918829916036877,0.15753113449665473,0.05550967707505318,0.08187563902183402,0.06721903318481562,0.06728357343979065,-0.013413305841528424,0.16005682976578883,-0.03856682443393273,-0.09386458338834605,-0.011058120586851867,-0.14245875187034573,-0.014706725550121194,-0.07577107895400803,0.008468840239999895,0.12945518765471234,0.040826294965764884
q206_1221864,205,[MASK],Harmony,High,analitica,A,A,True,0.7786666666666667,0.22133333333333335,0.793872797380138,0.11875306435391636,5.957833851749471,0.2161188170003404,0.6539336017050819,-0.010105670455948124,5.957833851749471,-0.2161188170003404,,0.06326073320616357,-0.02421522664020985,0.1875846998415846,-0.03690417383023474,0.47305776649486175,0.05432369694898412,-0.06996959783752812,-0.0033099669344876514,0.2957780094091383,0.0016328301590658404,0.07140518246695385,0.0944824940813855,0.0,-0.014116624169563403,0.20128020407652916,-0.035289682608688484,-0.00605788271121957,-0.07627146780791902,-0.13091804646511093,-0.023124087256658512,0.043655696296144554,0.0,0.17879043863264646,0.042580867146429974
q207_1221864,206,[MASK],Instrumentation,Medium,percettiva,B,A,False,0.7902097902097901,0.20979020979020976,1.410449290883909,0.18379688668300875,5.426861732869928,0.06521351783008951,0.2577288926994945,0.07940083480624163,5.426861732869928,0.06521351783008951,,0.06780279180284174,0.0714311190675251,0.004910178562650795,-0.01395643444563304,-0.5763601990922073,-0.03824159149275051,0.7613761214262093,0.060167741677100095,-0.029859718054929124,0.041544918822549196,0.10560602768942674,-0.01188649391613852,0.16824043375235204,-0.009810288938830281,0.078296523288039,-0.03755890807773388,0.032206536885252164,-0.009815761769306711,-0.16892263084131848,-0.0034639506926754642,-0.16062731264959768,0.01291375156648279,0.23278903263026984,0.0974775678118945
q208_1374348,207,[MASK],Performance,High,analitica,A,A,True,0.34146341463414637,0.6585365853658537,0.3677560510989176,0.17654733432256525,5.725624970331967,0.047295037230261745,0.3677560510989176,0.08859909838595385,5.725624970331967,0.047295037230261745,,0.16726501636521435,0.080238776271352,0.08434648761271271,0.05233444008290755,0.1135354470066004,-0.043974117968305707,0.0026091001143901497,0.0,0.14779301436477277,0.10240177337042031,0.070116775743469,0.05656217093655681,0.05018328575104685,0.031082780507191696,0.025428556332061016,0.0,0.02449343563723767,-0.050845259706126265,0.016805581249569903,-0.007742036954096077,0.015188996516913151,-0.024473770706015082,0.01774640550384726,-0.01838655906197756
q209_1374348,208,[MASK],Instrumentation,Low,percettiva,A,A,True,0.7959866220735785,0.2040133779264214,1.534975726482631,0.6226675530178347,8.439604361396377,0.32631137797969867,1.434491562137181,-0.32188753649061946,8.439604361396377,-0.32631137797969867,,0.897000109702379,-0.2903583986187511,-0.048845729790246706,0.1503900082636076,0.587733534607527,-0.1588509095458669,-0.0013963523824781707,-0.023068236589609062,0.19366496137768013,0.03199547971589296,0.19352253434216765,-0.04005552423911251,0.12639879640442134,0.05898745947115105,0.27122973149511415,-0.06262861066841852,0.09921851122867405,-0.021901409878421436,0.06165325201763051,-0.0913595739133149,0.13173129751905738,0.06271312449084412,0.35707247775243595,-0.2596384814692403
q20_435883,19,[MASK],Melody,High,analitica,B,A,False,0.7719869706840391,0.22801302931596087,0.8390088498700944,0.29120644314589317,5.038262302780905,0.1078765668568568,-0.2090398038239053,0.29120644314589317,5.038262302780905,-0.1078765668568568,,0.31498452302309454,0.01912286126326035,-0.09319295694427418,0.03444248937113012,-0.4016155321647862,0.08286835659503966,-0.02921583773793949,0.154772735916463,-0.20390765796572433,0.2363905056410746,-0.02185401617252237,0.014529952492142699,-0.034349671641303856,0.018443418749231378,-0.06458193594141795,0.025500391221244357,0.0,0.017372718759509808,0.012673024306990611,0.0,0.14794511626957715,-0.0112143367620487,-0.04496466267950459,-0.009816206955261014
q210_1374348,209,[MASK],Mood and Expression,Low,knowledge,A,A,True,0.8402646502835539,0.15973534971644612,1.4834318802705633,0.6031403057790331,6.234290409329679,0.11811569862697059,1.397967738149988,-0.30879944140916865,6.234290409329679,-0.11811569862697059,,0.12433156636403818,-0.31121520927599045,0.03956794158448852,0.1439074857196774,1.2768003012617488,-0.1447546643181105,-0.04273207106028762,0.0032629464652548772,0.17668597968453653,-0.06740282486356435,0.13355488049400366,0.022741809257326755,0.33547362454436486,0.03203239478845375,0.29997148426859555,-0.031072381730721948,0.03394653926577791,-0.08880187278903813,0.13678551611020257,-0.06781330848560793,0.20386675760217016,0.06293312934807,0.07768295618033669,-0.17141638693408676
q211_336086,210,[MASK],Instrumentation,Medium,percettiva,B,A,False,0.571625344352617,0.4283746556473829,0.11008401773652124,0.16531872915131254,5.478910652828821,0.04924534804431785,0.017310735625941633,0.0211250760655185,5.478910652828821,-0.04924534804431785,,-0.016453480744531332,-0.07209682654289704,-0.012248655691910562,0.015509579316173533,0.06369737668123143,0.06218869260793923,-0.017684504618847907,0.015523630684302773,-0.27708701056981533,0.046753790006375556,0.09492475413175326,0.01182740508861579,0.08320375709355401,0.042599216358401575,0.02021143960536745,0.009559272838500086,0.014701589087930386,-0.01625407059636962,-0.09402643232287566,-0.06044086921293257,0.12378831936442565,0.002064491403933319,0.05159431923560184,-0.014984159821005654
q212_336086,211,[MASK],Instrumentation,Medium,percettiva,A,A,True,0.6054945054945056,0.3945054945054945,0.19696554262550725,0.24258018969734935,6.012808237110188,0.05265839196674305,0.06004838633512292,-0.20704900404013227,6.012808237110188,-0.05265839196674305,,0.12084796306852276,-0.11746045565342089,-0.05272722249843956,-0.009094209282130221,0.007659001411792321,-0.09825993193318969,-0.015731355646752605,0.01776559282860853,-0.320871468509253,-0.06971018092157873,0.037837001998782836,0.022599686119041517,-0.00931559299723713,0.0,0.13637214016034022,-0.04084115186013008,0.0,0.08320480940775435,0.0,-0.042596250671371225,0.06414169199263287,-0.03606142832108031,0.15188461368985717,-0.1236444877927678
q213_336086,212,[MASK],Instrumentation,Low,percettiva,A,A,True,0.7198622273249139,0.2801377726750861,1.2064776705748368,0.9283440707857861,6.276100197771057,0.0039006216266709477,0.9496912237627538,0.34840833348297406,6.276100197771057,-0.0039006216266709477,,-0.025210179414331468,-0.25951830300745093,-0.10318304399170998,0.011853391289287403,1.0517894542708932,0.6265228108450926,0.02629499289790209,-0.03044956564395504,0.12165485934360157,0.10283189425207624,-0.020709709762118257,0.03655077546747515,0.030388250200076305,-0.026461580976810273,0.26380949261094294,0.12959868984276887,0.18576676683758078,0.005324739738815906,0.18320814398255358,0.04143731434104092,0.14188590716067456,-0.03339478343324114,0.043687513389442524,0.0925212842508484
q214_1298301,213,[MASK],Genre and Style,Low,knowledge,A,A,True,0.9112359550561797,0.08876404494382022,1.1520138032244698,0.816756478884828,6.06814830693467,0.17284629584173042,1.1520138032244698,0.7482850279734412,6.06814830693467,0.17284629584173042,,0.055007843126238576,-0.0342357254556934,0.028319371114078735,0.04881605947753867,0.8038356531248079,0.3293890049652333,0.26485093585934466,0.4043156889863626,0.0863317049273017,0.04631318411495581,0.15988250682243793,0.008438078646181901,0.13171955077313982,0.18078116476798045,0.022318091813241216,0.03831885595736359,-0.019465127116387423,-0.01252075418199216,0.370062814481532,0.27589558224924965,0.050987724476286314,0.024483251678351213,0.3501765370469182,0.18657566474135076
q215_1298301,214,[MASK],Performance,Medium,analitica,B,A,False,0.8608058608058607,0.1391941391941392,0.390301374432355,0.2888679624181858,5.296678485773985,0.054243019500026114,0.2525658739545134,0.24364945206334637,5.296678485773985,-0.054243019500026114,,0.058362983305830694,0.030628703725657364,0.048862450886813624,-0.022609255177419692,-0.06886775023892079,0.16826502525753256,0.2142081900007899,0.06736497825757616,-0.1431760372864686,-0.025043017108363666,0.0,-0.00034717126619064967,0.10638432677924745,0.1113931583176348,0.03481484412431192,-0.026318564921326112,0.0215256343577618,0.08690643947016238,0.1519399330709557,0.03843784204310404,0.01658334691651593,0.04809832304348602,0.06449382599218921,0.010522442484839578
q216_1298301,215,[MASK],Metre and Rhythm,Medium,percettiva,B,A,False,0.7244582043343654,0.2755417956656347,1.5739418856279834,0.42244221605340926,5.294728175074697,0.0522927086808258,1.2596242399111357,-0.12061586427542456,5.294728175074697,-0.0522927086808258,,-0.1571588228584238,0.035622369425170136,0.04950329427634541,-0.020189658207581902,0.7057771831272535,0.11529080646382223,0.6615025853659606,-0.25133938195683503,0.09151225892808366,-0.07967866532754073,-0.1559242636139842,0.046064448405871365,0.2318251268835159,0.04964474603320921,0.03934934350001778,-0.04245547712184519,0.07582568770451703,0.023934323457080676,0.5224149170647224,-0.05536620597497041,0.17262655860058587,-0.0029342430763613925,0.28199461084367716,-0.059824790670868114
q217_770629,216,[MASK],Metre and Rhythm,Medium,percettiva,A,A,True,0.8144963144963145,0.18550368550368554,0.4002856662104538,0.5419589400641205,6.0902111987482375,0.005241460310879968,0.2607305644544602,0.40615015216610456,6.0902111987482375,-0.005241460310879968,,-0.006227838048017055,0.04587203634589107,0.10441730930748996,0.04219489284525421,0.22609080602496703,0.38598761692396727,-0.06354971282997979,-0.06790439394900798,0.12091007645781993,0.05799061068222498,0.13546022820623804,0.09829485534336904,0.05546943898809752,0.05633801190156483,0.0,0.06549472078994355,-0.07102481089159499,0.05246658100504649,0.036500839516486985,0.060508717513648703,0.0339133747644618,0.0,-0.05049858258704913,0.015056654930306945
q218_770629,217,[MASK],Functional Context,Low,unknown,A,A,True,0.8694474539544963,0.13055254604550381,1.7414999787955292,0.6070452697262737,6.58095815639826,0.0032911494979214408,1.621955606817693,0.45190860293677876,6.58095815639826,0.0032911494979214408,,-0.05977218598891805,-0.028796137363743077,0.01526800278669875,0.047579679024537774,1.4463425778660164,0.48189725730698846,0.2201172121538959,-0.04877219603100439,0.4409694788451317,0.08428086844116532,0.26366156657363893,0.020286738185120248,0.051713670435475145,0.126556973070318,-0.047943671432769654,0.06589772407153559,0.14073105235599456,-0.017299360850432228,0.3578537707833475,0.10155946871777205,0.27393043679276524,0.04722118278277568,0.14103930246410942,0.023405008518524097
q219_1133179,218,[MASK],Structure,Medium,analitica,A,A,True,0.8269230769230769,0.17307692307692307,0.7778532467883523,0.4928506758079551,6.442729877551392,0.26414522079853414,0.4291786772978907,-0.1318229391374047,6.442729877551392,-0.26414522079853414,,0.3979089140366765,0.1486800145302781,0.09768130250064322,-0.03553532865721328,-0.17433728474523083,-0.27680147881546663,0.10792574550580179,0.03183385380499711,0.08614530750849478,0.000322824065451692,0.04024055721321819,0.007804499986944772,0.07750957218105184,0.0742718863516205,0.0,0.022190862848631792,-0.02137985813822034,0.0015210679114474046,0.13382173610985387,-0.03548386499753625,-0.004621879859108644,-0.052402302168395386,0.117463242282601,-0.1500479131355692
q21_435883,20,[MASK],Performance,Medium,analitica,A,A,True,0.7402482269503545,0.2597517730496454,0.7595974514851273,0.44968856519941847,6.358257040931155,0.10117237345590073,0.09720157343165718,0.10397693145247561,6.358257040931155,0.10117237345590073,,0.42839951245839225,-0.06220039575388661,-0.21869137549781603,0.015631994356899513,-0.07359845919426428,-0.11065542111958482,-0.03890810433465476,0.2612007539690475,0.3031229235553082,-0.02137489783150473,-0.07474379573055234,-0.018677136825290958,0.0,0.0,-0.09996287649812752,-0.059626159380605066,-0.13975383012358297,0.17891932620277257,-0.0462244833464944,0.032569950910761945,0.10158800382231845,-0.06814188912944656,0.053175631752787764,0.060307737505788384
q220_1133179,219,[MASK],Instrumentation,Medium,percettiva,C,A,False,0.6030927835051546,0.39690721649484534,0.8676734574606144,0.3824111123427847,5.748784911222785,0.05534006932815432,0.2906734060667293,-0.21367192952884956,5.748784911222785,0.05534006932815432,,-0.19357866347602934,0.014495794127258783,-0.09492136222091324,0.06987379727970877,0.012944627912517853,-0.15452174352916456,0.566228803851154,-0.14351977740665253,-0.30468434740756034,-0.07210983651388345,0.096023543382465,0.0,-0.030441156962839687,-0.06599210554050054,-0.06690581684250926,0.02611679093985004,0.20049707354690757,-0.09907997470276816,0.12095130344522022,0.04752979475031094,0.14129809069722846,0.02787192370392262,0.13393471620781738,-0.07800852216578098
q221_1133179,220,[MASK],Performance,Low,analitica,B,A,False,0.5948717948717949,0.4051282051282052,0.7703818906773433,0.6502261047862469,6.357159990673219,0.16467936930739377,0.7703818906773433,0.05055244614659332,6.357159990673219,0.16467936930739377,,0.3190097732469681,0.2862134994115857,0.12968505521639895,0.06417577605483445,0.20972124975729187,-0.157051520676151,0.11196581245668435,-0.1427853086436758,-0.01093519809132984,-0.07563495745978491,-0.06389624087031927,0.023191539676361242,0.010405550808163924,-0.0778594554941722,-0.011934553106078452,0.1856174153872614,0.251615620552083,0.11042145582051596,0.2448170425115408,-0.0570039882998762,0.06281439816876704,0.0368596154151099,0.2874952707045161,-0.09503917889882188
q222_1227366,221,[MASK],Harmony,High,analitica,A,A,True,0.6494057724957555,0.3505942275042445,2.5383280145318263,0.5793853911354847,7.4739567201448835,0.07837811580842693,0.7926477764157934,0.15764975334588777,7.4739567201448835,-0.07837811580842693,,-0.2930117708043675,-0.2108678188947985,-0.4998796020449484,0.22953101131576292,1.66548789547381,0.13898656092492334,-0.0799487462087006,0.0,-0.15178944794203295,-0.005777842726340748,0.101558698930905,-0.024751471722280708,0.192097598967876,0.03917485485639896,0.04277793590815546,0.06269922537888484,-0.02432468307768082,0.0,0.07594523084787619,0.08490761486278271,0.15645325387563883,0.06649306236315498,0.39992918890505574,-0.06509568966671225
q223_1227366,222,[MASK],Performance,High,analitica,A,A,True,0.6719457013574661,0.328054298642534,0.5507141745458046,0.24547647959896718,5.813510851578499,0.040590843808019285,0.04654295413026041,0.15734862588853973,5.813510851578499,-0.040590843808019285,,-0.012375765631426582,-0.04406392685521372,-0.09997860688524535,0.11058298194568397,0.29862856433803253,0.027990154875357942,-0.13973123769110019,0.06283941592271154,-0.10328820606180228,0.07800357380088417,0.140443025708806,-0.028721699717623745,0.0,0.016729379758496515,-0.12962704119924412,0.06786462484729136,0.0033709715913916027,-0.0024853711593620514,-0.03004236499638032,0.024997926550023766,0.15347853373743364,0.0385570313683766,0.012208035350055858,-0.03759683955954688
q224_1227366,223,[MASK],Instrumentation,Low,percettiva,A,A,True,0.5893300248138958,0.4106699751861042,0.8553636350754499,0.30769286618764385,6.248795846936587,0.08581367578050797,-0.17531691574082678,-0.08685016811591012,6.248795846936587,0.08581367578050797,,0.34002335966731156,-0.09410781663668018,-0.3062333555202745,0.11042134903586687,-0.07986493743713646,-0.06708717828284398,-0.1292419824507274,-0.03607652223225283,0.09668458390704625,-0.0020878977271253547,0.0,0.02283370939099731,0.005114543788049229,0.0,0.07001516911147852,-0.020809572272174268,0.10020805616151449,0.0,-0.26408830145071904,-0.056721577231917925,-0.12374551331293518,-0.0463209272029554,-0.05950545394526097,0.01625609692726553
q225_26435,224,[MASK],Metre and Rhythm,High,percettiva,D,A,False,0.6191066997518611,0.38089330024813894,0.3184960000255203,0.3593455171407774,6.963828548173794,0.0675295119125016,-0.09428928876506205,-0.01861087322737524,6.963828548173794,-0.0675295119125016,,0.09082994977651906,0.15314511301061362,0.004704694203677074,-0.004127003223484492,-0.2063926443952912,-0.1848511919605918,0.01656871165003301,0.017222208946087437,0.0035210177034198896,0.060028304220271264,0.0,0.01327077607694376,-0.012199405069903416,-0.0036165745572698978,-0.03956321228310992,-0.009773049800943491,0.0236188564996747,0.01838794530883396,-0.01731596700340008,0.01416809310270897,0.05156805517222883,-0.022841069807576497,-0.10391863378397208,-0.08823529777034331
q226_26435,225,[MASK],Functional Context,Low,unknown,A,A,True,0.8149847094801224,0.18501529051987767,0.840391605652893,0.5210437804471371,6.84656610986081,0.10629193934024808,0.7601109253647172,-0.10393834700773327,6.84656610986081,-0.10629193934024808,,0.29501609699206877,0.1673489224081518,-0.021750085550991696,0.03526479676243303,0.5052351685167363,-0.3124910637274352,-0.018390254593096136,0.00593899754911708,0.078476657264625,0.04862455898058544,0.04621158275108996,0.0,0.05314462073552721,-0.022043130512624052,0.004773795936079718,-0.07197906614389438,0.14924949057629425,0.07354912403083075,0.13327338878805645,0.05369437667131296,0.17479412308103598,-0.00027528121635237573,0.12018726623200864,-0.1855089288175916
q227_26435,226,[MASK],Functional Context,Medium,unknown,A,A,True,0.8294642857142858,0.17053571428571426,0.456931839318259,0.36217808560841375,5.919802790786062,0.14688278312981914,0.17774115093549078,-0.024505456163163276,5.919802790786062,-0.14688278312981914,,0.2963437847218664,0.055003373890017034,0.020992710405008483,0.07363306583296922,-0.08832817252448613,-0.19334177088578852,-0.051267171666897975,0.040199874999639,0.01098074658519485,-0.009419131243838322,0.0,-0.024124336803241046,0.07580213104197067,-0.02393036759079833,-0.110310584573789,-0.027296147621537616,0.07939404536226713,0.10301374742645054,0.08671777175432605,0.02828061877024545,0.13428395649586244,0.027429158697798897,-0.09912691573034138,-0.09845899779824284
q228_7360,227,[MASK],Instrumentation,Low,percettiva,C,A,False,0.5068681318681318,0.4931318681318681,0.4886411120113946,0.2419670601333907,5.835695636972089,0.0315706562944954,-0.06434516661478984,0.20216183151905734,5.835695636972089,-0.0315706562944954,,0.21214797269830238,-0.019902614307166677,-0.02590341901734348,0.018746232059315655,-0.05956337051637816,0.044862344756219114,-0.19102634977937058,0.15845586901068925,-0.09032420480506415,0.1486048288912787,0.1200603167502812,-0.03946961208901234,0.06358844767705649,0.036268041735891765,-0.19700017636352424,0.06932974029777272,-0.06523126806623855,0.04018316182259895,0.026653287855966594,-0.049761537811117765,0.021020370995608884,0.02594235146918628,0.056888059341123925,-0.028935142797540985
q229_7360,228,[MASK],Instrumentation,Medium,percettiva,A,A,True,0.6309171597633136,0.3690828402366864,1.1990570360737325,0.5553832559466769,6.70699699366408,0.0020722052391031138,1.1117015366090615,-0.45024726922529446,6.70699699366408,0.0020722052391031138,,0.8648947389869116,0.0525679933606912,0.07128563482378984,-0.030476829076185433,0.21919891253069562,-0.14978298124645298,-0.043677749732335513,-0.32255545226334725,-0.06882266457049796,0.040854564642065896,0.2071750578209694,0.04091455717384217,0.15411243433253444,-0.11775541173691778,0.18007506756483993,-0.07119622304375361,0.08855123361764407,-0.045482889291134046,0.11694862299086281,-0.09007982511169285,0.06560678709592324,-0.0846023587600504,0.3680549977567855,-0.12289968309765387
q22_1215874,21,[MASK],Melody,Medium,analitica,A,A,True,0.8127090301003345,0.18729096989966554,0.6240039120192302,0.20977307685972676,5.940524843092746,0.11323992159990141,0.319880145443968,-0.08873005273932538,5.940524843092746,0.11323992159990141,,0.1572925044522504,0.033904305205973456,0.07832230553600743,0.026617206854227228,0.23632721874334128,-0.08817914852430768,-0.15206188328763115,-0.061072416275218394,0.09058499540810175,-0.03511554366905937,-0.016401360572687262,-0.017721762788155387,-0.10693325353464143,0.0337781541267355,0.02423447561250353,-0.02453390471912245,0.042526989342752036,-0.06845601337089324,0.040942369147704834,0.03211989104098246,0.1168002551963641,0.015817329391770066,0.1281256748438704,-0.024618202751582965
q230_7360,229,[MASK],Harmony,High,analitica,A,A,True,0.45604395604395603,0.543956043956044,0.7336294863556909,0.36343563617064834,6.00256910520668,0.11360560488298048,0.6061124354818366,0.36343563617064834,6.00256910520668,0.11360560488298048,,0.2185509106481917,0.11440548882125746,-0.06375852543692714,0.0062729251700356856,0.18004380101011158,0.15043015598180132,0.27127624926046046,0.09232706619755388,0.31870232921499103,0.11744836761727578,0.052035929703096714,0.023886654451192608,0.02581343078796537,-0.034876798557065006,0.029305203707542107,0.005468125001108274,-0.07066203315361026,0.08461296224603332,0.04750217384761174,0.08453937471035856,0.16716452244048882,0.01652348043168531,0.03625087893375104,0.06583347027005951
q231_1321293,230,[MASK],Historical and Cultural Context,Low,knowledge,A,A,True,0.7183098591549296,0.28169014084507044,0.6018064980428122,0.30917528539347183,6.08533542117127,0.0315706562944954,0.29999667081103576,-0.10591012638516044,6.08533542117127,-0.0315706562944954,,0.08976234528788538,-0.020396816052008084,-0.0706067169766218,0.010354286864619198,-0.0802981966392664,0.09127829263953652,0.36113923913903856,-0.18714588983730807,0.1401357852655621,0.06098420964948015,0.0,-0.00993150219265146,0.08660984693043794,-0.1205215729692083,0.4134867725047045,-0.03741157892665793,0.2810967700882507,0.05129923987748407,-0.41987959336011493,0.0,-0.12352392582918068,-0.02936734761434153,-0.07792898478862385,-0.02096157420926542
q232_1321293,231,[MASK],Lyrics,Low,unknown,A,A,True,0.8148148148148148,0.18518518518518517,1.3562917891433557,0.39294313980276013,5.995986806769715,0.1201879038918391,0.9543070764613021,0.3352857231011538,5.995986806769715,0.1201879038918391,,0.024249292841399255,0.005258271657912317,-0.2009923563410268,-0.028828708350803166,0.018448625290135266,0.0443342931377279,1.1126015146707944,0.31452186665631676,0.2008637478887969,0.06350270985712117,0.19775936659760973,0.06457972050625407,0.07606849379002653,0.022705877476644605,0.0,0.15051824559821195,0.2367557364521092,0.0032495358462844293,0.004723361350933354,0.041204873752625576,-0.04634089218987071,-0.04375719681557861,0.28447726257169703,0.033281956879590596
q233_1321293,232,[MASK],Lyrics,Low,unknown,A,A,True,0.46757679180887374,0.5324232081911262,1.2479646032506133,0.0668119034247755,6.708094042786741,0.09459007446052349,1.2479646032506133,0.06602974333590719,6.708094042786741,0.09459007446052349,,0.03808641901892546,0.007198796925239248,0.14944483161985614,0.016810680141470597,0.1598270219043236,-0.00039108004443415625,0.9006063307075081,0.0424113463136315,0.22169908129716806,0.07174128881211424,0.1417719797673344,-0.08132177486554476,0.03139805921462277,-0.03285244929748116,0.4125777624962587,0.07772899218767693,-0.0715085496155311,0.009425472304916034,0.007512036861674003,-0.014981500369427178,0.2931056790097093,-0.023476955235897518,0.21140855421937702,0.059766669799550615
q234_156528,233,[MASK],Mood and Expression,Low,knowledge,A,A,True,0.578,0.422,0.24218916673790247,0.4516109524542701,6.68310568557135,0.02596351270419496,-0.0775296335262924,0.21180892407795737,6.68310568557135,0.02596351270419496,,0.05792144276034579,-0.023532548728516418,-0.120707469657617,-0.06354555572301102,0.02440832384545924,0.3317099382661137,-0.03915193047448043,-0.032822909736628936,0.07602959356458987,-0.016619713825287093,-0.04352502165304104,0.012281459495246757,0.02733422563303211,0.020218906283043826,0.07759511285741585,0.0769214635894784,-0.06784751983416971,0.0800593254876526,0.0257384030102854,0.002077335132897453,0.015827483659662397,-0.00545284787688226,-0.18868191076406732,0.0423229957918077
q235_156528,234,[MASK],Harmony,High,analitica,A,A,True,0.7049335863377608,0.29506641366223907,0.32400117556732894,0.59305070405145,6.587662349709459,0.09020187512211221,0.18074777407943454,0.3873621425758873,6.587662349709459,0.09020187512211221,,0.0616248548270146,-0.002724002365212575,-0.0716267007439472,-0.10012027837256876,0.11761351228756184,0.48924762418968015,0.07313610770880531,0.0009587991239885189,0.01662648198634316,0.10730858558574823,0.04863067619913339,0.023904504642715055,0.02372255905495203,-0.0013029132665503401,0.11185274085493122,-0.0011931431745275216,0.07677523328963437,0.1241795991591588,-0.07485947748290496,0.05242143684627746,0.06688257583446588,0.04558121865527237,-0.08888301565712052,0.03646285412779327
q236_156528,235,[MASK],Performance,Low,analitica,A,A,True,0.721774193548387,0.27822580645161293,0.6031213868774289,0.19314639065747552,6.66604046507371,0.20661105178290337,0.5190290002797969,-0.009455635715815432,6.66604046507371,-0.20661105178290337,,0.008637397877218657,-0.00939678395569954,-0.04204619329881594,-0.07392842101782307,0.5165868933443118,0.09184537747083005,0.035850902357082395,-0.01797580821312287,0.08375154676959407,-0.01319891134397266,0.052303513883165204,-0.010933164946307382,0.0,0.024108628112839328,0.09803351319143994,0.004044555316437359,0.21205264913186667,-0.01798607028840182,-0.008955919186622328,0.036706965831113755,-0.03313442544494352,0.0,0.11497812193529698,-0.03219763839752402
q237_270070,236,[MASK],Mood and Expression,Low,knowledge,A,A,True,0.6982905982905984,0.3017094017094017,0.7812789072062184,0.33719173782322254,6.508552867756345,0.017918480596191347,0.30140500901489087,0.08407494693886532,6.508552867756345,-0.017918480596191347,,-0.07899618034141956,-0.06260335307525508,-0.10306454535994199,-0.053297845530620405,0.5413419581105546,0.21063334238104392,-0.05787622339430222,-0.010657196836303113,-0.15635832724229942,0.0500176098487225,-0.1511045731192321,0.02161724086170127,0.11753204011300106,0.0070983021067497765,-0.2632885406151651,0.012927330890222894,0.2771080282310635,0.007424549857182352,0.17807743733464299,-0.008408542734760265,0.21537257878086638,0.005583680411847199,0.08406636553201355,-0.01218522430280041
q238_270070,237,[MASK],Melody,Medium,analitica,A,A,True,0.7492997198879553,0.25070028011204476,0.5069233147549478,0.17515879772153053,6.3697151164001555,0.12872051367484186,-0.2805019003383545,0.1377318672424659,6.3697151164001555,-0.12872051367484186,,0.11039174600972787,-0.01871346523953233,-0.01997100015012293,0.016224622597747183,-0.37374160739652823,0.10641723271998742,0.002818961198568762,0.0338034771642636,-0.18842877912255684,-0.010021596102814629,-0.16682808616221967,0.0402967169372407,0.0,0.01707012039954138,-0.009238902651422241,0.12633514859869982,-0.019011540519089865,-0.02643928521094335,0.06579743417996872,-0.018138173888364386,0.06690835244289514,0.018194937695648422,-0.029700378505929756,-0.009566001186542071
q239_270070,238,[MASK],Lyrics,Low,unknown,C,A,False,0.8199152542372882,0.18008474576271186,0.740084071104807,0.17386748558018786,5.335440913780366,0.0006094721291818869,-0.1809262114383544,0.17386748558018786,5.335440913780366,0.0006094721291818869,,0.05801047222278167,0.001458996545021041,-0.020447142407529643,0.036153646926654126,-0.44005799886405106,0.007194572920805664,0.22156845761044464,0.12906026918770702,-0.4498687230410197,-0.029887105210507806,-0.09598235899363451,0.015004238418020475,0.18724985370410113,0.032813035830846174,0.06378214623892867,0.014262166652636576,0.02249244545319362,0.0,0.17088639943768955,0.0929523830757466,-0.07948597423761311,0.07701332393393465,0.0,-0.028290557120488814
q23_1215874,22,[MASK],Sound Texture,Medium,percettiva,A,A,True,0.812889812889813,0.18711018711018712,1.145647867782258,0.21918430842517406,6.268420849507561,0.09739364623620553,1.145647867782258,0.07091239911434223,6.268420849507561,0.09739364623620553,,0.3692156458534337,-0.07413595465541592,0.13970563081568513,0.05846649085852346,0.16442693285869184,0.03175125146351666,0.47229965825444736,0.05483061144771804,0.3532343625746417,-0.03191866043619444,0.010097283319834408,0.05271765140296496,0.20423810353878064,-0.029394738496807342,0.1330360434184633,0.0,0.0,-0.027205776650726342,0.035024768248167575,-0.02878544795009083,0.055269038643166984,0.0656424868779299,0.3547482680392034,0.06985688436726634
q240_1163315,239,[MASK],Genre and Style,Medium,knowledge,A,A,True,0.4871794871794871,0.5128205128205129,1.2807189751848806,0.28893543782085873,5.721602454490562,0.08252252629701028,0.18715843124839698,0.24426456918631687,5.721602454490562,0.08252252629701028,,-0.4331764167436548,0.036938702806323,0.1933823071162895,0.12371208213137214,0.5405563961003493,0.1059492185658927,-0.11360385522458705,-0.02233543431727094,0.10032932345542944,-0.031379455361237374,0.0952244093783821,0.026905024765032877,-0.05548571162668999,-0.005282036996791622,-0.061678054486667896,0.06377929707748078,-0.03457185969439004,0.04105163579580403,0.11819210793925995,0.06422165395755378,0.04351089618539858,0.043187115872276347,-0.018362679902325138,0.04178133407619808
q241_1163315,240,[MASK],Metre and Rhythm,Medium,percettiva,A,A,True,0.5563380281690141,0.4436619718309859,0.6025818935029187,0.22505846307306615,5.175149743619452,0.004875777033455095,-0.5168485002590483,0.22505846307306615,5.175149743619452,0.004875777033455095,,-0.06453038767125219,0.06364682722371057,-0.15332549917316474,0.1046338231686027,-0.3418593100365666,0.04248691022503865,0.04286669662193517,0.014290902455714228,0.060045654620035194,-0.034966548866414614,0.08237270102239856,0.03296139936709527,-0.017604893183027832,-0.003970170710206684,-0.2516096558531002,0.08638203534693707,-0.07180966454130563,0.0755457068842588,0.03080682850137459,0.03143002343663296,-0.12241860906012667,0.01798124893518039,-0.22663086176529643,0.019694768679582964
q242_1163315,241,[MASK],Metre and Rhythm,Medium,percettiva,C,A,False,0.6153846153846154,0.38461538461538464,0.49549942709433925,0.3192750929830131,5.196968845866194,0.079353271216608,-0.2994834178931167,-0.005321588117769914,5.196968845866194,-0.079353271216608,,0.09800800460061126,-0.1142676148229149,-0.10065315800147127,-0.04803072572747659,-0.18294096484848227,0.12041486923943984,-0.11389729964377443,0.036561883193181745,0.11256376962403461,0.0,0.025503710654169565,-0.024023946007227456,-0.044859827407496736,-0.004905564897819899,-0.2617471047017441,0.08266135868101887,-0.04954848014933074,0.019739404625865757,-0.0002478655747587752,-0.028524301465425162,-0.09478393951566813,-0.020434851836957202,0.013636319177677686,-0.029833687217224826
q243_78733,242,[MASK],Melody,High,analitica,A,A,True,0.5079365079365079,0.4920634920634921,1.1790071707500682,0.17142908232256143,6.79390771902739,0.022428574355348004,-0.8755300863748241,0.031314807719330554,6.79390771902739,-0.022428574355348004,,0.09633826952053245,0.037470080996572536,0.05540027266708952,0.048092702998347864,-0.49463320999116295,0.015809161026025594,-0.5326354185712832,-0.07005713730161543,-0.08420414757717332,0.04491439883710856,0.07667960827210876,0.00151154658067712,-0.7473809949391702,-0.09519394985870579,-0.13509596863176115,0.05660773270573679,0.05584458798671916,0.002952670335513396,0.0,0.05352007017105177,-0.026428861344839218,-0.015836817420618016,-0.014944310140708232,-0.017160843631433293
q244_78733,243,[MASK],Instrumentation,Medium,percettiva,C,A,False,0.41151685393258425,0.5884831460674157,1.0318833181340847,0.23545553114115667,5.476107080121505,0.10885172227851925,-0.12317568025998926,0.13772361965647376,5.476107080121505,-0.10885172227851925,,0.040794958711027146,0.01854598185111122,0.01733164610420325,0.023967107508668054,-0.577529499197037,0.14407648603903594,0.3962272141218174,-0.04886595574234146,-0.20081551976405781,0.058027261151167034,-0.05277020633506502,-0.022502121593136765,-0.39442857341938387,-0.022071652636239752,0.10898713178915131,0.047029652373629854,0.07854258656176227,0.002493137431174866,0.10058933044863104,0.06377872314388763,0.13408917564571313,0.03264487214472901,0.10263039481325982,-0.02167625235873813
q245_78733,244,[MASK],Harmony,High,analitica,A,A,True,0.7842809364548495,0.2157190635451505,0.2265787243784938,0.21531680237254894,6.0262166248678595,0.0348618057872172,0.2265787243784938,0.09824196829719029,6.0262166248678595,-0.0348618057872172,,0.026308286111598887,0.01621588537801343,0.02385098227911896,0.08045908737752641,0.0934068454909193,-0.058537417037679326,0.08301261049685665,0.060104412579329775,-0.12039391680570931,0.043873781579724255,0.04975103954175653,0.013046077915949998,-0.17930463106039485,-0.1030246580736138,0.0390849903355803,0.05100376505923125,0.05562099707895948,0.02759064789336297,0.08814795842135509,0.07785887053843814,0.1567627007494302,0.0,0.13690958611751636,-0.012106516615902532
q246_785425,245,[MASK],Melody,High,analitica,A,A,True,0.6681574239713775,0.33184257602862255,0.10179892490038275,0.23676139150734896,6.256962773311986,0.17199303483345182,0.0898700304148639,0.03790544638605696,6.256962773311986,-0.17199303483345182,,0.00906112319983739,-0.053090077065777515,-0.005964447242759428,-0.04633789549486848,0.0720392417902546,0.1126435632217761,0.01473411266753133,0.024689855724926848,0.05010987756014188,-0.048448070190085006,0.015157368752247248,0.06546759227130931,0.04039127466439404,0.044525713462182745,-0.04686433661845149,0.03694907591144164,0.08513605936044576,-0.08517520898314784,-0.02892681620930392,0.024226199216334978,0.021248405757833794,0.03197605051188322,-0.04638180285244341,-0.03161590581386211
q247_785425,246,[MASK],Historical and Cultural Context,Medium,knowledge,B,A,False,0.6680911680911682,0.33190883190883186,0.5193641807181988,0.5089564749608148,5.721724348388461,0.14481057790894253,0.36526520741106294,0.4841105121233161,5.721724348388461,0.14481057790894253,,-0.0020296689394900345,0.03189328091440263,-0.0750198177140779,-0.012422981418749326,0.4300216102922536,0.46464021262766275,0.012293083772377254,0.0,-0.022634405504344632,0.08114017093317055,0.025964714832483478,0.0835637613503184,0.04078759423092307,0.07263917220904179,0.004372608059351043,0.05863045749483094,0.08948202867153679,0.0495997788056005,-0.00017021290326435339,0.084718709716161,0.09739619815429076,0.016633458874713226,0.13006668187008677,0.03718500273947974
q248_785425,247,[MASK],Musical Texture,Medium,percettiva,B,A,False,0.5045787545787546,0.4954212454212454,0.5238408016065619,0.23281522579599762,6.247576902281232,0.0065822989958428816,0.49379899670033417,0.12008036636160911,6.247576902281232,-0.0065822989958428816,,-0.0016129819144924708,0.019853528153953578,-0.013407920538621408,-0.05636742971719426,0.508819899153448,0.14786335302298168,0.0,0.00873091490186811,0.001256424475464632,0.05295954813473952,0.03274468080124139,0.05378751364767412,0.0675291033410658,0.042998729670683786,0.022657572207889984,-0.002386273159943839,0.09732976687430625,-0.02129335708183782,0.04807443089990139,0.02420003844603225,0.12794132953790366,-0.02049291826270073,0.09626568856256112,-0.009692915033038178
q249_6730,248,[MASK],Lyrics,Low,unknown,B,A,False,0.7661122661122661,0.23388773388773387,0.4934896491490177,0.3956204267212507,5.6823524488945045,0.15907222571842372,-0.45818881034417097,0.16829513109118133,5.6823524488945045,-0.15907222571842372,,0.017650419402423356,-0.0313026894399537,-0.028947334776985786,0.040709360833828784,-0.02550821087210206,0.24124841807238723,-0.4213836840975065,-0.08235995837508099,-0.02532730835765292,-0.010596647792674664,-0.2851383453582981,0.0397609925982918,-0.3162595662533768,0.05954932934179989,0.029464396847751054,0.04666079682905429,0.0860171024295541,0.027672495796177147,-0.09883351650978509,0.035756329881683334,0.2531849570406466,-0.07133085832399762,-0.10129653018300976,0.04082269276084716
q24_1215874,23,[MASK],Metre and Rhythm,Medium,percettiva,A,A,True,0.7851037851037851,0.21489621489621488,1.5065096574353933,0.5492510370700999,7.164101090474219,0.26268248767757063,1.0949177664706398,0.20067871056915842,7.164101090474219,0.26268248767757063,,0.9869088067291225,-0.09600982286477963,-0.048591387775697346,-0.010756836428755976,-0.1572045577066794,-0.06751950395693512,0.313804905223894,0.3749648738196292,0.5043134832809125,0.061555205222998274,0.23595628383625236,0.041732527630863686,0.017247039923941783,0.00438533613058373,0.07542222519993666,0.03552888165299965,0.07145005135975963,-0.06279930460971717,0.16132880670930866,0.010066928151244346,-0.050216677431346876,0.040532772586233896,0.0794165535918751,0.06967636380395205
q250_6730,249,[MASK],Harmony,High,analitica,A,A,True,0.8389423076923077,0.1610576923076923,1.2332810573805486,0.5125842284448411,5.898349372503563,0.0006094721291818869,1.188493147723189,0.421923758442176,5.898349372503563,-0.0006094721291818869,,-0.02239395482867979,-0.0052586779985791775,0.02105357637511992,-0.04007155700275338,0.8714851769998603,0.2692790327574324,0.31834834917688865,0.19797496068607612,0.31514317863051744,0.14839855834321664,0.16445358051273243,0.07093936804919532,0.13450869646261043,0.02184534767163078,0.3534699394513585,0.1184063285346283,0.11837498083151819,0.10338285597883283,0.07817162664189722,0.019988539067824666,0.0033175688174349703,0.0,0.02105357637511992,-0.06103723920315254
q251_6730,250,[MASK],Lyrics,Low,unknown,B,A,False,0.5599547511312217,0.44004524886877827,0.3262837248166363,0.3618308078004529,5.193312013444102,0.017918480596191347,-0.11273031121955855,0.08029533591142893,5.193312013444102,0.017918480596191347,,0.01835592263623894,-0.015142801478800198,0.030460825024510908,0.01647720159454151,0.057959959137789036,0.2045858702613994,-0.21950701801809744,-0.1256249344657118,0.00406668523601697,0.02711118401925549,0.00862174460288585,0.06439296079092355,0.05516145521441072,0.049316519341384646,-0.40762804503244443,-0.01948048210642886,0.2116060181480362,0.0,-0.10154130742087522,0.038523261705419115,-0.03743347179635717,0.011260186137093755,0.15441660982876856,-0.09082829397621882
q252_231013,251,[MASK],Genre and Style,Low,knowledge,C,A,False,0.3173076923076923,0.6826923076923077,0.669733393618555,0.7087698153219129,4.931360891677069,0.12384473665061085,-0.669733393618555,0.7087698153219129,4.931360891677069,0.12384473665061085,,-0.10228924956343495,0.5271895651463129,-0.20479581192401639,0.13241227292045113,-0.33232499756119493,0.03746172527525517,-0.030323334569908753,0.011706251979893723,-0.03211571845157002,0.41432960935391683,-0.19272950511378556,0.05614546444527085,-0.2699985729164346,-0.03663569234910631,-0.4393631565720992,0.4000717223375313,0.11023925081906134,-0.08402371782113946,0.0934426991399746,0.0077251551079353595,0.06079160947629833,-0.08136017639895471,0.0,0.03251745064645907
q253_231013,252,[MASK],Instrumentation,Low,percettiva,B,A,False,0.5535714285714286,0.44642857142857145,0.39578862635108675,0.2573326401893677,5.521329912417192,0.06436025683742093,0.13094805738119036,0.24897924043521663,5.521329912417192,0.06436025683742093,,0.07515654831416965,0.12004524333990987,0.1219710260529964,0.08747415875259969,0.06624076749897254,0.04563653821978257,-0.1324202844849482,-0.004176699877075529,0.2297381908460596,0.07111714194861873,0.023150935772401418,0.0,-0.033850151196481326,0.0,0.03852031900597983,-0.030566957424174757,-0.07593567453329436,0.03676199498710182,0.04624613232092979,-0.025701593349565587,-0.09044428585063681,0.0741128606003291,-0.006477408983767773,0.1232557936729073
q254_231013,253,[MASK],Mood and Expression,Low,knowledge,A,A,True,0.8238213399503722,0.1761786600496278,1.4549319077140859,0.5759614099501349,6.079606383538945,0.005363354736281748,0.6436840523932615,0.4141120549396065,6.079606383538945,0.005363354736281748,,0.2612009906381485,0.3051466566508396,0.02409797489697406,0.07711027982887934,0.7640090145185512,0.11277979596515175,-0.4056239276604122,-0.08092467750526422,-0.18438201470969323,0.26687034852142844,0.18621140430751423,0.04467583570263496,-0.06205957515797089,-0.030514251089351383,0.05861640703883031,0.20242437672264124,0.2822698762764929,-0.036786865522565645,0.08132600246597663,0.03894522485467815,0.19437060066013812,-0.05731487076078556,0.08733135151197352,-0.014187743489073805
q255_266919,254,[MASK],Sound Texture,Low,percettiva,A,A,True,0.44139650872817954,0.5586034912718204,0.7144829356902155,0.1588515087981518,5.983187892429585,0.054243019500026114,-0.3848713970483991,0.1588515087981518,5.983187892429585,-0.054243019500026114,,0.020728105944385233,0.028034750664996513,0.14407766337652295,0.032137344006749634,-0.5496771663693073,0.0639545744967287,0.0,0.03472483962967697,-0.23769540281491439,0.06207744674003594,0.048317502696066245,0.05809857666442209,-0.053606595655154535,-0.023810373888561116,-0.38105333660093077,0.0042824872342696885,0.06701781348898979,0.016167058804923577,0.0,0.0,0.19748882376241655,0.06423657235329823,-0.025340201924871984,-0.022200259110236598
q256_266919,255,[MASK],Melody,High,analitica,B,A,False,0.467741935483871,0.532258064516129,0.7101460776163023,0.3782242346285947,5.632985207018454,0.015114908802903684,-0.3289498395776219,0.3239926993067865,5.632985207018454,0.015114908802903684,,0.19059811901934023,0.055632406340007795,-0.25720661562663927,0.14723034764969917,-0.26234134297032285,0.1482457129779836,0.0,-0.027115767660904115,-0.03140151155414293,0.11496164426531041,0.02904816600313103,0.05338353037491054,-0.036609245443544866,-0.0014075821552070253,-0.22959117417093533,0.05051547900086266,0.03640630108817421,0.03258278931635592,-0.02544244823603033,0.011552030008023762,-0.015525292305613753,0.019458662851228156,-0.05583463495865996,0.042946145645302004
q257_266919,256,[MASK],Genre and Style,Medium,knowledge,A,A,True,0.49843014128728425,0.5015698587127159,1.0357234162963465,0.5057490556148311,6.417863414619893,0.04156599921247523,-0.6934975556431158,0.461322416806932,6.417863414619893,0.04156599921247523,,-0.08648944770573061,0.14575057725775098,0.17111293032661531,-0.022213319403949543,-0.743182890224253,0.33778515895313055,-0.03493814803974751,0.0,-0.19342342423913073,0.07682650278747286,-0.259542362510398,0.09294480815890602,-0.03621449586138717,0.004606156059366984,-0.306559237072074,0.1004657797996267,-0.12173882104877831,0.051066870635020654,0.015922696618980395,0.09983212784178379,0.1308790587676711,0.014530583631038244,0.07717902970200083,0.021049587893716717
q258_349850,257,[MASK],Historical and Cultural Context,Low,knowledge,A,A,True,0.7670118343195267,0.2329881656804734,2.6402323596805153,0.4319601469438223,6.9506639498921245,0.11677485996834959,0.5952794591906415,0.0063698554673819185,6.9506639498921245,-0.11677485996834959,,-0.5266331753602029,0.047040522700578194,0.11676722870735179,0.04006947623288555,-0.495843274884734,-0.21279514573822017,1.5009886807282267,0.13205500227213834,-0.18874621583905724,0.10903402023498013,0.0,0.02417632321703401,0.0030182836398591484,-0.02360984518653017,0.329239679537451,-0.03975044208211298,0.12260133166956098,0.05074393780095999,0.28871942267776557,-0.0892043380179772,0.08779887130426733,-0.13316932314813998,-0.04735191379920531,0.1081495226491681
q259_349850,258,[MASK],Sound Texture,Medium,percettiva,A,A,True,0.3258064516129032,0.6741935483870968,0.986976338482809,0.31664057552963965,6.91799624314173,0.13432765728296964,-0.6680003720751608,0.28035497278597854,6.91799624314173,0.13432765728296964,,-0.6032278304090093,0.1881301025740018,-0.02997286197775562,0.022817374379342836,-0.19428766289221994,0.08755029720446442,0.1594879832038241,-0.01814280137183053,-0.186313875297723,0.11307645719508733,-0.02681713202891461,-0.022488152140729044,0.0,-0.023225395790491616,-0.01846926739240111,0.02594322328806904,-0.2528686289406885,0.15362222083194638,-0.13473897457172682,0.017008345494343796,-0.05648689514224083,0.014300151493043561,0.007694401298534118,0.00211812241470909
q25_135660,24,[MASK],Metre and Rhythm,High,percettiva,A,A,True,0.7619047619047619,0.23809523809523808,0.8406999304265355,0.2671732269950945,5.576182404470354,0.1777220728808619,0.037837709748421156,-0.10230053998970837,5.576182404470354,-0.1777220728808619,,0.018022341408638204,0.051365723843427684,-0.09076664053178754,0.031070619659265365,0.42124647867884013,-0.030939655994740155,-0.31066446980726964,-0.15379722749766125,0.39121831439757904,-0.043522410073571605,0.06050166605007129,-0.020826167554163055,-0.0469809320420368,-0.0264922936710428,-0.16558021076835078,0.047657733801595464,-0.17554031310235285,0.01840223450936715,0.036293659005572236,-0.0034502934222077827,0.06890618373584252,0.0,-0.13098065752790355,-0.07406934357968573
q260_349850,259,[MASK],Melody,Medium,analitica,A,A,True,0.5363247863247863,0.4636752136752137,0.7856455838366428,0.31743373967529276,6.440170094796894,0.11287423832852986,0.36924132600167503,0.2836626885116251,6.440170094796894,0.11287423832852986,,-0.17981528505356933,0.17608152868853044,-0.02838684386391456,0.06014083159672903,0.3518399010261764,-0.016885525581833812,0.2256035538929825,0.06432585380819947,0.06390580050579253,0.10307080210822234,0.14998719679456007,0.009308695392013983,0.07841911335474219,0.0,-0.1051299319254588,-0.01676693317294068,0.06895153526034029,0.10448656618856152,0.055383939571749315,0.08091451018585688,-0.08075098458398133,0.0008210360008864617,0.13847465702393078,0.0018280118090246052
q261_924963,260,[MASK],Mood and Expression,Low,knowledge,A,A,True,0.7146957520091849,0.2853042479908151,1.6337311427777872,0.35494511296232045,6.1401879124751515,0.11762812092802427,1.3629516546548477,0.12831688841038913,6.1401879124751515,-0.11762812092802427,,-0.06386059280671724,-0.08344593149611318,-0.07152915125475262,-0.0298681807798525,1.4807703031802686,0.229824288852351,0.017571095536048797,0.011806711834003798,0.0722308277992575,0.008233425299855424,0.13596956345005795,0.05113944639230457,0.12158603355197009,0.03957587945330052,0.24753475089698374,0.07257292163783652,0.2599198106842911,0.029532227892690492,0.07761914032970961,-0.009982581691689462,0.23476954709834355,0.006874093742647653,0.21332198084423404,-0.06962852431655658
q262_924963,261,[MASK],Mood and Expression,Medium,knowledge,D,A,False,0.6755146262188516,0.32448537378114845,1.0892870228594156,0.5632250924363651,6.265495383220223,0.06911413945217058,0.9516586811628249,0.40701811878501626,6.265495383220223,0.06911413945217058,,-0.03411062029621937,-0.039915746184284215,-0.014243443872428038,0.0048293658165401675,1.0204728520111201,0.48029223979415053,-0.020460106679647868,-0.03818774064139022,0.04887759306130343,0.3203414017453322,0.25330296818150266,0.0014148274991297779,0.2448694740290265,0.004405409427646773,0.04004885206221616,0.04004674895547099,0.20045135033531586,0.018984501886755527,0.11213641801735097,0.03395214533934308,0.13205111640851952,0.04011873889865775,-0.08007909093241015,-0.05224565496731984
q263_924963,262,[MASK],Genre and Style,Medium,knowledge,D,A,False,0.4786516853932585,0.5213483146067417,0.5347180293134317,0.11880943504372704,5.976727487845109,0.11019256096055528,0.5347180293134317,0.09693974793246322,5.976727487845109,-0.11019256096055528,,0.04795825351817555,-0.010934843555631908,0.03192096515170714,0.00010331167912740538,0.42849876620347815,0.10024525206389663,0.0263400444400709,0.007526027745071093,0.15515693829560484,0.0,0.22692101181389857,0.02509645633762891,0.0035868894855350664,0.053643056747341426,0.19939182936045236,0.03913770655131416,0.0,0.0,0.044419875097254924,0.034254928360261644,-0.09572167685997796,-0.03380727959625879,0.0009631621206638817,-0.021385120467824117
q264_1138775,263,[MASK],Genre and Style,Low,knowledge,D,A,False,0.8710462287104623,0.1289537712895377,0.8591254439980238,0.6164319530866844,5.643955705283771,0.058265535553584456,0.8591254439980238,0.283665747784701,5.643955705283771,-0.058265535553584456,,0.29791205714321584,0.09481947528314721,0.13037344210141602,-0.02137752542011164,0.33094008287237486,-0.1450055772308801,0.09989986188101702,0.35522937515254555,0.22723424403023118,0.013000374268118925,-0.05369005034167616,0.049662494081451236,0.015026661419821966,0.10229846555612349,0.23014156896050614,0.052227609983989544,0.0899377646468319,-0.04608188920270885,0.19055330575687923,0.06899249530077578,0.1168771595273593,-0.05308923835441474,0.04304478999807022,0.09665543615136565
q265_1138775,264,[MASK],Instrumentation,Low,percettiva,C,A,False,0.5409663865546219,0.45903361344537813,1.1883328334573038,0.32918176345221795,6.482711250054191,0.007923137679586262,-0.02409106497442348,0.19536429204358663,6.482711250054191,0.007923137679586262,,0.4276927363450682,0.16851433036065772,0.043541599772604384,0.020927884096921354,0.11088654812376748,-0.06690873570431567,-0.6062119492158636,0.0728308132903232,-0.10642529932351151,0.04261967899849471,0.00993334361033893,-0.004450912895474501,0.047050223977153804,0.05561273012115923,-0.06088689243761494,0.06971031954842535,0.04224407838455768,-0.04869129776611015,-0.02867545213542049,0.0716521281481578,0.07266893295007305,0.042407347235384,0.0,-0.03349570134644985
q266_1138775,265,[MASK],Functional Context,Low,unknown,A,A,True,0.8447293447293447,0.15527065527065528,1.2000620796892725,0.3003276743207778,7.3615700595905125,0.06521351783008951,1.2000620796892725,0.25772526361510656,7.3615700595905125,0.06521351783008951,,0.547031498730642,0.015094507696612976,0.0,-0.0213012053528356,0.1548602088300195,0.11076896533612578,0.4981703721286108,0.1531629959352034,0.23339419694868738,0.13527040672858878,0.23839567974994513,0.01704071625990618,0.08403236195704261,0.07075871690883344,0.014879688717475359,0.08256034708867009,0.0793311516381938,-0.09456841001034749,0.15214429527484447,0.02645816526526094,0.09684035302677398,-0.023946322429820418,0.3010443523763097,0.04415164380401505
q267_1070646,266,[MASK],Instrumentation,Medium,percettiva,B,A,False,0.7723076923076923,0.22769230769230767,2.1996019602249617,0.5418451554553417,6.230633575976662,0.1456638388789056,1.9690720246138997,0.46251933080938074,6.230633575976662,-0.1456638388789056,,1.0523260019995895,0.2137721824888252,-0.029291257465752504,-0.01820951623376656,1.032010990419841,0.288410060643536,-0.08597371033977844,-0.021453396089213903,0.0,0.09423476353819668,0.035447057886920375,0.004062728842675698,0.0,-0.01820951623376656,0.239437647599704,0.03519716133445649,0.7719735616089697,0.21967611150861271,0.3841928837385965,0.13609754258074674,0.5014310183732793,-0.03086857389646536,0.036589855406429866,0.022329113134924347
q268_1070646,267,[MASK],Historical and Cultural Context,Medium,knowledge,A,A,True,0.7307001795332136,0.26929982046678635,0.8797720507783426,0.1314783001639154,6.8649721681624225,0.24951788969533067,0.8797720507783426,-0.022411055852068727,6.8649721681624225,-0.24951788969533067,,0.27892111734625846,-0.007436033462207951,0.020984364761564605,-0.033089374649340184,0.5798665686705196,0.054533622155923334,0.0,-0.03641926989644393,0.11030963011152405,-0.0286987374920196,0.1255117954236518,-0.04237269459341515,0.1283078750955547,0.009869451940218484,0.13412735608952153,0.023328343173651855,-0.3116967802720847,0.018076194407987793,0.2719314265912934,0.062689059540043,0.35824422084437746,-0.07101901386644886,0.0630365268945045,0.005716341037913755
q269_1070646,268,[MASK],Melody,High,analitica,A,A,True,0.6531620553359685,0.34683794466403167,0.6423488439394943,0.21732225202993558,6.128973626209688,0.04400388772973494,0.42890041350422287,0.19397822485095909,6.128973626209688,-0.04400388772973494,,-0.09396148390982427,0.0660041956055817,0.03342879078040753,0.013919311784316376,0.5021958379414511,0.12572673105054924,-0.01276273130781148,-0.011672013589488257,0.044507489814447854,0.04850845556761233,0.025650625663649885,0.0,0.01993404294787828,0.011917001000685164,0.2352287271908896,0.0341176030326076,-0.026950172790060803,0.125716051341683,0.08386987572534127,0.05527070319217425,0.14123826197848685,-0.05950730193926099,-0.09457843702641017,-0.022044287344542318
q26_135660,25,[MASK],Melody,High,analitica,B,A,False,0.7451923076923077,0.25480769230769235,1.4373753430666958,0.5514292354571253,6.37203111033711,0.05619333030947017,0.27387387929412244,0.5514292354571253,6.37203111033711,0.05619333030947017,,-0.4480432498954953,0.01027041637873305,-0.13370748199079135,0.18305880929869126,0.2058740838836921,0.060709959692490205,0.649750527296717,0.2973900500872108,-0.07945054650648406,0.10178364913495216,0.0,-0.08473818278528689,-0.015583373446860296,-0.03682373992815348,-0.02069573334639538,0.02995397756283951,0.0,-0.008568265488476036,-0.04850236130978917,0.0,0.11137978159473308,0.05050185728744727,0.32672611230891824,0.4993199396738028
q270_17954,269,[MASK],Instrumentation,Low,percettiva,C,A,False,0.6900452488687784,0.30995475113122173,0.9691403759111191,0.2016296343240507,5.736839257528355,0.1823540610719393,0.5741496691678599,0.1983525522053163,5.736839257528355,-0.1823540610719393,,0.6602674169499729,0.12212746423298744,0.11137760558951658,0.07786362903169605,-0.12137861596976385,-0.00046614288719148966,-0.07611673740186578,-0.0011723981721757162,0.07556796124689155,0.057783949779425775,0.04485815542934504,-0.01610788720362062,-0.01661312630064405,0.004454257929467579,0.06544978368893697,-0.04976502108155635,0.08262916133887596,-0.01839648660106923,0.14336585167158672,0.16765101857954656,0.12941992222341414,0.016640154764960734,0.0494719598694536,0.03609256603816182
q271_17954,270,[MASK],Performance,High,analitica,C,A,False,0.6288848263254113,0.3711151736745887,1.074850222043047,0.7262245648680802,5.673697945656006,0.09922206262712154,-1.074850222043047,0.7262245648680802,5.673697945656006,0.09922206262712154,,-0.34140049124421545,0.19862414111576682,-0.21496077908938604,0.18433209001391251,-0.21780681310258776,0.3169841194319488,-0.3006821386068577,0.02628421430645196,-0.4703795766506206,0.11965552023585645,0.1264939198319661,0.03780694804606047,0.04673215605906594,0.01294205745428885,0.11732673388952358,0.06840488888304849,-0.5293143167820165,0.2793739033401593,0.06711432925529623,0.07832625481276397,0.0,0.07236542536562401,-0.4328234676462618,0.05734956673027859
q272_17954,271,[MASK],Harmony,High,analitica,A,A,True,0.6666666666666666,0.3333333333333333,0.7946501435236076,0.30625606296280083,6.71589528608341,0.08678883120004179,0.30367698806813653,0.04122987330028304,6.71589528608341,0.08678883120004179,,0.5195962816691482,-0.1325130948312589,0.0077243822644093435,0.012592400231452822,-0.24548657772773552,0.15150176607176066,0.02184290186231459,0.009648801828328453,0.11121295023071812,0.08856192831664346,-0.08507899502253075,-0.018928919272395046,0.06891425422821176,0.001086584738264295,-0.05921713450109255,0.0,0.5013432174442867,0.004503120647383084,-0.08249618903524993,-0.011737040590212147,-0.06836015103703615,-0.021588769350789332,-0.08264096423917061,-0.0006670311886112657
q273_1131366,272,[MASK],Melody,Low,analitica,D,A,False,0.16923076923076927,0.8307692307692308,0.5317201464710097,0.3518802282645957,6.18004739012642,0.060947212914640954,0.018031052413419096,0.2808733940456486,6.18004739012642,0.060947212914640954,,0.14509461557958306,0.04088880655840087,-0.02203701037547883,0.08913005258140803,0.12978098386263134,-0.03550341710947355,-0.23480753665331647,0.18635795201531324,0.10500323569923348,-0.09073036771519052,-0.0478620819001554,0.0,0.017675951229763648,-0.05363151383872248,-0.07479634091477926,0.23482932252742944,-0.25647541153579856,0.07005552399850315,0.09960802069340571,0.02948221463567398,0.15494052872994596,0.09261963743443404,0.0199371504118035,-0.0017514229964789955
q274_1131366,273,[MASK],Harmony,High,analitica,D,A,False,0.49290780141843976,0.5070921985815604,1.3362261856318722,0.5302762217136895,6.028045041941714,0.11933464291052326,-1.3362261856318722,0.3552651131813993,6.028045041941714,0.11933464291052326,,-0.475092996464441,-0.08750555426614509,-0.3780331922794447,0.06768239426516709,-0.12978257910513008,0.10705646168335314,-0.35331741778285636,0.26803181149902416,-0.5210457510860704,0.027718986811566322,0.07687868804668785,0.07536872030610442,-0.041429936645482425,0.1509158939963634,0.04197374756674657,0.01996740344920671,0.0,-0.005577387158116183,-0.24883628816690267,0.07851142259364004,-0.08695075076419806,0.05782820144861534,-0.5568158945826529,-0.049468128265980724
q275_1131366,274,[MASK],Mood and Expression,Low,knowledge,C,A,False,0.417910447761194,0.582089552238806,0.6081577785050518,0.15927565597327709,5.779014728934936,0.056315224741834376,-0.6081577785050518,0.15927565597327709,5.779014728934936,0.056315224741834376,,-0.1691374881593809,0.07852913704005185,-0.07328104416037343,0.03156879977480505,-0.18334641356975667,0.02043819804710001,-0.18239283261554085,0.028739521111320172,0.08231141079876089,-0.03911637594009141,-0.055659251364999045,0.025585445907836846,0.0,0.024467430762328858,-0.16464016755917724,-0.010592226764134897,-0.03426230905370891,-0.041634885608249246,0.039986281110645006,-0.06484721595320354,-0.3075250554341748,0.1703110951149055,-0.16836868700239777,0.09510238845388497
q276_30259,275,[MASK],Melody,High,analitica,B,A,False,0.6748251748251749,0.32517482517482516,0.5310338010478051,0.23236831412353398,5.60665601129522,0.041444104782239664,0.4535016078298261,0.23236831412353398,5.60665601129522,0.041444104782239664,,0.2527230076437749,0.07024012899160095,0.1439052675414875,0.00591939852594648,0.09563942925355316,0.021695994455507767,-0.03876609660898948,0.1345127921504788,0.14013252020579786,0.03323194832293888,-0.03492249778305116,-0.058002795801790394,0.03350025389033588,0.04038001455722062,-0.01886426236758426,-0.0178360288613212,0.14753575587923423,0.19567058590869266,0.12524744620859343,0.0516467577103119,0.07056177141139997,0.0,-0.009689379614899844,-0.012722167712518488
q277_30259,276,[MASK],Functional Context,Low,unknown,A,A,True,0.8941532258064516,0.10584677419354839,1.486481783516881,0.15249985133562502,6.628496982403848,0.013042703564421424,1.0696629184678779,0.022721711358191204,6.628496982403848,-0.013042703564421424,,0.57367155842177,0.07519176612322118,0.1184672031291251,-0.02116619606530544,0.5859335894414844,0.012419015223686934,-0.2084094325245015,-0.04372287392341147,0.2323750716923363,0.012551181082703275,0.2197050791203286,-0.02888503915475596,-0.1168911003400991,0.02684167281561401,0.11995921086199644,0.011118534821988301,0.2714572280035422,0.026776848143787793,0.0758460077671113,-0.019730399367424184,0.09348325228322528,-0.033034878535937624,0.17372816907943694,0.027083791552215592
q278_30259,277,[MASK],Lyrics,Low,unknown,A,A,True,0.8008928571428571,0.19910714285714284,1.1337633817321537,0.34668137902661567,6.181144439725897,0.02864519007234692,1.1337633817321537,0.13411442919511732,6.181144439725897,0.02864519007234692,,0.3695100657413147,0.04890696055269922,0.2914949563723041,-0.0410671402432217,0.2533382311911789,-0.06521633467252747,0.21942012842735598,0.19149094355816726,0.32619179625536465,0.0,0.05122163673000758,-0.03568489161360508,0.03667144715002154,0.030118249134146,0.1616094646249105,0.056413394708227683,0.3030826306005989,0.13145767183248713,0.15155861122234487,0.03963057183053556,0.12960258334376473,-0.036299112411116975,-0.026174788194859203,-0.05152145428555699
q279_617329,278,[MASK],Instrumentation,Low,percettiva,D,A,False,0.7131410256410257,0.2868589743589744,1.7768646529273953,1.0059084436694727,5.986722831112717,0.3386227150111332,1.7736871509711492,-0.3815792930044556,5.986722831112717,-0.3386227150111332,,-0.001588750978123027,-0.07360119107905466,0.14907857138272526,0.0864302552365421,0.6661907587748557,0.22573432009596645,0.9600065717916912,-0.6201426772579095,0.25616847362775685,0.08936135588268247,0.07543946087281947,0.024188411260508774,0.27796369350266775,-0.23110905063594284,0.4058676796461149,-0.14959754874230763,0.19755729614563114,-0.03792697335437805,0.14492121370311128,-0.0908350598810984,0.2930977044872709,-0.0268304201723524,0.12267162898577698,0.041169992638432504
q27_135660,26,[MASK],Sound Texture,Low,percettiva,C,A,False,0.820754716981132,0.1792452830188679,0.5616596460968275,0.40528078184001626,5.598732873850892,0.23147751469169794,0.1750824158519228,-0.08443573014483056,5.598732873850892,-0.23147751469169794,,-0.179319392486316,0.16042252584759287,0.13008521386983435,-0.028416821163795732,-0.013969222636136341,-0.09955593258144542,0.2382858171045408,-0.11688550224718228,0.16348356156234756,0.02915851744320523,-0.08444701125016889,-0.0052949035381658315,-0.04744299481329482,-0.03724162036148629,-0.04653339865499484,0.024385339503924797,0.04839110032634586,-0.027280246429214096,0.0,-0.031875644749552276,0.04432775919271809,0.0063871196921969214,0.09730339948896988,-0.042674291705739026
q280_617329,279,[MASK],Lyrics,Low,unknown,C,A,False,0.6881118881118882,0.3118881118881119,1.1781695013088656,0.6535984669004535,5.831429332472079,0.12091927042322947,1.1781695013088656,-0.17547803024754993,5.831429332472079,-0.12091927042322947,,0.010437459357527795,0.1606839976124247,0.3220821455324734,-0.03136744841751798,0.22063148283517334,0.07837622071402711,0.6250184135836909,-0.38317080015648375,0.2153677729786302,0.16276304533019903,-0.04430048695720928,0.02482315875783965,0.43207435910333997,-0.2990881586151193,0.24787225785019285,-0.19247297013409942,0.04569555418253342,0.05144449893740744,0.0889353140348074,0.02010564551480372,0.19252473011657084,0.017889313619675582,0.0,0.03905743634174335
q281_617329,280,[MASK],Performance,Medium,analitica,B,A,False,0.42481203007518803,0.575187969924812,0.5911136967963821,0.43531863127606124,6.7401522767553494,0.0625318404560838,0.5911136967963821,-0.11095161407984927,6.7401522767553494,0.0625318404560838,,0.0,0.07628522718330952,0.05082796168785661,0.04721891908102413,0.22360836327019243,0.038679362333772324,0.31667737183833317,-0.27313512267795526,-0.08880850074528804,0.0155301615745779,0.16264106245263102,-0.09869297019359488,0.15372622053017992,0.0347934996235002,-0.040589871984743064,0.0,0.1599894238149484,-0.025928306391107315,0.05132880174658946,0.02923683510083939,0.12406382694707452,-0.034480106386225326,0.06876273403498992,-0.0314107274078393
q282_852,281,[MASK],Sound Texture,Low,percettiva,C,A,False,0.7769230769230768,0.2230769230769231,1.62129921884372,0.4531293542880117,6.109531464576383,0.11817664584483786,0.8697534823187951,-0.23384387009837942,6.109531464576383,-0.11817664584483786,,0.01198108508972029,-0.1587037500388913,-0.3757728682624625,0.10964274209481614,0.7868634918253883,-0.00027081344983266586,0.44668177366614903,-0.1845120487044716,0.09728226174617025,0.06564224310929223,0.348645862169484,0.0633322498311299,-0.05629388075480732,-0.19847648615081015,0.0,-0.044768493486329844,0.03611258205048565,0.0,0.053668356568878285,-0.017487917553204613,0.17575777083786354,-0.05184128151855351,0.21458052970072072,-0.05024418432990348
q283_852,282,[MASK],Sound Texture,Low,percettiva,A,A,True,0.7297297297297297,0.2702702702702703,0.4392882997723071,0.155995585690746,5.466599315828607,0.08788588104147399,-0.03962333351566874,0.06654113886454274,5.466599315828607,0.08788588104147399,,-0.13527561609094368,-0.04221582608017932,-0.10418020055304425,-0.0025113973329223167,0.1041682620418845,0.0022210358590988126,0.09566422108643471,0.10904732641854556,-0.048420453301468304,-0.014648681973566478,0.01159628059881089,0.08885843113441252,0.034885291264536336,0.015620884020681333,-0.062078019250211385,-0.0308539649081849,-0.016716093925058278,-0.03927897398083288,-0.014044740994558075,0.0,0.02386143535411753,0.0016787142491452266,0.031292966738162536,0.04516473032288792
q284_852,283,[MASK],Performance,Low,analitica,B,A,False,0.3434065934065934,0.6565934065934067,1.2157001567298416,0.15664372954692418,5.966366461180893,0.006216615718018888,-0.10175364302787782,0.15298886793312094,5.966366461180893,-0.006216615718018888,,-0.20564049149383481,0.031191657443019636,-0.193251158483375,0.05713072578860584,-0.25983524990164986,-0.0018274308069016337,0.5569732568509819,0.06649391550839709,0.019614281079324565,0.11124868551700516,-0.11300245612774132,-0.05164516843338986,-0.10167442923892861,-0.04258799522129439,0.13730489365294574,0.0,-0.016277827058149626,-0.045532366630505604,-0.06718048743081416,-0.016806561689406887,-0.019458885847650126,-0.03517079635199641,0.05892126794313576,0.2334830707427089
q285_1222340,284,[MASK],Functional Context,Low,unknown,B,A,False,0.8063943161634103,0.1936056838365897,1.044357161523545,0.3872107627387392,5.890913812217508,0.006826087847444682,0.7158454262560712,0.33620926822787384,5.890913812217508,0.006826087847444682,,-0.1377795593427089,0.02336018142472609,-0.026476308291028035,-0.025500747255432707,0.8418410523943447,0.29467794444834955,0.03826024149546342,0.043671889610230885,-0.0046912522906453445,0.0,0.03617324694309118,0.00026926911736820797,0.0,-0.0016572435919791975,-0.0756533548897825,0.0,0.16701073923250628,0.07364482638936963,0.2349623968359203,0.13619568413761607,0.1308710187679793,0.026656361178968913,0.22717263165700202,0.10110037099653021
q286_1222340,285,[MASK],Melody,Low,analitica,A,A,True,0.7817896389324961,0.21821036106750394,1.8099891448403715,0.23317692950478322,5.831795015914097,0.09714985739347307,1.2743064757947966,0.23317692950478322,5.831795015914097,0.09714985739347307,,-0.11935813250103527,0.01783950521765843,-0.06336709129057622,0.026394934769654436,1.542147810317584,0.14360213508433017,-0.085116110731176,0.04534035443314019,0.1671556925187551,0.033087696613092535,0.19748126418419093,-0.02132394438096536,0.12506107642737707,0.019804780285550567,0.08216143076200819,0.0160898234116149,0.21367755412467945,0.02788674240735025,0.23486507024602735,0.09949130425949448,0.20880996352098333,0.019752901233334164,0.04509442401077505,0.03838762567531172
q287_1222340,286,[MASK],Melody,Low,analitica,B,A,False,0.6159420289855072,0.38405797101449274,0.2703386369263372,0.4336658740449075,4.733648133470766,0.0407127382295629,-0.05050225286085824,0.3227499821257513,4.733648133470766,0.0407127382295629,,-0.012658320312308222,-0.018059795780983164,0.10991819203273948,-0.03739815017859492,-0.12144623131716273,0.3407059960364242,-0.026315893264126772,0.03750193204890518,-0.036585754337959034,-0.012692266069558226,0.025343357580175127,-0.018746941161091928,0.03148883338913059,0.020399718678543066,0.0766164997457103,0.010517031124310822,0.01924155225702481,0.05783246391555011,-0.04797613147334344,0.12169555489953761,0.01942090886084787,0.03769280698399664,-0.1380515188824445,0.10605161375446324
q288_1222369,287,[MASK],Genre and Style,Low,knowledge,A,A,True,0.8232984293193717,0.17670157068062828,0.5474341043656721,0.22019795631608693,6.032067557238186,0.07191771125020334,0.40241025361176724,-0.15228317396921107,6.032067557238186,-0.07191771125020334,,0.32147638492293135,0.01646211382001446,-0.07251192537695245,0.009266839135050865,0.14034500281643175,-0.186240565142649,0.013100791249356612,0.008228438218372604,0.0,0.013659766614125888,0.12051715662499168,-0.055955719536695474,0.17746184797142292,0.05207882818624113,0.0063890729375579505,-0.05483970819188402,-0.13504040809319184,-0.018273657320138297,0.24588307290615655,-0.03282685861593987,-0.021103663897605637,-0.029346299464589415,0.00830317516243563,-0.02677952564033102
q289_1222369,288,[MASK],Mood and Expression,Low,knowledge,C,A,False,0.49027777777777776,0.5097222222222223,1.1608609101635305,0.529827049371603,5.202088412169884,0.11567781012691739,-0.45178949057969253,-0.3888291479322089,5.202088412169884,-0.11567781012691739,,-0.2179032938275512,0.07049895071969706,0.185273115575187,-0.07139308124891519,-0.5884219065440603,-0.3552020435113189,0.16926259421673198,-0.03273297389167185,0.20265271602796414,0.02348031069529631,0.07149108769754876,-0.07249810033658562,0.008596977081102936,-0.03692581985923571,-0.06279544413503906,-0.09597821571149226,-0.1678607500528918,-0.07908048920912686,-0.08873085755818674,-0.0246149678920761,-0.18132543507077145,-0.04398745465191331,-0.23381778456941937,-0.059224410967075286
q28_14013,27,[MASK],Performance,Low,analitica,D,A,False,0.6930604982206405,0.3069395017793594,1.0663739239291186,0.4878962728595584,5.826187872066142,0.04034705495641748,0.9660542924211846,0.30508036904858926,5.826187872066142,0.04034705495641748,,0.010805463084021681,-0.03818907328492871,-0.04913861684820589,-0.030066707305057946,1.00540864509113,0.3964883209540738,-0.0010211989057610955,-0.023152171315497905,-0.17511505568971816,0.08189946870969604,-0.018311119222924416,0.04302620633703798,0.1683825397413321,0.008207419359303319,0.3811962998905238,-0.006201622084340981,0.1884091029758908,0.08568458347752883,0.06980252683044899,-0.02232522148487229,0.17993456813179687,0.026970158702940495,0.1717554297638344,0.08781937603129582
q290_1222369,289,[MASK],Mood and Expression,Low,knowledge,C,A,False,0.4262820512820513,0.5737179487179488,1.528709269825439,0.3792703837144058,5.133827533585147,0.014993014378920998,-0.8794877547681615,0.3777222387688224,5.133827533585147,0.014993014378920998,,0.31792875687805183,0.03151393365676731,0.006682000650586967,0.055381430400783985,-0.962279510945141,0.2916009471840628,-0.24181900135165935,-0.0007740724727916884,-0.576012544451536,0.12959463364324353,0.0,-0.008857699171443946,-0.13216919685934436,0.027479387619510263,-0.07599743663149133,0.04055290024717052,-0.23462331635972747,0.05106708978080714,0.03830307361763635,0.009614530822998894,-0.021822250744366688,-0.0026431550309160105,0.12283391666066795,0.130914550857452
q291_1352257,290,[MASK],Metre and Rhythm,Medium,percettiva,A,A,True,0.5836538461538462,0.4163461538461538,0.13222726501484552,0.23491613959000768,6.145307479005895,0.060337740792377144,0.02035695469972338,0.025877942884379855,6.145307479005895,-0.060337740792377144,,0.012497248942529307,-0.10451909835281391,0.06379486091475514,0.04749074107200883,-0.05593515515756107,0.07138358072798279,0.0,0.011522719437202142,-0.08772640641606327,0.036975944624347556,0.025383055922773262,0.008135525322532915,-0.03466515745965489,-0.031968585386416705,0.0281711998554625,0.027543472056023137,-0.15007653353597167,0.0014551809347067724,0.09928321151854302,-0.044790317803742874,0.13460381841379662,0.05229685011095073,0.0053837664008378056,-0.02377012697402167
q292_1352257,291,[MASK],Historical and Cultural Context,Low,knowledge,C,A,False,0.31958762886597936,0.6804123711340205,0.7769355891217448,0.5435103923493183,6.323029551607905,0.17564986764579432,-0.7421693357138129,0.4507695859146229,6.323029551607905,-0.17564986764579432,,0.017383126703965898,0.0434992464763377,-0.09712823761359499,0.012858416903236851,-0.6624242248041838,0.44078232575239606,0.0,-0.04637040321734771,-0.3080055711321529,-0.0007980711020054258,0.048631012999703474,0.06191839633146867,0.09082174888652744,0.0,-0.10721529569576488,0.01805768747238104,-0.14830830173269346,0.11850984927108255,-0.15114556075336974,0.2261276467272405,0.09525072966640719,0.028124845277395262,-0.26219809795247,-0.0011707680629396908
q293_1352257,292,[MASK],Harmony,High,analitica,C,A,False,0.5961538461538461,0.40384615384615385,0.3259293214208977,0.5851694847137447,5.527546528570118,0.12055358715292223,-0.08887266740138189,0.38489086039699816,5.527546528570118,0.12055358715292223,,-0.14105704636327523,0.11364110477580343,0.08968590261947451,-0.07618906588169039,-0.06634394804786456,0.37138906777956804,0.028842424390283398,-0.023950246276682907,-0.1827031610618408,0.10046194141502716,0.07761148378645824,0.0006432553902333982,0.0,0.0,-0.03251570409864398,0.018505363538462802,0.10441192996395979,0.12173583005139955,-0.06184556225498874,0.09871110190045679,0.09256747143219646,0.0,-0.08639912516852284,0.044833368101418435
q294_1936726,293,[MASK],Sound Texture,Medium,percettiva,A,A,True,0.5397196261682243,0.4602803738317757,0.4007084613183035,0.20506691734361365,6.162250803925431,0.0787437990890226,-0.06486360521688403,0.08701229595437326,6.162250803925431,0.0787437990890226,,0.0,0.0,0.16792242805070973,0.06189957609963352,-0.17074714898615712,0.08414003054935992,-0.06203888428143664,-0.05902731069462019,0.14540001859471208,-0.03727448548037966,-0.03437182507427836,-0.030376048391087485,0.041284205585528165,0.009525973208983757,0.10093783485312581,0.030016012594041346,-0.14514106168042115,0.03846286194024609,-0.0339697448895927,0.027719438167071384,-0.04710186307453878,0.025485534998974956,-0.09190116953141911,0.023453008916522855
q295_1936726,294,[MASK],Sound Texture,Medium,percettiva,A,A,True,0.675603217158177,0.32439678284182305,0.8115937664002671,0.1327437727372608,5.50889668156449,0.07923137679861211,0.7363336979367437,0.10388741429863944,5.50889668156449,-0.07923137679861211,,0.0,0.01763621691477985,0.4296734894396277,0.1002625956354794,-0.03763003423176168,-0.01442817921931068,0.34429024272887776,0.00041678096769087736,0.2398880642817023,-0.009076198820044323,0.07207763250677285,-0.01545461975834897,0.11477797841306264,-0.010585065167433095,0.0,0.04334784042348384,0.11196681254338475,-0.005052709836395063,-0.05117726926424612,0.054974284222776865,0.08402961044513624,0.013563375517178875,0.16477086901093113,0.03217050771742133
q296_1936726,295,[MASK],Sound Texture,Medium,percettiva,A,A,True,0.6721153846153846,0.32788461538461544,1.0367123603145387,0.19663708208473699,5.972948760389843,0.13761880678243213,0.3704521790648573,-0.15551740602058284,5.972948760389843,-0.13761880678243213,,0.0,0.0,0.3200395831856643,0.020559838032077074,-0.3331300906248408,-0.06428314305715592,0.3835426865040338,-0.11179410099550399,0.2583829332796701,-0.07051976537907921,0.0,-0.06909215985625741,0.17699984228427124,-0.0015042211846300006,0.0,0.008214059380952194,0.041880354871468115,-0.06398552066089588,-0.24455009346896095,0.0031696922720236137,0.022610184838670326,0.038688034429582734,0.11512895725973847,-0.0004875250222788636
q297_1320579,296,[MASK],Sound Texture,High,percettiva,A,A,True,0.8372781065088758,0.16272189349112426,0.9365600047106849,0.34430951494210255,5.534006932859424,0.04193168248703975,0.9365600047106849,0.1764828786315113,5.534006932859424,-0.04193168248703975,,0.0014789138110533825,-0.007999723160193761,0.05916435303417772,0.04476245395828024,0.5482202512167077,0.21563374282852668,0.32769648664874607,-0.07591359499510188,0.2806455963668136,0.14059569163417812,0.12818221679321928,0.007984041416752278,0.13755502770891018,-0.005363182254571511,0.13917235402797662,-0.0338597296321972,-0.007029914271640049,-0.03409438323251281,0.058022654896597345,-0.032245724507891566,0.02558314451647725,0.03554499588101606,0.17442892467233068,0.09792116932673789
q298_1320579,297,[MASK],Instrumentation,Low,percettiva,D,A,False,0.6666666666666667,0.33333333333333337,1.3610293475458008,0.47323768876355504,5.424667633557447,0.08861724758599096,0.924281979203744,-0.3187563014017471,5.424667633557447,-0.08861724758599096,,-0.05080082190379815,0.015228740142344484,-0.16757286226723034,0.06201195353855949,0.566808101341777,-0.21959734064028114,0.5758475620329955,-0.17639965444236994,0.08405033164421408,-0.08185209874649298,0.1236632837682902,-0.07730303438033903,0.037045318160442015,-0.07791708749801085,0.13953820326823596,0.03318325051005588,0.08478851135529097,-0.057393523721095914,0.21045932087330013,-0.028530738940317595,0.1744763332262309,0.016454224913193323,0.07026067690773972,-0.04539729353873996
q299_1320579,298,[MASK],Historical and Cultural Context,Low,knowledge,A,A,True,0.4529411764705883,0.5470588235294117,1.3139272491229097,0.2595110863281307,4.698908221714487,0.013042703564421424,-1.2831826532373745,0.18615160669131275,4.698908221714487,0.013042703564421424,,0.0153722979427676,0.011700523692346147,-0.41747951022397695,0.055280304738871765,-0.31038946828407665,0.1558505180785038,-0.5706859726720885,-0.036679739818408975,-0.4520461523442712,0.08669897242452018,-0.10374366340264299,-0.061055094069115065,-0.44565605076365616,0.0,0.14989735618453762,-0.05591480896698782,0.000449594330398137,-0.040804153052040326,-0.11339592587292467,0.07212130293578617,0.0,0.06989575994569223,-0.31868781136881535,0.11520962747345737
q29_14013,28,[MASK],Melody,Medium,analitica,A,A,True,0.8115384615384617,0.18846153846153846,1.0796191290927566,0.3787268828417224,5.874823747625795,0.07069876698509887,1.0796191290927566,0.27943908480998414,5.874823747625795,-0.07069876698509887,,0.038881914114150186,0.019718037956803075,0.05239322074518252,-0.020245982222798373,0.9810559972402999,0.3093649458690502,0.007287996993123779,-0.029397916793070772,-0.03139964546239336,0.10346751596229335,0.190336839846397,0.005160390604271196,0.20410999203765676,0.022759900591004825,0.39210921184876324,0.01816396183602445,0.17179325723825864,0.08051019595228465,0.05005801506654124,-0.0015416184352088774,0.12027376280571217,-0.04307714210954152,-0.017662304288179373,0.0939958804088561
q2_1204663,1,[MASK],Structure,High,analitica,A,A,True,0.8424317617866005,0.15756823821339952,1.9867313090813876,0.4081794120703536,6.221979072579225,0.04339441560002089,1.9867313090813876,-0.036788410044701875,6.221979072579225,-0.04339441560002089,,0.4810225838320017,0.01654588306933516,0.08754513972758912,-0.10619468473412767,1.084811310902924,-0.11628922632340005,0.3333522746188729,0.16914961794349068,0.4259787750707831,0.0833294143928191,0.06343356834741579,-0.0534177839505751,0.0946972011867367,-0.028072215413054456,0.35867389074615036,0.008809864446239407,0.775440852209143,0.02568073204716821,0.08874988618853145,-0.035447800039941364,0.0,-0.026123734025227028,0.17975713533262733,-0.011546887502130676
q300_1079319,299,[MASK],Instrumentation,Low,percettiva,A,A,True,0.6043956043956044,0.39560439560439564,1.8029105526608082,0.33194627391505493,6.787203525761603,0.17150545715224416,0.44571207104389937,0.13075499246418115,6.787203525761603,0.17150545715224416,,-0.5699729667981903,0.05960337602909446,-0.10862627401026419,0.07024347694990944,0.8318806904789573,-0.10059564072543688,0.29243062137339654,0.10150378021061415,-0.7204838338926726,0.19588697645222442,0.27529342470430895,-0.02747005464530231,0.1400901073945608,-0.06612445522883044,0.16504059453345643,-0.07317105626632811,0.18870038027733443,0.009340625890023928,0.2124095046245102,0.06247612853157683,0.003906635908035749,0.0,0.18075525749436552,0.029816827730816883
q301_1079319,300,[MASK],Lyrics,Low,unknown,A,A,True,0.6314102564102565,0.3685897435897436,1.244001643695553,0.5410226368564234,7.074143003358993,0.1030007898301424,0.7748958809285457,0.5354809990637767,7.074143003358993,0.1030007898301424,,0.038883000084442156,0.16505678877402338,0.0,0.14481972066160603,-0.23455288138350366,-0.002770818896323343,0.9705657622276072,0.22837530852447063,0.07736186261491375,0.1862323496307917,0.13737864018038887,0.006950881704003802,0.19842636559054816,0.09747022828342652,0.056868441004377934,0.0902043872543401,0.06839130486984381,0.09138067373740413,0.0,0.0,0.22153138886242676,-0.009980933268570996,0.014937877806046433,0.07322341172238143
q302_1079319,301,[MASK],Genre and Style,High,knowledge,A,A,True,0.894589552238806,0.10541044776119404,1.3698466071256887,0.44914003035512595,7.082797506938075,0.34398606966690365,1.1544758429092208,0.44914003035512595,7.082797506938075,0.34398606966690365,,0.5931476826428442,0.08553102686915559,0.3394651093272954,0.16598314491773958,0.3295484330473152,0.13696762428682352,-0.10768538210823397,0.06065823428140728,0.1397206668694882,0.11351928773739288,-0.10973830155650892,-0.06365276833163515,0.01595894947853163,0.17084701403991617,0.062299180901383415,0.021692800431308678,-0.020031398528892436,-0.03759864734904887,0.49687111157289626,0.0759615093508729,0.25329436717885834,0.12510551732013364,0.31610126699346436,0.04326531715618573
q303_498814,302,[MASK],Genre and Style,Low,knowledge,B,A,False,0.7544378698224852,0.2455621301775148,1.9972677073524634,0.18107788321299728,5.680767822068639,0.1574875981780452,1.28903026938165,0.13843489159212102,5.680767822068639,-0.1574875981780452,,-0.019209331919039167,0.008634784793156085,-0.33490938706636747,0.0023335691163124776,1.634634285941387,0.14878803349309058,0.008514702425669672,-0.021321495810438136,-0.01017133644502842,0.06479221873658822,0.23227842269930102,-0.009574571981014062,0.2839488908310947,0.033998755372980194,0.2822291078763448,0.04773783752597618,-0.08783355945057636,0.028531191036486242,0.12013640711837963,0.055361768920974413,0.2816480903377568,-0.06474889895590005,0.18679424641437795,-0.017663409063970112
q304_498814,303,[MASK],Harmony,High,analitica,A,A,True,0.6884615384615385,0.31153846153846154,0.9826633001543681,0.44209094551462913,7.4707874651535295,0.23123372583654841,0.933916225336312,0.06886004052924552,7.4707874651535295,-0.23123372583654841,,0.0,-0.04048911613463826,0.09888363393710253,-0.13278442132094787,0.8594061288082375,0.25547549302193734,-0.024373537409028055,-0.013341915037105686,0.07112092197945279,-0.022317289355183817,0.17512540664880483,0.03791118613145702,0.26502817305812865,0.0192507758562593,-0.1963729166988569,0.09941933416783164,0.30848302986629644,-0.009770162233083593,-0.03499167176267293,0.07487182159740023,0.12324952564762776,-0.07370323160872717,0.2222737565975314,-0.056802394026708114
q305_498814,304,[MASK],Melody,High,analitica,A,A,True,0.7461538461538462,0.25384615384615383,0.948654709093331,0.1558912744196633,5.615066726601689,0.029376556625112377,0.37610632740528693,0.06090815046145486,5.615066726601689,-0.029376556625112377,,-0.17451436039673107,0.026000711059369828,-0.07654656351644054,-0.047491561979104216,0.662380518249309,0.05406701113754287,-0.035213266930850466,0.028331990243646375,0.18989165430044758,0.005865849361486505,-0.11345337636935562,0.0431311159811332,0.1617029782251656,0.037388793539403255,0.14916874164907,-0.008445180490972827,-0.18053485261142962,-0.01953054890406395,-0.031454673559609916,0.0,0.09123375954938599,0.028938342211723166,0.10955209622161302,-0.026440221237254476
q306_785413,305,[MASK],Instrumentation,Medium,percettiva,A,A,True,0.5960912052117263,0.4039087947882737,0.48139327093558554,0.13605673615907643,5.705512390262138,0.06740761749095799,0.1947188113235888,0.1298570716809968,5.705512390262138,0.06740761749095799,,0.32358236041613053,0.03363383301898895,0.014473680713456605,0.03421698552784795,-0.09187248147455265,0.0651060853731997,-0.05146474833144571,-0.0030998322390398247,0.04613272300824815,0.06958275347082757,0.031922965637901354,-0.006194891225569533,0.1259733760393106,0.011313930641532827,0.006792163302307176,0.04551598616103545,-0.04752885652185676,0.026591559236533457,0.08070296553189145,0.010563414940098449,0.0014096173134116284,-0.010930035628118421,-0.05068614298762479,-0.01658564591534302
q307_785413,306,[MASK],Instrumentation,Low,percettiva,A,A,True,0.7669683257918551,0.23303167420814477,0.3799818333255867,0.6541499145060874,8.024553841186702,0.03608075004895132,0.20529609884315875,0.3346599678832443,8.024553841186702,-0.03608075004895132,,0.005805934953315647,-0.1166527467215212,-0.034371947517673765,-0.04309222658990036,0.28683303113105707,0.468393309743915,-0.05297091972354023,0.02601163145075084,-0.08311484875582566,0.18678940713161213,0.05053781788700682,-0.00435997047827856,0.009120552384615805,-0.0004024786133713411,0.17785965042256163,0.0,0.07513363501198894,0.08944242858561369,-0.21644047165005553,0.007192201911015536,0.13725765179510996,-0.005470382577979632,0.054942111747756726,0.061468761924632506
q308_785413,307,[MASK],Instrumentation,Medium,percettiva,A,A,True,0.4727564102564102,0.5272435897435898,1.3724283217044675,0.597252549466267,6.151645988557199,0.004266304903896261,-1.0097975205576935,0.3870613082953846,6.151645988557199,-0.004266304903896261,,0.18131540057338696,-0.1050956205854412,0.0,0.009184706087691383,-1.1328611380644449,0.4695202202597294,-0.05825178306663553,0.01345200253340503,-0.3680369436132293,0.09261547081569711,-0.02299780366588495,0.04349782180395937,-0.1652914450919064,-0.03211235214297994,-0.01331690623828051,0.0038864104071496264,-0.06722774081512542,0.12003755102975566,-0.2683727029709442,0.05836149481121453,-0.028423795538206963,0.05376846962815117,-0.0761301826241158,0.04700644194243707
q309_964594,308,[MASK],Instrumentation,Medium,percettiva,A,A,True,0.6827133479212254,0.3172866520787746,0.5428467469381169,0.45556849162220237,6.585712039850275,0.21697207800010446,0.16436422142941326,0.45556849162220237,6.585712039850275,0.21697207800010446,,-0.12151849043571608,0.0661813521969177,0.09796796938177689,0.010983395607982283,-0.06772277231863572,0.2985205441351447,0.25563751480198815,0.07988319968215762,-0.30199338850956514,0.1377240272012056,-0.05158122568875756,-0.021451963254603214,-0.08527789494639917,0.055355633992700555,-0.10162013330678626,-0.006311652055517335,0.20632537246280624,0.07791451754057208,0.12175594672149816,0.0735935089545147,0.24854165273167275,0.07314768909407489,0.1282138919649442,0.06559673014925506
q30_14013,29,[MASK],Melody,Medium,analitica,C,A,False,0.6518218623481781,0.3481781376518219,0.6566845387199849,0.3314238689877065,5.0230254995841745,0.03022981760580737,0.5358096356122389,0.3227391589559693,5.0230254995841745,-0.03022981760580737,,-0.009708376677360698,-0.0025588828718271003,-0.05072907487651227,0.011970848694164652,0.5129479129841455,0.31511066527767323,0.08329917418196638,-0.0017834721440415317,0.22256136210506508,0.14233481555186475,0.047253144222242124,0.011198005261586468,-0.031390638466606044,0.021734323840523838,0.09427651373144286,-0.005582053406064018,0.06079784856346959,0.010158758863953652,0.006540366148405773,0.03230282033772612,0.23297058614007413,0.07049009385228049,-0.09719954683185456,0.04010239465409797
q310_964594,309,[MASK],Genre and Style,Medium,knowledge,D,A,False,0.826048951048951,0.17395104895104893,0.9911365930442573,0.1694451253732247,5.465624159877268,0.004753882607654194,0.09903929928584643,-0.0002440396658326266,5.465624159877268,-0.004753882607654194,,-0.07425836639909385,-0.030404217417717903,0.5450879461650519,0.0,-0.11658120489416474,-0.05444036510181076,-0.25520907558594685,0.08460054285369603,0.23286372397711141,-0.0026195905603893857,-0.11146909689366054,0.0059578083064292,-0.16099913054526205,0.0,-0.08462643045786745,0.07000423569377942,0.015484529005568251,-0.07802524952298488,-0.06935525124305451,0.02525255955171244,0.06318057964533441,-0.02257395330169967,0.21396037579767685,0.0017601501673202308
q311_964594,310,[MASK],Instrumentation,Medium,percettiva,A,A,True,0.2873303167420815,0.7126696832579187,0.8154150326559024,0.4902640469276113,5.9272383501411925,0.12652641403384068,-0.8154150326559024,0.4902640469276113,5.9272383501411925,0.12652641403384068,,-0.13037972175324736,0.07806451444672248,-0.1052177637639478,0.09281350268889321,-0.5786877064176135,0.20893310552501632,-0.001129840721093761,0.11045292426697925,-0.3540948534695129,0.19972188723867373,-0.04267235929260938,-0.024564188748974487,-0.10204517863106635,0.02401392459548474,-0.1824107123171619,0.04912485789986969,0.06384862850639948,0.014178716720306276,-0.193910663143876,0.056576930067515296,0.059514898130719376,0.05462902371612998,-0.06364479243879473,0.11658289543860603
q312_1051203,311,[MASK],Musical Texture,Medium,percettiva,D,A,False,0.8338171262699565,0.16618287373004353,1.3940140826194116,0.576754454918587,6.243310597985572,0.18491384399814817,1.3940140826194116,0.5082110258822119,6.243310597985572,0.18491384399814817,,0.025373270129305056,-0.021967297509222744,0.007860411741450964,-0.01230441700896482,0.23121676074634076,0.2729968072299791,1.1295636400023148,0.2694859331704204,0.04805154678982169,0.03393349635436284,0.1324740959599458,-0.05773553995513418,0.2453496586016657,0.04784252488938123,0.07385626211652022,0.19064330521968992,0.15821577269925888,-0.019309765010442195,0.26396991908977435,0.17555891940538726,0.21484504782052166,0.08826113641148,0.25725177954190326,0.04901694856748712
q313_1051203,312,[MASK],Mood and Expression,Low,knowledge,B,A,False,0.8420523138832998,0.15794768611670018,0.9468835100782045,0.22395534346664764,5.936197591166972,0.03845769135118193,0.9468835100782045,0.22395534346664764,5.936197591166972,-0.03845769135118193,,0.0,0.0,0.03259232220714044,0.019153438187275103,0.48366826224182147,0.1166417570756704,0.43062292562924254,0.08816014820370213,-0.5459229295812005,-0.10437016566085341,0.19057655668086354,0.015404810167111926,0.24103445329446865,0.059646365234755847,0.08169211111114738,0.014583469157774687,0.1157372228700123,-0.05947869911123675,0.28527654443712336,0.1619651864091952,0.22050514268628174,0.10026114344494921,0.357984408579508,0.03594323382495093
q314_1051203,313,[MASK],Performance,Medium,analitica,C,A,False,0.8502024291497975,0.14979757085020243,1.9070173390279663,0.5070265605951563,6.3313183729937705,0.22172596059853455,1.8258114830392884,0.39569796699079873,6.3313183729937705,0.22172596059853455,,0.03308153713932686,-0.013131532984560861,-0.04060292799433896,-0.042532763817617954,0.7493199315125528,0.16488342267027425,1.0840129423817477,0.2864788411227033,0.4482836934484947,0.13075863044868624,0.19378934871231246,0.007273403833028125,0.14877996585174436,0.025902884193089715,-0.09664075573609007,0.033860689215794756,0.4767924454432455,0.07144843059547183,0.2482551042127527,0.031103952177160984,0.14812197191497303,0.023912725131847508,0.2584297091918556,0.07143725139571953
q315_1351134,314,[MASK],Metre and Rhythm,Medium,percettiva,A,A,True,0.7241379310344828,0.27586206896551724,0.6348801944448084,0.5035029810639451,5.960637423593979,0.0941024967598033,0.42252386546177945,0.02778163535189898,5.960637423593979,-0.0941024967598033,,0.49396404595604476,0.12713028864550624,0.03473798399724919,0.0,-0.09742199503527654,0.13851201956241574,-0.008756169456237944,-0.23786067285602303,-0.20783940855384508,0.011965590721342373,0.03290663215723581,-0.009343377585427918,0.10719138999402705,0.11241131238574706,0.036208863971243115,0.06937794618234554,0.0,-0.09922958965381647,0.30917159222709417,-0.0705016215742504,-0.004162414232182665,0.01858455232274997,0.1490472098982071,-0.005483177446791183
q316_1351134,315,[MASK],Functional Context,Low,unknown,A,A,True,0.8570234113712374,0.14297658862876253,1.0681288663305675,0.2718329551273423,6.578764057290129,0.2239200602743035,0.9810525478242342,0.2718329551273423,6.578764057290129,0.2239200602743035,,0.5154609702213476,0.15851548886698524,-0.00022060121909714403,0.015144779744897866,-0.04331755803406939,0.0008453039680137303,0.5091297368560532,0.09732738254744544,-0.059534858781859185,0.05315953498955766,0.07476434785945203,0.08447436628045235,0.16106425288973752,0.09806200754800337,0.07464575392247091,0.060140429674655854,0.0765257941896021,0.028030960465772907,0.2560902076275694,-0.0003347756581902131,0.28111187825116046,0.03131564623146104,0.116385171866101,-0.08301521440437068
q317_1351134,316,[MASK],Metre and Rhythm,Low,percettiva,A,A,True,0.8630831643002028,0.13691683569979718,1.9074069067435304,0.24926108862049046,6.120684804460534,0.004510093756118915,1.9074069067435304,0.23438819529416344,6.120684804460534,-0.004510093756118915,,0.7308721464214964,0.08269812037698371,0.2583928190767689,0.02997729954268307,0.19541028244047298,0.12914922203766016,0.7227316588047921,-0.007436446663163496,0.42651975106615225,0.040092035244444074,-0.07570024558536843,-0.018645631005652582,0.46995053675200904,0.08204615472115308,0.09375892008377162,0.032460973859784456,0.0,0.0,0.4846528763564723,0.05144161814631511,0.14222011376014265,-0.004484683960992955,0.36600495431035107,0.05147772828911226
q318_307395,317,[MASK],Performance,Medium,analitica,A,A,True,0.7424749163879598,0.25752508361204013,1.0755184931414794,0.22411723944164055,6.216493823196806,0.05570575260307361,0.9601297081372865,0.20165475162432742,6.216493823196806,0.05570575260307361,,-0.050692576712158294,-0.01123124390865656,-0.007001815789938137,0.0446573710697431,0.4634928095582096,0.15974519725719594,0.5543312910811733,0.008483427206044947,0.13280876752865595,0.023237137943480105,0.0,0.006887531988003929,0.4263335149677074,0.03670202268292089,0.11545039611686014,0.012479632802782675,0.06059824459365463,-0.008325476180709388,0.06388606534682569,0.06107603945918756,0.05232110731032305,0.038917094692504366,0.10873161227325953,0.030680768236157306
q319_307395,318,[MASK],Metre and Rhythm,High,percettiva,A,A,True,0.478494623655914,0.521505376344086,0.8280434078692114,0.19390839857829784,5.681377293692447,0.0020722052391031138,-0.583098507066222,-0.19390839857829784,5.681377293692447,-0.0020722052391031138,,-0.02299313663423588,-0.004393827343977627,-0.008152754586041921,-0.024908529674404968,-0.6744250662474389,-0.0542943799398273,0.1224724504014947,-0.11031166162008792,-0.520814983587987,-0.13945077664559552,0.016941100692973905,0.0,-0.013754217764317879,-0.07072467000426798,-0.10295563754647971,-0.025436213874405596,-0.04687147111413877,0.009002823994840238,0.06024252978184824,0.011544036426401848,0.0624705589521235,0.01719504607008462,-0.03835638648024437,0.003961355454644561
q31_644172,30,[MASK],Melody,Medium,analitica,C,A,False,0.8265007320644217,0.17349926793557838,0.9524599033644383,0.30788342433740545,6.25623140617819,0.1095830888379367,0.3247232190573707,0.1668584285803847,6.25623140617819,0.1095830888379367,,-0.05343737773891147,0.12466813982792352,0.30137107669679153,0.013634094838677176,0.33722048451411296,-0.0705124978785104,-0.26043096441462227,0.0990686917922944,0.21901318811693826,0.0,0.14275925576265688,0.002363481491246308,-0.08718550745162182,0.10308529518989919,-0.08097149001585452,0.0535485488120859,0.006686657585963068,-0.00016470720099849567,0.10569510587312575,-0.007886151968281178,0.0915872057074876,-0.02172494342634451,-0.07286119652132449,0.03763690568277749
q320_307395,319,[MASK],Genre and Style,High,knowledge,A,A,True,0.4461538461538462,0.5538461538461539,0.3817224456333303,0.10671387069017743,6.33070890052986,0.0039006216266709477,-0.3817224456333303,-0.054997682191695325,6.33070890052986,0.0039006216266709477,,-0.018113808539478325,0.0030213082888425266,-0.13379893589686037,-0.028314973335760094,-0.20615214001223406,0.022836785960398523,-0.023657561184757536,-0.05254080310517628,-0.47063085405652494,-0.052430224563491376,-0.051763949974671424,-0.10482317138441181,-0.0035249449459309884,0.030377519378537065,0.0,-0.012762598130390386,-0.0595604100955178,0.0,0.16331091315613488,0.00883141724999566,0.0749278972662997,0.055608906901266325,-0.03448109698311972,0.02020046835679922
q32_644172,31,[MASK],Harmony,Low,analitica,A,A,True,0.9338289962825279,0.06617100371747213,2.0969420332836366,0.3729601220055158,7.707750229387295,0.03132686743881371,2.0969420332836366,-0.016039460271455475,7.707750229387295,-0.03132686743881371,,0.43342633767156785,-0.043320050264338494,0.0,-0.13797806560194992,0.653035820671227,-0.013201675272197243,1.0104798749408417,0.17846033086703017,0.24979435574229886,0.09011460951244368,0.0,-0.0027229669853911474,-0.031492456352861006,-0.011604529124849279,0.25747218201080946,-0.052907576596226094,0.5208569040628082,-0.040222240150500396,0.5802417719626463,-0.04587418437044572,0.21321458187819198,-0.035083710107145366,0.30685469397974285,0.08226113755065888
q33_644172,32,[MASK],Metre and Rhythm,Medium,percettiva,A,A,True,0.7540983606557378,0.2459016393442623,0.6748186640559453,0.2452068010913372,7.166173295956918,0.16699536340967314,0.6748186640559453,0.1124718328513537,7.166173295956918,0.16699536340967314,,0.40704573181802506,-0.042541347405484556,0.11922179112418806,0.03140950359076042,0.14684106361070953,0.14742981338058503,0.0017100775030225585,-0.02382613671450718,-0.061084682651571034,0.1560682124414615,0.044284038147535114,-0.01871652894586272,-0.01450156480514167,0.013441869898271175,0.20589559671614951,-0.08804801408400656,0.19133277854180997,-0.024704910793419,0.19013158574065223,0.038102131985468954,0.05615847918419392,0.012802013970848115,0.06260243318231717,0.023527058378592265
q34_355486,33,[MASK],Musical Texture,Medium,percettiva,A,A,True,0.5210918114143921,0.4789081885856079,0.7776182742785137,0.2128500684178358,6.53305364738206,0.07362423321389935,0.40884490107230576,0.15597766771206953,6.53305364738206,-0.07362423321389935,,0.4077202447065384,-0.027837786169298565,0.1855113429688714,0.044377202630402984,-0.13088550558888837,0.14003666543454968,-0.05350118101421564,-0.0005984141835845506,0.017905478411795527,0.05306501244418598,0.21956498662394944,0.0,0.09877126448155737,-0.004135740375776067,0.03394350177127263,0.03614992502718189,0.025288627365907628,0.04075551828089125,0.07011218651220091,0.023931892168432698,-0.027711390871997005,0.01831109255660608,-0.029029753222380744,-0.012100032389452304
q35_355486,34,[MASK],Melody,High,analitica,A,A,True,0.6078088578088577,0.39219114219114215,0.70181502911715,0.4117253167925141,7.407646153848818,0.29291230527335566,0.70181502911715,-0.28286553903037204,7.407646153848818,-0.29291230527335566,,0.0468036724727173,-0.14946972506852066,0.18644109051690255,-0.008702400202428153,0.46857026612753017,-0.18912330264049426,0.0,0.06442988888107104,-0.6922208079280417,-0.013700778347600548,0.11464593227015259,-0.01934181895504893,0.27507808328099764,0.013891991362232518,0.6684970609248317,-0.09120030798994692,-0.0005169342459851109,-0.003200820717630679,0.3405420122787914,-0.0715451075950955,0.052676196165647074,-0.0022218642419673425,-0.05688651362924353,-0.09554683254531462
q36_355486,35,[MASK],Harmony,High,analitica,A,A,True,0.9327146171693734,0.06728538283062645,1.2144769714947499,0.21271543157701628,6.237947241433894,0.18418247745185734,0.08408331107013056,-0.02048354687031047,6.237947241433894,-0.18418247745185734,,-0.2572478168594659,-0.06925586514718729,0.6389360402839106,-0.044547615223655426,-0.30794901335284375,0.0961159423533529,0.010344100998529615,-0.0027960088528206535,-0.533363519131139,0.10333880875198259,0.0,-0.032325217284830905,0.05648958757618,-0.06768014313681397,0.08790416634319732,-0.014854492738627463,-0.058650249906573027,0.05581849642215635,0.34644070605314753,-0.07430554421620289,0.3407527908901462,-0.01131335400846956,-0.1554901707548285,0.020837899340495385
q37_337998,36,[MASK],Instrumentation,Medium,percettiva,A,A,True,0.8360881542699724,0.16391184573002757,0.987016036363151,0.3317208256667394,5.725624970331967,0.04631988181835556,0.4670268498706365,0.23830331280440425,5.725624970331967,-0.04631988181835556,,-0.24081901688391932,-0.04670875643116757,-0.019175576362337948,0.04667182047873485,0.11752402094085371,0.013302992161709565,0.6094974221760401,0.2250372565951274,0.021610000127033346,0.033794388533764125,0.05933593207497507,-0.0195808305964961,0.08922735289577025,0.010568504462300468,0.21376958651893158,0.05655605125380274,-0.06428391356687496,0.02851625754235412,0.010781765573619914,0.03254262468020076,-0.11494957027002904,0.08485869618428782,0.2515356965172104,0.011047620744190346
q38_337998,37,[MASK],Performance,Low,analitica,A,A,True,0.6242774566473989,0.37572254335260113,0.6637778873797004,0.1541973710256507,5.4998764935897615,0.03900621626764076,0.6637778873797004,-0.030199517869767663,5.4998764935897615,-0.03900621626764076,,0.2034359045871416,-0.04146463555918668,0.0,0.027717064225595334,0.2064415164257572,0.03428186235234619,0.2539004663668016,-0.050733808888522504,-0.0263495914970671,-0.007901263154760755,0.09893332360715991,-0.047583190597369165,0.04037382148272676,-0.022299503318624507,0.11563417203919396,0.0,0.1426978893237483,0.020427968135258844,0.14118973840476134,0.04702253707639061,0.10857775692828453,-0.027932893831315975,0.0427207770908927,0.008066827820653285
q39_337998,38,[MASK],Instrumentation,Low,percettiva,C,A,False,0.4933155080213904,0.5066844919786097,2.0625675288295824,0.8045146347949819,6.368130489483468,0.09593091313014246,0.4730116001448408,-0.2118527591238732,6.368130489483468,-0.09593091313014246,,0.09013172349038936,-0.03809631015364042,-0.01357171311243735,0.03986587632070653,-0.7812062512299334,0.2564650615148478,1.1776578409968221,-0.47008738680578716,-0.025030057631830332,0.08225966913483519,0.09878979326641021,-0.10448430406343577,0.12975069551973675,-0.05629438964390454,0.47399369252756285,-0.11791879253659157,-0.13079885784570172,-0.024942878394227222,-0.05338008898889211,-0.013126301286744746,-0.11358336796714787,0.06232180768618756,0.09326979126470311,-0.039667570019992104
q3_1204663,2,[MASK],Metre and Rhythm,Low,percettiva,C,A,False,0.8586118251928021,0.14138817480719795,1.571847153025697,0.27111806490399204,6.325467440328273,0.022062891080428717,1.571847153025697,-0.08580709286214575,6.325467440328273,-0.022062891080428717,,0.2779901119410763,-0.023519857944828387,0.06470575966693007,-0.07040448668617502,0.6398829681250789,-0.0845382342520655,0.5892683132926118,0.09265548602092316,0.37388230403216255,0.03278954162782667,0.029288337650787487,-0.04052656033280756,-0.033568450064952855,0.011631059464355163,0.16713473556794006,-0.030385944678744652,0.6259672365687361,0.01637519294969729,0.18910043917858566,-0.053558767563342685,0.12816434274091693,-0.039794843694887255,0.09187820735152101,0.017663229365757295
q40_457120,39,[MASK],Genre and Style,Medium,knowledge,A,A,True,0.6350427350427351,0.36495726495726494,1.1435965387394682,0.7616914224079888,6.8196274430587005,0.17296819025830723,0.09028943341616169,-0.4028916147159145,6.8196274430587005,-0.17296819025830723,,0.10520023640002088,-0.053428446805341374,-0.24355322742496083,0.10545735577990231,-0.2831003252366924,0.07394254806613487,0.511742749677794,-0.5288630717566103,-0.06996066492254858,0.1133973954258592,-0.15225506313599035,-0.022808603973558862,0.011571698825324495,-0.1614637341251843,-0.24627095593934387,-0.007515061199976428,-0.004773793344557083,-0.06084848462688667,0.3224113239043624,-0.13619539047388857,0.2732836579527599,-0.10220065063426245,-0.04371676992384528,-0.025257085108016476
q41_457120,40,[MASK],Instrumentation,Medium,percettiva,B,A,False,0.625,0.375,1.2333984507885725,0.6824406863607738,6.633982231400274,0.20575779083564574,0.14020053261134752,-0.47589724937811706,6.633982231400274,-0.20575779083564574,,0.0689974724954478,-0.09645182322776712,-0.24627559797514298,0.08240171064186214,-0.30032336111346947,0.02087000784946623,0.6178020192045122,-0.4827171446416783,-0.08113760055645051,0.09185322722474708,-0.1663367209562644,-0.05413888104845685,-0.002528508540212443,-0.16213786001534883,-0.12441258549359463,-0.02888126840845327,0.010754938441039509,-0.017041206843878432,0.2842104289950211,-0.10523307173292795,0.22753703148472948,-0.1280643410562628,-0.007886450762920591,-0.07225384749753601
q42_457120,41,[MASK],Mood and Expression,Low,knowledge,A,A,True,0.7829204693611473,0.21707953063885266,1.794378827943266,0.7909458390408166,6.821455858111767,0.11238666061894034,1.794378827943266,0.001053811420406947,6.821455858111767,-0.11238666061894034,,0.05354215343539149,-0.029451170820350165,0.3172072507675261,0.12108655042525548,0.43500162920954455,0.2749132748053563,0.9886277945308038,-0.3654948429898547,0.0,0.13901621814183268,0.17786783776458365,0.06017301281996988,0.21212846250390963,-0.1089862551988732,0.4565916419529417,0.05757324676477378,0.1195556407348077,-0.044859863743660786,0.29607817234936556,-0.06322021991239181,0.4277083018147215,-0.052736682962801415,0.10444877082293624,0.014094355511557816
q43_1235672,42,[MASK],Harmony,Medium,analitica,A,A,True,0.7606837606837606,0.23931623931623935,1.485399729863174,0.2095920834722537,6.5557260113189555,0.002681677368140874,1.175417199832625,-0.05410167237240728,6.5557260113189555,-0.002681677368140874,,0.5733281663644227,0.0777452055499232,0.30458426362437047,-0.007270917969681049,0.4524960348591062,-0.023516669962304775,-0.15499126501527444,-0.10105928999034466,0.4507904501860947,-0.023490111419003076,0.21872164395517496,-0.0020816975999596865,0.035041589168934295,0.03485527024517089,0.08635458180127538,0.03304092876157783,0.23134945057421039,-0.06491818958695575,0.03450760670115968,0.013538886058136902,0.04747681866211912,-0.013703589218235486,0.07117505878365656,-0.031343169613138905
q44_1235672,43,[MASK],Structure,Medium,analitica,A,A,True,0.78125,0.21875,1.1615920635805257,0.28279363137193647,5.998059012116181,0.21173061768286075,1.1615920635805257,-0.04251630475331572,5.998059012116181,0.21173061768286075,,0.5202556856921077,0.020290335139180812,0.05965095024220989,-0.03846849305572235,0.4293350234724851,-0.12418647500690376,0.15235040417372298,0.09984832817012959,0.373785317753604,-0.022049483816258677,0.04945435709474389,-0.05640422062888566,0.08169903592188064,0.0,0.5591400174289263,0.09394455377660635,-0.09023128057785196,-0.08262198501108134,0.23040361964461256,0.05940568579417004,-0.09541115411875158,-0.015648766023844424,0.05275215043336174,-0.019142088844021986
q45_1235672,44,[MASK],Historical and Cultural Context,Low,knowledge,A,A,True,0.6428571428571429,0.35714285714285715,0.8301554554313083,0.8021175336303531,5.98696661943074,0.34764290251756164,0.5745042130592107,0.8021175336303531,5.98696661943074,0.34764290251756164,,0.5532636907644998,0.39203751060254344,0.0,0.0,0.14906614348075972,0.054485279365094494,-0.1278256211860488,0.35559474366271515,0.054488027218733456,0.048539537959264405,0.16552411772040973,0.15816819302687785,0.1675550579452545,0.10595818478126412,-0.2034776639516982,0.11165391527800578,0.18072274029297497,0.04391462903952602,0.11103231151329646,0.18675668644372614,0.0,-0.00255841977083561,0.09865962232023984,0.14968480687252436
q46_510027,45,[MASK],Performance,Medium,analitica,A,A,True,0.5030959752321982,0.4969040247678018,0.352278192636054,0.1952360144686971,5.166982817266758,0.013042703564421424,-0.24955802211462555,0.04033422611898893,5.166982817266758,0.013042703564421424,,-0.15126152221354192,0.0708107225518346,0.0445210661548225,-0.044706236544268696,0.006839019105891721,-0.032744657630585386,-0.14965658516179786,0.046974397742008414,0.07383752447499216,-0.04441823673448867,8.914924040547001e-05,-0.0454946783052958,-0.23668101570160066,-0.033262670173692596,0.011413330112186551,0.04681926586998507,0.019842494419504295,0.015028902859061307,0.020573307411860513,0.043663133583262306,-0.0680243339505757,0.057998509020157324,-0.07060847812139817,0.0
q47_510027,46,[MASK],Musical Texture,Low,percettiva,A,A,True,0.6387959866220736,0.36120401337792635,0.8506576615593151,0.4871072101172684,5.455750711483893,0.08849535316125438,0.8506576615593151,0.0035867189892240248,5.455750711483893,-0.08849535316125438,,0.19646468287018626,0.2311929748057672,0.02230819933748135,0.014153989747479001,0.18415171224901794,-0.0036200358427655142,0.44773306710262956,-0.23814020972125666,0.08700915777471115,-0.042078659665653745,0.05848472852366239,0.019731540125925,0.03368060817381349,-0.02363284087345574,0.15661475109808803,0.035221036626324406,0.20985634561074057,0.05525686164770231,0.10924115221778022,0.09318484066707987,0.10758370842270461,-0.09037074690949326,0.08818720973781462,-0.043725312629204816
q48_510027,47,[MASK],Structure,Medium,analitica,B,A,False,0.5514138817480719,0.448586118251928,2.360769902527271,0.33997984134842174,6.760508645642721,0.11384939372039135,0.3588535644202908,0.10263950522322193,6.760508645642721,-0.11384939372039135,,-0.6775720039565429,0.040285581362947645,-0.0724370648700292,0.1384270369553921,-0.2509491002269181,0.04259705496748208,1.359811733473781,-0.11867016806259989,0.06130718862593165,0.14288727865478248,-0.0565261166180091,0.0,0.10682951362342391,0.027473753268426066,-0.11281607058752709,0.10561238514189039,-0.08512321159620362,-0.0771559159441005,-0.16931979955617277,-0.08713547581355824,0.20118845021133708,-0.029287212333385368,0.4133136103175107,0.020244692249167157
q49_1149194,48,[MASK],Sound Texture,Low,percettiva,A,A,True,0.3489208633093525,0.6510791366906474,0.5789795268018996,0.46938255724055955,6.23563124754235,0.09897827378438906,0.005163175976228784,0.46938255724055955,6.23563124754235,0.09897827378438906,,-0.19828285966455939,0.10904366504399476,-0.060129694814281605,0.019504244836836566,-0.028495620933994374,0.1543293329969993,0.29207135138906415,0.18650531436272888,0.08089732894986475,-0.0030193270646299425,0.0945260039366054,0.02002259091136504,0.026676804041116775,0.041856285161824165,-0.06177792108684064,0.03192916945145495,-0.3027594006608787,0.17033863363163082,0.06097774085382237,0.13217856455299382,0.06735324096119648,0.05420731661904275,0.03926937898134237,0.021869323976877887
q4_196219,3,[MASK],Musical Texture,Medium,percettiva,A,A,True,0.75,0.25,0.2387633037738065,0.2568825242332731,5.2925340756941,0.137131229078519,0.011713503826235788,0.20314989630144753,5.2925340756941,0.137131229078519,,-0.06756271980348404,-0.012867528880107008,-0.022120319773820587,0.0016201155142076722,0.12523840380002116,0.22839609475315265,-0.023841860396480744,-0.013998785085805767,-0.10266411113366404,0.024693159870552307,-0.0006176537417759594,-0.008014339180705833,-0.007871981096790204,0.022825862879863094,0.0484607331118428,-0.008439454069916641,-0.17414085778205154,0.026327042836116955,0.14226788705497,0.07286405775141566,0.22676254448799624,0.0426142394963634,-0.12048305707429148,0.03027932671775859
q50_1149194,49,[MASK],Functional Context,Low,unknown,A,A,True,0.8587912087912087,0.14120879120879118,1.1161536282698974,0.46370653626461594,6.384830025540049,0.012189442583149924,1.0044141630303096,0.46370653626461594,6.384830025540049,0.012189442583149924,,0.9371940726395881,0.03570791959782062,0.03153221036319963,0.06623114020853421,0.09155761264731588,0.1231261412815178,-0.05586973261979386,0.2386413351767433,0.0,0.02352354327263905,0.07598742550784988,-0.00026656485874774344,0.12656770556255958,0.0158810798418382,0.23503165818940033,0.020004590687756698,0.25964880052493544,0.16174707905339805,0.07589565460905545,0.1428362471956302,0.12535610796448618,0.07081779815762346,0.1059268106720229,0.029162762914477957
q51_1149194,50,[MASK],Mood and Expression,Low,knowledge,B,A,False,0.618421052631579,0.3815789473684211,0.5319869636902071,0.2901112477867115,6.328149117866183,0.1312802966400758,-0.36321894832273804,0.2901112477867115,6.328149117866183,0.1312802966400758,,-0.0016167386338254014,0.06298335097218996,-0.2325391828752676,0.02468764596241621,0.08438400768373457,0.14346154818352497,-0.2134470344973796,0.05897870266858033,-0.012850011073949313,0.010558506506538234,0.02633490604730117,-0.028953367293498143,-0.049557742468669744,0.04432570831881003,-0.09236165423597036,-0.015515883016949701,-0.32821607830796096,0.17161877845989085,-0.00406062690531421,0.10492759367807075,0.07473142901189488,0.016988863760481258,0.022760829609930477,-0.013838952626631817
q52_1107251,51,[MASK],Melody,Low,analitica,A,A,True,0.7559681697612732,0.24403183023872682,0.7583238610429472,0.4151563524115861,6.4883183937432065,0.03352096710642287,0.6588105137322173,0.07339397352610555,6.4883183937432065,0.03352096710642287,,-0.049756673655364944,0.09363144502903878,0.07290960607098072,-0.0037156208953435313,0.31508540813264996,0.15064371793980705,0.32057217318395154,-0.16716556854739675,-0.03658636712582155,0.10772810503354632,0.0,0.03732984076747942,-0.01806054267298813,0.06640520390746443,0.18797755121514997,0.00036569284259045653,0.11603047465604041,-0.044681229594220204,0.13701094836035854,0.029014667886380796,0.16703280738235135,-0.05522783362453442,0.10540564191712665,-0.06754047369260124
q53_1107251,52,[MASK],Lyrics,Low,unknown,D,A,False,0.6412776412776413,0.3587223587223587,0.7113823394942667,0.6528407162636168,5.787913021445087,0.14103185070698598,-0.4257640917379413,0.5646438763316818,5.787913021445087,0.14103185070698598,,0.0074150673137835105,0.22510613030894366,0.13539405656437917,0.09348258634356124,-0.24370974657750707,-0.04409841996596753,-0.32486346903859686,0.29015357964514443,0.19152163045063783,0.28635795013668164,0.0,-0.04387300111100114,0.0,0.04973292242338399,-0.17327695223064046,0.014087924665897984,-0.039287018130473125,-0.03249260767269514,0.30903534065671806,0.07312167557472746,-0.31808333153582957,0.10844637356715733,-0.395673760948354,0.1092626387475297
q54_1107251,53,[MASK],Mood and Expression,Low,knowledge,D,A,False,0.5223097112860893,0.4776902887139108,1.0558763322486615,0.6726315386052493,7.165563823583829,0.07398991648846387,0.6324401267625931,0.6726315386052493,7.165563823583829,0.07398991648846387,,-0.14050041743336658,0.3741939543094531,0.24934680155520386,0.11945273091694783,-0.0712176853096676,0.10882877193885743,0.5948114279504234,0.0701560814399909,-0.03286642807884156,0.5473474667401094,0.03661221195683343,0.0,0.09222040470410257,-0.02261641453955677,0.02260727402359842,0.031632424588964834,0.0,-0.018878699778501717,0.29085952809090765,0.12121061603038664,0.095463566288622,0.061283235412360554,0.12754356977737055,-0.047347089848513574
q55_189585,54,[MASK],Harmony,High,analitica,D,A,False,0.26540284360189575,0.7345971563981043,1.15578921215034,0.47870170659454325,5.8642189333701324,0.15834085915297513,-0.46285475334045045,0.47870170659454325,5.8642189333701324,0.15834085915297513,,0.007857696176881743,0.04386392342525862,0.1238682249407156,0.0029420284400175824,0.21474130828734747,0.22187575426368292,-0.8093219827453952,0.21002000046558408,0.2256945274355568,0.2560297983125342,-0.1227562481921503,0.05043992974170769,-0.044287024855232004,0.046887953890567095,0.0,0.03420869259972341,-0.28941255696144197,0.13930295433518924,-0.0590448705254495,-0.045825656482725276,-0.054557205231028486,-0.019535686138991662,-0.11849137501070503,0.017193720336538494
q56_189585,55,[MASK],Harmony,High,analitica,A,A,True,0.6933638443935927,0.30663615560640733,1.1441080457360704,0.3243161080299227,5.6579735643473725,0.10348836752837917,1.1441080457360704,0.3243161080299227,5.6579735643473725,-0.10348836752837917,,0.050770687230931595,0.17922590970562086,0.1344485826429111,0.0,0.43553887770780236,0.12087587411306029,0.5233498981544253,0.02421432421124161,0.2645342747138587,0.2825766345162026,0.2967332946937853,0.013447397999990496,0.08652868716754604,0.04749279234352106,0.0,0.03590711606207334,0.07000184897194231,0.0388649607048899,0.07270238866744089,0.004482661048471923,0.23905781829949943,-0.06447117242421943,0.11454973322199777,-0.033984282221007106
q57_189585,56,[MASK],Genre and Style,Low,knowledge,B,A,False,0.7304582210242587,0.2695417789757412,0.6460400326650306,0.43902528818534275,5.756098576225907,0.04802640378010032,0.6460400326650306,0.4019634378091032,5.756098576225907,0.04802640378010032,,0.2363193973560393,0.24048388485611258,0.07080456026901091,-0.01853092518811977,0.09218040082545378,0.17742556561889364,0.2467356742145267,0.002584912522216756,0.18451423852249643,0.20480613390562635,0.0022528144284555754,0.0,-0.05674910534940315,-0.013359059098436703,0.06557190311699138,0.12014890784474407,0.09108482412754279,0.038860466120884174,-0.08108321555438203,0.04003348169141292,0.12030094285690564,0.001107198122189408,0.32014763051642403,0.010366309222682987
q58_170946,57,[MASK],Historical and Cultural Context,Low,knowledge,D,A,False,0.632051282051282,0.3679487179487179,1.6767622115156222,0.14024824914996456,6.433709690303239,0.16151011425785675,0.5689836674721563,-0.061664049710690304,6.433709690303239,-0.16151011425785675,,-0.553889272021733,0.039292099719637125,0.47063185803061025,-0.05323015884253647,0.6522410814632791,-0.015847574241748458,0.0,-0.0318784163460425,0.010295754191379985,-0.09707073116057913,0.10643086019763551,0.0,0.05216300972783542,-0.01210812250295221,0.11891903754219461,-0.020578498367044996,0.2389453820927428,0.0404173872673229,0.07340273283230386,0.030771239234282106,0.06917200801126981,0.022666323264711165,-0.10034511712320568,-0.02576164744643014
q59_170946,58,[MASK],Sound Texture,Low,percettiva,A,A,True,0.5726495726495726,0.4273504273504274,0.6068479378477135,0.24243410817469624,5.578010821544209,0.05473059720305233,0.3448827784898941,-0.047506681980904075,5.578010821544209,-0.05473059720305233,,-0.12744312246299871,-0.1280380548297743,0.14903934044609338,0.021678731634508473,0.32682601772271047,0.0757849814623876,-0.0035394572159109933,-0.01693234024802587,0.15808588980594324,-0.014469027533188484,0.16215828533315468,-0.0394822586693487,0.005985167556310345,-0.05907418671353819,-0.08543061751667655,-0.11955867144193165,0.02949795479104265,0.04420398787146895,0.054448557809634486,0.046626909445228286,0.032509045619395875,0.03406853089718335,-0.012371504908910563,0.06017803416322233
q5_196219,4,[MASK],Performance,Low,analitica,A,A,True,0.6801619433198381,0.3198380566801619,0.9857636235452989,0.6226878549483006,5.292412181092331,0.13725312350077215,0.7513756778839793,0.3435301440641026,5.292412181092331,0.13725312350077215,,-0.07254215078201036,-0.04047550426359356,-0.0446518220486494,-0.08187936348816019,0.7785399249153879,0.48310899950620156,0.09002972579925117,-0.01722398769034524,-0.06799684948653327,0.02295064227712093,0.086583652411516,0.0,0.024974572521826915,0.013563366231017325,0.2200584437864594,0.012197820310587481,0.09237699487806136,0.020613634854059988,0.19532047034186736,0.13970894073529244,0.23534001421025297,0.09555748937748267,-0.035281620779471404,0.03893825027854177
q60_170946,59,[MASK],Instrumentation,Low,percettiva,A,A,True,0.7767094017094016,0.22329059829059827,1.3317858890961658,0.42259158169306227,5.607143588907602,0.2710932030393845,1.3317858890961658,0.011238555288010542,5.607143588907602,-0.2710932030393845,,0.02599735868801907,-0.20567651320252586,0.19286800443571545,0.028041914314770364,1.0181810469802692,0.177143365241896,0.094739478992162,0.011729788933870054,0.17788113744517264,-0.06421995644495851,0.06948968139187509,0.06307780259101,0.37606667378629405,0.0637933179639271,0.251489352019648,-0.014900714339996006,0.45215579296003494,-0.10132463826510724,-0.10320701770380505,0.05973702003799914,0.045685773246890854,0.05547440041383857,0.06222449595005507,-0.05039867666870246
q61_1278743,60,[MASK],Genre and Style,Medium,knowledge,D,A,False,0.7884615384615385,0.2115384615384615,1.3885611018854267,0.2819980033625162,5.940402948445566,0.019746896986397804,-0.09250753282648755,0.02452523740531789,5.940402948445566,0.019746896986397804,,0.3612386802372589,-0.06687001302189116,-0.06643727030760632,0.025821932749610508,-0.6740970470483508,0.12743968763430652,0.2867881042922107,-0.061866369956707974,-0.08866209706452852,0.06614975491980848,-0.04459028917198507,0.04692609054678552,-0.020480037593706465,-0.0965168000337207,-0.3059043343769436,0.004448571526260041,0.1159255425425412,0.007625945722374905,0.07244266899204302,-0.018024838244447335,-0.005149936981785397,0.0646934149366131,0.18391095082787734,-0.050776901968356124
q62_1278743,61,[MASK],Genre and Style,Low,knowledge,A,A,True,0.5622710622710623,0.4377289377289377,1.0039139344741121,0.3560432841411605,5.57167231110739,0.1388377510305075,-0.27482108424577845,0.230635025359295,5.57167231110739,0.1388377510305075,,-0.21240144312927034,-0.0509439401239131,-0.09871339983885528,-0.01176018926701966,-0.32825266639181977,0.21176652526613793,0.3645464251141669,0.08157262948408983,0.0649812239218925,0.04054547005828224,0.0,-0.01146135622195066,-0.3460688826174579,-0.033986060121812794,-0.49506198504970866,0.11700158662736829,0.021033241256888338,0.07354191157674786,0.16495523142948482,0.014115617370082559,0.09046542554782708,0.03922137138275913,0.22487466126529532,-0.008343515312181601
q63_1278743,62,[MASK],Sound Texture,Low,percettiva,A,A,True,0.9285714285714286,0.07142857142857142,1.6911376726456906,0.49368410374655314,6.167004685878883,0.07398991648846387,0.19446096823497572,0.49154974572189736,6.167004685878883,0.07398991648846387,,-0.14881951828461998,-0.0010671790123278624,0.054854039147103156,0.09252296218680212,-0.5995188339207375,0.29478607635771026,0.88794528129323,0.10530788618971289,-0.03201536017639868,0.06492152951411305,-0.15060583899697685,-0.021825224398452532,-0.06973983637753639,0.04004591841551618,-0.16544393910882915,0.29844147764924517,0.12776756435799339,0.0,0.2523474771539277,0.030237109651029076,0.045102868930468026,0.07972893489044651,0.18704803245232773,0.0
q64_261271,63,[MASK],Harmony,High,analitica,D,A,False,0.5917030567685589,0.4082969432314411,1.248004448111409,0.3733666835779078,5.528643578010657,0.005363354736281748,-0.6613065441205994,0.1392227168406307,5.528643578010657,-0.005363354736281748,,0.20341456299286054,0.19096136447472922,-0.1716428160289684,-0.08539575224427179,0.08993438900254426,-0.031676231124366766,-0.7830126800870358,0.06533333573454003,0.06205321486246105,0.09064640772809028,-0.1549434540098303,0.03621219828278696,-0.08740748245391017,-0.02404790857520293,0.09079206359241768,0.2834692450472289,-0.014821356638007155,-0.06284479351744718,-0.4271235550416885,-0.20031514875304124,-0.006144728411332401,0.042990246515060705,-0.12371124602070951,-0.026887529886844834
q65_261271,64,[MASK],Genre and Style,Low,knowledge,D,A,False,0.4192307692307692,0.5807692307692308,0.27138441468169683,0.2620575556389065,5.812779485466451,0.07106445026356589,0.13098014457672494,0.2620575556389065,5.812779485466451,-0.07106445026356589,,0.03715657316851456,0.06719116863339569,-0.05537737293231729,0.016329601004647594,-0.014824762120168644,0.0019396978607681692,0.1640257064606963,0.17659708814009503,-0.016162838377384137,0.0440961324338652,0.011269659134668666,0.0412674119782101,0.0724412133513734,-0.005774267527065684,-0.2879340523961796,0.15822711886396082,0.18344603395894094,0.026641420845147673,0.0,-0.042441432759774154,0.30709052532507425,-0.014064246374961151,-0.1391703964197686,0.054105418179523676
q66_261271,65,[MASK],Functional Context,Low,unknown,D,A,False,0.699367088607595,0.3006329113924051,0.581865027029234,0.18196251954951762,5.527546528570118,0.0978812239465046,-0.2176098213557527,-0.0017881750147158287,5.527546528570118,-0.0978812239465046,,0.15618600016110828,0.0900871722674009,0.0259416026756324,-0.03650496917312672,-0.15082715324902202,-0.031261902677528125,-0.24891027094347135,-0.024108475431461884,0.13266227262998148,0.04840014668594761,-0.18746481700855486,-0.058436366867725735,0.0,-0.022260087408678023,-0.08738870344264489,0.1162747796713818,0.033735882306730636,0.0,-0.15759715847975214,-0.08835373675554922,0.06261634709563124,-0.011883213930025626,-0.0141736444571441,0.01447030358993338
q67_1051201,66,[MASK],Mood and Expression,Low,knowledge,B,A,False,0.30952380952380953,0.6904761904761905,0.9074170241045096,0.5009972876321821,5.274493700425806,0.09276165806322156,0.6869717615162912,0.3460698105038823,5.274493700425806,0.09276165806322156,,0.03647107763957051,-0.0774637385641499,-0.1056429920760539,0.06739024326442883,0.7607233151708299,0.2832244779593978,-0.004579639218055306,0.07291882784420553,0.3059413300751421,0.18567501100170608,0.05103347545381396,-0.034468193363082454,0.1498233152492517,-0.007363490130239824,0.005303083579875648,-0.030193488126263244,-0.16146934922911346,-0.02630332612462832,0.07184292319350027,0.16064407705235048,0.25626678984843465,0.09807922019403953,0.008230193345386314,0.0
q68_1051201,67,[MASK],Mood and Expression,Low,knowledge,A,A,True,0.8360071301247771,0.1639928698752228,0.9382993147996253,0.4233265882126843,6.425664658552314,0.12226010911378006,0.4408410732483401,-0.1396873665068329,6.425664658552314,-0.12226010911378006,,0.06619013732085628,-0.028863178783561996,0.03706961342142578,0.04519628515474021,0.5863104432817006,0.09662332569818552,-0.24872912077564258,-0.2526437985761966,0.00588842221115592,0.00013880172662812142,0.10829043503156725,-0.0740398326825295,0.31106962085598666,-0.06880052574873516,0.17962424386603282,0.09338134406406891,-0.4185555895872289,-0.06880318953997355,-0.04784094525836463,-0.047925507964335416,0.18682156266257008,0.04265917139625304,0.11554332346662076,-0.01629762775820934
q69_1051201,68,[MASK],Performance,Low,analitica,A,A,True,0.6182432432432432,0.3817567567567568,0.31732761617657923,0.2402489559520346,4.991698632181725,0.15492781524474084,0.28995709611984666,-0.20097204867479831,4.991698632181725,-0.15492781524474084,,0.11335983809751085,-0.03758428609068242,-0.013685260028366257,0.017558124503411567,0.12473421670523213,0.002080329135206574,0.06554830134546993,-0.18302621622273405,0.0058777832904923725,0.03228361361638552,0.05952913137912129,-0.038606769105571606,0.16704843603351677,-0.05108228337057063,0.048134583073292006,0.024870299283868812,-0.06006473396432727,-0.08867255136106794,-0.08275877109461233,-0.036114371114722724,0.08014619299368014,0.0,0.07204447440868368,-0.04364998662311978
q6_196219,5,[MASK],Melody,Medium,analitica,A,A,True,0.7136986301369863,0.28630136986301363,0.9816264371350987,0.5143118815794624,5.900543471725222,0.27804118532848404,0.6507851855052502,0.25292814734920294,5.900543471725222,0.27804118532848404,,-0.04959114584038132,0.0030752479280240184,-0.11582947997454297,-0.11308977773874923,0.8078619944062364,0.38054476653630864,0.008343816913938096,-0.017602089376380494,-0.037119600926216606,-0.016362089357090673,-0.0017503878982987608,0.039001129530000504,0.010198992734537157,0.038006937730305654,0.2384178929240436,-0.018186734554459332,-0.03290420823159422,0.0337031974353464,0.16072763512197039,0.10474975658118542,0.31321486178080865,0.07897588935972334,0.0,-0.006959939375808338
q70_1247308,69,[MASK],Metre and Rhythm,Low,percettiva,A,A,True,0.6951219512195121,0.3048780487804878,0.40072002136970575,0.18673560087439722,6.495632059018795,0.19222750954336398,-0.40072002136970575,0.014709536858632842,6.495632059018795,-0.19222750954336398,,-0.06555244136400333,-0.08601303200788218,-0.13015545139191767,0.0699970609457962,-0.20501212861378476,0.02339372337625421,0.0,0.0073317845444646115,0.22414639488576277,0.07318553616450382,-0.12119632491688677,-0.06475412354240329,-0.15707615072127054,0.0,0.028772366371342416,0.03179042299870712,-0.10835474453945791,-0.00513938256985888,-0.039516698374565826,0.022251761706555157,-0.07896348801269758,-0.01488081777109219,-0.14853137606193234,-0.027743860127778908
q71_1247308,70,[MASK],Harmony,Medium,analitica,D,A,False,0.41114457831325296,0.588855421686747,1.2378521655937866,0.6916231102989742,5.850810546838558,0.04692935394257062,-1.2378521655937866,0.6433235316076439,5.850810546838558,0.04692935394257062,,-0.11605525130446004,0.03231216709871376,-0.39498645943205024,0.34628146317751624,-0.7268104548572764,0.28887969067707897,0.0,-0.024149789345665133,-0.692302500431665,0.2934325340659867,-0.2378176132950567,0.07189000411415136,0.11672508943847291,0.03516342144816936,-0.26455826043882014,0.08442490160303806,-0.07993965437322852,0.07473628507887148,0.049249186191596656,0.04445946225636219,0.07288461819520409,0.056986739762440335,-0.20209303088029001,-0.017769816721375606
q72_1247308,71,[MASK],Structure,Medium,analitica,A,A,True,0.8193430656934306,0.1806569343065694,0.6730246512832143,0.15025967552967076,5.661508502985094,0.01340838684160239,0.16310270352921916,0.15025967552967076,5.661508502985094,-0.01340838684160239,,-0.1734779084222613,0.045211563499382705,-0.08148306545473628,0.07438867979071964,0.3734093490253116,8.91844001026567e-05,0.044654328380905134,0.030570247839465763,0.05825136696284794,-0.023534718345785032,-0.024052459472649595,0.027344382312460943,0.0,0.0260898162951242,-0.11297914808055545,0.028769667970933804,-0.02206782247977636,0.01754667528208647,-0.023242971689214104,0.0449556990124492,0.03379794297800048,0.03778758552467647,0.2533957953105662,-0.008699432522275286
q73_26738,72,[MASK],Instrumentation,Low,percettiva,A,A,True,0.6886094674556212,0.3113905325443787,1.2275028140157618,0.6666525600645815,6.723452741130172,0.016821430765757112,1.1029864726899379,0.47785125966803327,6.723452741130172,0.016821430765757112,,-0.06225817066291201,0.01740326721164357,0.27581460591165186,-0.09440065019827412,0.6139894436837573,0.38047287623033244,0.2754405937574407,0.1743757664243314,0.20767946959370137,0.051745588948540144,0.06375628886735682,0.004663793557402811,0.13761671708588732,0.021766867874122003,-0.13356125157742677,0.26780847676856706,0.28654762852359633,0.031801279787017835,0.17924172041509875,-0.012307265427813244,0.2336918850384532,-0.032303100707493225,0.12801401474327068,0.1446756188676899
q74_26738,73,[MASK],Instrumentation,Medium,percettiva,B,A,False,0.7363636363636363,0.2636363636363636,0.7811703443202225,0.41176870639699625,5.7140449993529785,0.1283548303917628,0.4605217125386193,0.34640281403535966,5.7140449993529785,-0.1283548303917628,,-0.058888841970632294,0.021976463114708536,-0.10143547392016929,-0.0326829461808183,0.43671522379691957,0.14714500481357232,0.1841308046325013,0.2099642922878971,0.252435645769029,-0.0054270524772940115,0.047180712040198344,0.0,0.07917374937751043,0.028804905949536,-0.26883789633198596,0.2437132014509853,0.19686534341089107,0.0012674085348172472,0.0,0.014253788183084303,0.019104226223761248,-0.018123936796618657,0.13459993204921505,0.0819144991908495
q75_26738,74,[MASK],Genre and Style,Low,knowledge,C,A,False,0.7189349112426036,0.2810650887573965,0.9810506136972217,0.07633542017920797,5.339219641031281,0.06557920110181585,0.9810506136972217,-0.02144385569349196,5.339219641031281,-0.06557920110181585,,0.0,0.00799831544796871,0.09708612947918713,-0.005432255562037552,0.6966270482285015,-0.04345738237431241,0.18733743598953298,0.019447466794889293,0.14076358568238223,-0.036046823798190054,0.0481571401353901,-0.01567019274149675,0.10010019265950652,0.009701568412249766,0.07122094226791524,0.08776013468612129,0.1280665647377655,-0.013057681805531225,-0.04050986484044486,-0.0199785539276625,0.15488547022208513,-0.0341523065189825,0.3783665828326218,0.0
q76_1087890,75,[MASK],Performance,Low,analitica,A,A,True,0.8571428571428571,0.14285714285714285,1.483391807730929,0.3331091207557195,5.951251552199937,0.04010326610375136,1.483391807730929,0.3331091207557195,5.951251552199937,0.04010326610375136,,0.3626172876199183,0.021347971799824395,0.15819773635000436,0.018969843556881815,0.9127511777017537,0.18532130482120623,0.049825606059252625,0.10747000057780712,0.14016232373463428,0.029161960892339113,0.06902682560952862,0.01864071517120638,0.16997266905934777,-8.238128983529408e-06,0.35987466474557317,0.09943850226557951,0.19073222664020284,0.06327362668978331,0.2324712839434411,0.05622306071303274,0.10667567855028869,0.02825119841206946,0.21447613544791264,0.03812829474069254
q77_1087890,76,[MASK],Instrumentation,Low,percettiva,A,A,True,0.7625418060200668,0.2374581939799331,0.7377684466214977,0.6085584956775214,7.390459039475985,0.44198918806049553,0.04769186399279779,0.6085584956775214,7.390459039475985,0.44198918806049553,,0.17522484649976722,0.2517468787581963,-0.10950949066537685,0.10341016366236612,-0.23552880064897308,0.09126804630910398,0.2175053088073805,0.162133406947855,-0.03820291640642319,0.2183912916160699,-0.07733728446661364,-0.08683137429186066,-0.020374080347498255,0.2488246574241991,0.0,0.030852248771677096,-0.043428724507555604,0.10858616033015761,-0.04180780635172915,0.09107353096865783,0.09943537797605011,-0.0023380191413794847,0.16940729809656746,0.0
q78_1087890,77,[MASK],Metre and Rhythm,Medium,percettiva,A,A,True,0.6405835543766578,0.3594164456233422,0.37885868558408387,0.3286466387349941,7.28307004994237,0.26853342012452835,-0.23392702807734742,-0.09155595991377274,7.28307004994237,0.26853342012452835,,0.07246582875336821,-0.07097142119872268,-0.13832871459630608,0.10169974348584282,-0.01752662200722299,0.016845595924767857,-0.15053752022718656,-0.13912987812566074,-0.09293784544396724,-0.015970832226447143,-0.11274440857065948,-0.019330609799975893,-0.06938499694984097,0.1340087231786813,0.1270764910522457,0.0,0.010727702299678996,-0.0625477342724071,-0.16245374453125033,-0.02208738639504101,0.023795838863217046,-0.027304777853391592,0.04199393520322886,-0.07832334254519129
q79_467850,78,[MASK],Instrumentation,Low,percettiva,C,A,False,0.7077625570776256,0.2922374429223744,1.1239346519448317,0.3723243328610639,5.930651395221598,0.2201413330687992,-0.046557833325028164,-0.3723243328610639,5.930651395221598,-0.2201413330687992,,0.12788838835661606,-0.10260337286821572,0.019372328164441125,-0.06772259999179701,0.3914276927888446,-0.11355492128960601,-0.58524624263493,-0.08844343871144522,0.07693552707458108,0.013240717591607925,0.15021851907981695,-0.07697716448673336,0.17142099454796147,-0.14551636882044,0.07538770055746491,-0.033950497678942496,-0.2930467917057166,-0.09907019774798902,0.031213594548562002,-0.014866543802561695,0.028206293483099415,-0.028783685648697283,-0.2868936709107974,0.013599407732691924
q7_171574,6,[MASK],Metre and Rhythm,Medium,percettiva,A,A,True,0.8553846153846153,0.14461538461538462,1.375654094323869,0.19188955498087265,5.914317542084808,0.14139753397019775,-0.25194349985452547,-0.15792737737412169,5.914317542084808,-0.14139753397019775,,-0.3983428256995168,-0.031341209202645146,-0.41545597138968055,-0.09498664542102804,0.5618552972346719,-0.04858061155382397,0.0,0.016981088803375486,0.023350095732500464,-0.045763965805960365,0.11802015873766282,-0.07189374649786379,-0.12212547856347147,0.04233682506841118,-0.06434953695722383,0.012812654163102004,-0.07515677660705922,0.04370553674170981,0.09409353592959442,-0.009779394328400382,-0.18133695649810821,-0.010403828252776292,-0.04443854162842037,-0.11894145846234386
q80_467850,79,[MASK],Genre and Style,Low,knowledge,A,A,True,0.5974358974358974,0.4025641025641026,1.1082958894172394,0.23017966726553757,6.093136665035576,0.11665296552729344,-1.1082958894172394,-0.11044112812496978,6.093136665035576,0.11665296552729344,,-0.07673649580209838,-0.05973107792386548,-0.2931684083359294,0.003456587085401683,-0.31833288106299057,-0.1105793197713882,-0.420058104216221,0.05641268248488221,-0.6733731436221793,0.018098332706365065,-0.07357222607834112,-0.02540040574224846,-0.18852046573464304,-0.02138875800315879,-0.0685615435459295,-0.028293806061550027,0.0639917160762235,-0.09580107302179316,-0.40161707414251446,0.0,0.10397487267370847,0.04961988281865411,0.12938197495643608,-0.007275300821238492
q81_467850,80,[MASK],Metre and Rhythm,Low,percettiva,B,A,False,0.7337461300309599,0.2662538699690402,2.191460686922982,0.13696520759630898,5.865194088027259,0.09495575773083073,0.338115630861921,0.025944096776470457,5.865194088027259,0.09495575773083073,,-0.18552514732229614,0.04512915602975914,-0.16705881416937748,0.036325496156630575,-0.5740885665388569,-0.039470390181775256,1.2647881588924514,-0.016040165228144013,-0.44938344714937983,0.2697452251764219,0.20121359141675838,-0.05395614696270738,0.1299714230150797,-0.056604939011450445,0.03794874701121885,-0.029895438212577813,0.07324260128975169,-0.029518278800636302,0.019026820642769116,-0.10349627484716546,0.10060590899568858,0.004931235086672203,0.2254899856400344,0.024738714347913728
q82_875005,81,[MASK],Metre and Rhythm,Medium,percettiva,C,A,False,0.7243243243243243,0.2756756756756757,0.43562826943880434,0.123803370032455,4.745837575664862,0.09629659640612606,-0.1999399443729791,0.0702938508828441,4.745837575664862,-0.09629659640612606,,0.0693162787543038,-0.01362529453696059,0.04852788377860882,-0.013129465037844866,-0.28287509043904124,0.06063004856848296,-0.034909016466850455,0.0364185618891666,-0.06705703425695497,0.031066445199674237,-0.04034621570784407,-0.03970045002230227,0.0,-0.00015773944545418965,-0.0005742918401038903,-0.02227798348346811,-0.16853802570378712,0.028242024611824464,0.0755337113451207,-0.07332181148449747,0.036857228121487055,-0.017209027464265638,-0.03581531633089678,0.16365239297133308
q83_875005,82,[MASK],Harmony,Medium,analitica,A,A,True,0.7436708860759494,0.2563291139240506,0.513363856792298,0.10083993875448014,5.766825285832619,0.2435450628176052,0.009585247303342148,0.07068176771544965,5.766825285832619,-0.2435450628176052,,0.03550053459215256,-0.0001390909692115909,0.10165959840246852,-0.014939994550303648,0.12431441905319901,0.08430072297725473,-0.25188930474447796,0.0014601302577101644,0.2862562663416051,-0.009937588845120608,0.05751667178466603,-0.016896205550254277,0.09191845194252556,-0.007061818477993849,-0.022162976667704438,-0.021659206992826224,-0.20715610850467311,0.028896099368492384,-0.06659071096197539,0.013190222710917824,-0.11055029309779431,0.10358686488314679,-0.019646053533307326,-0.019436599380912384
q84_875005,83,[MASK],Harmony,High,analitica,B,A,False,0.8493670886075949,0.15063291139240506,0.721003568072107,0.37035929160386816,5.693688630465607,0.13920343431287702,0.6692122703462993,0.2712724123398792,5.693688630465607,-0.13920343431287702,,-0.004815950955030342,0.006338667182233165,-0.021079697907873438,-0.04954343963199445,0.38642392236333384,0.13040884070307365,0.3086839968458693,0.18406834408656686,0.10883107023005774,0.1021118296887464,0.03147114971166473,-0.03221375285492464,0.0,-0.0007438116878113431,0.13576141738579187,-0.04316375218222121,0.023178766330037286,0.01641422273822542,0.22370835342137385,0.016120364413538348,0.16773950168765678,0.029342037436643997,-0.021477988420282916,0.1834052747876823
q85_1215807,84,[MASK],Musical Texture,Medium,percettiva,A,A,True,0.8193979933110368,0.18060200668896317,1.6107773884793268,0.10603951589280672,5.546562058677182,0.0703330837112439,1.143181309436051,0.0174911208592996,5.546562058677182,0.0703330837112439,,0.389477304722897,0.04414964706957322,-0.23379803952163797,-0.014808122460921974,0.8422699308828572,-0.02946607505583158,0.1452321133519348,0.01761567130647993,0.35180280044690765,0.04268944633252515,0.3176145210674605,-0.008554928252763262,0.19065496162762163,-0.018124134811813363,-0.04094901188783019,0.04741014585222234,0.2500399028874492,0.010723016332445903,0.02371105354255592,-0.014947182096072379,-0.01966856301710236,-0.04170524249724479,0.06997564476898871,0.0
q86_1215807,85,[MASK],Sound Texture,Low,percettiva,A,A,True,0.7603383458646618,0.23966165413533833,0.9184331978305256,0.3490176711421583,5.203551144779974,0.007679348828405755,0.3945908159584966,-0.1250718148828039,5.203551144779974,0.007679348828405755,,0.4782356955320687,0.09985289799736516,-0.16184755439853585,-0.06867920376585786,0.1782763113624424,-0.16836553924662323,-0.10007363653747864,0.012120030132312058,0.25888796632791433,-0.022942630327673304,0.0,-0.0764563770446406,-0.05713125220097115,-0.05879481343771302,-0.07524058738380397,0.009107664109993363,0.38181063657392933,0.05968536651540155,0.08793612341378484,0.011255313465325694,-0.17945275823194656,-0.03299011704909562,-0.022219312540410208,-0.013936221114401941
q87_1215807,86,[MASK],Instrumentation,Medium,percettiva,A,A,True,0.6607142857142857,0.33928571428571425,1.3559491952874883,0.6092257594446708,6.1754154017756955,0.1591941201428055,-1.0725227430045443,-0.2538322748839268,6.1754154017756955,0.1591941201428055,,0.010131119400513255,-0.07056045857200541,-0.6562282346134616,-0.07888561627743476,0.1315821067409588,-0.28208294231485864,-0.5580077345325547,0.17769674228037202,-1.4046079025599822,-0.330778777704193,0.0,-0.08788785249718081,0.225287384916745,-0.07409009286968016,0.219348118014145,-0.037601721543565905,-0.31608971006645237,0.0,0.09534164475593523,0.17733688506201783,-0.03368801473464887,0.060808321349001715,0.141885736669714,0.038380963319673535
q88_306166,87,[MASK],Harmony,Low,analitica,A,A,True,0.7976588628762542,0.20234113712374582,2.2109108496676253,0.3151584188400846,6.02414441938516,0.06399457356675892,1.1967788118713742,0.06734409525193391,6.02414441938516,-0.06399457356675892,,0.6925921769769741,0.08018919692581622,0.4076150301868895,0.005581096193674723,0.6036376236056362,0.1054809639265183,-0.5070660188981255,-0.12390716179407535,0.4431981571420956,0.08632956715893023,0.169305478415504,-0.00039888491722574887,0.019590787012499528,-0.01823994537444678,0.12605967968911017,-0.010846114366503654,0.08196901327438914,-0.036102369092713645,0.0,0.0,-0.1586259865431497,0.0,0.5152816828809256,0.046601841843893474
q89_306166,88,[MASK],Melody,Medium,analitica,C,A,False,0.7980030721966206,0.2019969278033794,1.7867384089036025,0.4109369937931202,5.791082277617127,0.0805722154799386,1.7867384089036025,-0.04099597902077948,5.791082277617127,-0.0805722154799386,,0.5472175882961439,0.1665508749227755,0.31843821474192247,0.018419632463394845,0.43685727406005365,-0.014748700075622033,0.4842253318054826,-0.2112177863313278,0.3483196668648501,0.07607584563718875,0.3201222560350279,-0.00010583459969820685,0.0,-0.08820472423196946,0.17648218776931507,-0.005249811159882083,0.15591298788145927,0.01909492363304444,0.2238649486213441,-0.03407000350846906,0.050043446251061774,-0.06250025008431481,0.5119929154805445,0.05396387529332098
q8_171574,7,[MASK],Harmony,Medium,analitica,C,A,False,0.6623529411764707,0.3376470588235294,0.6847273080996699,0.5798344957569488,5.717336149082334,0.28767084500081336,0.6847273080996699,-0.27736192885898103,5.717336149082334,-0.28767084500081336,,0.07304476561467443,-0.26841297981949386,0.08497697059586251,0.1512362834489839,0.5267055718891329,-0.1601852324884711,0.0,0.0,0.006439039101990014,-0.07726944720959959,0.10166574768926737,-0.004586498718532506,0.1285954283133645,0.0,0.09410718091685251,-0.02859688437893796,0.12435416007101946,-0.048669074374547074,0.09295272764582711,-0.056018524877684765,0.0772745915494194,-0.042925137559359595,0.05933843281192946,-0.019296361740319564
q90_306166,89,[MASK],Performance,Medium,analitica,A,A,True,0.8410493827160495,0.15895061728395066,0.7511571851275536,0.24429349562653496,6.349968219567995,0.14017858972992742,0.5117376323259488,0.06683001810810735,6.349968219567995,-0.14017858972992742,,0.46977710266585976,0.09385377091211453,0.029123134452126803,0.06170798595520663,-0.11970977640080235,-0.02934593118659898,0.13254717160876467,-0.05938580757261482,-0.01950399812051609,0.07121252810255235,0.027780697229723025,-0.09334212721309404,0.18070014377311977,-0.018802501996157402,-0.0740680375524518,-0.024942360963796,0.06948095107872698,-0.03274729640112211,-0.03368853213824359,-0.04944827751435394,0.0,0.015228540365110703,0.36103640805559056,0.1996715137289678
q91_8559,90,[MASK],Historical and Cultural Context,Low,knowledge,A,A,True,0.5982142857142857,0.4017857142857143,0.7075761106196073,0.6460628470346828,6.671038136503165,0.0692360338751333,-0.28705512431424424,-0.06621027873828839,6.671038136503165,0.0692360338751333,,-0.18246475588243555,-0.17885881618970276,-0.3148508615844902,-0.1772777466967828,0.09687380494549502,0.28992628414819716,0.11338668820718652,0.0,-0.09386076539716393,0.04473754750780625,0.07529957833965711,-0.03818882248701323,-0.032150518228063994,0.046050235014075146,-0.0635086027736132,0.017045042001603547,-0.005111056089478316,-0.003234389915931838,-0.08181727014672284,-0.029067982728570134,-0.07486314793847561,-0.019941677478893288,-0.011043342080383434,-0.08361023065136484
q92_8559,91,[MASK],Performance,Low,analitica,A,A,True,0.82398753894081,0.17601246105919002,0.42610966962660557,0.21933786397317273,5.327030197611088,0.1470046775563296,-0.3576349152430759,0.025682763827957478,5.327030197611088,-0.1470046775563296,,0.007791941244955684,-0.09682755007260761,-0.08562865959984173,0.029785209380651066,-0.306243632834999,0.06699553458552525,0.026445435946809138,0.025729569934388782,-0.06826665640205072,0.0010196386536106342,-0.003641838813275698,-0.016035820288844847,0.009418994415898684,0.04249133487102277,-0.05390750833708167,-0.03820897510038932,-0.09309635461331119,-0.03504634528496027,0.0044550857888166415,0.039184229074942636,-0.03138392452205899,0.0,-0.12121271276001301,0.032278701902575875
q93_8559,92,[MASK],Instrumentation,Medium,percettiva,B,A,False,0.8350071736011477,0.16499282639885224,1.4376135638867242,0.2997217230145197,5.677598566713997,0.09190839708261526,1.149027584430829,0.003023098712298767,5.677598566713997,-0.09190839708261526,,-0.14429298972794752,-0.113029065928367,0.47012824173109313,-0.0258033990145263,0.8033241828414198,0.15137241086340925,0.019868149586263668,-0.009516847208217171,0.1044512609830509,0.02991703966314578,0.22601470530656625,-0.09482175443782301,0.23501722721243806,-0.009390275117654778,0.1086649553303397,0.037598052217097916,0.1291807945872506,-0.0013893408583618948,0.058647423234715904,0.02237848240674026,0.20358827432812773,-0.0205440531903882,0.08346294344834002,0.03927494802954271
q94_1420928,93,[MASK],Instrumentation,Low,percettiva,A,A,True,0.6265822784810127,0.37341772151898733,0.8752685333071902,0.08616414211509382,6.430540435311885,0.06472594011730703,0.4263993162795485,-0.08616414211509382,6.430540435311885,-0.06472594011730703,,0.2521370482352061,-0.0331501400205068,-0.013749155987201684,-0.03132260019175477,0.3986968765581633,-0.015077605204472207,-0.2106854525266192,-0.006613796698360042,-0.287243456426499,-0.06713199860311495,0.08529389206135628,-0.011510220015031054,0.18062600054656824,0.018932106074932866,0.13193069859044626,0.040196422831844505,0.12172770097103705,-0.013606699630811816,0.071502966561303,-0.06165787904757029,0.009260385550222554,0.005487158668533453,0.11330112842511417,0.0031269676061234618
q95_1420928,94,[MASK],Mood and Expression,Low,knowledge,B,A,False,0.7325174825174824,0.2674825174825175,1.4687662978804235,0.17066034067464567,5.149186230566248,0.0003656832775163384,-1.173877287102096,0.0910544665172126,5.149186230566248,-0.0003656832775163384,,-0.6228638554552235,-0.00895525218927165,-0.013319134285442347,0.008877679490734064,0.1474445053891637,-0.030847684889444872,-0.6851388027505938,0.12197972410519507,-0.32442012740023213,-0.08230026764339522,-0.07565253588898008,-0.020420161093045723,-0.17305503221368243,0.08500932476042042,-0.11079972137219282,0.04021065430911275,-0.2271282561128249,-0.013973909770314109,-0.14833946647656032,0.06130979202146904,-0.16364095867918388,-0.0003231300754578739,0.04915881104156073,0.021542164008423334
q96_1420928,95,[MASK],Harmony,Medium,analitica,A,A,True,0.8094405594405594,0.19055944055944057,0.928962484257676,0.24028645747701854,6.551703494206045,0.24829894543732167,0.11360612435006612,0.12010670102229515,6.551703494206045,-0.24829894543732167,,0.18541515035373513,0.022666639271169575,0.1305033356673095,-0.06008987822736169,0.2053658182828264,0.04544645032248486,-0.40767817995380495,0.1120834896560024,-0.37954033083480004,0.030396360231989904,0.05092223719437854,0.04405822989369715,0.21315622876249682,0.02694523911472004,0.18050203372821222,0.0,0.09712792884407918,0.0034532072088335093,-0.04121172380670629,-0.042443429619127976,-0.12787081981153287,-0.020068569399144448,0.12052057027393859,0.07776566359132697
q97_1319502,96,[MASK],Genre and Style,Low,knowledge,D,A,False,0.881993006993007,0.118006993006993,2.347475389497645,0.26648341998798786,6.053764765473503,0.12481989205347033,1.0138064717870328,0.10733875579529811,6.053764765473503,0.12481989205347033,,0.4768351936744007,0.02566064177228486,-0.07867664738747641,0.03030098394156707,-0.5881578114678296,-0.07957233209634487,1.2038057369679382,0.13094946217779105,0.0027218312228246277,-0.09111372692760687,-0.11601642754736413,-0.1690845557054927,0.3036385168311813,0.08689831203235482,0.20775072572854703,0.09088541924239958,0.12232369655375362,0.02567466118341822,0.34221662303977507,0.07260132589004951,0.2298481533457915,0.08677510420993209,-0.07867664738747641,0.004702215870243474
q98_1319502,97,[MASK],Instrumentation,Medium,percettiva,C,A,False,0.9030769230769231,0.09692307692307693,1.2773398756777268,0.260332836126534,5.054961839382417,0.030961184162652713,1.2773398756777268,-0.1136619326376414,5.054961839382417,-0.030961184162652713,,0.4238294789787204,-0.07603677873476335,0.0,0.06746999898710518,0.23956953650119533,-0.11096060564732436,0.6139408601978109,0.005865452757341134,0.14924896279683306,-0.1458213415640841,0.24101575042725465,-0.24779120675956595,0.22746739995535156,0.11035477107218725,0.1732164659206141,0.035018747357492,0.0635934085123888,0.0,0.1566351269903821,0.12310866721197034,0.14177544638319273,0.03133816817259423,0.12438731469170965,-0.019869738128235212
q99_1319502,98,[MASK],Historical and Cultural Context,Low,knowledge,A,A,True,0.7106643356643357,0.2893356643356643,0.775412502452959,0.4922210562308157,6.775135977011295,0.1523680322944074,-0.1369264763026042,0.353158729438841,6.775135977011295,0.1523680322944074,,0.21820715730016615,0.07322185685233198,-0.1278440161312946,-0.017912715460835126,0.10103585577501126,-0.05161844793515222,-0.32832547324648703,0.34946803598249637,-0.7577384693895066,0.13594264430192227,0.22206217716148122,-0.020740561783353435,0.3495424359190462,-0.0063402636607358225,0.03282631451384746,0.14297117194783604,0.005861813530348967,0.03373449540336683,-0.08209810187795889,0.03368685038719993,0.0,0.0,0.09261735384013747,0.0339043928426052
q9_171574,8,[MASK],Sound Texture,Medium,percettiva,D,A,False,0.5294117647058824,0.47058823529411764,0.35311765780445914,0.22475520249715747,5.354090760990344,0.20527021310831758,-0.1619674307020089,-0.13171594551745375,5.354090760990344,-0.20527021310831758,,0.0955751135512251,-0.142663525795438,-0.16265701959443124,0.026766173283054306,-0.07610928118452331,-0.03557204821186759,-0.018776243474279457,0.019753455206797544,0.015208318198380161,-0.12244684837139666,-0.052529644047569636,-0.07692265551143979,-0.25790895453196333,0.17290892323920287,0.0,0.019753455206797544,0.03806452990664967,0.0026662177212881874,0.09469092773625581,0.04492761672866259,0.0215639602166583,-0.013706916958535023,-0.0210565681804199,-0.15889573757203346
