sample_id,category,difficulty,macro_family,correct_baseline,target_letter,prob_original_target,prob_original_correct,baseline_above_chance,feature_source,n_positive_available,minimal_sufficient_k,minimal_necessary_k,auc_sufficiency,auc_necessity
q100_1247352,Instrumentation,High,percettiva,False,B,0.8496405936188972,0.08153753195514829,True,MI,9,1.0,,0.838095296682603,0.08192302168584732
q100_1247352,Instrumentation,High,percettiva,False,B,0.8496405936188972,0.08153753195514829,True,MI_balanced,9,1.0,,0.8415526359974198,0.08175167605415509
q100_1247352,Instrumentation,High,percettiva,False,B,0.8496405936188972,0.08153753195514829,True,UC_audio,6,1.0,,0.8469492644131499,0.062710910720781
q100_1247352,Instrumentation,High,percettiva,False,B,0.8496405936188972,0.08153753195514829,True,UC_text,8,1.0,1.0,1.0009964539132241,0.7554885008833723
q101_1247352,Melody,High,analitica,False,B,0.9111145022706364,0.03216627610898569,True,MI,14,1.0,,0.9510319393060954,0.0503421442002522
q101_1247352,Melody,High,analitica,False,B,0.9111145022706364,0.03216627610898569,True,MI_balanced,14,1.0,,0.9524820017206621,0.05194220462274337
q101_1247352,Melody,High,analitica,False,B,0.9111145022706364,0.03216627610898569,True,UC_audio,6,1.0,,0.9471405989240738,0.012570036741510198
q101_1247352,Melody,High,analitica,False,B,0.9111145022706364,0.03216627610898569,True,UC_text,7,2.0,2.0,0.8938733761823824,0.7178769452962522
q102_1247352,Instrumentation,Medium,percettiva,False,B,0.5407108597071981,0.2254018210396452,True,MI,9,1.0,,0.8136483652171481,0.07762441641731121
q102_1247352,Instrumentation,Medium,percettiva,False,B,0.5407108597071981,0.2254018210396452,True,MI_balanced,9,1.0,,0.8097199886941248,0.07866557573013218
q102_1247352,Instrumentation,Medium,percettiva,False,B,0.5407108597071981,0.2254018210396452,True,UC_audio,5,1.0,,0.755856350305746,0.07880357251339959
q102_1247352,Instrumentation,Medium,percettiva,False,B,0.5407108597071981,0.2254018210396452,True,UC_text,3,1.0,1.0,0.6418770417943063,0.37420450363736574
q103_625206,Metre and Rhythm,Medium,percettiva,False,B,0.5560478967540813,0.31682654129822907,True,MI,2,1.0,,0.8694091550993251,0.19512059937267037
q103_625206,Metre and Rhythm,Medium,percettiva,False,B,0.5560478967540813,0.31682654129822907,True,MI_balanced,2,1.0,,0.8696696443361311,0.19635930922194447
q103_625206,Metre and Rhythm,Medium,percettiva,False,B,0.5560478967540813,0.31682654129822907,True,UC_audio,4,1.0,,0.8628560512352819,0.42577322513307914
q103_625206,Metre and Rhythm,Medium,percettiva,False,B,0.5560478967540813,0.31682654129822907,True,UC_text,6,1.0,2.0,1.4864894940853637,0.646951801340991
q104_625206,Instrumentation,Medium,percettiva,True,A,0.42476945112534614,0.42476945112534614,True,MI,8,1.0,,0.8126851328898936,0.14203392571354723
q104_625206,Instrumentation,Medium,percettiva,True,A,0.42476945112534614,0.42476945112534614,True,MI_balanced,8,1.0,,0.8196460100227724,0.1486062490142643
q104_625206,Instrumentation,Medium,percettiva,True,A,0.42476945112534614,0.42476945112534614,True,UC_audio,9,1.0,,1.0153337748263283,-0.10400536609330284
q104_625206,Instrumentation,Medium,percettiva,True,A,0.42476945112534614,0.42476945112534614,True,UC_text,5,2.0,1.0,1.6616040565816577,1.0631299079307917
q105_625206,Instrumentation,Medium,percettiva,True,A,0.7532489675371774,0.7532489675371774,True,MI,6,1.0,,0.8130113993846811,0.1120645964361735
q105_625206,Instrumentation,Medium,percettiva,True,A,0.7532489675371774,0.7532489675371774,True,MI_balanced,6,1.0,,0.8176726540385243,0.11240971891657617
q105_625206,Instrumentation,Medium,percettiva,True,A,0.7532489675371774,0.7532489675371774,True,UC_audio,8,1.0,,0.8445946231638796,0.1244849154248778
q105_625206,Instrumentation,Medium,percettiva,True,A,0.7532489675371774,0.7532489675371774,True,UC_text,6,3.0,1.0,0.8814811866709262,1.0731764702923963
q106_395289,Instrumentation,Low,percettiva,False,B,0.3305816311344825,0.28276145348454557,True,MI,6,1.0,,0.7002044663642509,0.28588239891302064
q106_395289,Instrumentation,Low,percettiva,False,B,0.3305816311344825,0.28276145348454557,True,MI_balanced,6,1.0,,0.6954791074357062,0.27912744039551884
q106_395289,Instrumentation,Low,percettiva,False,B,0.3305816311344825,0.28276145348454557,True,UC_audio,8,1.0,,0.4702308767786961,0.12446451666334009
q106_395289,Instrumentation,Low,percettiva,False,B,0.3305816311344825,0.28276145348454557,True,UC_text,2,1.0,,-0.6080755405936528,-1.3523584679220806
q107_2083,Metre and Rhythm,Medium,percettiva,False,D,0.6666235264978556,0.04536430029134309,True,MI,11,1.0,,0.5827076342786369,0.23733581279916785
q107_2083,Metre and Rhythm,Medium,percettiva,False,D,0.6666235264978556,0.04536430029134309,True,MI_balanced,11,1.0,,0.5899831870912308,0.2271995359951929
q107_2083,Metre and Rhythm,Medium,percettiva,False,D,0.6666235264978556,0.04536430029134309,True,UC_audio,7,1.0,,0.5585361909426285,0.08159434735900344
q107_2083,Metre and Rhythm,Medium,percettiva,False,D,0.6666235264978556,0.04536430029134309,True,UC_text,5,1.0,3.0,0.8597664257069817,1.1182222475157544
q108_2083,Genre and Style,Low,knowledge,False,D,0.4887847905939114,0.33593654621128577,True,MI,8,1.0,,1.3821048802717146,-0.10571628125236128
q108_2083,Genre and Style,Low,knowledge,False,D,0.4887847905939114,0.33593654621128577,True,MI_balanced,8,1.0,,1.3824677411040607,-0.10615557457148866
q108_2083,Genre and Style,Low,knowledge,False,D,0.4887847905939114,0.33593654621128577,True,UC_audio,5,1.0,,1.6479788421611494,0.08477923531471034
q108_2083,Genre and Style,Low,knowledge,False,D,0.4887847905939114,0.33593654621128577,True,UC_text,6,2.0,1.0,0.7457480400996949,1.9821360636083039
q109_2083,Instrumentation,Low,percettiva,False,C,0.6391568320925987,0.1298525866104431,True,MI,8,1.0,,1.4059148996506994,-0.13970233915438485
q109_2083,Instrumentation,Low,percettiva,False,C,0.6391568320925987,0.1298525866104431,True,MI_balanced,8,1.0,,1.406129390694421,-0.142886463607153
q109_2083,Instrumentation,Low,percettiva,False,C,0.6391568320925987,0.1298525866104431,True,UC_audio,8,1.0,,1.3308021241822499,-0.1413449960910361
q109_2083,Instrumentation,Low,percettiva,False,C,0.6391568320925987,0.1298525866104431,True,UC_text,2,1.0,1.0,1.655689918726442,0.6243859493287595
q10_1093606,Sound Texture,Low,percettiva,False,D,0.624188267288933,0.12290995735466702,True,MI,8,1.0,,0.9459501845117824,0.3251485060962506
q10_1093606,Sound Texture,Low,percettiva,False,D,0.624188267288933,0.12290995735466702,True,MI_balanced,8,1.0,,0.9458606195598446,0.3251485060962506
q10_1093606,Sound Texture,Low,percettiva,False,D,0.624188267288933,0.12290995735466702,True,UC_audio,4,1.0,,1.157934215816483,0.15738726299515282
q10_1093606,Sound Texture,Low,percettiva,False,D,0.624188267288933,0.12290995735466702,True,UC_text,6,1.0,1.0,1.4664359345137903,0.7005861995021551
q110_1336202,Performance,Medium,analitica,True,A,0.6722413610636903,0.6722413610636903,True,MI,12,1.0,,0.9850558158964579,0.08445809806321732
q110_1336202,Performance,Medium,analitica,True,A,0.6722413610636903,0.6722413610636903,True,MI_balanced,12,1.0,,0.9833694107704092,0.08614581313986207
q110_1336202,Performance,Medium,analitica,True,A,0.6722413610636903,0.6722413610636903,True,UC_audio,8,1.0,,1.0092300206882834,0.008820535392585805
q110_1336202,Performance,Medium,analitica,True,A,0.6722413610636903,0.6722413610636903,True,UC_text,6,1.0,1.0,0.9666505307271298,1.3239247269004368
q111_1336202,Functional Context,Low,knowledge,False,D,0.9240076131059893,0.05212894240353982,True,MI,11,1.0,,0.8881761255802777,0.10856326252101729
q111_1336202,Functional Context,Low,knowledge,False,D,0.9240076131059893,0.05212894240353982,True,MI_balanced,11,1.0,,0.8881761255802777,0.10837628739951784
q111_1336202,Functional Context,Low,knowledge,False,D,0.9240076131059893,0.05212894240353982,True,UC_audio,8,1.0,,0.8497122032095467,0.03367967140227155
q111_1336202,Functional Context,Low,knowledge,False,D,0.9240076131059893,0.05212894240353982,True,UC_text,6,1.0,5.0,1.046462375076295,0.4573628687149976
q112_1336202,Instrumentation,Medium,percettiva,False,B,0.7751847285558952,0.12265203474023631,True,MI,8,1.0,,0.8703795829668336,0.18530935084031752
q112_1336202,Instrumentation,Medium,percettiva,False,B,0.7751847285558952,0.12265203474023631,True,MI_balanced,8,1.0,,0.8669618103868302,0.18584409273544783
q112_1336202,Instrumentation,Medium,percettiva,False,B,0.7751847285558952,0.12265203474023631,True,UC_audio,6,1.0,,0.9003852756664134,0.12691226563004296
q112_1336202,Instrumentation,Medium,percettiva,False,B,0.7751847285558952,0.12265203474023631,True,UC_text,7,4.0,2.0,0.8415164036075464,0.6716258235648442
q113_1327741,Historical and Cultural Context,Low,knowledge,False,C,0.41711562714900596,0.2163967366523402,True,MI,12,1.0,,1.2035791005174332,-0.024225697852260482
q113_1327741,Historical and Cultural Context,Low,knowledge,False,C,0.41711562714900596,0.2163967366523402,True,MI_balanced,12,1.0,,1.2067649267516223,-0.020094369336434884
q113_1327741,Historical and Cultural Context,Low,knowledge,False,C,0.41711562714900596,0.2163967366523402,True,UC_audio,9,1.0,,1.0158491338278168,-0.01243890738775441
q113_1327741,Historical and Cultural Context,Low,knowledge,False,C,0.41711562714900596,0.2163967366523402,True,UC_text,5,1.0,1.0,1.7171422466044217,2.341152223236719
q114_1327741,Melody,High,analitica,False,B,0.6513264858855817,0.0457302969368044,True,MI,10,1.0,,1.0789922833087746,-0.0433025930333746
q114_1327741,Melody,High,analitica,False,B,0.6513264858855817,0.0457302969368044,True,MI_balanced,10,1.0,,1.0801234347396442,-0.04191283578479858
q114_1327741,Melody,High,analitica,False,B,0.6513264858855817,0.0457302969368044,True,UC_audio,6,1.0,,0.9790634697287006,-0.022652082073664963
q114_1327741,Melody,High,analitica,False,B,0.6513264858855817,0.0457302969368044,True,UC_text,6,1.0,2.0,0.7961743830817721,0.482043931702121
q115_1327741,Musical Texture,Medium,percettiva,False,D,0.4064743499275455,0.29738298717291856,True,MI,5,1.0,,1.8158402331140566,-0.12477175656870634
q115_1327741,Musical Texture,Medium,percettiva,False,D,0.4064743499275455,0.29738298717291856,True,MI_balanced,5,1.0,,1.8064787249261252,-0.17721547521456538
q115_1327741,Musical Texture,Medium,percettiva,False,D,0.4064743499275455,0.29738298717291856,True,UC_audio,6,1.0,,2.149587821248723,0.10171924331224544
q115_1327741,Musical Texture,Medium,percettiva,False,D,0.4064743499275455,0.29738298717291856,True,UC_text,3,3.0,1.0,0.8469237092078735,2.359390827064301
q116_1162034,Harmony,High,analitica,False,C,0.5691084056203629,0.3674440034665144,True,MI,8,1.0,,0.7729185884020046,-0.02064374123968943
q116_1162034,Harmony,High,analitica,False,C,0.5691084056203629,0.3674440034665144,True,MI_balanced,8,1.0,,0.7682695406126532,-0.02215973168846732
q116_1162034,Harmony,High,analitica,False,C,0.5691084056203629,0.3674440034665144,True,UC_audio,9,1.0,,0.6089024819255408,-0.016912745813176987
q116_1162034,Harmony,High,analitica,False,C,0.5691084056203629,0.3674440034665144,True,UC_text,3,,,-0.4977561555317751,0.2128272846475972
q117_1162034,Melody,High,analitica,False,D,0.7514699309612,0.10170039595043179,True,MI,8,1.0,,0.9860548108943464,0.05583577652722751
q117_1162034,Melody,High,analitica,False,D,0.7514699309612,0.10170039595043179,True,MI_balanced,8,1.0,,0.9859580033088747,0.05544257556843113
q117_1162034,Melody,High,analitica,False,D,0.7514699309612,0.10170039595043179,True,UC_audio,5,1.0,,0.9193270021373999,0.018823412542078255
q117_1162034,Melody,High,analitica,False,D,0.7514699309612,0.10170039595043179,True,UC_text,9,1.0,4.0,0.9081161809148258,0.4706266878475939
q118_1162034,Instrumentation,Low,percettiva,False,B,0.5482156457412551,0.221499143723151,True,MI,11,1.0,,0.8706899116932187,0.04584985194115735
q118_1162034,Instrumentation,Low,percettiva,False,B,0.5482156457412551,0.221499143723151,True,MI_balanced,11,1.0,,0.8730115446913865,0.046073791404353075
q118_1162034,Instrumentation,Low,percettiva,False,B,0.5482156457412551,0.221499143723151,True,UC_audio,6,1.0,,0.8858664408257005,0.12002860795114546
q118_1162034,Instrumentation,Low,percettiva,False,B,0.5482156457412551,0.221499143723151,True,UC_text,3,1.0,1.0,0.7122849743436152,0.7800654380700889
q119_1227239,Mood and Expression,Low,knowledge,True,A,0.9463841653345347,0.9463841653345347,True,MI,7,1.0,,1.0234251532234553,0.057332555576385634
q119_1227239,Mood and Expression,Low,knowledge,True,A,0.9463841653345347,0.9463841653345347,True,MI_balanced,7,1.0,,1.0232119873623906,0.05747852113041744
q119_1227239,Mood and Expression,Low,knowledge,True,A,0.9463841653345347,0.9463841653345347,True,UC_audio,7,1.0,,1.013603114168317,0.02853652436562423
q119_1227239,Mood and Expression,Low,knowledge,True,A,0.9463841653345347,0.9463841653345347,True,UC_text,8,3.0,3.0,0.7893223901195701,0.8761688782016848
q11_1093606,Harmony,High,analitica,False,C,0.419020840522857,0.3263337587224393,True,MI,9,1.0,,0.8514224739684902,0.2253196371556693
q11_1093606,Harmony,High,analitica,False,C,0.419020840522857,0.3263337587224393,True,MI_balanced,9,1.0,,0.8525133187866427,0.22908961980115541
q11_1093606,Harmony,High,analitica,False,C,0.419020840522857,0.3263337587224393,True,UC_audio,6,1.0,,0.8021482950228352,0.16306689760127865
q11_1093606,Harmony,High,analitica,False,C,0.419020840522857,0.3263337587224393,True,UC_text,6,,6.0,-0.6183313560172449,0.46200029805447657
q120_1227239,Harmony,Medium,analitica,False,C,0.6487244607361283,0.14474999281625608,True,MI,11,1.0,,0.8928376963462517,0.07471832272144943
q120_1227239,Harmony,Medium,analitica,False,C,0.6487244607361283,0.14474999281625608,True,MI_balanced,11,1.0,,0.9021967453269196,0.07342697951343029
q120_1227239,Harmony,Medium,analitica,False,C,0.6487244607361283,0.14474999281625608,True,UC_audio,7,1.0,,0.8669062396434175,0.021285669799918625
q120_1227239,Harmony,Medium,analitica,False,C,0.6487244607361283,0.14474999281625608,True,UC_text,4,1.0,,1.2721135818344051,0.10015027520904786
q121_1227239,Instrumentation,Low,percettiva,True,A,0.5633251661875301,0.5633251661875301,True,MI,6,1.0,,0.9441806070060302,0.18366489869637942
q121_1227239,Instrumentation,Low,percettiva,True,A,0.5633251661875301,0.5633251661875301,True,MI_balanced,6,1.0,,0.958536773295654,0.18366489869637942
q121_1227239,Instrumentation,Low,percettiva,True,A,0.5633251661875301,0.5633251661875301,True,UC_audio,8,1.0,,0.9544841484125919,0.1776828688313377
q121_1227239,Instrumentation,Low,percettiva,True,A,0.5633251661875301,0.5633251661875301,True,UC_text,8,4.0,1.0,0.4738171197604009,1.3280595448075512
q122_114772,Structure,Medium,analitica,False,C,0.38042647130990603,0.045435462675776125,True,MI,7,1.0,,1.6404599777035571,-0.5618996885660491
q122_114772,Structure,Medium,analitica,False,C,0.38042647130990603,0.045435462675776125,True,MI_balanced,7,1.0,,1.6469416191014912,-0.5731671489585882
q122_114772,Structure,Medium,analitica,False,C,0.38042647130990603,0.045435462675776125,True,UC_audio,4,1.0,,1.461378259106609,-0.46071164828264716
q122_114772,Structure,Medium,analitica,False,C,0.38042647130990603,0.045435462675776125,True,UC_text,5,1.0,2.0,2.2470618886976674,-1.1938948949096566
q123_114772,Harmony,Medium,analitica,True,A,0.8838326618428601,0.8838326618428601,True,MI,4,1.0,,1.0117262713515207,-0.044617247940871504
q123_114772,Harmony,Medium,analitica,True,A,0.8838326618428601,0.8838326618428601,True,MI_balanced,4,1.0,,1.0143153293075566,-0.04095960318980606
q123_114772,Harmony,Medium,analitica,True,A,0.8838326618428601,0.8838326618428601,True,UC_audio,8,1.0,,1.038537055412453,-0.029776951780816373
q123_114772,Harmony,Medium,analitica,True,A,0.8838326618428601,0.8838326618428601,True,UC_text,6,3.0,1.0,0.845990098779666,1.2451860127438237
q124_114772,Musical Texture,Low,percettiva,False,C,0.9428895004106321,0.0454993980858812,True,MI,9,1.0,,0.9759829547354578,0.017918246593319597
q124_114772,Musical Texture,Low,percettiva,False,C,0.9428895004106321,0.0454993980858812,True,MI_balanced,9,1.0,,0.9742564184867256,0.020340359652020277
q124_114772,Musical Texture,Low,percettiva,False,C,0.9428895004106321,0.0454993980858812,True,UC_audio,7,1.0,,0.9664619705527685,0.010169960811698226
q124_114772,Musical Texture,Low,percettiva,False,C,0.9428895004106321,0.0454993980858812,True,UC_text,9,3.0,1.0,0.7081258626063073,1.173456747682182
q125_187621,Functional Context,Low,knowledge,False,B,0.5749464648072835,0.16995385036924837,True,MI,11,4.0,,0.6069336295132924,0.15171240615555612
q125_187621,Functional Context,Low,knowledge,False,B,0.5749464648072835,0.16995385036924837,True,MI_balanced,11,4.0,,0.5998779236654456,0.1518313171630713
q125_187621,Functional Context,Low,knowledge,False,B,0.5749464648072835,0.16995385036924837,True,UC_audio,6,,,0.39607873937571386,0.1844563378205522
q125_187621,Functional Context,Low,knowledge,False,B,0.5749464648072835,0.16995385036924837,True,UC_text,4,1.0,,1.2288297200570197,0.12693158794813908
q126_187621,Mood and Expression,Low,knowledge,False,B,0.563628306949103,0.3418578488465541,True,MI,8,1.0,,0.8930066650317486,0.23468525908508273
q126_187621,Mood and Expression,Low,knowledge,False,B,0.563628306949103,0.3418578488465541,True,MI_balanced,8,1.0,,0.8908133500695801,0.23479204723369768
q126_187621,Mood and Expression,Low,knowledge,False,B,0.563628306949103,0.3418578488465541,True,UC_audio,7,1.0,,1.0450134480353401,0.23236056458593937
q126_187621,Mood and Expression,Low,knowledge,False,B,0.563628306949103,0.3418578488465541,True,UC_text,7,1.0,2.0,0.5075533257542647,0.9320687750185882
q127_187621,Instrumentation,Low,percettiva,False,C,0.8375556627354236,0.09695410521843162,True,MI,9,1.0,,0.9016188925653824,0.020739105023180594
q127_187621,Instrumentation,Low,percettiva,False,C,0.8375556627354236,0.09695410521843162,True,MI_balanced,9,1.0,,0.9030775791626555,0.018586574220398125
q127_187621,Instrumentation,Low,percettiva,False,C,0.8375556627354236,0.09695410521843162,True,UC_audio,9,1.0,,0.8172706064234718,0.001559107994728153
q127_187621,Instrumentation,Low,percettiva,False,C,0.8375556627354236,0.09695410521843162,True,UC_text,6,1.0,2.0,1.1648055359303193,0.7625292132770696
q128_332470,Metre and Rhythm,Medium,percettiva,True,A,0.8747994642074111,0.8747994642074111,True,MI,7,1.0,,1.0556387819676951,0.0060419810182449595
q128_332470,Metre and Rhythm,Medium,percettiva,True,A,0.8747994642074111,0.8747994642074111,True,MI_balanced,7,1.0,,1.0537098821711786,0.0060419810182449595
q128_332470,Metre and Rhythm,Medium,percettiva,True,A,0.8747994642074111,0.8747994642074111,True,UC_audio,7,1.0,,1.0353858609484772,-0.010457731390964014
q128_332470,Metre and Rhythm,Medium,percettiva,True,A,0.8747994642074111,0.8747994642074111,True,UC_text,7,2.0,1.0,0.936653387221247,0.9161806844844812
q129_332470,Historical and Cultural Context,Low,knowledge,False,B,0.7775305594603495,0.06793986312282575,True,MI,14,1.0,,0.862286167912495,0.06806420908557478
q129_332470,Historical and Cultural Context,Low,knowledge,False,B,0.7775305594603495,0.06793986312282575,True,MI_balanced,14,1.0,,0.8625489950614398,0.06672760481122018
q129_332470,Historical and Cultural Context,Low,knowledge,False,B,0.7775305594603495,0.06793986312282575,True,UC_audio,9,1.0,,0.8434093818491557,0.070513967418414
q129_332470,Historical and Cultural Context,Low,knowledge,False,B,0.7775305594603495,0.06793986312282575,True,UC_text,8,1.0,1.0,0.997687422835575,1.3307840660968642
q12_1093606,Instrumentation,Low,percettiva,True,A,0.9189522321369076,0.9189522321369076,True,MI,9,1.0,,0.9198421040507964,0.007301168549614934
q12_1093606,Instrumentation,Low,percettiva,True,A,0.9189522321369076,0.9189522321369076,True,MI_balanced,9,1.0,,0.919889706993522,0.007743852450065856
q12_1093606,Instrumentation,Low,percettiva,True,A,0.9189522321369076,0.9189522321369076,True,UC_audio,6,1.0,,0.9280890475294743,-0.0021662295208796927
q12_1093606,Instrumentation,Low,percettiva,True,A,0.9189522321369076,0.9189522321369076,True,UC_text,7,1.0,4.0,0.9951329863655846,0.5317946945952742
q130_332470,Melody,Medium,analitica,False,B,0.8033361941081509,0.13959889836664563,True,MI,12,1.0,,0.9811595717837611,-0.01378519376304849
q130_332470,Melody,Medium,analitica,False,B,0.8033361941081509,0.13959889836664563,True,MI_balanced,12,1.0,,0.9778151447911083,-0.012529822665805308
q130_332470,Melody,Medium,analitica,False,B,0.8033361941081509,0.13959889836664563,True,UC_audio,6,1.0,,0.9938805210466616,-0.019765275073536245
q130_332470,Melody,Medium,analitica,False,B,0.8033361941081509,0.13959889836664563,True,UC_text,6,4.0,2.0,0.8403351376085298,1.138671611040316
q131_182074,Sound Texture,Low,percettiva,False,B,0.8060984089660506,0.04840997224139229,True,MI,11,2.0,,0.610382256229411,0.13071170882147504
q131_182074,Sound Texture,Low,percettiva,False,B,0.8060984089660506,0.04840997224139229,True,MI_balanced,11,2.0,,0.6087751398792947,0.12602267909378698
q131_182074,Sound Texture,Low,percettiva,False,B,0.8060984089660506,0.04840997224139229,True,UC_audio,8,4.0,,0.7396378054614523,0.2650159240818931
q131_182074,Sound Texture,Low,percettiva,False,B,0.8060984089660506,0.04840997224139229,True,UC_text,3,1.0,,1.0251192157510713,-0.03101292618082087
q132_182074,Instrumentation,Medium,percettiva,True,A,0.37931478696885695,0.37931478696885695,True,MI,9,1.0,,1.7012225416611122,-0.7441627328847901
q132_182074,Instrumentation,Medium,percettiva,True,A,0.37931478696885695,0.37931478696885695,True,MI_balanced,9,1.0,,1.709306036850209,-0.7502670309122059
q132_182074,Instrumentation,Medium,percettiva,True,A,0.37931478696885695,0.37931478696885695,True,UC_audio,8,1.0,,2.1848383135854434,-0.5199341311986985
q132_182074,Instrumentation,Medium,percettiva,True,A,0.37931478696885695,0.37931478696885695,True,UC_text,4,2.0,1.0,1.9023556678524836,-0.8139450537147688
q133_182074,Sound Texture,Low,percettiva,True,A,0.8227967182461331,0.8227967182461331,True,MI,1,1.0,,1.269937298057712,-0.015615253236694833
q133_182074,Sound Texture,Low,percettiva,True,A,0.8227967182461331,0.8227967182461331,True,MI_balanced,1,1.0,,1.269937298057712,-0.015615253236694831
q133_182074,Sound Texture,Low,percettiva,True,A,0.8227967182461331,0.8227967182461331,True,UC_audio,3,1.0,,1.286051082337448,-0.0035643990907612117
q133_182074,Sound Texture,Low,percettiva,True,A,0.8227967182461331,0.8227967182461331,True,UC_text,4,2.0,3.0,1.087960124151994,0.9304395926737509
q134_172015,Metre and Rhythm,High,percettiva,True,A,0.39667527544429426,0.39667527544429426,True,MI,7,1.0,,1.1517712995542475,0.08040921950703948
q134_172015,Metre and Rhythm,High,percettiva,True,A,0.39667527544429426,0.39667527544429426,True,MI_balanced,7,1.0,,1.1610614728299058,0.09140863244991793
q134_172015,Metre and Rhythm,High,percettiva,True,A,0.39667527544429426,0.39667527544429426,True,UC_audio,7,1.0,,1.4710993267404222,0.03072406984097949
q134_172015,Metre and Rhythm,High,percettiva,True,A,0.39667527544429426,0.39667527544429426,True,UC_text,4,2.0,2.0,1.12902262869541,1.1588778812608085
q135_172015,Metre and Rhythm,Low,percettiva,True,A,0.47230870538986586,0.47230870538986586,True,MI,8,1.0,,0.835451190738641,-0.027927082260905463
q135_172015,Metre and Rhythm,Low,percettiva,True,A,0.47230870538986586,0.47230870538986586,True,MI_balanced,8,1.0,,0.8321654582453221,-0.024469837268629273
q135_172015,Metre and Rhythm,Low,percettiva,True,A,0.47230870538986586,0.47230870538986586,True,UC_audio,8,1.0,,1.102918787606074,-0.5580377239762035
q135_172015,Metre and Rhythm,Low,percettiva,True,A,0.47230870538986586,0.47230870538986586,True,UC_text,7,3.0,2.0,1.4641834375401552,1.3160661742612507
q136_172015,Instrumentation,Low,percettiva,True,A,0.6285520780245636,0.6285520780245636,True,MI,6,1.0,,0.7321447437115609,0.13806708598325368
q136_172015,Instrumentation,Low,percettiva,True,A,0.6285520780245636,0.6285520780245636,True,MI_balanced,6,1.0,,0.7305543930167998,0.13594316251032093
q136_172015,Instrumentation,Low,percettiva,True,A,0.6285520780245636,0.6285520780245636,True,UC_audio,7,1.0,,0.7315651739103411,0.1288970015721448
q136_172015,Instrumentation,Low,percettiva,True,A,0.6285520780245636,0.6285520780245636,True,UC_text,2,1.0,1.0,1.0425055987031382,0.9567287806702498
q137_250001,Functional Context,Low,knowledge,False,C,0.41807729866723203,0.2873400450798798,True,MI,10,1.0,,0.7504709816648004,0.028532290499229954
q137_250001,Functional Context,Low,knowledge,False,C,0.41807729866723203,0.2873400450798798,True,MI_balanced,10,1.0,,0.7525042995958117,0.04893781198165303
q137_250001,Functional Context,Low,knowledge,False,C,0.41807729866723203,0.2873400450798798,True,UC_audio,8,1.0,,1.0823406913113551,-0.1861664471403905
q137_250001,Functional Context,Low,knowledge,False,C,0.41807729866723203,0.2873400450798798,True,UC_text,8,1.0,2.0,1.2442794524186527,1.2857130719851033
q138_250001,Instrumentation,Medium,percettiva,True,A,0.5006492304937793,0.5006492304937793,True,MI,15,,,0.1831611807931632,0.2688735807845674
q138_250001,Instrumentation,Medium,percettiva,True,A,0.5006492304937793,0.5006492304937793,True,MI_balanced,15,,8.0,0.17878228789087078,0.2681047770252222
q138_250001,Instrumentation,Medium,percettiva,True,A,0.5006492304937793,0.5006492304937793,True,UC_audio,10,,10.0,0.15843921193839197,0.40652136643179876
q138_250001,Instrumentation,Medium,percettiva,True,A,0.5006492304937793,0.5006492304937793,True,UC_text,4,1.0,2.0,0.7286478678098038,0.30522229549639035
q139_250001,Performance,Medium,analitica,True,A,0.38135241366565786,0.38135241366565786,True,MI,6,1.0,,0.7536369874949356,0.07284386819253365
q139_250001,Performance,Medium,analitica,True,A,0.38135241366565786,0.38135241366565786,True,MI_balanced,6,1.0,,0.752427659595148,0.09183360473362488
q139_250001,Performance,Medium,analitica,True,A,0.38135241366565786,0.38135241366565786,True,UC_audio,6,,,-0.07642256334276372,0.0504882196015526
q139_250001,Performance,Medium,analitica,True,A,0.38135241366565786,0.38135241366565786,True,UC_text,6,2.0,1.0,1.3790310705333337,2.3831510515194405
q13_1045016,Metre and Rhythm,Medium,percettiva,True,A,0.922181840879825,0.922181840879825,True,MI,8,1.0,,0.9841341815906921,-0.006811200691605128
q13_1045016,Metre and Rhythm,Medium,percettiva,True,A,0.922181840879825,0.922181840879825,True,MI_balanced,8,1.0,,0.9829209389894795,-0.007370485237516998
q13_1045016,Metre and Rhythm,Medium,percettiva,True,A,0.922181840879825,0.922181840879825,True,UC_audio,6,1.0,,0.9642930730014758,-0.0020851791923780717
q13_1045016,Metre and Rhythm,Medium,percettiva,True,A,0.922181840879825,0.922181840879825,True,UC_text,8,1.0,5.0,0.93638148437873,0.49878542761829725
q140_1138688,Instrumentation,Medium,percettiva,False,D,0.7795530232299274,0.11587021265400549,True,MI,8,1.0,,1.1327094877830672,0.0019794907992638127
q140_1138688,Instrumentation,Medium,percettiva,False,D,0.7795530232299274,0.11587021265400549,True,MI_balanced,8,1.0,,1.1324191410200664,-0.0008606833178784533
q140_1138688,Instrumentation,Medium,percettiva,False,D,0.7795530232299274,0.11587021265400549,True,UC_audio,4,1.0,,1.0966947095689,-0.009675942866444482
q140_1138688,Instrumentation,Medium,percettiva,False,D,0.7795530232299274,0.11587021265400549,True,UC_text,5,1.0,,1.0382261484160384,0.27972024906462617
q141_1138688,Historical and Cultural Context,Low,knowledge,False,D,0.8138830518124309,0.07111630850432708,True,MI,15,1.0,,0.9275915289337645,0.04778210951318069
q141_1138688,Historical and Cultural Context,Low,knowledge,False,D,0.8138830518124309,0.07111630850432708,True,MI_balanced,15,1.0,,0.9255837895901778,0.049829234386166744
q141_1138688,Historical and Cultural Context,Low,knowledge,False,D,0.8138830518124309,0.07111630850432708,True,UC_audio,7,1.0,,0.858073442551257,0.026138308179797735
q141_1138688,Historical and Cultural Context,Low,knowledge,False,D,0.8138830518124309,0.07111630850432708,True,UC_text,7,1.0,1.0,0.9154618465516049,0.6491687709121987
q142_1138688,Mood and Expression,Low,knowledge,True,A,0.4651677084286233,0.4651677084286233,True,MI,9,1.0,3.0,0.9885417073690911,0.9679867794317674
q142_1138688,Mood and Expression,Low,knowledge,True,A,0.4651677084286233,0.4651677084286233,True,MI_balanced,9,1.0,3.0,0.9845733596267862,0.9705730778238814
q142_1138688,Mood and Expression,Low,knowledge,True,A,0.4651677084286233,0.4651677084286233,True,UC_audio,8,1.0,,0.3702349619055923,0.0951728683353344
q142_1138688,Mood and Expression,Low,knowledge,True,A,0.4651677084286233,0.4651677084286233,True,UC_text,3,1.0,1.0,2.3583235363457407,1.7610849068227614
q143_14458,Harmony,High,analitica,False,B,0.32536991023505546,0.26974112976460407,True,MI,14,,6.0,-0.12360920100284561,0.4017803187713177
q143_14458,Harmony,High,analitica,False,B,0.32536991023505546,0.26974112976460407,True,MI_balanced,14,,6.0,-0.12988427549153006,0.4136305060896245
q143_14458,Harmony,High,analitica,False,B,0.32536991023505546,0.26974112976460407,True,UC_audio,10,,,-0.07983478260013417,0.2552032922129497
q143_14458,Harmony,High,analitica,False,B,0.32536991023505546,0.26974112976460407,True,UC_text,5,1.0,,1.6562089735092844,-1.1954764527551727
q144_14458,Melody,High,analitica,True,A,0.416017534032186,0.416017534032186,True,MI,6,1.0,,0.8466836999162745,0.013339251484302666
q144_14458,Melody,High,analitica,True,A,0.416017534032186,0.416017534032186,True,MI_balanced,6,1.0,,0.8558574094956293,0.017675913236458004
q144_14458,Melody,High,analitica,True,A,0.416017534032186,0.416017534032186,True,UC_audio,7,1.0,,0.8531875990847342,-0.0220066696538962
q144_14458,Melody,High,analitica,True,A,0.416017534032186,0.416017534032186,True,UC_text,6,1.0,1.0,2.2704037810411846,1.267033046576658
q145_14458,Instrumentation,Low,percettiva,False,B,0.5091259330638713,0.053661478549267685,True,MI,8,8.0,,0.45175852569070213,-0.009013851805521611
q145_14458,Instrumentation,Low,percettiva,False,B,0.5091259330638713,0.053661478549267685,True,MI_balanced,8,8.0,,0.4489002840483966,0.000265961717543343
q145_14458,Instrumentation,Low,percettiva,False,B,0.5091259330638713,0.053661478549267685,True,UC_audio,4,1.0,,0.4199048341876359,0.1498665159272536
q145_14458,Instrumentation,Low,percettiva,False,B,0.5091259330638713,0.053661478549267685,True,UC_text,8,3.0,1.0,1.5576262684525348,1.6066964441457259
q146_179608,Musical Texture,Low,percettiva,False,D,0.33898170758197904,0.2258104986510934,True,MI,8,1.0,,2.3591945297142023,-0.00181576051596574
q146_179608,Musical Texture,Low,percettiva,False,D,0.33898170758197904,0.2258104986510934,True,MI_balanced,8,1.0,,2.3444292988866002,0.010178089371304022
q146_179608,Musical Texture,Low,percettiva,False,D,0.33898170758197904,0.2258104986510934,True,UC_audio,4,1.0,,2.4809938562419616,0.4087566845257124
q146_179608,Musical Texture,Low,percettiva,False,D,0.33898170758197904,0.2258104986510934,True,UC_text,6,2.0,1.0,5.870884066332396,2.9506613085510414
q147_179608,Performance,Low,analitica,False,C,0.5878390114800135,0.260851980104977,True,MI,15,1.0,,0.8997578727168939,0.08132480062684742
q147_179608,Performance,Low,analitica,False,C,0.5878390114800135,0.260851980104977,True,MI_balanced,15,1.0,,0.9010778339666287,0.08078514423232996
q147_179608,Performance,Low,analitica,False,C,0.5878390114800135,0.260851980104977,True,UC_audio,7,1.0,,0.8933808758288967,-0.03837984045342857
q147_179608,Performance,Low,analitica,False,C,0.5878390114800135,0.260851980104977,True,UC_text,7,6.0,1.0,0.4796279495497204,1.5952779046679275
q148_179608,Instrumentation,Low,percettiva,True,A,0.46486943564780264,0.46486943564780264,True,MI,7,,,0.25827314371223964,0.31503138846605255
q148_179608,Instrumentation,Low,percettiva,True,A,0.46486943564780264,0.46486943564780264,True,MI_balanced,7,,,0.2582890541700379,0.31092988834119756
q148_179608,Instrumentation,Low,percettiva,True,A,0.46486943564780264,0.46486943564780264,True,UC_audio,7,1.0,,0.06074395849508676,0.23778006417239456
q148_179608,Instrumentation,Low,percettiva,True,A,0.46486943564780264,0.46486943564780264,True,UC_text,6,1.0,1.0,2.99636470604282,1.047058099916164
q149_150794,Structure,Medium,analitica,False,B,0.6105959101813146,0.16433965977427353,True,MI,6,1.0,,0.23868720052946515,0.07610639592921167
q149_150794,Structure,Medium,analitica,False,B,0.6105959101813146,0.16433965977427353,True,MI_balanced,6,1.0,,0.24450975434851413,0.07715646974289792
q149_150794,Structure,Medium,analitica,False,B,0.6105959101813146,0.16433965977427353,True,UC_audio,4,1.0,2.0,1.1793668805304685,1.2958641558424406
q149_150794,Structure,Medium,analitica,False,B,0.6105959101813146,0.16433965977427353,True,UC_text,6,,1.0,0.22047468815820706,1.1640980833388925
q14_1045016,Instrumentation,Low,percettiva,False,D,0.4330636153594257,0.1921708144097326,True,MI,10,1.0,10.0,1.0570900519646276,0.38367313757066396
q14_1045016,Instrumentation,Low,percettiva,False,D,0.4330636153594257,0.1921708144097326,True,MI_balanced,10,1.0,10.0,1.0616682453603072,0.3916442427935008
q14_1045016,Instrumentation,Low,percettiva,False,D,0.4330636153594257,0.1921708144097326,True,UC_audio,7,2.0,,1.0907980919474753,0.1508239773732921
q14_1045016,Instrumentation,Low,percettiva,False,D,0.4330636153594257,0.1921708144097326,True,UC_text,6,1.0,1.0,0.6259527118106845,0.7803289318424563
q150_150794,Instrumentation,Low,percettiva,False,D,0.3934111321439986,0.29696230240562066,True,MI,10,,3.0,-0.04329298005660057,0.621180675784568
q150_150794,Instrumentation,Low,percettiva,False,D,0.3934111321439986,0.29696230240562066,True,MI_balanced,10,,3.0,-0.03726024660781804,0.6104528268833997
q150_150794,Instrumentation,Low,percettiva,False,D,0.3934111321439986,0.29696230240562066,True,UC_audio,7,,6.0,-0.2487571509842074,0.5631460949013002
q150_150794,Instrumentation,Low,percettiva,False,D,0.3934111321439986,0.29696230240562066,True,UC_text,6,1.0,1.0,1.0341071033708622,1.2039380151115866
q151_150794,Instrumentation,Low,percettiva,True,A,0.4954162530773284,0.4954162530773284,True,MI,6,1.0,,0.8816148398608362,0.18767653158419859
q151_150794,Instrumentation,Low,percettiva,True,A,0.4954162530773284,0.4954162530773284,True,MI_balanced,6,1.0,,0.8740146711324528,0.19188366774329318
q151_150794,Instrumentation,Low,percettiva,True,A,0.4954162530773284,0.4954162530773284,True,UC_audio,7,1.0,,1.0933057132932835,0.25402087123232986
q151_150794,Instrumentation,Low,percettiva,True,A,0.4954162530773284,0.4954162530773284,True,UC_text,2,1.0,1.0,2.8719587704874567,0.7163543702548217
q152_1051378,Functional Context,Low,knowledge,False,C,0.5282658952189951,0.1715028263041142,True,MI,9,1.0,,1.0237278436909734,0.043378500851289255
q152_1051378,Functional Context,Low,knowledge,False,C,0.5282658952189951,0.1715028263041142,True,MI_balanced,9,1.0,,1.024786915747607,0.0486053589594662
q152_1051378,Functional Context,Low,knowledge,False,C,0.5282658952189951,0.1715028263041142,True,UC_audio,7,1.0,,0.9218824500573072,0.13043870805863692
q152_1051378,Functional Context,Low,knowledge,False,C,0.5282658952189951,0.1715028263041142,True,UC_text,5,1.0,2.0,1.5280757883721807,0.7926415684023992
q153_1051378,Instrumentation,Low,percettiva,True,A,0.8755295107670162,0.8755295107670162,True,MI,8,1.0,,0.9746998226949171,0.13341863453447214
q153_1051378,Instrumentation,Low,percettiva,True,A,0.8755295107670162,0.8755295107670162,True,MI_balanced,8,1.0,,0.9747080893494452,0.13267489203049662
q153_1051378,Instrumentation,Low,percettiva,True,A,0.8755295107670162,0.8755295107670162,True,UC_audio,8,1.0,,1.02369536481601,0.04849229922023235
q153_1051378,Instrumentation,Low,percettiva,True,A,0.8755295107670162,0.8755295107670162,True,UC_text,3,1.0,2.0,0.9572482040661627,0.5361182134556601
q154_1051378,Harmony,Medium,analitica,False,B,0.5212537887348898,0.16922632863266995,True,MI,11,6.0,,0.38197259090524766,0.21007617846554297
q154_1051378,Harmony,Medium,analitica,False,B,0.5212537887348898,0.16922632863266995,True,MI_balanced,11,6.0,,0.3790555546108878,0.2099871480312486
q154_1051378,Harmony,Medium,analitica,False,B,0.5212537887348898,0.16922632863266995,True,UC_audio,6,4.0,,0.6111456954514282,0.1460250633918148
q154_1051378,Harmony,Medium,analitica,False,B,0.5212537887348898,0.16922632863266995,True,UC_text,4,1.0,,1.7533180901568761,0.05311455939305118
q155_1199044,Mood and Expression,Low,knowledge,False,B,0.984533095550818,0.008001807983810082,True,MI,9,3.0,9.0,0.20147436162570054,0.3882399184700105
q155_1199044,Mood and Expression,Low,knowledge,False,B,0.984533095550818,0.008001807983810082,True,MI_balanced,9,3.0,9.0,0.20166080702924807,0.38825059000950624
q155_1199044,Mood and Expression,Low,knowledge,False,B,0.984533095550818,0.008001807983810082,True,UC_audio,8,3.0,,0.4232737696056257,0.2877938299117394
q155_1199044,Mood and Expression,Low,knowledge,False,B,0.984533095550818,0.008001807983810082,True,UC_text,5,1.0,,1.0094451692094104,0.06953375995483962
q156_1199044,Sound Texture,Medium,percettiva,False,B,0.8941794070705643,0.043148878829154955,True,MI,9,1.0,,0.9255219162442525,0.03900643315263795
q156_1199044,Sound Texture,Medium,percettiva,False,B,0.8941794070705643,0.043148878829154955,True,MI_balanced,9,1.0,,0.9242460509050724,0.03897899716433501
q156_1199044,Sound Texture,Medium,percettiva,False,B,0.8941794070705643,0.043148878829154955,True,UC_audio,6,1.0,,0.898956176946524,0.025021092788587367
q156_1199044,Sound Texture,Medium,percettiva,False,B,0.8941794070705643,0.043148878829154955,True,UC_text,8,1.0,1.0,0.8502878348814658,0.757682838106348
q157_1199044,Metre and Rhythm,Medium,percettiva,False,C,0.4236640690286298,0.1558573009586717,True,MI,11,1.0,,1.274186715387115,0.053580520007788665
q157_1199044,Metre and Rhythm,Medium,percettiva,False,C,0.4236640690286298,0.1558573009586717,True,MI_balanced,11,1.0,,1.2775500636241541,0.042426334457063127
q157_1199044,Metre and Rhythm,Medium,percettiva,False,C,0.4236640690286298,0.1558573009586717,True,UC_audio,8,1.0,,1.2396911404041049,0.06579568077861185
q157_1199044,Metre and Rhythm,Medium,percettiva,False,C,0.4236640690286298,0.1558573009586717,True,UC_text,4,1.0,1.0,1.7120979799224794,1.4789318735591541
q158_14014,Genre and Style,Medium,knowledge,False,D,0.6786216403836315,0.12951720657141708,True,MI,10,1.0,,0.9311031592557373,0.06708256324954068
q158_14014,Genre and Style,Medium,knowledge,False,D,0.6786216403836315,0.12951720657141708,True,MI_balanced,10,1.0,,0.9369350785111543,0.07314529752012647
q158_14014,Genre and Style,Medium,knowledge,False,D,0.6786216403836315,0.12951720657141708,True,UC_audio,5,1.0,,0.8379914660067609,0.04963797681402462
q158_14014,Genre and Style,Medium,knowledge,False,D,0.6786216403836315,0.12951720657141708,True,UC_text,8,1.0,1.0,0.8150511272730605,1.2569231859379428
q159_14014,Harmony,Medium,analitica,True,A,0.7872817697860388,0.7872817697860388,True,MI,8,8.0,3.0,0.4402660503472184,0.5436086625381212
q159_14014,Harmony,Medium,analitica,True,A,0.7872817697860388,0.7872817697860388,True,MI_balanced,8,8.0,3.0,0.43645712313043944,0.5433705368528691
q159_14014,Harmony,Medium,analitica,True,A,0.7872817697860388,0.7872817697860388,True,UC_audio,8,,,0.08038304282904728,0.23478360760464725
q159_14014,Harmony,Medium,analitica,True,A,0.7872817697860388,0.7872817697860388,True,UC_text,4,2.0,1.0,1.0301386724813653,0.604790046122253
q15_1045016,Sound Texture,Low,percettiva,True,A,0.530965078848341,0.530965078848341,True,MI,1,1.0,,1.5929539451964423,0.004585421065179293
q15_1045016,Sound Texture,Low,percettiva,True,A,0.530965078848341,0.530965078848341,True,MI_balanced,1,1.0,,1.5895780242938053,0.003816041125048269
q15_1045016,Sound Texture,Low,percettiva,True,A,0.530965078848341,0.530965078848341,True,UC_audio,4,1.0,,1.5339808400598522,-0.2805153023118752
q15_1045016,Sound Texture,Low,percettiva,True,A,0.530965078848341,0.530965078848341,True,UC_text,6,1.0,1.0,1.881988570064503,1.4458993367980406
q160_14014,Melody,Medium,analitica,False,B,0.8463911685182712,0.040842843934539096,True,MI,4,1.0,,0.9913688516952699,0.01931327015806026
q160_14014,Melody,Medium,analitica,False,B,0.8463911685182712,0.040842843934539096,True,MI_balanced,4,1.0,,0.9912930841720352,0.01719063246311466
q160_14014,Melody,Medium,analitica,False,B,0.8463911685182712,0.040842843934539096,True,UC_audio,5,1.0,,1.006062193658343,-0.014584029881126255
q160_14014,Melody,Medium,analitica,False,B,0.8463911685182712,0.040842843934539096,True,UC_text,7,1.0,3.0,0.90158097303218,0.4077590574599737
q161_1177896,Sound Texture,High,percettiva,False,B,0.5867574059846375,0.0481639808628114,True,MI,10,1.0,,1.021423875930916,0.02374971554846129
q161_1177896,Sound Texture,High,percettiva,False,B,0.5867574059846375,0.0481639808628114,True,MI_balanced,10,1.0,,1.0198376727603238,0.026929263785506034
q161_1177896,Sound Texture,High,percettiva,False,B,0.5867574059846375,0.0481639808628114,True,UC_audio,7,1.0,,0.9093218956723472,-0.05757218602080956
q161_1177896,Sound Texture,High,percettiva,False,B,0.5867574059846375,0.0481639808628114,True,UC_text,7,4.0,1.0,1.4763575869914054,1.169733955654279
q162_1177896,Harmony,Medium,analitica,True,A,0.4806258702475429,0.4806258702475429,True,MI,6,1.0,,0.8334026688467169,0.13480962767623572
q162_1177896,Harmony,Medium,analitica,True,A,0.4806258702475429,0.4806258702475429,True,MI_balanced,6,1.0,,0.8235559717962531,0.13441181529507976
q162_1177896,Harmony,Medium,analitica,True,A,0.4806258702475429,0.4806258702475429,True,UC_audio,7,1.0,,0.845757624573381,0.12690794024090576
q162_1177896,Harmony,Medium,analitica,True,A,0.4806258702475429,0.4806258702475429,True,UC_text,3,2.0,1.0,2.30368566560577,0.8913210145375672
q163_1177896,Functional Context,Low,knowledge,True,A,0.6724531175498027,0.6724531175498027,True,MI,9,1.0,,1.00235999674717,0.015611184953811568
q163_1177896,Functional Context,Low,knowledge,True,A,0.6724531175498027,0.6724531175498027,True,MI_balanced,9,1.0,,1.002562489225418,0.013547204977236245
q163_1177896,Functional Context,Low,knowledge,True,A,0.6724531175498027,0.6724531175498027,True,UC_audio,7,1.0,,1.0534690239294457,0.015914969723928474
q163_1177896,Functional Context,Low,knowledge,True,A,0.6724531175498027,0.6724531175498027,True,UC_text,10,4.0,3.0,1.1355047551141666,0.901800368666953
q164_1227240,Sound Texture,Medium,percettiva,True,A,0.928180562044732,0.928180562044732,True,MI,6,1.0,,0.9797411385232799,0.036079536390961495
q164_1227240,Sound Texture,Medium,percettiva,True,A,0.928180562044732,0.928180562044732,True,MI_balanced,6,1.0,,0.9794958575327424,0.035671636558264025
q164_1227240,Sound Texture,Medium,percettiva,True,A,0.928180562044732,0.928180562044732,True,UC_audio,7,1.0,,0.9784480789251442,0.03551689990142892
q164_1227240,Sound Texture,Medium,percettiva,True,A,0.928180562044732,0.928180562044732,True,UC_text,7,1.0,5.0,1.0244549594143926,0.7296263097852003
q165_1227240,Melody,High,analitica,False,D,0.32800055807216727,0.308128008863104,True,MI,12,1.0,,0.7802203425169704,0.29082468178564863
q165_1227240,Melody,High,analitica,False,D,0.32800055807216727,0.308128008863104,True,MI_balanced,12,1.0,,0.7941011970320607,0.29082468178564863
q165_1227240,Melody,High,analitica,False,D,0.32800055807216727,0.308128008863104,True,UC_audio,9,3.0,,0.6028072922230276,0.1941700127831144
q165_1227240,Melody,High,analitica,False,D,0.32800055807216727,0.308128008863104,True,UC_text,6,1.0,,2.0406617799425484,-0.650875392964138
q166_1227240,Mood and Expression,Low,knowledge,True,A,0.9035664147357861,0.9035664147357861,True,MI,10,1.0,,0.9724651247241466,0.05747766022504677
q166_1227240,Mood and Expression,Low,knowledge,True,A,0.9035664147357861,0.9035664147357861,True,MI_balanced,10,1.0,,0.9743914678053682,0.05721369979193838
q166_1227240,Mood and Expression,Low,knowledge,True,A,0.9035664147357861,0.9035664147357861,True,UC_audio,9,1.0,,0.8815251252228841,0.057557775970272375
q166_1227240,Mood and Expression,Low,knowledge,True,A,0.9035664147357861,0.9035664147357861,True,UC_text,5,1.0,3.0,1.1003259075733582,1.127925828708226
q167_7096,Metre and Rhythm,Medium,percettiva,False,B,0.8097633925689028,0.0997824281381402,True,MI,12,1.0,,0.7760796772593964,0.08077106711162733
q167_7096,Metre and Rhythm,Medium,percettiva,False,B,0.8097633925689028,0.0997824281381402,True,MI_balanced,12,1.0,,0.7764552207642057,0.08238410636707892
q167_7096,Metre and Rhythm,Medium,percettiva,False,B,0.8097633925689028,0.0997824281381402,True,UC_audio,9,1.0,,0.795402199361275,0.05497908311812325
q167_7096,Metre and Rhythm,Medium,percettiva,False,B,0.8097633925689028,0.0997824281381402,True,UC_text,9,1.0,2.0,0.8571723718269967,1.2644348491619515
q168_7096,Genre and Style,High,knowledge,True,A,0.748095559449117,0.748095559449117,True,MI,11,1.0,,0.9882231564440128,0.045349070466181605
q168_7096,Genre and Style,High,knowledge,True,A,0.748095559449117,0.748095559449117,True,MI_balanced,11,1.0,,0.9923694224794267,0.04951095403554352
q168_7096,Genre and Style,High,knowledge,True,A,0.748095559449117,0.748095559449117,True,UC_audio,7,1.0,,1.018197976560152,0.009787023265657167
q168_7096,Genre and Style,High,knowledge,True,A,0.748095559449117,0.748095559449117,True,UC_text,7,2.0,1.0,1.0687200337521057,0.6907725195590261
q169_7096,Melody,Medium,analitica,True,A,0.7331838715947687,0.7331838715947687,True,MI,14,2.0,,0.7308811825109125,0.1036840442217654
q169_7096,Melody,Medium,analitica,True,A,0.7331838715947687,0.7331838715947687,True,MI_balanced,14,2.0,,0.7326098117563801,0.10308335049637046
q169_7096,Melody,Medium,analitica,True,A,0.7331838715947687,0.7331838715947687,True,UC_audio,7,2.0,,0.6401034485503362,0.12291305660827732
q169_7096,Melody,Medium,analitica,True,A,0.7331838715947687,0.7331838715947687,True,UC_text,8,1.0,6.0,1.1669294518007283,0.571900196049791
q16_1100505,Sound Texture,Medium,percettiva,True,A,0.9835747914497818,0.9835747914497818,True,MI,9,1.0,,0.9679434950739222,0.009803758383280414
q16_1100505,Sound Texture,Medium,percettiva,True,A,0.9835747914497818,0.9835747914497818,True,MI_balanced,9,1.0,,0.9676499692662855,0.010168384036250738
q16_1100505,Sound Texture,Medium,percettiva,True,A,0.9835747914497818,0.9835747914497818,True,UC_audio,8,1.0,,0.9582457600215177,0.004865269481753653
q16_1100505,Sound Texture,Medium,percettiva,True,A,0.9835747914497818,0.9835747914497818,True,UC_text,8,1.0,,0.9077600101163762,0.3763220774329562
q170_1103980,Harmony,High,analitica,False,B,0.49687858021343856,0.04768398946125973,True,MI,13,1.0,,1.0882512848220511,0.09140842657358673
q170_1103980,Harmony,High,analitica,False,B,0.49687858021343856,0.04768398946125973,True,MI_balanced,13,1.0,,1.0952499726478522,0.0798761238524818
q170_1103980,Harmony,High,analitica,False,B,0.49687858021343856,0.04768398946125973,True,UC_audio,7,1.0,,1.0884951430965684,0.03643435045101093
q170_1103980,Harmony,High,analitica,False,B,0.49687858021343856,0.04768398946125973,True,UC_text,6,,1.0,0.3001464672419841,1.7131587138575104
q171_1103980,Harmony,High,analitica,False,B,0.8600509488783276,0.10271843768514739,True,MI,11,1.0,,1.0036601958089624,0.015139962977643194
q171_1103980,Harmony,High,analitica,False,B,0.8600509488783276,0.10271843768514739,True,MI_balanced,11,1.0,,1.0014501314774724,0.015381997361663343
q171_1103980,Harmony,High,analitica,False,B,0.8600509488783276,0.10271843768514739,True,UC_audio,9,1.0,,0.9872224912075498,-0.015709460627477956
q171_1103980,Harmony,High,analitica,False,B,0.8600509488783276,0.10271843768514739,True,UC_text,6,2.0,2.0,0.7776669347509082,1.1217570394768874
q172_1103980,Instrumentation,Low,percettiva,False,D,0.7656551541574541,0.12114423711842985,True,MI,11,1.0,,1.0745005640492147,-0.1010042245324946
q172_1103980,Instrumentation,Low,percettiva,False,D,0.7656551541574541,0.12114423711842985,True,MI_balanced,11,1.0,,1.0741245111550097,-0.09423363092061034
q172_1103980,Instrumentation,Low,percettiva,False,D,0.7656551541574541,0.12114423711842985,True,UC_audio,4,1.0,,0.9095211026037888,-0.023803694538077746
q172_1103980,Instrumentation,Low,percettiva,False,D,0.7656551541574541,0.12114423711842985,True,UC_text,4,1.0,,1.4204033352684553,0.27490122896505914
q173_121123,Melody,High,analitica,True,A,0.4421946409425434,0.4421946409425434,True,MI,11,1.0,,0.896225469762057,0.011158323804482177
q173_121123,Melody,High,analitica,True,A,0.4421946409425434,0.4421946409425434,True,MI_balanced,11,1.0,,0.8933104924398088,0.00028903762172476734
q173_121123,Melody,High,analitica,True,A,0.4421946409425434,0.4421946409425434,True,UC_audio,9,1.0,,0.9508030984205814,0.1605451035598802
q173_121123,Melody,High,analitica,True,A,0.4421946409425434,0.4421946409425434,True,UC_text,8,3.0,2.0,0.9661327395219826,1.48309689213972
q174_121123,Metre and Rhythm,Medium,percettiva,False,C,0.679836560462554,0.114503159559532,True,MI,11,3.0,,0.7620561517552448,0.14266863266062849
q174_121123,Metre and Rhythm,Medium,percettiva,False,C,0.679836560462554,0.114503159559532,True,MI_balanced,11,1.0,,0.7631937611210782,0.14114390014991945
q174_121123,Metre and Rhythm,Medium,percettiva,False,C,0.679836560462554,0.114503159559532,True,UC_audio,6,1.0,,0.6113865575168606,0.029590825567354102
q174_121123,Metre and Rhythm,Medium,percettiva,False,C,0.679836560462554,0.114503159559532,True,UC_text,9,7.0,1.0,0.6735166303284605,0.6913269844133179
q175_121123,Metre and Rhythm,High,percettiva,False,D,0.5538391148558223,0.19140167650958906,True,MI,9,1.0,,0.844239575712671,0.17372049624515964
q175_121123,Metre and Rhythm,High,percettiva,False,D,0.5538391148558223,0.19140167650958906,True,MI_balanced,9,1.0,,0.8423368638135624,0.1739471427285759
q175_121123,Metre and Rhythm,High,percettiva,False,D,0.5538391148558223,0.19140167650958906,True,UC_audio,4,1.0,,0.9123634118970453,0.025501446056204413
q175_121123,Metre and Rhythm,High,percettiva,False,D,0.5538391148558223,0.19140167650958906,True,UC_text,6,1.0,3.0,1.098423105745398,0.528671438417025
q176_1076450,Metre and Rhythm,Medium,percettiva,False,D,0.646704407887223,0.06015288016991463,True,MI,6,1.0,,0.8802225544554337,0.05985223802945016
q176_1076450,Metre and Rhythm,Medium,percettiva,False,D,0.646704407887223,0.06015288016991463,True,MI_balanced,6,1.0,,0.8777376550493909,0.06192892535388551
q176_1076450,Metre and Rhythm,Medium,percettiva,False,D,0.646704407887223,0.06015288016991463,True,UC_audio,4,1.0,,0.7527997649042054,0.0797707880967209
q176_1076450,Metre and Rhythm,Medium,percettiva,False,D,0.646704407887223,0.06015288016991463,True,UC_text,5,1.0,1.0,1.1792939865019436,0.9005843305652408
q177_1076450,Instrumentation,Medium,percettiva,False,C,0.6398848662659571,0.1776896099271634,True,MI,12,1.0,,0.9762401116031931,0.010711600484181662
q177_1076450,Instrumentation,Medium,percettiva,False,C,0.6398848662659571,0.1776896099271634,True,MI_balanced,12,1.0,,0.9736789702361729,0.013709037676327375
q177_1076450,Instrumentation,Medium,percettiva,False,C,0.6398848662659571,0.1776896099271634,True,UC_audio,6,1.0,,0.9214837363549144,-0.013281286835867299
q177_1076450,Instrumentation,Medium,percettiva,False,C,0.6398848662659571,0.1776896099271634,True,UC_text,8,1.0,1.0,0.6949585164316704,1.2160469312153865
q178_1076450,Melody,Medium,analitica,False,D,0.6993792736012913,0.038242336591402186,True,MI,0,,,,
q178_1076450,Melody,Medium,analitica,False,D,0.6993792736012913,0.038242336591402186,True,MI_balanced,0,,,,
q178_1076450,Melody,Medium,analitica,False,D,0.6993792736012913,0.038242336591402186,True,UC_audio,2,1.0,,1.4470225741625202,0.04357569936208959
q178_1076450,Melody,Medium,analitica,False,D,0.6993792736012913,0.038242336591402186,True,UC_text,8,,2.0,-0.03756826709762247,1.174066681952008
q179_1407836,Metre and Rhythm,Medium,percettiva,False,D,0.4481685087477967,0.3955073208058877,True,MI,7,1.0,,0.952143421862456,0.08544357818239612
q179_1407836,Metre and Rhythm,Medium,percettiva,False,D,0.4481685087477967,0.3955073208058877,True,MI_balanced,7,1.0,,0.9538247852253453,0.10058709886361802
q179_1407836,Metre and Rhythm,Medium,percettiva,False,D,0.4481685087477967,0.3955073208058877,True,UC_audio,8,1.0,,1.0503960309668001,0.10085605465794173
q179_1407836,Metre and Rhythm,Medium,percettiva,False,D,0.4481685087477967,0.3955073208058877,True,UC_text,4,,2.0,0.414238090371201,1.3200427116028755
q17_1100505,Performance,Medium,analitica,False,B,0.6594497244559167,0.17748848550777635,True,MI,12,1.0,,0.8795844598053741,0.10154165628724687
q17_1100505,Performance,Medium,analitica,False,B,0.6594497244559167,0.17748848550777635,True,MI_balanced,12,1.0,,0.877325790836561,0.10360432613641472
q17_1100505,Performance,Medium,analitica,False,B,0.6594497244559167,0.17748848550777635,True,UC_audio,5,1.0,,0.8124435815538238,0.06664453423488251
q17_1100505,Performance,Medium,analitica,False,B,0.6594497244559167,0.17748848550777635,True,UC_text,6,4.0,1.0,0.5248373398709246,1.3603446187041406
q180_1407836,Functional Context,Low,knowledge,False,D,0.33217529511304233,0.31204981137311333,True,MI,7,,4.0,-0.28345799224444396,0.8518659849824671
q180_1407836,Functional Context,Low,knowledge,False,D,0.33217529511304233,0.31204981137311333,True,MI_balanced,7,,4.0,-0.27675901053856244,0.8412033040354921
q180_1407836,Functional Context,Low,knowledge,False,D,0.33217529511304233,0.31204981137311333,True,UC_audio,8,,,-0.5089973414964896,0.2562479107130951
q180_1407836,Functional Context,Low,knowledge,False,D,0.33217529511304233,0.31204981137311333,True,UC_text,5,,1.0,-1.7023755278272685,1.2018785190472838
q181_1407836,Functional Context,Low,knowledge,False,C,0.28320459554191557,0.24992717836346356,True,MI,11,1.0,,2.3925565248498164,-3.523261945712376
q181_1407836,Functional Context,Low,knowledge,False,C,0.28320459554191557,0.24992717836346356,True,MI_balanced,11,1.0,,2.357300206332773,-3.5797678733215554
q181_1407836,Functional Context,Low,knowledge,False,C,0.28320459554191557,0.24992717836346356,True,UC_audio,8,1.0,,4.330957577216499,-2.439178291805947
q181_1407836,Functional Context,Low,knowledge,False,C,0.28320459554191557,0.24992717836346356,True,UC_text,3,,1.0,-1.596703850727774,2.5958878107102117
q182_357330,Lyrics,Low,knowledge,False,B,0.44403334058582067,0.05140059000144176,True,MI,2,1.0,,1.5187448152744725,0.00760201654887751
q182_357330,Lyrics,Low,knowledge,False,B,0.44403334058582067,0.05140059000144176,True,MI_balanced,2,1.0,,1.521258921955288,0.0076020165488775125
q182_357330,Lyrics,Low,knowledge,False,B,0.44403334058582067,0.05140059000144176,True,UC_audio,5,1.0,,1.532162699288777,0.011305165506512971
q182_357330,Lyrics,Low,knowledge,False,B,0.44403334058582067,0.05140059000144176,True,UC_text,7,2.0,1.0,0.6979366090619725,1.5708624512647689
q183_357330,Metre and Rhythm,Medium,percettiva,True,A,0.6208540675585383,0.6208540675585383,True,MI,11,1.0,,1.1127373178939628,-0.1858755473195192
q183_357330,Metre and Rhythm,Medium,percettiva,True,A,0.6208540675585383,0.6208540675585383,True,MI_balanced,11,1.0,,1.1241763455329414,-0.19182476102328158
q183_357330,Metre and Rhythm,Medium,percettiva,True,A,0.6208540675585383,0.6208540675585383,True,UC_audio,7,1.0,,1.1751528044874535,-0.11145893434017284
q183_357330,Metre and Rhythm,Medium,percettiva,True,A,0.6208540675585383,0.6208540675585383,True,UC_text,5,1.0,2.0,1.150791009232048,0.6518597920022707
q184_357330,Lyrics,Low,knowledge,False,B,0.9175019191374377,0.05176191626504113,True,MI,4,1.0,,0.9973018730810548,0.0012051726373434924
q184_357330,Lyrics,Low,knowledge,False,B,0.9175019191374377,0.05176191626504113,True,MI_balanced,4,1.0,,0.9954622978295192,0.0008343089570175004
q184_357330,Lyrics,Low,knowledge,False,B,0.9175019191374377,0.05176191626504113,True,UC_audio,6,1.0,,1.0029305609293917,0.015136411291830968
q184_357330,Lyrics,Low,knowledge,False,B,0.9175019191374377,0.05176191626504113,True,UC_text,8,1.0,1.0,0.996323458559839,1.23176406485684
q185_661634,Harmony,High,analitica,False,C,0.6615970701619031,0.2757946908810747,True,MI,14,1.0,,0.8388299920977463,0.026828457566743794
q185_661634,Harmony,High,analitica,False,C,0.6615970701619031,0.2757946908810747,True,MI_balanced,14,1.0,,0.8392866168975935,0.033131325799105694
q185_661634,Harmony,High,analitica,False,C,0.6615970701619031,0.2757946908810747,True,UC_audio,7,1.0,,0.8342025767333219,-0.009213418197303761
q185_661634,Harmony,High,analitica,False,C,0.6615970701619031,0.2757946908810747,True,UC_text,4,1.0,,1.1612660351642854,0.1508321769838696
q186_661634,Harmony,Medium,analitica,False,B,0.5987807038116398,0.16115964012039377,True,MI,6,1.0,,1.1992685432688763,-0.025969997039098927
q186_661634,Harmony,Medium,analitica,False,B,0.5987807038116398,0.16115964012039377,True,MI_balanced,6,1.0,,1.2015591300965256,-0.02367097333479936
q186_661634,Harmony,Medium,analitica,False,B,0.5987807038116398,0.16115964012039377,True,UC_audio,6,1.0,,1.0716247824303045,0.055137360328418844
q186_661634,Harmony,Medium,analitica,False,B,0.5987807038116398,0.16115964012039377,True,UC_text,7,3.0,2.0,0.9612589994750493,0.9141218819714433
q187_661634,Harmony,High,analitica,False,B,0.5378197652429535,0.36963775857335945,True,MI,10,1.0,,1.1139828441003314,-0.2195056432149368
q187_661634,Harmony,High,analitica,False,B,0.5378197652429535,0.36963775857335945,True,MI_balanced,10,1.0,,1.1060750878264949,-0.20576021750691142
q187_661634,Harmony,High,analitica,False,B,0.5378197652429535,0.36963775857335945,True,UC_audio,7,1.0,,1.120490413711352,-0.22963651111903768
q187_661634,Harmony,High,analitica,False,B,0.5378197652429535,0.36963775857335945,True,UC_text,5,1.0,2.0,1.9563196499591082,0.885015829990323
q188_312915,Instrumentation,Medium,percettiva,True,A,0.9112929199339675,0.9112929199339675,True,MI,13,1.0,,0.9163184684674803,0.05276469160834116
q188_312915,Instrumentation,Medium,percettiva,True,A,0.9112929199339675,0.9112929199339675,True,MI_balanced,13,1.0,,0.9171597076882427,0.05262432523513045
q188_312915,Instrumentation,Medium,percettiva,True,A,0.9112929199339675,0.9112929199339675,True,UC_audio,9,1.0,,0.9074097656468338,0.010148862619148725
q188_312915,Instrumentation,Medium,percettiva,True,A,0.9112929199339675,0.9112929199339675,True,UC_text,5,1.0,1.0,1.0019798333493037,1.0568745629915073
q189_312915,Instrumentation,Medium,percettiva,True,A,0.8745683877608548,0.8745683877608548,True,MI,7,1.0,,0.9626984659812293,0.06417780884769192
q189_312915,Instrumentation,Medium,percettiva,True,A,0.8745683877608548,0.8745683877608548,True,MI_balanced,7,1.0,,0.9628690422953509,0.06330186231380054
q189_312915,Instrumentation,Medium,percettiva,True,A,0.8745683877608548,0.8745683877608548,True,UC_audio,7,1.0,,0.9986333028159894,0.031095386404430155
q189_312915,Instrumentation,Medium,percettiva,True,A,0.8745683877608548,0.8745683877608548,True,UC_text,6,3.0,1.0,0.7425979492315141,1.1379968510599108
q18_1100505,Sound Texture,Medium,percettiva,False,B,0.5177002119062177,0.3787575661395772,True,MI,8,1.0,,1.0341165225837545,0.09359768574407101
q18_1100505,Sound Texture,Medium,percettiva,False,B,0.5177002119062177,0.3787575661395772,True,MI_balanced,8,1.0,,1.0379016143596667,0.09469826722555177
q18_1100505,Sound Texture,Medium,percettiva,False,B,0.5177002119062177,0.3787575661395772,True,UC_audio,4,1.0,,1.1503929943536848,0.10863669757871362
q18_1100505,Sound Texture,Medium,percettiva,False,B,0.5177002119062177,0.3787575661395772,True,UC_text,4,1.0,1.0,1.5077830864515631,0.884091583203067
q190_312915,Metre and Rhythm,Low,percettiva,False,C,0.6274160049924786,0.35749086360600535,True,MI,9,1.0,,1.0984300332494756,0.009386261071224535
q190_312915,Metre and Rhythm,Low,percettiva,False,C,0.6274160049924786,0.35749086360600535,True,MI_balanced,9,1.0,,1.106073542727461,0.006880416062689739
q190_312915,Metre and Rhythm,Low,percettiva,False,C,0.6274160049924786,0.35749086360600535,True,UC_audio,5,1.0,,1.3254606265251223,-0.07313493829788092
q190_312915,Metre and Rhythm,Low,percettiva,False,C,0.6274160049924786,0.35749086360600535,True,UC_text,8,2.0,1.0,1.2075292419234034,1.3712196191501422
q191_1381590,Instrumentation,Low,percettiva,False,C,0.703752957199392,0.04641753890740197,True,MI,12,1.0,,0.8809759742556694,-0.0007334776923072791
q191_1381590,Instrumentation,Low,percettiva,False,C,0.703752957199392,0.04641753890740197,True,MI_balanced,12,1.0,,0.8849813160866377,-0.007178568344545044
q191_1381590,Instrumentation,Low,percettiva,False,C,0.703752957199392,0.04641753890740197,True,UC_audio,6,1.0,,0.9478918725908011,-0.023213066616551915
q191_1381590,Instrumentation,Low,percettiva,False,C,0.703752957199392,0.04641753890740197,True,UC_text,7,1.0,1.0,1.0466774689526195,1.4586894400178365
q192_1381590,Musical Texture,Medium,percettiva,False,C,0.9570212233701635,0.034859495513059266,True,MI,3,1.0,,0.9576016757483935,-0.00038843766616186286
q192_1381590,Musical Texture,Medium,percettiva,False,C,0.9570212233701635,0.034859495513059266,True,MI_balanced,3,1.0,,0.956985501366862,-0.0007762444761656228
q192_1381590,Musical Texture,Medium,percettiva,False,C,0.9570212233701635,0.034859495513059266,True,UC_audio,4,1.0,,0.9746988736307374,-0.0002310742070002489
q192_1381590,Musical Texture,Medium,percettiva,False,C,0.9570212233701635,0.034859495513059266,True,UC_text,7,1.0,2.0,0.8579144925130674,0.5641955026482643
q193_1381590,Instrumentation,Medium,percettiva,True,A,0.49823399470895036,0.49823399470895036,True,MI,10,1.0,6.0,0.7521365152808982,0.3666077800644096
q193_1381590,Instrumentation,Medium,percettiva,True,A,0.49823399470895036,0.49823399470895036,True,MI_balanced,10,1.0,6.0,0.7602360824110401,0.3732014629747926
q193_1381590,Instrumentation,Medium,percettiva,True,A,0.49823399470895036,0.49823399470895036,True,UC_audio,10,1.0,8.0,0.8128050633554168,0.41668604264915426
q193_1381590,Instrumentation,Medium,percettiva,True,A,0.49823399470895036,0.49823399470895036,True,UC_text,3,1.0,1.0,0.6241619180566265,1.296966374853258
q194_1268901,Performance,Low,analitica,False,B,0.6858784626855604,0.08451680953037966,True,MI,5,1.0,,0.9161237132219349,-0.017820574369659076
q194_1268901,Performance,Low,analitica,False,B,0.6858784626855604,0.08451680953037966,True,MI_balanced,5,1.0,,0.9197636784396128,-0.020374480268276318
q194_1268901,Performance,Low,analitica,False,B,0.6858784626855604,0.08451680953037966,True,UC_audio,7,1.0,,0.8950922554319871,0.09993736338735472
q194_1268901,Performance,Low,analitica,False,B,0.6858784626855604,0.08451680953037966,True,UC_text,7,1.0,6.0,0.894187082603994,0.3716689372970882
q195_1268901,Melody,High,analitica,False,C,0.45478009730004204,0.31256548508183407,True,MI,10,1.0,,1.1761751530733524,-0.12514619676623717
q195_1268901,Melody,High,analitica,False,C,0.45478009730004204,0.31256548508183407,True,MI_balanced,10,1.0,,1.1776791473034152,-0.12072473319858675
q195_1268901,Melody,High,analitica,False,C,0.45478009730004204,0.31256548508183407,True,UC_audio,6,1.0,,1.0337903874964909,0.09653947979462492
q195_1268901,Melody,High,analitica,False,C,0.45478009730004204,0.31256548508183407,True,UC_text,6,1.0,2.0,1.0503749363631771,0.9944675840588197
q196_1268901,Harmony,High,analitica,True,A,0.5685839533461396,0.5685839533461396,True,MI,5,1.0,,0.9923350374289489,0.036464058644994836
q196_1268901,Harmony,High,analitica,True,A,0.5685839533461396,0.5685839533461396,True,MI_balanced,5,1.0,,0.99473092530897,0.03746833630220346
q196_1268901,Harmony,High,analitica,True,A,0.5685839533461396,0.5685839533461396,True,UC_audio,5,1.0,,0.9241092623114151,0.13298547262866292
q196_1268901,Harmony,High,analitica,True,A,0.5685839533461396,0.5685839533461396,True,UC_text,8,3.0,2.0,0.6289993821167553,0.8833503031486498
q197_1078326,Metre and Rhythm,Medium,percettiva,False,D,0.9208576985810246,0.05705727094366445,True,MI,11,1.0,,0.9133111643135098,0.018256855954676375
q197_1078326,Metre and Rhythm,Medium,percettiva,False,D,0.9208576985810246,0.05705727094366445,True,MI_balanced,11,1.0,,0.9134202405354098,0.018755955324514188
q197_1078326,Metre and Rhythm,Medium,percettiva,False,D,0.9208576985810246,0.05705727094366445,True,UC_audio,5,1.0,,0.8498616562475068,-0.014757231809637372
q197_1078326,Metre and Rhythm,Medium,percettiva,False,D,0.9208576985810246,0.05705727094366445,True,UC_text,8,1.0,3.0,0.7119687501794646,0.9876905436232462
q198_1078326,Instrumentation,Medium,percettiva,False,D,0.5089122403351547,0.10339179282317579,True,MI,10,1.0,,1.0598293558320544,-0.19720427560839987
q198_1078326,Instrumentation,Medium,percettiva,False,D,0.5089122403351547,0.10339179282317579,True,MI_balanced,10,1.0,,1.0598293558320544,-0.19742772716592316
q198_1078326,Instrumentation,Medium,percettiva,False,D,0.5089122403351547,0.10339179282317579,True,UC_audio,6,1.0,,1.0692073623760951,-0.2873937939419706
q198_1078326,Instrumentation,Medium,percettiva,False,D,0.5089122403351547,0.10339179282317579,True,UC_text,9,8.0,1.0,0.41092236111529895,1.5544983796537781
q199_1078326,Sound Texture,Medium,percettiva,True,A,0.4566947682703732,0.4566947682703732,True,MI,8,1.0,,0.8330600137978722,0.2955544372787638
q199_1078326,Sound Texture,Medium,percettiva,True,A,0.4566947682703732,0.4566947682703732,True,MI_balanced,8,1.0,,0.842760641692082,0.3031170974211977
q199_1078326,Sound Texture,Medium,percettiva,True,A,0.4566947682703732,0.4566947682703732,True,UC_audio,7,1.0,,0.6847753476249014,0.14421859638041873
q199_1078326,Sound Texture,Medium,percettiva,True,A,0.4566947682703732,0.4566947682703732,True,UC_text,4,2.0,1.0,0.8981636714197297,1.212580289486665
q19_435883,Metre and Rhythm,Medium,percettiva,False,C,0.4217296296521815,0.28985025300843165,True,MI,4,1.0,,1.1118052748268865,-0.12371053244141782
q19_435883,Metre and Rhythm,Medium,percettiva,False,C,0.4217296296521815,0.28985025300843165,True,MI_balanced,4,1.0,,1.141243894597146,-0.11940608882575726
q19_435883,Metre and Rhythm,Medium,percettiva,False,C,0.4217296296521815,0.28985025300843165,True,UC_audio,6,1.0,,1.1804322319946363,-0.14984236517064725
q19_435883,Metre and Rhythm,Medium,percettiva,False,C,0.4217296296521815,0.28985025300843165,True,UC_text,7,7.0,1.0,0.5611614094066523,1.4867020204930634
q1_1204663,Melody,Low,analitica,True,A,0.6835670221425622,0.6835670221425622,True,MI,9,1.0,,1.19647460294708,-0.16201394538673156
q1_1204663,Melody,Low,analitica,True,A,0.6835670221425622,0.6835670221425622,True,MI_balanced,9,1.0,,1.1965694429306066,-0.16066667946235869
q1_1204663,Melody,Low,analitica,True,A,0.6835670221425622,0.6835670221425622,True,UC_audio,5,1.0,,1.1612224321742772,-0.15896866642465715
q1_1204663,Melody,Low,analitica,True,A,0.6835670221425622,0.6835670221425622,True,UC_text,5,1.0,1.0,1.4718861696547196,1.1178311339957807
q200_1121398,Instrumentation,Medium,percettiva,True,A,0.8460841915131256,0.8460841915131256,True,MI,7,1.0,,1.0141836074772712,0.10367085292639201
q200_1121398,Instrumentation,Medium,percettiva,True,A,0.8460841915131256,0.8460841915131256,True,MI_balanced,7,1.0,,1.0096919621076972,0.10700647766224293
q200_1121398,Instrumentation,Medium,percettiva,True,A,0.8460841915131256,0.8460841915131256,True,UC_audio,6,1.0,,0.9106577130257837,0.12493854545504539
q200_1121398,Instrumentation,Medium,percettiva,True,A,0.8460841915131256,0.8460841915131256,True,UC_text,6,2.0,1.0,1.0533175632543803,1.1791176933364271
q201_1121398,Performance,Low,analitica,True,A,0.6136526799552088,0.6136526799552088,True,MI,6,1.0,,0.7888182874581066,0.0603090519287255
q201_1121398,Performance,Low,analitica,True,A,0.6136526799552088,0.6136526799552088,True,MI_balanced,6,1.0,,0.7890740560146434,0.05723099042785803
q201_1121398,Performance,Low,analitica,True,A,0.6136526799552088,0.6136526799552088,True,UC_audio,6,1.0,,0.8375550224673228,0.059545499617608924
q201_1121398,Performance,Low,analitica,True,A,0.6136526799552088,0.6136526799552088,True,UC_text,9,4.0,3.0,0.7916399116502479,0.9045658881516648
q202_1121398,Sound Texture,Medium,percettiva,False,C,0.6350376004911613,0.33991113320217087,True,MI,13,1.0,,0.6099440637259256,0.2727382880750639
q202_1121398,Sound Texture,Medium,percettiva,False,C,0.6350376004911613,0.33991113320217087,True,MI_balanced,13,1.0,,0.6061115531550089,0.2727579597122247
q202_1121398,Sound Texture,Medium,percettiva,False,C,0.6350376004911613,0.33991113320217087,True,UC_audio,7,1.0,,0.43171886413617633,0.027124742512623
q202_1121398,Sound Texture,Medium,percettiva,False,C,0.6350376004911613,0.33991113320217087,True,UC_text,7,6.0,2.0,0.7758990585521749,1.3622054865019406
q203_962064,Sound Texture,Low,percettiva,False,B,0.46141703839487924,0.35935195082442045,True,MI,9,1.0,4.0,0.01755009666573195,0.803268983576534
q203_962064,Sound Texture,Low,percettiva,False,B,0.46141703839487924,0.35935195082442045,True,MI_balanced,9,1.0,4.0,0.017296581251593935,0.8145697620258548
q203_962064,Sound Texture,Low,percettiva,False,B,0.46141703839487924,0.35935195082442045,True,UC_audio,8,1.0,4.0,-0.050746789376072424,1.0965057267604348
q203_962064,Sound Texture,Low,percettiva,False,B,0.46141703839487924,0.35935195082442045,True,UC_text,7,7.0,1.0,0.27998385417400456,1.6700607832585392
q204_962064,Melody,High,analitica,False,C,0.6488787451563384,0.1277718007131299,True,MI,10,1.0,,0.9773853185000496,-0.0067273143911134444
q204_962064,Melody,High,analitica,False,C,0.6488787451563384,0.1277718007131299,True,MI_balanced,10,1.0,,0.9758685163876752,-0.010545247911873702
q204_962064,Melody,High,analitica,False,C,0.6488787451563384,0.1277718007131299,True,UC_audio,6,1.0,,1.0462267098118172,-0.00543088144250061
q204_962064,Melody,High,analitica,False,C,0.6488787451563384,0.1277718007131299,True,UC_text,4,1.0,3.0,1.1148285403138514,0.6810494345115854
q205_1221864,Musical Texture,Medium,percettiva,True,A,0.38335321050531806,0.38335321050531806,True,MI,7,1.0,6.0,0.8375907524518996,0.3787610050931901
q205_1221864,Musical Texture,Medium,percettiva,True,A,0.38335321050531806,0.38335321050531806,True,MI_balanced,7,1.0,6.0,0.8505257788327875,0.3751310736579756
q205_1221864,Musical Texture,Medium,percettiva,True,A,0.38335321050531806,0.38335321050531806,True,UC_audio,7,1.0,,1.094187103745233,-0.19472457564054999
q205_1221864,Musical Texture,Medium,percettiva,True,A,0.38335321050531806,0.38335321050531806,True,UC_text,4,1.0,1.0,1.965710436779678,1.5373973165935708
q206_1221864,Harmony,High,analitica,True,A,0.48381269090084544,0.48381269090084544,True,MI,8,1.0,,0.9448736662766923,0.06030597140481301
q206_1221864,Harmony,High,analitica,True,A,0.48381269090084544,0.48381269090084544,True,MI_balanced,8,1.0,,0.9575256406223873,0.06643083537991708
q206_1221864,Harmony,High,analitica,True,A,0.48381269090084544,0.48381269090084544,True,UC_audio,7,1.0,,1.0158458761124405,-0.008032403399549576
q206_1221864,Harmony,High,analitica,True,A,0.48381269090084544,0.48381269090084544,True,UC_text,8,3.0,1.0,0.7929033770597765,1.496519316706938
q207_1221864,Instrumentation,Medium,percettiva,False,C,0.6032714592273293,0.03298712311127216,True,MI,9,1.0,,1.0073986680873728,-0.0064378674822495345
q207_1221864,Instrumentation,Medium,percettiva,False,C,0.6032714592273293,0.03298712311127216,True,MI_balanced,9,1.0,,1.005630518422717,-0.006006668466399138
q207_1221864,Instrumentation,Medium,percettiva,False,C,0.6032714592273293,0.03298712311127216,True,UC_audio,6,1.0,,1.0988762462714976,-0.03745897678487163
q207_1221864,Instrumentation,Medium,percettiva,False,C,0.6032714592273293,0.03298712311127216,True,UC_text,8,2.0,1.0,1.2161994406919308,1.3119262377729968
q208_1374348,Performance,High,analitica,True,A,0.6352134411508643,0.6352134411508643,True,MI,16,1.0,,0.9659571497431596,-0.02677675216197661
q208_1374348,Performance,High,analitica,True,A,0.6352134411508643,0.6352134411508643,True,MI_balanced,16,1.0,,0.9629458800951032,-0.03063376241809874
q208_1374348,Performance,High,analitica,True,A,0.6352134411508643,0.6352134411508643,True,UC_audio,8,1.0,,0.9311763352278867,-0.0343382510823851
q208_1374348,Performance,High,analitica,True,A,0.6352134411508643,0.6352134411508643,True,UC_text,10,5.0,1.0,0.9845183455477131,0.8814396254088539
q209_1374348,Instrumentation,Low,percettiva,True,A,0.5664613903929024,0.5664613903929024,True,MI,9,1.0,,0.9989945104827653,-0.05089777727931111
q209_1374348,Instrumentation,Low,percettiva,True,A,0.5664613903929024,0.5664613903929024,True,MI_balanced,9,1.0,,1.0056797529896842,-0.04875208062680818
q209_1374348,Instrumentation,Low,percettiva,True,A,0.5664613903929024,0.5664613903929024,True,UC_audio,7,1.0,,1.0597014175692019,-0.15571981581774794
q209_1374348,Instrumentation,Low,percettiva,True,A,0.5664613903929024,0.5664613903929024,True,UC_text,6,1.0,2.0,0.9269128597138001,0.5566432450767962
q20_435883,Melody,High,analitica,False,C,0.4656894790376773,0.2341633755889807,True,MI,7,1.0,,1.0128447847011615,0.1648659267777998
q20_435883,Melody,High,analitica,False,C,0.4656894790376773,0.2341633755889807,True,MI_balanced,7,1.0,,1.0146677672312054,0.1620263917889681
q20_435883,Melody,High,analitica,False,C,0.4656894790376773,0.2341633755889807,True,UC_audio,6,1.0,,0.9355255008869462,0.021342306648696983
q20_435883,Melody,High,analitica,False,C,0.4656894790376773,0.2341633755889807,True,UC_text,7,1.0,3.0,1.4993752376375113,1.2219961951779938
q210_1374348,Mood and Expression,Low,knowledge,True,A,0.901383718811022,0.901383718811022,True,MI,10,1.0,,0.7433902112633839,0.30072413798475
q210_1374348,Mood and Expression,Low,knowledge,True,A,0.901383718811022,0.901383718811022,True,MI_balanced,10,1.0,,0.7418791412866533,0.29583114982461234
q210_1374348,Mood and Expression,Low,knowledge,True,A,0.901383718811022,0.901383718811022,True,UC_audio,9,1.0,,0.752201364550659,0.23071585284788965
q210_1374348,Mood and Expression,Low,knowledge,True,A,0.901383718811022,0.901383718811022,True,UC_text,4,1.0,2.0,1.1033400887809255,0.45057985637234077
q211_336086,Instrumentation,Medium,percettiva,False,D,0.8456254434564713,0.08638607754823212,True,MI,10,1.0,,0.981741491816001,0.14071600041318716
q211_336086,Instrumentation,Medium,percettiva,False,D,0.8456254434564713,0.08638607754823212,True,MI_balanced,10,1.0,,0.9809970082673971,0.13794589377808375
q211_336086,Instrumentation,Medium,percettiva,False,D,0.8456254434564713,0.08638607754823212,True,UC_audio,5,1.0,,0.9578056027021552,-0.02260693578499147
q211_336086,Instrumentation,Medium,percettiva,False,D,0.8456254434564713,0.08638607754823212,True,UC_text,6,2.0,1.0,0.9836576780939175,1.1220382375475941
q212_336086,Instrumentation,Medium,percettiva,False,C,0.5675037444232277,0.17857297611302006,True,MI,6,1.0,,1.133328734651451,0.03335670466695394
q212_336086,Instrumentation,Medium,percettiva,False,C,0.5675037444232277,0.17857297611302006,True,MI_balanced,6,1.0,,1.1361522615426518,0.03904690507039486
q212_336086,Instrumentation,Medium,percettiva,False,C,0.5675037444232277,0.17857297611302006,True,UC_audio,5,1.0,,1.0169706922357695,-0.0253783316300725
q212_336086,Instrumentation,Medium,percettiva,False,C,0.5675037444232277,0.17857297611302006,True,UC_text,7,4.0,2.0,0.8734648284062151,1.081584187823691
q213_336086,Instrumentation,Low,percettiva,False,B,0.5947655432263614,0.2990668966232552,True,MI,11,1.0,,1.1042408631629188,-0.061769136962985256
q213_336086,Instrumentation,Low,percettiva,False,B,0.5947655432263614,0.2990668966232552,True,MI_balanced,11,1.0,,1.1030123201228317,-0.06117437299672797
q213_336086,Instrumentation,Low,percettiva,False,B,0.5947655432263614,0.2990668966232552,True,UC_audio,5,1.0,,1.1177175575133294,-0.22475224318708104
q213_336086,Instrumentation,Low,percettiva,False,B,0.5947655432263614,0.2990668966232552,True,UC_text,7,1.0,1.0,1.2201236413145906,0.9178727485706127
q214_1298301,Genre and Style,Low,knowledge,False,C,0.4278253006444309,0.07205753781462343,True,MI,5,1.0,,1.5045423302826204,-0.15832539328258122
q214_1298301,Genre and Style,Low,knowledge,False,C,0.4278253006444309,0.07205753781462343,True,MI_balanced,5,1.0,,1.504082792068535,-0.13655697733258834
q214_1298301,Genre and Style,Low,knowledge,False,C,0.4278253006444309,0.07205753781462343,True,UC_audio,6,1.0,,1.494930616127632,-0.2458797761144844
q214_1298301,Genre and Style,Low,knowledge,False,C,0.4278253006444309,0.07205753781462343,True,UC_text,4,1.0,1.0,1.000556701493081,0.964560358151649
q215_1298301,Performance,Medium,analitica,False,B,0.865556268029467,0.026967228907909296,True,MI,14,1.0,,0.8985659837220995,0.08535414217000445
q215_1298301,Performance,Medium,analitica,False,B,0.865556268029467,0.026967228907909296,True,MI_balanced,14,1.0,,0.8972265827208189,0.0869829389953451
q215_1298301,Performance,Medium,analitica,False,B,0.865556268029467,0.026967228907909296,True,UC_audio,9,1.0,,0.9152721730460557,0.05151796076467401
q215_1298301,Performance,Medium,analitica,False,B,0.865556268029467,0.026967228907909296,True,UC_text,7,3.0,2.0,1.0304300261123631,0.43036878235856846
q216_1298301,Metre and Rhythm,Medium,percettiva,True,A,0.7798546556160705,0.7798546556160705,True,MI,13,1.0,,0.9984966840325871,-0.01319799355309947
q216_1298301,Metre and Rhythm,Medium,percettiva,True,A,0.7798546556160705,0.7798546556160705,True,MI_balanced,13,1.0,,0.9992351968415469,-0.012014405722766857
q216_1298301,Metre and Rhythm,Medium,percettiva,True,A,0.7798546556160705,0.7798546556160705,True,UC_audio,7,1.0,,0.9858683575802087,-0.02256684559979481
q216_1298301,Metre and Rhythm,Medium,percettiva,True,A,0.7798546556160705,0.7798546556160705,True,UC_text,6,2.0,1.0,1.0887118928649813,0.860089837756013
q217_770629,Metre and Rhythm,Medium,percettiva,True,A,0.5157701988281916,0.5157701988281916,True,MI,2,2.0,,0.8993516266553956,-0.08849857585768725
q217_770629,Metre and Rhythm,Medium,percettiva,True,A,0.5157701988281916,0.5157701988281916,True,MI_balanced,2,2.0,,0.9004921144719744,-0.09138874606911242
q217_770629,Metre and Rhythm,Medium,percettiva,True,A,0.5157701988281916,0.5157701988281916,True,UC_audio,5,1.0,,0.9639329682929917,-0.03487629622793294
q217_770629,Metre and Rhythm,Medium,percettiva,True,A,0.5157701988281916,0.5157701988281916,True,UC_text,9,4.0,1.0,1.2326199511613012,1.2361493022136825
q218_770629,Functional Context,Low,knowledge,False,C,0.6563513015447311,0.14194592372758494,True,MI,8,1.0,,0.7867647062429818,0.0597145920331988
q218_770629,Functional Context,Low,knowledge,False,C,0.6563513015447311,0.14194592372758494,True,MI_balanced,8,1.0,,0.7808542819392923,0.05772339241955416
q218_770629,Functional Context,Low,knowledge,False,C,0.6563513015447311,0.14194592372758494,True,UC_audio,6,1.0,,0.6624592280826807,0.024799585892455754
q218_770629,Functional Context,Low,knowledge,False,C,0.6563513015447311,0.14194592372758494,True,UC_text,8,4.0,2.0,0.8104606816937997,0.7972218703249462
q219_1133179,Structure,Medium,analitica,False,C,0.28937433699260007,0.27184203221383735,True,MI,12,,9.0,-1.4828348095680894,1.0767631075381907
q219_1133179,Structure,Medium,analitica,False,C,0.28937433699260007,0.27184203221383735,True,MI_balanced,12,,9.0,-1.4697979302133506,1.1119632955628218
q219_1133179,Structure,Medium,analitica,False,C,0.28937433699260007,0.27184203221383735,True,UC_audio,7,,6.0,-1.895024526175142,2.049622011450742
q219_1133179,Structure,Medium,analitica,False,C,0.28937433699260007,0.27184203221383735,True,UC_text,8,1.0,8.0,2.833514764429638,0.969699554898945
q21_435883,Performance,Medium,analitica,True,A,0.8304362383967728,0.8304362383967728,True,MI,11,1.0,,1.0261669365549848,0.06543073961806437
q21_435883,Performance,Medium,analitica,True,A,0.8304362383967728,0.8304362383967728,True,MI_balanced,11,1.0,,1.0291397984561435,0.06501494543397897
q21_435883,Performance,Medium,analitica,True,A,0.8304362383967728,0.8304362383967728,True,UC_audio,9,1.0,,0.9877551591462909,-0.02606388758509396
q21_435883,Performance,Medium,analitica,True,A,0.8304362383967728,0.8304362383967728,True,UC_text,4,1.0,,1.1425233471504193,0.3825417018286272
q220_1133179,Instrumentation,Medium,percettiva,False,C,0.5869749152238324,0.19661196884961582,True,MI,7,1.0,,1.1580883666591393,-0.018625429976724943
q220_1133179,Instrumentation,Medium,percettiva,False,C,0.5869749152238324,0.19661196884961582,True,MI_balanced,7,1.0,,1.154318855612275,-0.009866966653618378
q220_1133179,Instrumentation,Medium,percettiva,False,C,0.5869749152238324,0.19661196884961582,True,UC_audio,4,1.0,,1.2096547369673267,-0.07949689086539563
q220_1133179,Instrumentation,Medium,percettiva,False,C,0.5869749152238324,0.19661196884961582,True,UC_text,8,4.0,1.0,1.066260049128964,1.4070137908916065
q221_1133179,Performance,Low,analitica,False,D,0.6823015723052469,0.22151088893137988,True,MI,7,1.0,,0.7821478051785697,0.00635966663474593
q221_1133179,Performance,Low,analitica,False,D,0.6823015723052469,0.22151088893137988,True,MI_balanced,7,1.0,,0.7751260243233263,0.00887020371298186
q221_1133179,Performance,Low,analitica,False,D,0.6823015723052469,0.22151088893137988,True,UC_audio,3,1.0,,0.7651478601632246,0.011188242626850621
q221_1133179,Performance,Low,analitica,False,D,0.6823015723052469,0.22151088893137988,True,UC_text,7,1.0,2.0,0.9406656091313772,0.4452243718467815
q222_1227366,Harmony,High,analitica,True,A,0.34478590299209716,0.34478590299209716,True,MI,14,1.0,4.0,0.5388050547302861,0.6006240625911811
q222_1227366,Harmony,High,analitica,True,A,0.34478590299209716,0.34478590299209716,True,MI_balanced,14,1.0,4.0,0.5234698408557713,0.6250145113067515
q222_1227366,Harmony,High,analitica,True,A,0.34478590299209716,0.34478590299209716,True,UC_audio,10,1.0,,0.61036915547666,0.28497885925138805
q222_1227366,Harmony,High,analitica,True,A,0.34478590299209716,0.34478590299209716,True,UC_text,5,1.0,1.0,1.163601177088933,1.106585127135813
q223_1227366,Performance,High,analitica,True,A,0.8990244992319129,0.8990244992319129,True,MI,13,1.0,,0.9400228491269756,0.020902602403708594
q223_1227366,Performance,High,analitica,True,A,0.8990244992319129,0.8990244992319129,True,MI_balanced,13,1.0,,0.9439071362296437,0.020320091365728675
q223_1227366,Performance,High,analitica,True,A,0.8990244992319129,0.8990244992319129,True,UC_audio,9,1.0,,0.9705660471470801,-0.005904730358127151
q223_1227366,Performance,High,analitica,True,A,0.8990244992319129,0.8990244992319129,True,UC_text,7,1.0,2.0,1.0125220736612026,0.8132324662856455
q224_1227366,Instrumentation,Low,percettiva,True,A,0.8214202085534147,0.8214202085534147,True,MI,10,1.0,,0.9558141439939369,0.09594360253275706
q224_1227366,Instrumentation,Low,percettiva,True,A,0.8214202085534147,0.8214202085534147,True,MI_balanced,10,1.0,,0.9530779776595508,0.09590265574925588
q224_1227366,Instrumentation,Low,percettiva,True,A,0.8214202085534147,0.8214202085534147,True,UC_audio,8,1.0,,1.0048904638082323,0.02677013657102152
q224_1227366,Instrumentation,Low,percettiva,True,A,0.8214202085534147,0.8214202085534147,True,UC_text,3,1.0,,1.1000451552792236,0.35230130815917693
q225_26435,Metre and Rhythm,High,percettiva,False,B,0.8679311178856747,0.02386379255173146,True,MI,9,1.0,,0.963947490411499,0.0442610395879616
q225_26435,Metre and Rhythm,High,percettiva,False,B,0.8679311178856747,0.02386379255173146,True,MI_balanced,9,1.0,,0.9638455281591988,0.0441689113616179
q225_26435,Metre and Rhythm,High,percettiva,False,B,0.8679311178856747,0.02386379255173146,True,UC_audio,8,1.0,,0.9617118959345138,0.060426190733492466
q225_26435,Metre and Rhythm,High,percettiva,False,B,0.8679311178856747,0.02386379255173146,True,UC_text,3,1.0,1.0,1.0078628767877558,1.1111130071631834
q226_26435,Functional Context,Low,knowledge,True,A,0.9817588982879732,0.9817588982879732,True,MI,9,1.0,,0.8485143869291483,0.06135591893717001
q226_26435,Functional Context,Low,knowledge,True,A,0.9817588982879732,0.9817588982879732,True,MI_balanced,9,1.0,,0.8491642830469373,0.06105869689324682
q226_26435,Functional Context,Low,knowledge,True,A,0.9817588982879732,0.9817588982879732,True,UC_audio,8,1.0,,0.8273614136384152,0.049094623489572706
q226_26435,Functional Context,Low,knowledge,True,A,0.9817588982879732,0.9817588982879732,True,UC_text,6,1.0,,1.0021474508513857,0.23031197553944155
q227_26435,Functional Context,Medium,knowledge,False,C,0.7140562173575318,0.1805416853785445,True,MI,13,7.0,,0.5688460232133361,-0.049297442881396654
q227_26435,Functional Context,Medium,knowledge,False,C,0.7140562173575318,0.1805416853785445,True,MI_balanced,13,7.0,,0.5684507007412528,-0.04994899291899119
q227_26435,Functional Context,Medium,knowledge,False,C,0.7140562173575318,0.1805416853785445,True,UC_audio,10,4.0,,0.6304737570798122,-0.15303871250451034
q227_26435,Functional Context,Medium,knowledge,False,C,0.7140562173575318,0.1805416853785445,True,UC_text,5,1.0,,1.1462237696087583,0.35312967150868124
q228_7360,Instrumentation,Low,percettiva,False,C,0.8501907614246532,0.059692760566944246,True,MI,7,1.0,,1.0458840436954562,0.0004359189070958158
q228_7360,Instrumentation,Low,percettiva,False,C,0.8501907614246532,0.059692760566944246,True,MI_balanced,7,1.0,,1.0473323086558326,0.0007094620705243582
q228_7360,Instrumentation,Low,percettiva,False,C,0.8501907614246532,0.059692760566944246,True,UC_audio,5,1.0,,1.0374509713804676,-0.005796615342350767
q228_7360,Instrumentation,Low,percettiva,False,C,0.8501907614246532,0.059692760566944246,True,UC_text,5,1.0,2.0,1.004266941409409,0.7633848081924032
q229_7360,Instrumentation,Medium,percettiva,True,A,0.9934492067737722,0.9934492067737722,True,MI,9,1.0,,1.0000635541844618,0.003310087976343099
q229_7360,Instrumentation,Medium,percettiva,True,A,0.9934492067737722,0.9934492067737722,True,MI_balanced,9,1.0,,1.000104350884247,0.003256457116400016
q229_7360,Instrumentation,Medium,percettiva,True,A,0.9934492067737722,0.9934492067737722,True,UC_audio,7,1.0,,1.0001984394950603,0.00014175621690999438
q229_7360,Instrumentation,Medium,percettiva,True,A,0.9934492067737722,0.9934492067737722,True,UC_text,4,1.0,,1.0006534883995417,0.3377273174219161
q22_1215874,Melody,Medium,analitica,True,A,0.5270617818917978,0.5270617818917978,True,MI,12,1.0,,0.8513293541029032,0.037957452361808926
q22_1215874,Melody,Medium,analitica,True,A,0.5270617818917978,0.5270617818917978,True,MI_balanced,12,1.0,,0.8486248959943302,0.029415575753579982
q22_1215874,Melody,Medium,analitica,True,A,0.5270617818917978,0.5270617818917978,True,UC_audio,7,1.0,,0.8008488624488227,-0.009376896159497597
q22_1215874,Melody,Medium,analitica,True,A,0.5270617818917978,0.5270617818917978,True,UC_text,6,2.0,3.0,0.4611564325424533,0.6780939736574422
q230_7360,Harmony,High,analitica,False,C,0.634525401289088,0.26450954031868523,True,MI,12,1.0,,0.6623163990597976,-0.06019353212017079
q230_7360,Harmony,High,analitica,False,C,0.634525401289088,0.26450954031868523,True,MI_balanced,12,1.0,,0.6669585393664229,-0.059891549417974116
q230_7360,Harmony,High,analitica,False,C,0.634525401289088,0.26450954031868523,True,UC_audio,8,1.0,,0.6603022633074197,-0.027306421480197008
q230_7360,Harmony,High,analitica,False,C,0.634525401289088,0.26450954031868523,True,UC_text,8,2.0,3.0,0.7399212162412198,1.0397823424152943
q231_1321293,Historical and Cultural Context,Low,knowledge,True,A,0.4573208308835901,0.4573208308835901,True,MI,15,1.0,11.0,0.5339340526676412,0.3373842210704314
q231_1321293,Historical and Cultural Context,Low,knowledge,True,A,0.4573208308835901,0.4573208308835901,True,MI_balanced,15,1.0,13.0,0.5351602198082683,0.3239694791638377
q231_1321293,Historical and Cultural Context,Low,knowledge,True,A,0.4573208308835901,0.4573208308835901,True,UC_audio,12,1.0,,0.3832471661039007,0.14655381340304868
q231_1321293,Historical and Cultural Context,Low,knowledge,True,A,0.4573208308835901,0.4573208308835901,True,UC_text,2,1.0,1.0,3.1488353162088507,1.196283267537296
q232_1321293,Lyrics,Low,knowledge,False,B,0.5168183375473776,0.1626241052196328,True,MI,8,4.0,,0.6323730175770327,0.28764344884487675
q232_1321293,Lyrics,Low,knowledge,False,B,0.5168183375473776,0.1626241052196328,True,MI_balanced,8,4.0,,0.6320724760930126,0.2827941259265232
q232_1321293,Lyrics,Low,knowledge,False,B,0.5168183375473776,0.1626241052196328,True,UC_audio,7,6.0,,0.5871853667198307,0.14416503400435995
q232_1321293,Lyrics,Low,knowledge,False,B,0.5168183375473776,0.1626241052196328,True,UC_text,1,1.0,,0.9313603139177339,-0.5770222408306054
q233_1321293,Lyrics,Low,knowledge,True,A,0.43776116824755407,0.43776116824755407,True,MI,6,1.0,,1.3453929108779568,-0.2650591932782995
q233_1321293,Lyrics,Low,knowledge,True,A,0.43776116824755407,0.43776116824755407,True,MI_balanced,6,1.0,,1.3546085278665057,-0.26191158425333
q233_1321293,Lyrics,Low,knowledge,True,A,0.43776116824755407,0.43776116824755407,True,UC_audio,8,1.0,,1.1301669929567273,-0.144296693843681
q233_1321293,Lyrics,Low,knowledge,True,A,0.43776116824755407,0.43776116824755407,True,UC_text,3,1.0,,2.370963695052029,0.2742772478523226
q234_156528,Mood and Expression,Low,knowledge,True,A,0.4970784118959073,0.4970784118959073,True,MI,10,1.0,,0.7255061039103872,-0.3126229025311048
q234_156528,Mood and Expression,Low,knowledge,True,A,0.4970784118959073,0.4970784118959073,True,MI_balanced,10,1.0,,0.729640156903799,-0.31297650560021517
q234_156528,Mood and Expression,Low,knowledge,True,A,0.4970784118959073,0.4970784118959073,True,UC_audio,8,1.0,,0.6194917044236322,-0.09016797057106848
q234_156528,Mood and Expression,Low,knowledge,True,A,0.4970784118959073,0.4970784118959073,True,UC_text,5,1.0,1.0,0.9447463654694824,1.1119222112676472
q235_156528,Harmony,High,analitica,False,D,0.5854094517641587,0.2292496352206247,True,MI,11,4.0,,0.6757768718701345,0.004691101337768411
q235_156528,Harmony,High,analitica,False,D,0.5854094517641587,0.2292496352206247,True,MI_balanced,11,4.0,,0.6835064757778662,0.005756181958566091
q235_156528,Harmony,High,analitica,False,D,0.5854094517641587,0.2292496352206247,True,UC_audio,5,4.0,,0.5966752919772111,0.011666315522946018
q235_156528,Harmony,High,analitica,False,D,0.5854094517641587,0.2292496352206247,True,UC_text,2,1.0,1.0,2.022892481641416,0.9437455086395555
q236_156528,Performance,Low,analitica,True,A,0.36380436468285793,0.36380436468285793,True,MI,7,1.0,,0.8298436621169247,-0.10598620708231606
q236_156528,Performance,Low,analitica,True,A,0.36380436468285793,0.36380436468285793,True,MI_balanced,7,1.0,,0.8287241805150322,-0.10809433486199856
q236_156528,Performance,Low,analitica,True,A,0.36380436468285793,0.36380436468285793,True,UC_audio,7,1.0,,0.9769540133571456,-0.07668427062364044
q236_156528,Performance,Low,analitica,True,A,0.36380436468285793,0.36380436468285793,True,UC_text,2,1.0,,1.502402283907429,-0.10795590509089892
q237_270070,Mood and Expression,Low,knowledge,False,D,0.6146662454077697,0.07115278241549966,True,MI,11,,,0.05784347887508065,0.03652969287070983
q237_270070,Mood and Expression,Low,knowledge,False,D,0.6146662454077697,0.07115278241549966,True,MI_balanced,11,,,0.05999894537557497,0.0374059067250212
q237_270070,Mood and Expression,Low,knowledge,False,D,0.6146662454077697,0.07115278241549966,True,UC_audio,5,,,-0.2009639152845772,-0.13036812223107874
q237_270070,Mood and Expression,Low,knowledge,False,D,0.6146662454077697,0.07115278241549966,True,UC_text,6,1.0,,1.785627364274275,-0.24268292949074022
q238_270070,Melody,Medium,analitica,False,B,0.8529426172579406,0.0700137935638827,True,MI,10,1.0,,0.5884568711612475,0.03149095710904743
q238_270070,Melody,Medium,analitica,False,B,0.8529426172579406,0.0700137935638827,True,MI_balanced,10,1.0,,0.5852085384932008,0.03143357721213478
q238_270070,Melody,Medium,analitica,False,B,0.8529426172579406,0.0700137935638827,True,UC_audio,10,1.0,,0.5906321035276865,0.07572624645765892
q238_270070,Melody,Medium,analitica,False,B,0.8529426172579406,0.0700137935638827,True,UC_text,5,3.0,2.0,0.8134964705265901,0.48267742755846643
q239_270070,Lyrics,Low,knowledge,True,A,0.5441516251693637,0.5441516251693637,True,MI,6,1.0,,0.9934593341614135,0.1193059817597857
q239_270070,Lyrics,Low,knowledge,True,A,0.5441516251693637,0.5441516251693637,True,MI_balanced,6,1.0,,1.0064646959990446,0.10061104037151063
q239_270070,Lyrics,Low,knowledge,True,A,0.5441516251693637,0.5441516251693637,True,UC_audio,7,2.0,,0.6639044049780838,0.02676324080410144
q239_270070,Lyrics,Low,knowledge,True,A,0.5441516251693637,0.5441516251693637,True,UC_text,1,1.0,1.0,1.6806269507201652,0.6803419792924212
q23_1215874,Sound Texture,Medium,percettiva,True,A,0.892320850286593,0.892320850286593,True,MI,12,1.0,,1.0461381685962392,0.01224298139550486
q23_1215874,Sound Texture,Medium,percettiva,True,A,0.892320850286593,0.892320850286593,True,MI_balanced,12,1.0,,1.0464349603663456,0.012527975111762204
q23_1215874,Sound Texture,Medium,percettiva,True,A,0.892320850286593,0.892320850286593,True,UC_audio,8,1.0,,1.0184723026685676,-0.012660224363020332
q23_1215874,Sound Texture,Medium,percettiva,True,A,0.892320850286593,0.892320850286593,True,UC_text,9,2.0,1.0,0.9945665694574877,1.2019032617411536
q240_1163315,Genre and Style,Medium,knowledge,False,B,0.5039951360748945,0.32540371693358056,True,MI,10,1.0,,0.896950547279281,0.099449754277451
q240_1163315,Genre and Style,Medium,knowledge,False,B,0.5039951360748945,0.32540371693358056,True,MI_balanced,10,1.0,,0.8938207902076453,0.09808687299898627
q240_1163315,Genre and Style,Medium,knowledge,False,B,0.5039951360748945,0.32540371693358056,True,UC_audio,8,1.0,,1.057228106115069,0.08524235678257899
q240_1163315,Genre and Style,Medium,knowledge,False,B,0.5039951360748945,0.32540371693358056,True,UC_text,6,1.0,,1.5179615006976641,0.09814822988649746
q241_1163315,Metre and Rhythm,Medium,percettiva,True,A,0.6933613432239372,0.6933613432239372,True,MI,7,1.0,,0.8408081696115708,0.1776392827019416
q241_1163315,Metre and Rhythm,Medium,percettiva,True,A,0.6933613432239372,0.6933613432239372,True,MI_balanced,7,1.0,,0.8389938324153161,0.18609885465975376
q241_1163315,Metre and Rhythm,Medium,percettiva,True,A,0.6933613432239372,0.6933613432239372,True,UC_audio,8,1.0,,0.746390630389287,0.11722479466863144
q241_1163315,Metre and Rhythm,Medium,percettiva,True,A,0.6933613432239372,0.6933613432239372,True,UC_text,2,1.0,1.0,1.0526472788606003,0.47493803804189005
q242_1163315,Metre and Rhythm,Medium,percettiva,False,D,0.9978300808877492,0.0013239014248119455,True,MI,9,1.0,,0.9996255972982493,0.0022270164651128437
q242_1163315,Metre and Rhythm,Medium,percettiva,False,D,0.9978300808877492,0.0013239014248119455,True,MI_balanced,9,1.0,,0.9995888677579361,0.002191627195679985
q242_1163315,Metre and Rhythm,Medium,percettiva,False,D,0.9978300808877492,0.0013239014248119455,True,UC_audio,4,1.0,,0.9990582134994102,3.831171345288058e-06
q242_1163315,Metre and Rhythm,Medium,percettiva,False,D,0.9978300808877492,0.0013239014248119455,True,UC_text,8,1.0,8.0,0.9382669837098094,0.6022175323178923
q243_78733,Melody,High,analitica,False,C,0.5476402103216319,0.2014655745361331,True,MI,8,2.0,,0.9050186724130679,-0.0108368554524979
q243_78733,Melody,High,analitica,False,C,0.5476402103216319,0.2014655745361331,True,MI_balanced,8,2.0,,0.9100283718677971,-0.02255556070587489
q243_78733,Melody,High,analitica,False,C,0.5476402103216319,0.2014655745361331,True,UC_audio,5,1.0,,0.7215258894435469,0.025362395647451956
q243_78733,Melody,High,analitica,False,C,0.5476402103216319,0.2014655745361331,True,UC_text,4,1.0,1.0,0.7289373422280617,1.481698527966102
q244_78733,Instrumentation,Medium,percettiva,False,B,0.41110087276406543,0.13346491267602484,True,MI,5,1.0,,0.7017419968225784,-0.24222364744892375
q244_78733,Instrumentation,Medium,percettiva,False,B,0.41110087276406543,0.13346491267602484,True,MI_balanced,5,1.0,,0.6905376294822102,-0.25590717206672137
q244_78733,Instrumentation,Medium,percettiva,False,B,0.41110087276406543,0.13346491267602484,True,UC_audio,7,1.0,,0.7576606155776164,-0.007246501031705276
q244_78733,Instrumentation,Medium,percettiva,False,B,0.41110087276406543,0.13346491267602484,True,UC_text,5,4.0,1.0,1.6850963721646068,2.1513958122725847
q245_78733,Harmony,High,analitica,False,B,0.41355688401968765,0.34285069887627573,True,MI,12,1.0,,1.1934260999099855,-0.24148561361101453
q245_78733,Harmony,High,analitica,False,B,0.41355688401968765,0.34285069887627573,True,MI_balanced,12,1.0,,1.1979255952580556,-0.239769784098498
q245_78733,Harmony,High,analitica,False,B,0.41355688401968765,0.34285069887627573,True,UC_audio,10,1.0,,1.2231882399315055,-0.0709739526771507
q245_78733,Harmony,High,analitica,False,B,0.41355688401968765,0.34285069887627573,True,UC_text,7,2.0,7.0,1.2896127576419398,0.17078621454659804
q246_785425,Melody,High,analitica,False,B,0.4724537003956845,0.17380600328094445,True,MI,8,1.0,,0.8810697159087951,-0.01360255594884312
q246_785425,Melody,High,analitica,False,B,0.4724537003956845,0.17380600328094445,True,MI_balanced,8,1.0,,0.8810697159087951,-0.01360255594884312
q246_785425,Melody,High,analitica,False,B,0.4724537003956845,0.17380600328094445,True,UC_audio,7,1.0,,0.6713768113042812,0.12044486064338351
q246_785425,Melody,High,analitica,False,B,0.4724537003956845,0.17380600328094445,True,UC_text,4,1.0,1.0,1.9440583235778268,0.7401205745181421
q247_785425,Historical and Cultural Context,Medium,knowledge,False,D,0.44444910625702694,0.23057715880712484,True,MI,11,1.0,,1.0980095413106261,-0.19998844646794117
q247_785425,Historical and Cultural Context,Medium,knowledge,False,D,0.44444910625702694,0.23057715880712484,True,MI_balanced,11,1.0,,1.0952167558859218,-0.20894667614480486
q247_785425,Historical and Cultural Context,Medium,knowledge,False,D,0.44444910625702694,0.23057715880712484,True,UC_audio,6,1.0,,1.9516107743800093,-0.05647254498706516
q247_785425,Historical and Cultural Context,Medium,knowledge,False,D,0.44444910625702694,0.23057715880712484,True,UC_text,4,2.0,1.0,1.7495765032997777,1.5671880052314895
q248_785425,Musical Texture,Medium,percettiva,False,B,0.5501333923681816,0.3336727694030222,True,MI,8,1.0,,1.0171862030460401,0.03929760645028078
q248_785425,Musical Texture,Medium,percettiva,False,B,0.5501333923681816,0.3336727694030222,True,MI_balanced,8,1.0,,1.0098180152918765,0.0486716602759231
q248_785425,Musical Texture,Medium,percettiva,False,B,0.5501333923681816,0.3336727694030222,True,UC_audio,6,1.0,,1.0085756154834562,0.006019903613581111
q248_785425,Musical Texture,Medium,percettiva,False,B,0.5501333923681816,0.3336727694030222,True,UC_text,4,,2.0,0.33640700797865025,1.1903995772792888
q249_6730,Lyrics,Low,knowledge,False,D,0.40971481753590305,0.18758111228010604,True,MI,7,1.0,,1.5047768778554056,-0.15394490258900947
q249_6730,Lyrics,Low,knowledge,False,D,0.40971481753590305,0.18758111228010604,True,MI_balanced,7,1.0,,1.5031684614907206,-0.15591089940884995
q249_6730,Lyrics,Low,knowledge,False,D,0.40971481753590305,0.18758111228010604,True,UC_audio,4,1.0,,1.4521735281647659,-0.07175887113839384
q249_6730,Lyrics,Low,knowledge,False,D,0.40971481753590305,0.18758111228010604,True,UC_text,2,1.0,1.0,-0.06037957411236096,1.4243878050275571
q24_1215874,Metre and Rhythm,Medium,percettiva,True,A,0.3353946194411875,0.3353946194411875,True,MI,4,1.0,1.0,0.6380389694644146,0.8640280897864253
q24_1215874,Metre and Rhythm,Medium,percettiva,True,A,0.3353946194411875,0.3353946194411875,True,MI_balanced,4,1.0,1.0,0.6417115442940985,0.8640280897864253
q24_1215874,Metre and Rhythm,Medium,percettiva,True,A,0.3353946194411875,0.3353946194411875,True,UC_audio,6,5.0,1.0,0.4872490322952924,0.6172224740949159
q24_1215874,Metre and Rhythm,Medium,percettiva,True,A,0.3353946194411875,0.3353946194411875,True,UC_text,7,3.0,1.0,2.714975408470245,1.1831951476643536
q250_6730,Harmony,High,analitica,False,B,0.6928942307029218,0.13224117810236874,True,MI,7,1.0,,0.891167060856756,0.22148768842945202
q250_6730,Harmony,High,analitica,False,B,0.6928942307029218,0.13224117810236874,True,MI_balanced,7,1.0,,0.8925991940201301,0.2212990662908886
q250_6730,Harmony,High,analitica,False,B,0.6928942307029218,0.13224117810236874,True,UC_audio,9,1.0,,0.8761911554425517,0.18695703335624245
q250_6730,Harmony,High,analitica,False,B,0.6928942307029218,0.13224117810236874,True,UC_text,5,1.0,4.0,1.0108558206305245,0.5400166390147502
q251_6730,Lyrics,Low,knowledge,False,C,0.33994843873932074,0.3193520040347645,True,MI,7,1.0,6.0,-0.04328183678271158,0.6176007843383781
q251_6730,Lyrics,Low,knowledge,False,C,0.33994843873932074,0.3193520040347645,True,MI_balanced,7,1.0,6.0,-0.04384801431978198,0.6205357190053888
q251_6730,Lyrics,Low,knowledge,False,C,0.33994843873932074,0.3193520040347645,True,UC_audio,4,1.0,,-1.0537507706761624,0.33410945524822366
q251_6730,Lyrics,Low,knowledge,False,C,0.33994843873932074,0.3193520040347645,True,UC_text,4,,2.0,-1.9953304671935612,2.3450963674644445
q252_231013,Genre and Style,Low,knowledge,True,A,0.9625292418464438,0.9625292418464438,True,MI,9,1.0,,1.0029456754034871,0.0048163537328572955
q252_231013,Genre and Style,Low,knowledge,True,A,0.9625292418464438,0.9625292418464438,True,MI_balanced,9,1.0,,1.002824880665855,0.00526825719531222
q252_231013,Genre and Style,Low,knowledge,True,A,0.9625292418464438,0.9625292418464438,True,UC_audio,5,1.0,,0.9870973984547058,-0.005084502347371649
q252_231013,Genre and Style,Low,knowledge,True,A,0.9625292418464438,0.9625292418464438,True,UC_text,9,2.0,2.0,0.8774884805055294,0.8112330068542517
q253_231013,Instrumentation,Low,percettiva,True,A,0.5527810821236739,0.5527810821236739,True,MI,9,1.0,,1.7968387672376005,-0.2307763162745296
q253_231013,Instrumentation,Low,percettiva,True,A,0.5527810821236739,0.5527810821236739,True,MI_balanced,9,1.0,,1.796530260634218,-0.2279712698327233
q253_231013,Instrumentation,Low,percettiva,True,A,0.5527810821236739,0.5527810821236739,True,UC_audio,4,1.0,,0.9387286877051751,0.04388249766976539
q253_231013,Instrumentation,Low,percettiva,True,A,0.5527810821236739,0.5527810821236739,True,UC_text,5,,1.0,-0.164832833891113,1.5152174771529874
q254_231013,Mood and Expression,Low,knowledge,False,B,0.38638356194869167,0.26555727962840325,True,MI,7,1.0,1.0,0.07375947488811431,1.413895635630182
q254_231013,Mood and Expression,Low,knowledge,False,B,0.38638356194869167,0.26555727962840325,True,MI_balanced,7,1.0,1.0,0.08170787159126465,1.425124222580995
q254_231013,Mood and Expression,Low,knowledge,False,B,0.38638356194869167,0.26555727962840325,True,UC_audio,7,2.0,1.0,-0.35768306359651725,1.5266627216529514
q254_231013,Mood and Expression,Low,knowledge,False,B,0.38638356194869167,0.26555727962840325,True,UC_text,6,5.0,1.0,0.7369812169876473,1.3764234731284668
q255_266919,Sound Texture,Low,percettiva,False,B,0.9117222478805392,0.04539197788773101,True,MI,10,1.0,,0.8343894185159223,0.05813608067066309
q255_266919,Sound Texture,Low,percettiva,False,B,0.9117222478805392,0.04539197788773101,True,MI_balanced,10,1.0,,0.8343794662030004,0.06017385479750755
q255_266919,Sound Texture,Low,percettiva,False,B,0.9117222478805392,0.04539197788773101,True,UC_audio,10,1.0,,0.8375769346013427,0.0685113187121136
q255_266919,Sound Texture,Low,percettiva,False,B,0.9117222478805392,0.04539197788773101,True,UC_text,7,1.0,,1.0326617839785655,0.27821281427060646
q256_266919,Melody,High,analitica,False,D,0.8134018221265084,0.05199903879018647,True,MI,10,1.0,,0.8165952021775176,0.09130350984629056
q256_266919,Melody,High,analitica,False,D,0.8134018221265084,0.05199903879018647,True,MI_balanced,10,1.0,,0.8180153172514433,0.09270296336577075
q256_266919,Melody,High,analitica,False,D,0.8134018221265084,0.05199903879018647,True,UC_audio,6,1.0,,0.7094780131567798,-0.028984633822133184
q256_266919,Melody,High,analitica,False,D,0.8134018221265084,0.05199903879018647,True,UC_text,6,1.0,3.0,0.950197007540173,0.7240567651680604
q257_266919,Genre and Style,Medium,knowledge,False,B,0.5137398645604779,0.3758601141253766,True,MI,14,,4.0,0.0806152552198841,0.7216367052438116
q257_266919,Genre and Style,Medium,knowledge,False,B,0.5137398645604779,0.3758601141253766,True,MI_balanced,14,,4.0,0.07569803891953948,0.7247927589200579
q257_266919,Genre and Style,Medium,knowledge,False,B,0.5137398645604779,0.3758601141253766,True,UC_audio,10,,3.0,0.04290961484110125,0.7987520471486242
q257_266919,Genre and Style,Medium,knowledge,False,B,0.5137398645604779,0.3758601141253766,True,UC_text,6,1.0,4.0,1.7778791857891605,0.9119592134011012
q258_349850,Historical and Cultural Context,Low,knowledge,False,C,0.4825802920421127,0.12988472357179787,True,MI,10,1.0,,1.3614814149661096,-0.08439355135648256
q258_349850,Historical and Cultural Context,Low,knowledge,False,C,0.4825802920421127,0.12988472357179787,True,MI_balanced,10,1.0,,1.3544191448156668,-0.07424219519950917
q258_349850,Historical and Cultural Context,Low,knowledge,False,C,0.4825802920421127,0.12988472357179787,True,UC_audio,6,1.0,,1.3094462063532946,-0.1523575930372055
q258_349850,Historical and Cultural Context,Low,knowledge,False,C,0.4825802920421127,0.12988472357179787,True,UC_text,3,1.0,1.0,2.3913793109232566,1.2520183815674675
q259_349850,Sound Texture,Medium,percettiva,False,D,0.7145216632299235,0.2319712209485865,True,MI,4,1.0,,0.9559145122566892,-0.05321340579451035
q259_349850,Sound Texture,Medium,percettiva,False,D,0.7145216632299235,0.2319712209485865,True,MI_balanced,4,1.0,,0.9560849296025659,-0.05916824216757678
q259_349850,Sound Texture,Medium,percettiva,False,D,0.7145216632299235,0.2319712209485865,True,UC_audio,4,1.0,,1.236074157109854,0.019402338251578544
q259_349850,Sound Texture,Medium,percettiva,False,D,0.7145216632299235,0.2319712209485865,True,UC_text,8,1.0,1.0,1.0543988064451726,1.237562049111944
q25_135660,Metre and Rhythm,High,percettiva,False,C,0.5983733418275977,0.1294073105969026,True,MI,8,1.0,,1.1148364446326757,0.1934767889531231
q25_135660,Metre and Rhythm,High,percettiva,False,C,0.5983733418275977,0.1294073105969026,True,MI_balanced,8,1.0,,1.1157343699570454,0.18786321023275432
q25_135660,Metre and Rhythm,High,percettiva,False,C,0.5983733418275977,0.1294073105969026,True,UC_audio,6,1.0,,0.9847709626859663,0.08244892507390221
q25_135660,Metre and Rhythm,High,percettiva,False,C,0.5983733418275977,0.1294073105969026,True,UC_text,6,1.0,1.0,1.620374955505967,1.2106319993220103
q260_349850,Melody,Medium,analitica,False,D,0.5623074949942732,0.36305300554241177,True,MI,11,1.0,,0.8327731496679733,-0.1943194954596913
q260_349850,Melody,Medium,analitica,False,D,0.5623074949942732,0.36305300554241177,True,MI_balanced,11,1.0,,0.8307576549071068,-0.20779640849747977
q260_349850,Melody,Medium,analitica,False,D,0.5623074949942732,0.36305300554241177,True,UC_audio,6,1.0,,1.0989636405780274,-0.11117257570715523
q260_349850,Melody,Medium,analitica,False,D,0.5623074949942732,0.36305300554241177,True,UC_text,7,3.0,1.0,1.4399675582054765,0.7694784368770399
q261_924963,Mood and Expression,Low,knowledge,True,A,0.952131824208462,0.952131824208462,True,MI,9,,7.0,0.2868067735223684,0.5525479682778013
q261_924963,Mood and Expression,Low,knowledge,True,A,0.952131824208462,0.952131824208462,True,MI_balanced,9,,7.0,0.2878787279251191,0.5505407513031008
q261_924963,Mood and Expression,Low,knowledge,True,A,0.952131824208462,0.952131824208462,True,UC_audio,8,5.0,6.0,0.4628934234872155,0.4456189619649545
q261_924963,Mood and Expression,Low,knowledge,True,A,0.952131824208462,0.952131824208462,True,UC_text,5,1.0,,1.026312832747671,0.09613259723497121
q262_924963,Mood and Expression,Medium,knowledge,False,D,0.9700215558983464,0.004781805973282109,True,MI,11,1.0,,1.006984871042389,-0.006911787892240554
q262_924963,Mood and Expression,Medium,knowledge,False,D,0.9700215558983464,0.004781805973282109,True,MI_balanced,11,1.0,,1.007045973280347,-0.007085151089724138
q262_924963,Mood and Expression,Medium,knowledge,False,D,0.9700215558983464,0.004781805973282109,True,UC_audio,3,1.0,,1.0157488941938937,0.0014880747112767567
q262_924963,Mood and Expression,Medium,knowledge,False,D,0.9700215558983464,0.004781805973282109,True,UC_text,6,2.0,1.0,0.9784925927147444,1.0380016011716078
q263_924963,Genre and Style,Medium,knowledge,False,D,0.895490030650355,0.07583963830270778,True,MI,13,1.0,,0.9365131279931642,-0.03955357196592711
q263_924963,Genre and Style,Medium,knowledge,False,D,0.895490030650355,0.07583963830270778,True,MI_balanced,13,1.0,,0.937234961435598,-0.04052273810681322
q263_924963,Genre and Style,Medium,knowledge,False,D,0.895490030650355,0.07583963830270778,True,UC_audio,4,1.0,,0.8172132303311894,-0.022832646767801557
q263_924963,Genre and Style,Medium,knowledge,False,D,0.895490030650355,0.07583963830270778,True,UC_text,9,3.0,1.0,0.6015673213675236,1.3213806871956657
q264_1138775,Genre and Style,Low,knowledge,True,A,0.7354633416937992,0.7354633416937992,True,MI,11,1.0,,1.1548188148121716,-0.06382608482745694
q264_1138775,Genre and Style,Low,knowledge,True,A,0.7354633416937992,0.7354633416937992,True,MI_balanced,11,1.0,,1.1604889409142454,-0.06228606864227186
q264_1138775,Genre and Style,Low,knowledge,True,A,0.7354633416937992,0.7354633416937992,True,UC_audio,7,1.0,,1.0412266506004624,-0.04341266569300139
q264_1138775,Genre and Style,Low,knowledge,True,A,0.7354633416937992,0.7354633416937992,True,UC_text,9,7.0,1.0,0.5616579227572889,1.2474099831599559
q265_1138775,Instrumentation,Low,percettiva,False,B,0.5716796130120119,0.23831151808921533,True,MI,7,1.0,,1.0581780252737223,0.037641796478313366
q265_1138775,Instrumentation,Low,percettiva,False,B,0.5716796130120119,0.23831151808921533,True,MI_balanced,7,1.0,,1.0521728339463798,0.0358624359647965
q265_1138775,Instrumentation,Low,percettiva,False,B,0.5716796130120119,0.23831151808921533,True,UC_audio,8,2.0,,0.9370683682095994,0.32987049938585195
q265_1138775,Instrumentation,Low,percettiva,False,B,0.5716796130120119,0.23831151808921533,True,UC_text,6,1.0,1.0,1.174991802883658,1.4677326847965164
q266_1138775,Functional Context,Low,knowledge,False,D,0.30898635028769766,0.2902658136913236,True,MI,2,1.0,,2.309416153877874,-0.08563764589275161
q266_1138775,Functional Context,Low,knowledge,False,D,0.30898635028769766,0.2902658136913236,True,MI_balanced,2,1.0,,2.3132318125127904,-0.07884511169172029
q266_1138775,Functional Context,Low,knowledge,False,D,0.30898635028769766,0.2902658136913236,True,UC_audio,4,1.0,,0.5523535133992873,0.04410005904767702
q266_1138775,Functional Context,Low,knowledge,False,D,0.30898635028769766,0.2902658136913236,True,UC_text,6,1.0,1.0,-1.1883980050863674,-0.20297259838216677
q267_1070646,Instrumentation,Medium,percettiva,True,A,0.6768636743338635,0.6768636743338635,True,MI,2,1.0,,1.2477665166173613,0.01826892081765969
q267_1070646,Instrumentation,Medium,percettiva,True,A,0.6768636743338635,0.6768636743338635,True,MI_balanced,2,1.0,,1.2525074601963977,0.021872043359711785
q267_1070646,Instrumentation,Medium,percettiva,True,A,0.6768636743338635,0.6768636743338635,True,UC_audio,4,1.0,,1.0105994161946064,-0.016708522826810013
q267_1070646,Instrumentation,Medium,percettiva,True,A,0.6768636743338635,0.6768636743338635,True,UC_text,8,6.0,1.0,0.5928405256208976,1.3710912409780627
q268_1070646,Historical and Cultural Context,Medium,knowledge,False,C,0.3971032309405051,0.22626260063505707,True,MI,8,1.0,,0.8889740887675727,-0.18758208047272026
q268_1070646,Historical and Cultural Context,Medium,knowledge,False,C,0.3971032309405051,0.22626260063505707,True,MI_balanced,8,1.0,,0.8760240627800194,-0.19752788669642576
q268_1070646,Historical and Cultural Context,Medium,knowledge,False,C,0.3971032309405051,0.22626260063505707,True,UC_audio,7,1.0,,1.2053824911944362,-0.5843079665653467
q268_1070646,Historical and Cultural Context,Medium,knowledge,False,C,0.3971032309405051,0.22626260063505707,True,UC_text,5,1.0,,0.7258178718737639,-1.3875474765917928
q269_1070646,Melody,High,analitica,False,B,0.48369550237146414,0.41372668779304816,True,MI,11,1.0,,1.1028099324184675,-0.12576637708410157
q269_1070646,Melody,High,analitica,False,B,0.48369550237146414,0.41372668779304816,True,MI_balanced,11,1.0,,1.1078795130406964,-0.12960442068823538
q269_1070646,Melody,High,analitica,False,B,0.48369550237146414,0.41372668779304816,True,UC_audio,7,1.0,,1.0873280998530679,-0.08853661554661783
q269_1070646,Melody,High,analitica,False,B,0.48369550237146414,0.41372668779304816,True,UC_text,7,1.0,4.0,1.3310323471385097,0.095660248823427
q26_135660,Melody,High,analitica,False,D,0.6959645297154635,0.05712824746397619,True,MI,12,1.0,,0.9102178033042082,0.0011476357611321555
q26_135660,Melody,High,analitica,False,D,0.6959645297154635,0.05712824746397619,True,MI_balanced,12,1.0,,0.9105494700276405,0.003834482674489071
q26_135660,Melody,High,analitica,False,D,0.6959645297154635,0.05712824746397619,True,UC_audio,6,1.0,,0.914961172894955,0.033302111815787905
q26_135660,Melody,High,analitica,False,D,0.6959645297154635,0.05712824746397619,True,UC_text,6,4.0,2.0,0.7768780307925812,0.9199688395122211
q270_17954,Instrumentation,Low,percettiva,False,D,0.5943939809992562,0.26376073019680446,True,MI,9,1.0,,1.0450298648870675,0.2179326700547182
q270_17954,Instrumentation,Low,percettiva,False,D,0.5943939809992562,0.26376073019680446,True,MI_balanced,9,1.0,,1.0374185184509401,0.21395742021374467
q270_17954,Instrumentation,Low,percettiva,False,D,0.5943939809992562,0.26376073019680446,True,UC_audio,5,1.0,,0.8914559233041754,-0.00833487360727534
q270_17954,Instrumentation,Low,percettiva,False,D,0.5943939809992562,0.26376073019680446,True,UC_text,8,2.0,2.0,0.8131591802455487,1.0583670623330337
q271_17954,Performance,High,analitica,False,B,0.6282255903955098,0.032270365178265384,True,MI,13,1.0,,0.6629451588562588,0.20611559116635467
q271_17954,Performance,High,analitica,False,B,0.6282255903955098,0.032270365178265384,True,MI_balanced,13,1.0,,0.6593726679176647,0.21017205239866765
q271_17954,Performance,High,analitica,False,B,0.6282255903955098,0.032270365178265384,True,UC_audio,10,3.0,,0.6149607182674385,0.179674516699073
q271_17954,Performance,High,analitica,False,B,0.6282255903955098,0.032270365178265384,True,UC_text,4,2.0,1.0,1.0289402680673787,0.8028838509327483
q272_17954,Harmony,High,analitica,True,A,0.995426255455191,0.995426255455191,True,MI,11,1.0,,0.9991787256883478,0.0006113200971966485
q272_17954,Harmony,High,analitica,True,A,0.995426255455191,0.995426255455191,True,MI_balanced,11,1.0,,0.9992296108426391,0.0006047461141891301
q272_17954,Harmony,High,analitica,True,A,0.995426255455191,0.995426255455191,True,UC_audio,7,1.0,,0.9991305700734874,-0.00028387734301379383
q272_17954,Harmony,High,analitica,True,A,0.995426255455191,0.995426255455191,True,UC_text,9,2.0,3.0,0.9455938195228201,1.0796310083843246
q273_1131366,Melody,Low,analitica,False,D,0.8471460301795429,0.028095883993295125,True,MI,12,1.0,,0.8869364989343864,0.06982866841758344
q273_1131366,Melody,Low,analitica,False,D,0.8471460301795429,0.028095883993295125,True,MI_balanced,12,1.0,,0.8864241467093399,0.06751580371625311
q273_1131366,Melody,Low,analitica,False,D,0.8471460301795429,0.028095883993295125,True,UC_audio,5,1.0,,0.8973899896068805,0.010745298926016151
q273_1131366,Melody,Low,analitica,False,D,0.8471460301795429,0.028095883993295125,True,UC_text,4,1.0,,1.0063210014392399,0.2531585635478453
q274_1131366,Harmony,High,analitica,False,C,0.4263684454599896,0.3119378183882122,True,MI,11,1.0,,0.9552936100412848,0.10012388414375932
q274_1131366,Harmony,High,analitica,False,C,0.4263684454599896,0.3119378183882122,True,MI_balanced,11,1.0,,0.9652347965131002,0.1043453439963654
q274_1131366,Harmony,High,analitica,False,C,0.4263684454599896,0.3119378183882122,True,UC_audio,8,1.0,,0.989900115320767,0.17466577553183776
q274_1131366,Harmony,High,analitica,False,C,0.4263684454599896,0.3119378183882122,True,UC_text,4,3.0,1.0,0.6838544199337747,1.7855932162648225
q275_1131366,Mood and Expression,Low,knowledge,False,C,0.8699802091417923,0.008799724932076114,True,MI,6,1.0,,1.159079922416846,-0.06418411357501728
q275_1131366,Mood and Expression,Low,knowledge,False,C,0.8699802091417923,0.008799724932076114,True,MI_balanced,6,1.0,,1.1591146765182976,-0.06650434068174667
q275_1131366,Mood and Expression,Low,knowledge,False,C,0.8699802091417923,0.008799724932076114,True,UC_audio,4,1.0,,1.1719128551756657,-0.10956745137005945
q275_1131366,Mood and Expression,Low,knowledge,False,C,0.8699802091417923,0.008799724932076114,True,UC_text,8,6.0,1.0,0.6831661996130393,1.36344695293108
q276_30259,Melody,High,analitica,False,D,0.4233867636153758,0.13745355745459814,True,MI,9,1.0,,1.032639935783977,-0.5270519651161519
q276_30259,Melody,High,analitica,False,D,0.4233867636153758,0.13745355745459814,True,MI_balanced,9,1.0,,1.0121932321844769,-0.5202914946114215
q276_30259,Melody,High,analitica,False,D,0.4233867636153758,0.13745355745459814,True,UC_audio,5,1.0,,0.8355904111772485,0.13345463320531248
q276_30259,Melody,High,analitica,False,D,0.4233867636153758,0.13745355745459814,True,UC_text,6,1.0,2.0,1.776045475110339,2.0595601715495873
q277_30259,Functional Context,Low,knowledge,False,B,0.994388295136135,0.0035863241681235152,True,MI,11,3.0,,0.5871412383645349,0.13615706352687845
q277_30259,Functional Context,Low,knowledge,False,B,0.994388295136135,0.0035863241681235152,True,MI_balanced,11,3.0,,0.5887432662322801,0.1386561399081095
q277_30259,Functional Context,Low,knowledge,False,B,0.994388295136135,0.0035863241681235152,True,UC_audio,10,2.0,,0.6003845897632484,0.14510418561744431
q277_30259,Functional Context,Low,knowledge,False,B,0.994388295136135,0.0035863241681235152,True,UC_text,5,1.0,,0.996881068238176,0.14516687082107863
q278_30259,Lyrics,Low,knowledge,False,B,0.4672897608403914,0.2662536798994757,True,MI,12,9.0,,0.43175284388964386,0.2483928447279841
q278_30259,Lyrics,Low,knowledge,False,B,0.4672897608403914,0.2662536798994757,True,MI_balanced,12,9.0,,0.4279450494103118,0.25744311773666817
q278_30259,Lyrics,Low,knowledge,False,B,0.4672897608403914,0.2662536798994757,True,UC_audio,9,,,0.3477368269770839,0.20917769307239925
q278_30259,Lyrics,Low,knowledge,False,B,0.4672897608403914,0.2662536798994757,True,UC_text,3,1.0,1.0,1.915404015819907,0.8135235532131958
q279_617329,Instrumentation,Low,percettiva,False,B,0.8780508030076032,0.00649774019507319,True,MI,13,1.0,,0.9393740403045264,0.01900935811042218
q279_617329,Instrumentation,Low,percettiva,False,B,0.8780508030076032,0.00649774019507319,True,MI_balanced,13,1.0,,0.9404062036063807,0.019487715368988422
q279_617329,Instrumentation,Low,percettiva,False,B,0.8780508030076032,0.00649774019507319,True,UC_audio,8,1.0,,0.9257417026121213,-0.003862263432419252
q279_617329,Instrumentation,Low,percettiva,False,B,0.8780508030076032,0.00649774019507319,True,UC_text,9,6.0,1.0,0.6845841063199174,1.0443040170197078
q27_135660,Sound Texture,Low,percettiva,True,A,0.7392961820885865,0.7392961820885865,True,MI,9,1.0,,1.1293822902564985,-0.12158040819209673
q27_135660,Sound Texture,Low,percettiva,True,A,0.7392961820885865,0.7392961820885865,True,MI_balanced,9,1.0,,1.128778938800023,-0.12500734441721825
q27_135660,Sound Texture,Low,percettiva,True,A,0.7392961820885865,0.7392961820885865,True,UC_audio,8,1.0,,1.0180487996368446,-0.07303916771118417
q27_135660,Sound Texture,Low,percettiva,True,A,0.7392961820885865,0.7392961820885865,True,UC_text,5,3.0,1.0,0.7299305802161257,0.8071880974879279
q280_617329,Lyrics,Low,knowledge,False,D,0.8516028399841612,0.012533063946847792,True,MI,10,1.0,,0.9738251104089357,-0.04269429743643472
q280_617329,Lyrics,Low,knowledge,False,D,0.8516028399841612,0.012533063946847792,True,MI_balanced,10,1.0,,0.9753350564290563,-0.04326021334442922
q280_617329,Lyrics,Low,knowledge,False,D,0.8516028399841612,0.012533063946847792,True,UC_audio,4,1.0,,0.8607343411207397,-0.006561224169457645
q280_617329,Lyrics,Low,knowledge,False,D,0.8516028399841612,0.012533063946847792,True,UC_text,4,4.0,1.0,0.687487114225934,0.9096665559819304
q281_617329,Performance,Medium,analitica,False,B,0.6730731565138393,0.058812476974457045,True,MI,7,1.0,,1.0039015744557103,0.03841305308201621
q281_617329,Performance,Medium,analitica,False,B,0.6730731565138393,0.058812476974457045,True,MI_balanced,7,1.0,,1.002379521158579,0.03852981538903737
q281_617329,Performance,Medium,analitica,False,B,0.6730731565138393,0.058812476974457045,True,UC_audio,8,1.0,,0.9474145090459917,0.002740357206699339
q281_617329,Performance,Medium,analitica,False,B,0.6730731565138393,0.058812476974457045,True,UC_text,4,1.0,3.0,1.1990895399669061,0.293318859994893
q282_852,Sound Texture,Low,percettiva,False,D,0.3887030874567126,0.25893207817000813,True,MI,8,8.0,2.0,0.3518917616689593,0.6575269971892711
q282_852,Sound Texture,Low,percettiva,False,D,0.3887030874567126,0.25893207817000813,True,MI_balanced,8,8.0,2.0,0.3369883717553481,0.6533519004503621
q282_852,Sound Texture,Low,percettiva,False,D,0.3887030874567126,0.25893207817000813,True,UC_audio,5,,,-0.5499270292017011,0.15757422610401942
q282_852,Sound Texture,Low,percettiva,False,D,0.3887030874567126,0.25893207817000813,True,UC_text,3,2.0,3.0,2.0128861293673763,1.183796162668489
q283_852,Sound Texture,Low,percettiva,True,A,0.9632885323350092,0.9632885323350092,True,MI,15,1.0,,0.9907206583149246,0.014672498414607745
q283_852,Sound Texture,Low,percettiva,True,A,0.9632885323350092,0.9632885323350092,True,MI_balanced,15,1.0,,0.9908224819985414,0.014517653740781603
q283_852,Sound Texture,Low,percettiva,True,A,0.9632885323350092,0.9632885323350092,True,UC_audio,10,1.0,,0.9860175259339203,0.006852352718905152
q283_852,Sound Texture,Low,percettiva,True,A,0.9632885323350092,0.9632885323350092,True,UC_text,7,1.0,1.0,0.9608355858982803,1.1609480889302182
q284_852,Performance,Low,analitica,False,C,0.9456717713259919,0.012282132255336574,True,MI,13,2.0,,0.8650391426238121,-0.004114770135630645
q284_852,Performance,Low,analitica,False,C,0.9456717713259919,0.012282132255336574,True,MI_balanced,13,2.0,,0.8655496226546752,-0.003957665684943691
q284_852,Performance,Low,analitica,False,C,0.9456717713259919,0.012282132255336574,True,UC_audio,7,1.0,,0.8619127016912724,-0.007355958213355466
q284_852,Performance,Low,analitica,False,C,0.9456717713259919,0.012282132255336574,True,UC_text,4,1.0,,1.0373159745362492,0.02682536170564822
q285_1222340,Functional Context,Low,knowledge,False,D,0.8814318499163676,0.08727357170065216,True,MI,6,1.0,,1.149064690304278,-0.06594957021935914
q285_1222340,Functional Context,Low,knowledge,False,D,0.8814318499163676,0.08727357170065216,True,MI_balanced,6,1.0,,1.1490646903042783,-0.06594957021935913
q285_1222340,Functional Context,Low,knowledge,False,D,0.8814318499163676,0.08727357170065216,True,UC_audio,3,1.0,,1.1434643839097995,-0.07035327243524049
q285_1222340,Functional Context,Low,knowledge,False,D,0.8814318499163676,0.08727357170065216,True,UC_text,7,3.0,1.0,0.9058048425620103,0.8565668558741577
q286_1222340,Melody,Low,analitica,False,C,0.3636067807324741,0.1144139498784506,True,MI,7,1.0,,2.680828294434675,0.19855484220358396
q286_1222340,Melody,Low,analitica,False,C,0.3636067807324741,0.1144139498784506,True,MI_balanced,7,1.0,,2.677274042495479,0.19604705085000013
q286_1222340,Melody,Low,analitica,False,C,0.3636067807324741,0.1144139498784506,True,UC_audio,5,1.0,,2.6807934912639033,-0.4957359946562148
q286_1222340,Melody,Low,analitica,False,C,0.3636067807324741,0.1144139498784506,True,UC_text,5,1.0,2.0,1.3124221770525746,1.0326552211132285
q287_1222340,Melody,Low,analitica,True,A,0.6213234754804174,0.6213234754804174,True,MI,3,1.0,,1.5170742016250254,0.15482960540551888
q287_1222340,Melody,Low,analitica,True,A,0.6213234754804174,0.6213234754804174,True,MI_balanced,3,1.0,,1.519617829436375,0.15374131137814864
q287_1222340,Melody,Low,analitica,True,A,0.6213234754804174,0.6213234754804174,True,UC_audio,5,1.0,,1.4810527856561668,0.05743578413453065
q287_1222340,Melody,Low,analitica,True,A,0.6213234754804174,0.6213234754804174,True,UC_text,3,1.0,1.0,1.4683891392800035,1.1844586569099165
q288_1222369,Genre and Style,Low,knowledge,True,A,0.6355005268448861,0.6355005268448861,True,MI,9,1.0,,0.9487408512719842,-0.04591643152662683
q288_1222369,Genre and Style,Low,knowledge,True,A,0.6355005268448861,0.6355005268448861,True,MI_balanced,9,1.0,,0.9461807427852208,-0.04669669302254665
q288_1222369,Genre and Style,Low,knowledge,True,A,0.6355005268448861,0.6355005268448861,True,UC_audio,7,1.0,,0.9723726816956876,-0.03898454171200939
q288_1222369,Genre and Style,Low,knowledge,True,A,0.6355005268448861,0.6355005268448861,True,UC_text,6,1.0,1.0,1.1179224310712115,1.026433452923933
q289_1222369,Mood and Expression,Low,knowledge,False,B,0.9494947667596395,0.03052145926463309,True,MI,10,,4.0,-0.19804194431023042,0.9102850192417781
q289_1222369,Mood and Expression,Low,knowledge,False,B,0.9494947667596395,0.03052145926463309,True,MI_balanced,10,,4.0,-0.19777464454595028,0.9123329932094072
q289_1222369,Mood and Expression,Low,knowledge,False,B,0.9494947667596395,0.03052145926463309,True,UC_audio,10,,5.0,-0.08480069172494473,0.9792783629503898
q289_1222369,Mood and Expression,Low,knowledge,False,B,0.9494947667596395,0.03052145926463309,True,UC_text,6,1.0,,1.0443347404311623,0.023674267752937676
q28_14013,Performance,Low,analitica,True,A,0.835680454258779,0.835680454258779,True,MI,6,1.0,,1.0875472033718876,-0.04727731903108439
q28_14013,Performance,Low,analitica,True,A,0.835680454258779,0.835680454258779,True,MI_balanced,6,1.0,,1.083396424884658,-0.04450013107633192
q28_14013,Performance,Low,analitica,True,A,0.835680454258779,0.835680454258779,True,UC_audio,6,1.0,,1.0525994039904318,-0.04926556320317949
q28_14013,Performance,Low,analitica,True,A,0.835680454258779,0.835680454258779,True,UC_text,7,2.0,4.0,1.032795040256267,0.5420400884210157
q290_1222369,Mood and Expression,Low,knowledge,True,A,0.7894136803443111,0.7894136803443111,True,MI,11,1.0,,0.7501426231517152,0.10209283094099013
q290_1222369,Mood and Expression,Low,knowledge,True,A,0.7894136803443111,0.7894136803443111,True,MI_balanced,11,1.0,,0.7501412208757148,0.10221513844882964
q290_1222369,Mood and Expression,Low,knowledge,True,A,0.7894136803443111,0.7894136803443111,True,UC_audio,7,1.0,,0.778364787233983,0.03086480540643138
q290_1222369,Mood and Expression,Low,knowledge,True,A,0.7894136803443111,0.7894136803443111,True,UC_text,9,,1.0,0.0685786737673914,1.2947119625857808
q291_1352257,Metre and Rhythm,Medium,percettiva,False,C,0.8654752867323758,0.06673828795000558,True,MI,10,1.0,,0.9599914405260643,0.064882630508979
q291_1352257,Metre and Rhythm,Medium,percettiva,False,C,0.8654752867323758,0.06673828795000558,True,MI_balanced,10,1.0,,0.9601336739102739,0.06897635777766653
q291_1352257,Metre and Rhythm,Medium,percettiva,False,C,0.8654752867323758,0.06673828795000558,True,UC_audio,6,1.0,,0.9494706706140924,0.03553616171844705
q291_1352257,Metre and Rhythm,Medium,percettiva,False,C,0.8654752867323758,0.06673828795000558,True,UC_text,6,2.0,2.0,0.886767700137508,0.9448983025009133
q292_1352257,Historical and Cultural Context,Low,knowledge,True,A,0.38773079050893494,0.38773079050893494,True,MI,9,1.0,,0.9976684434810453,-0.017147779090398326
q292_1352257,Historical and Cultural Context,Low,knowledge,True,A,0.38773079050893494,0.38773079050893494,True,MI_balanced,9,1.0,,1.01987490600811,0.0040949043552205265
q292_1352257,Historical and Cultural Context,Low,knowledge,True,A,0.38773079050893494,0.38773079050893494,True,UC_audio,7,1.0,,0.9414536681395663,-0.001155018495157254
q292_1352257,Historical and Cultural Context,Low,knowledge,True,A,0.38773079050893494,0.38773079050893494,True,UC_text,6,4.0,1.0,1.1128712689382607,2.0517178381145373
q293_1352257,Harmony,High,analitica,False,D,0.54409483039521,0.2570121993979924,True,MI,3,1.0,,0.9657519537863894,0.07527560039491908
q293_1352257,Harmony,High,analitica,False,D,0.54409483039521,0.2570121993979924,True,MI_balanced,3,1.0,,0.9635948001966227,0.06882856300878275
q293_1352257,Harmony,High,analitica,False,D,0.54409483039521,0.2570121993979924,True,UC_audio,5,1.0,,0.9522988141684843,0.036468730024477945
q293_1352257,Harmony,High,analitica,False,D,0.54409483039521,0.2570121993979924,True,UC_text,3,1.0,2.0,0.9051841983163773,0.7704200797281285
q294_1936726,Sound Texture,Medium,percettiva,False,D,0.40465586408161164,0.22347219241190416,True,MI,7,1.0,,1.4486740645599165,-0.0062456098058490195
q294_1936726,Sound Texture,Medium,percettiva,False,D,0.40465586408161164,0.22347219241190416,True,MI_balanced,7,1.0,,1.435877035882164,0.002260086948247528
q294_1936726,Sound Texture,Medium,percettiva,False,D,0.40465586408161164,0.22347219241190416,True,UC_audio,4,1.0,,1.6717222310083701,-0.007126959914901182
q294_1936726,Sound Texture,Medium,percettiva,False,D,0.40465586408161164,0.22347219241190416,True,UC_text,5,,1.0,-0.7020089390197395,1.802443317379251
q295_1936726,Sound Texture,Medium,percettiva,True,A,0.5290911484233572,0.5290911484233572,True,MI,14,1.0,7.0,0.601679049173002,0.4129347286079732
q295_1936726,Sound Texture,Medium,percettiva,True,A,0.5290911484233572,0.5290911484233572,True,MI_balanced,14,1.0,7.0,0.6021641368211521,0.41421127599372665
q295_1936726,Sound Texture,Medium,percettiva,True,A,0.5290911484233572,0.5290911484233572,True,UC_audio,9,1.0,7.0,0.3951253479704449,0.4556031182774695
q295_1936726,Sound Texture,Medium,percettiva,True,A,0.5290911484233572,0.5290911484233572,True,UC_text,5,1.0,1.0,1.1217959651334535,0.8341686125984571
q296_1936726,Sound Texture,Medium,percettiva,True,A,0.5833887450285594,0.5833887450285594,True,MI,10,2.0,9.0,0.8273767517040229,0.4075439786549267
q296_1936726,Sound Texture,Medium,percettiva,True,A,0.5833887450285594,0.5833887450285594,True,MI_balanced,10,2.0,9.0,0.813004620408094,0.4069737491421803
q296_1936726,Sound Texture,Medium,percettiva,True,A,0.5833887450285594,0.5833887450285594,True,UC_audio,9,2.0,,0.6457748997664399,0.30744889672746895
q296_1936726,Sound Texture,Medium,percettiva,True,A,0.5833887450285594,0.5833887450285594,True,UC_text,7,2.0,1.0,0.9868480678076867,0.7605930363182491
q297_1320579,Sound Texture,High,percettiva,False,C,0.4072896262466343,0.12039458355356546,True,MI,8,,,-0.3410559840098631,0.18542937776330554
q297_1320579,Sound Texture,High,percettiva,False,C,0.4072896262466343,0.12039458355356546,True,MI_balanced,8,,,-0.3305755196509635,0.1890029003435489
q297_1320579,Sound Texture,High,percettiva,False,C,0.4072896262466343,0.12039458355356546,True,UC_audio,4,,3.0,-0.6207273365286362,1.3292423867657623
q297_1320579,Sound Texture,High,percettiva,False,C,0.4072896262466343,0.12039458355356546,True,UC_text,6,1.0,2.0,1.393053070676232,1.9150895093934994
q298_1320579,Instrumentation,Low,percettiva,False,C,0.3364404112779252,0.2969076208570563,True,MI,12,1.0,,1.0287845513793896,-0.597144272737381
q298_1320579,Instrumentation,Low,percettiva,False,C,0.3364404112779252,0.2969076208570563,True,MI_balanced,12,1.0,,1.037684293593223,-0.606677074935384
q298_1320579,Instrumentation,Low,percettiva,False,C,0.3364404112779252,0.2969076208570563,True,UC_audio,8,1.0,,1.24538611081556,-0.2969621785323574
q298_1320579,Instrumentation,Low,percettiva,False,C,0.3364404112779252,0.2969076208570563,True,UC_text,3,3.0,3.0,0.8695506472300489,1.9825436551770388
q299_1320579,Historical and Cultural Context,Low,knowledge,True,A,0.5368158387245446,0.5368158387245446,True,MI,7,1.0,,1.4722465722291198,0.1415687021814412
q299_1320579,Historical and Cultural Context,Low,knowledge,True,A,0.5368158387245446,0.5368158387245446,True,MI_balanced,7,1.0,,1.4798050109662364,0.14559309389759637
q299_1320579,Historical and Cultural Context,Low,knowledge,True,A,0.5368158387245446,0.5368158387245446,True,UC_audio,6,1.0,,0.8625784049787402,-0.031970645775495805
q299_1320579,Historical and Cultural Context,Low,knowledge,True,A,0.5368158387245446,0.5368158387245446,True,UC_text,7,2.0,2.0,1.685067434930517,0.39641735094415087
q29_14013,Melody,Medium,analitica,False,B,0.6354739112665148,0.2649049381035605,True,MI,8,,,0.3829024353273705,0.139324598598556
q29_14013,Melody,Medium,analitica,False,B,0.6354739112665148,0.2649049381035605,True,MI_balanced,8,,,0.38048668408341446,0.14692101102276348
q29_14013,Melody,Medium,analitica,False,B,0.6354739112665148,0.2649049381035605,True,UC_audio,7,,,0.257103332528307,0.09026810334857746
q29_14013,Melody,Medium,analitica,False,B,0.6354739112665148,0.2649049381035605,True,UC_text,5,1.0,2.0,1.4288513957335702,1.3828899938499535
q2_1204663,Structure,High,analitica,True,A,0.6984846203587763,0.6984846203587763,True,MI,9,1.0,,1.0574550892793764,0.14320574658717095
q2_1204663,Structure,High,analitica,True,A,0.6984846203587763,0.6984846203587763,True,MI_balanced,9,1.0,,1.0591123370587496,0.1430479742458227
q2_1204663,Structure,High,analitica,True,A,0.6984846203587763,0.6984846203587763,True,UC_audio,5,1.0,,0.9520300456238812,0.057904075574975164
q2_1204663,Structure,High,analitica,True,A,0.6984846203587763,0.6984846203587763,True,UC_text,8,5.0,3.0,0.5111440287502057,0.3355954649659215
q300_1079319,Instrumentation,Low,percettiva,True,A,0.7251015960334714,0.7251015960334714,True,MI,8,1.0,,1.006896820972092,-0.12790198439487746
q300_1079319,Instrumentation,Low,percettiva,True,A,0.7251015960334714,0.7251015960334714,True,MI_balanced,8,1.0,,1.0059708614827472,-0.12491385970050019
q300_1079319,Instrumentation,Low,percettiva,True,A,0.7251015960334714,0.7251015960334714,True,UC_audio,8,1.0,,0.985681648472386,-0.13710181517241013
q300_1079319,Instrumentation,Low,percettiva,True,A,0.7251015960334714,0.7251015960334714,True,UC_text,1,1.0,1.0,1.2637768468239161,0.7377490094456394
q301_1079319,Lyrics,Low,knowledge,True,A,0.7992521923501891,0.7992521923501891,True,MI,10,1.0,,0.941143176581442,-0.02823557820132911
q301_1079319,Lyrics,Low,knowledge,True,A,0.7992521923501891,0.7992521923501891,True,MI_balanced,10,1.0,,0.9377273981412854,-0.028593788055993663
q301_1079319,Lyrics,Low,knowledge,True,A,0.7992521923501891,0.7992521923501891,True,UC_audio,10,1.0,,0.9439923918897413,-0.03557514519368031
q301_1079319,Lyrics,Low,knowledge,True,A,0.7992521923501891,0.7992521923501891,True,UC_text,2,1.0,2.0,0.679032913989798,0.6034419105132413
q302_1079319,Genre and Style,High,knowledge,True,A,0.409072998104663,0.409072998104663,True,MI,2,1.0,,3.1680573459344967,-0.07040128455762527
q302_1079319,Genre and Style,High,knowledge,True,A,0.409072998104663,0.409072998104663,True,MI_balanced,2,1.0,,3.170049873567657,-0.06898536328913354
q302_1079319,Genre and Style,High,knowledge,True,A,0.409072998104663,0.409072998104663,True,UC_audio,3,1.0,,2.9923968628533357,-0.30217347642251696
q302_1079319,Genre and Style,High,knowledge,True,A,0.409072998104663,0.409072998104663,True,UC_text,4,1.0,1.0,0.601644846351278,0.7564506201062647
q303_498814,Genre and Style,Low,knowledge,True,A,0.41148912598888726,0.41148912598888726,True,MI,12,1.0,,0.528900413953061,0.10791240811078907
q303_498814,Genre and Style,Low,knowledge,True,A,0.41148912598888726,0.41148912598888726,True,MI_balanced,12,1.0,,0.5253747847256769,0.09698644891083881
q303_498814,Genre and Style,Low,knowledge,True,A,0.41148912598888726,0.41148912598888726,True,UC_audio,8,2.0,,0.49539678737607473,-0.0096014741052121
q303_498814,Genre and Style,Low,knowledge,True,A,0.41148912598888726,0.41148912598888726,True,UC_text,2,1.0,1.0,1.112419415269803,0.25535785922481696
q304_498814,Harmony,High,analitica,True,A,0.35449048834206826,0.35449048834206826,True,MI,10,1.0,,0.787467656528588,0.2576442892863971
q304_498814,Harmony,High,analitica,True,A,0.35449048834206826,0.35449048834206826,True,MI_balanced,10,1.0,,0.787467656528588,0.26017130567276586
q304_498814,Harmony,High,analitica,True,A,0.35449048834206826,0.35449048834206826,True,UC_audio,7,1.0,,0.7392565980864023,0.24430341988375348
q304_498814,Harmony,High,analitica,True,A,0.35449048834206826,0.35449048834206826,True,UC_text,4,1.0,1.0,1.2071243882057074,1.296936259401904
q305_498814,Melody,High,analitica,False,D,0.43191975526049897,0.3363794436208861,True,MI,11,1.0,,1.5805544719799147,-0.18477608272190016
q305_498814,Melody,High,analitica,False,D,0.43191975526049897,0.3363794436208861,True,MI_balanced,11,1.0,,1.5621588056448998,-0.18232618054266467
q305_498814,Melody,High,analitica,False,D,0.43191975526049897,0.3363794436208861,True,UC_audio,8,1.0,,1.683137775857705,-0.4043455630044829
q305_498814,Melody,High,analitica,False,D,0.43191975526049897,0.3363794436208861,True,UC_text,7,1.0,,-0.058616847502441144,-0.7496395543172464
q306_785413,Instrumentation,Medium,percettiva,False,D,0.5267419309083442,0.10053045676043645,True,MI,5,1.0,,1.1259975598448273,0.02472583011209639
q306_785413,Instrumentation,Medium,percettiva,False,D,0.5267419309083442,0.10053045676043645,True,MI_balanced,5,1.0,,1.1270068107245663,0.022759128830682658
q306_785413,Instrumentation,Medium,percettiva,False,D,0.5267419309083442,0.10053045676043645,True,UC_audio,5,1.0,,1.1429380524654047,0.007845360744481104
q306_785413,Instrumentation,Medium,percettiva,False,D,0.5267419309083442,0.10053045676043645,True,UC_text,6,3.0,1.0,1.407370929761498,1.6759525566491493
q307_785413,Instrumentation,Low,percettiva,True,A,0.79146321733136,0.79146321733136,True,MI,5,1.0,,0.9108611414987002,0.15644214814194574
q307_785413,Instrumentation,Low,percettiva,True,A,0.79146321733136,0.79146321733136,True,MI_balanced,5,1.0,,0.9164773175120863,0.16594264902268493
q307_785413,Instrumentation,Low,percettiva,True,A,0.79146321733136,0.79146321733136,True,UC_audio,6,1.0,,1.0065745875680863,0.1267364103499576
q307_785413,Instrumentation,Low,percettiva,True,A,0.79146321733136,0.79146321733136,True,UC_text,2,1.0,2.0,1.3210615069303686,0.6251264223780323
q308_785413,Instrumentation,Medium,percettiva,False,C,0.3812868130479592,0.33648443151117563,True,MI,5,3.0,,0.3583227372273822,0.007340958526188492
q308_785413,Instrumentation,Medium,percettiva,False,C,0.3812868130479592,0.33648443151117563,True,MI_balanced,5,3.0,,0.3619481772034463,0.008167563341762196
q308_785413,Instrumentation,Medium,percettiva,False,C,0.3812868130479592,0.33648443151117563,True,UC_audio,5,,,0.2977320828198225,-0.10672606105138796
q308_785413,Instrumentation,Medium,percettiva,False,C,0.3812868130479592,0.33648443151117563,True,UC_text,0,,,,
q309_964594,Instrumentation,Medium,percettiva,True,A,0.4003825464764489,0.4003825464764489,True,MI,7,1.0,,1.4172423499595144,-0.1742386915131554
q309_964594,Instrumentation,Medium,percettiva,True,A,0.4003825464764489,0.4003825464764489,True,MI_balanced,7,1.0,,1.4285940465343219,-0.197573273911295
q309_964594,Instrumentation,Medium,percettiva,True,A,0.4003825464764489,0.4003825464764489,True,UC_audio,6,1.0,,1.348232588391487,-0.11527715165168506
q309_964594,Instrumentation,Medium,percettiva,True,A,0.4003825464764489,0.4003825464764489,True,UC_text,4,1.0,1.0,2.7202095309814722,1.344000427959105
q30_14013,Melody,Medium,analitica,True,A,0.46429703927666854,0.46429703927666854,True,MI,5,1.0,,1.1472093986470004,-0.1922408212505049
q30_14013,Melody,Medium,analitica,True,A,0.46429703927666854,0.46429703927666854,True,MI_balanced,5,1.0,,1.1501065328997766,-0.1743978611788015
q30_14013,Melody,Medium,analitica,True,A,0.46429703927666854,0.46429703927666854,True,UC_audio,7,1.0,,1.0582111117909505,-0.24909306134771503
q30_14013,Melody,Medium,analitica,True,A,0.46429703927666854,0.46429703927666854,True,UC_text,5,3.0,1.0,0.9552139157595356,1.7131979133944713
q310_964594,Genre and Style,Medium,knowledge,False,C,0.4903212060401799,0.2108845229100531,True,MI,8,1.0,,0.914297315582333,0.022652640890473006
q310_964594,Genre and Style,Medium,knowledge,False,C,0.4903212060401799,0.2108845229100531,True,MI_balanced,8,1.0,,0.9153688199107375,0.02436068574853613
q310_964594,Genre and Style,Medium,knowledge,False,C,0.4903212060401799,0.2108845229100531,True,UC_audio,6,1.0,,1.0994471816662217,-0.20863950739605952
q310_964594,Genre and Style,Medium,knowledge,False,C,0.4903212060401799,0.2108845229100531,True,UC_text,3,1.0,,0.5024315060969518,-0.06260001577197376
q311_964594,Instrumentation,Medium,percettiva,False,C,0.7277911457113443,0.13890137088268736,True,MI,12,1.0,,0.9438012162024952,-0.06988967073037108
q311_964594,Instrumentation,Medium,percettiva,False,C,0.7277911457113443,0.13890137088268736,True,MI_balanced,12,1.0,,0.9443947775813754,-0.07431213069175863
q311_964594,Instrumentation,Medium,percettiva,False,C,0.7277911457113443,0.13890137088268736,True,UC_audio,6,1.0,,0.7944671847514774,-0.08811109088796096
q311_964594,Instrumentation,Medium,percettiva,False,C,0.7277911457113443,0.13890137088268736,True,UC_text,8,5.0,1.0,0.7544127922837045,1.085856759184584
q312_1051203,Musical Texture,Medium,percettiva,False,D,0.41486382528934534,0.2678562174663043,True,MI,6,1.0,,1.7380901585568258,-0.2802873909984908
q312_1051203,Musical Texture,Medium,percettiva,False,D,0.41486382528934534,0.2678562174663043,True,MI_balanced,6,1.0,,1.7504631900788792,-0.28921783523971045
q312_1051203,Musical Texture,Medium,percettiva,False,D,0.41486382528934534,0.2678562174663043,True,UC_audio,4,1.0,,2.046066967607636,0.05621844199534101
q312_1051203,Musical Texture,Medium,percettiva,False,D,0.41486382528934534,0.2678562174663043,True,UC_text,4,2.0,1.0,2.215529544837511,1.6630568763273226
q313_1051203,Mood and Expression,Low,knowledge,False,B,0.7440328481847465,0.10069389624642633,True,MI,10,1.0,,0.7754424500481852,0.10543993235744195
q313_1051203,Mood and Expression,Low,knowledge,False,B,0.7440328481847465,0.10069389624642633,True,MI_balanced,10,1.0,,0.7759849622786966,0.1043247134031026
q313_1051203,Mood and Expression,Low,knowledge,False,B,0.7440328481847465,0.10069389624642633,True,UC_audio,8,1.0,,0.7234202060595503,0.12016323275890096
q313_1051203,Mood and Expression,Low,knowledge,False,B,0.7440328481847465,0.10069389624642633,True,UC_text,4,1.0,,1.3617144879246217,-0.02853911116213083
q314_1051203,Performance,Medium,analitica,True,A,0.32552656678614494,0.32552656678614494,True,MI,7,1.0,7.0,1.3765871357805137,0.6214306537815549
q314_1051203,Performance,Medium,analitica,True,A,0.32552656678614494,0.32552656678614494,True,MI_balanced,7,1.0,7.0,1.371988469587691,0.571243845673073
q314_1051203,Performance,Medium,analitica,True,A,0.32552656678614494,0.32552656678614494,True,UC_audio,5,1.0,,2.1237123797639272,0.34578282507453956
q314_1051203,Performance,Medium,analitica,True,A,0.32552656678614494,0.32552656678614494,True,UC_text,8,1.0,6.0,8.504518286593973,0.11397716211738625
q315_1351134,Metre and Rhythm,Medium,percettiva,True,A,0.80589863249152,0.80589863249152,True,MI,10,1.0,,0.8107620574517183,0.049363950083184505
q315_1351134,Metre and Rhythm,Medium,percettiva,True,A,0.80589863249152,0.80589863249152,True,MI_balanced,10,1.0,,0.8107224322527534,0.05170036039665075
q315_1351134,Metre and Rhythm,Medium,percettiva,True,A,0.80589863249152,0.80589863249152,True,UC_audio,8,1.0,,0.7954605366184253,0.04740796646474458
q315_1351134,Metre and Rhythm,Medium,percettiva,True,A,0.80589863249152,0.80589863249152,True,UC_text,4,1.0,2.0,0.9614511876546831,0.7730095735429175
q316_1351134,Functional Context,Low,knowledge,False,B,0.4683314164787133,0.2753178367182667,True,MI,8,1.0,,0.8793542911327936,0.14816651253592628
q316_1351134,Functional Context,Low,knowledge,False,B,0.4683314164787133,0.2753178367182667,True,MI_balanced,8,1.0,,0.8788209955488944,0.1570543096697944
q316_1351134,Functional Context,Low,knowledge,False,B,0.4683314164787133,0.2753178367182667,True,UC_audio,7,1.0,,0.8551838928366429,0.2148885502341871
q316_1351134,Functional Context,Low,knowledge,False,B,0.4683314164787133,0.2753178367182667,True,UC_text,3,2.0,1.0,0.5571114677270895,0.5176982392977316
q317_1351134,Metre and Rhythm,Low,percettiva,True,A,0.5684169419291103,0.5684169419291103,True,MI,8,1.0,,0.9421661552711417,0.08428721470097907
q317_1351134,Metre and Rhythm,Low,percettiva,True,A,0.5684169419291103,0.5684169419291103,True,MI_balanced,8,1.0,,0.9397595284651771,0.08225048271077505
q317_1351134,Metre and Rhythm,Low,percettiva,True,A,0.5684169419291103,0.5684169419291103,True,UC_audio,7,1.0,,0.9193526234567815,0.07663577749577268
q317_1351134,Metre and Rhythm,Low,percettiva,True,A,0.5684169419291103,0.5684169419291103,True,UC_text,5,4.0,1.0,1.2189226400764612,0.8956655160929873
q318_307395,Performance,Medium,analitica,False,B,0.6490462474646422,0.1494189303349334,True,MI,11,1.0,,0.6975398216583322,0.033592294682072275
q318_307395,Performance,Medium,analitica,False,B,0.6490462474646422,0.1494189303349334,True,MI_balanced,11,1.0,,0.6966803077685338,0.03395420844215466
q318_307395,Performance,Medium,analitica,False,B,0.6490462474646422,0.1494189303349334,True,UC_audio,8,1.0,,0.6872867327386427,-0.04866119135351712
q318_307395,Performance,Medium,analitica,False,B,0.6490462474646422,0.1494189303349334,True,UC_text,8,5.0,1.0,0.9923676931785484,1.435623454807093
q319_307395,Metre and Rhythm,High,percettiva,True,A,0.6021346145042967,0.6021346145042967,True,MI,10,1.0,,0.9097939346995582,0.03266665642422443
q319_307395,Metre and Rhythm,High,percettiva,True,A,0.6021346145042967,0.6021346145042967,True,MI_balanced,10,1.0,,0.9187540140127727,0.043885793923205574
q319_307395,Metre and Rhythm,High,percettiva,True,A,0.6021346145042967,0.6021346145042967,True,UC_audio,9,1.0,,1.0044263554700197,-0.0026876756254849863
q319_307395,Metre and Rhythm,High,percettiva,True,A,0.6021346145042967,0.6021346145042967,True,UC_text,5,3.0,1.0,0.8795360592763808,1.245239138359282
q31_644172,Melody,Medium,analitica,False,D,0.4766244149562503,0.2251414318450869,True,MI,6,1.0,,0.991091704853315,0.0681642540775147
q31_644172,Melody,Medium,analitica,False,D,0.4766244149562503,0.2251414318450869,True,MI_balanced,6,1.0,,0.9848740320104741,0.05333774874423687
q31_644172,Melody,Medium,analitica,False,D,0.4766244149562503,0.2251414318450869,True,UC_audio,5,1.0,,0.8650696672417504,0.01879352064837215
q31_644172,Melody,Medium,analitica,False,D,0.4766244149562503,0.2251414318450869,True,UC_text,10,7.0,2.0,0.549675761109066,1.5905020694644072
q320_307395,Genre and Style,High,knowledge,False,B,0.44180752461843553,0.1785063763751391,True,MI,12,1.0,,0.7336440726666011,0.011974866508156868
q320_307395,Genre and Style,High,knowledge,False,B,0.44180752461843553,0.1785063763751391,True,MI_balanced,12,1.0,,0.7292749908147861,0.011974866508156868
q320_307395,Genre and Style,High,knowledge,False,B,0.44180752461843553,0.1785063763751391,True,UC_audio,9,1.0,,0.619731754935337,0.03514077482408764
q320_307395,Genre and Style,High,knowledge,False,B,0.44180752461843553,0.1785063763751391,True,UC_text,2,1.0,,1.0918959495751892,0.26651702367762503
q32_644172,Harmony,Low,analitica,False,D,0.33857647004210867,0.17565115870906478,True,MI,13,3.0,,1.1839033268085533,-0.9070087079176526
q32_644172,Harmony,Low,analitica,False,D,0.33857647004210867,0.17565115870906478,True,MI_balanced,13,3.0,,1.1984445679349325,-0.9114824409291202
q32_644172,Harmony,Low,analitica,False,D,0.33857647004210867,0.17565115870906478,True,UC_audio,8,2.0,,0.8274753810443662,-0.8168653653648864
q32_644172,Harmony,Low,analitica,False,D,0.33857647004210867,0.17565115870906478,True,UC_text,2,1.0,2.0,4.498035972177218,0.9749313064830178
q33_644172,Metre and Rhythm,Medium,percettiva,True,A,0.9082958107169449,0.9082958107169449,True,MI,6,1.0,,0.9277290916386226,-0.0008757297381536183
q33_644172,Metre and Rhythm,Medium,percettiva,True,A,0.9082958107169449,0.9082958107169449,True,MI_balanced,6,1.0,,0.9293524400699017,-0.0019694209176931146
q33_644172,Metre and Rhythm,Medium,percettiva,True,A,0.9082958107169449,0.9082958107169449,True,UC_audio,5,1.0,,0.9352872251520138,-0.0015141001829234665
q33_644172,Metre and Rhythm,Medium,percettiva,True,A,0.9082958107169449,0.9082958107169449,True,UC_text,8,1.0,5.0,0.9509089776988033,0.49833473608595624
q34_355486,Musical Texture,Medium,percettiva,True,A,0.37887215961885795,0.37887215961885795,True,MI,1,1.0,,3.0168722659217604,-0.037213190625760666
q34_355486,Musical Texture,Medium,percettiva,True,A,0.37887215961885795,0.37887215961885795,True,MI_balanced,1,1.0,,3.02871588093024,-0.01060203436520591
q34_355486,Musical Texture,Medium,percettiva,True,A,0.37887215961885795,0.37887215961885795,True,UC_audio,5,1.0,,2.0772398566393435,-0.07565950624653207
q34_355486,Musical Texture,Medium,percettiva,True,A,0.37887215961885795,0.37887215961885795,True,UC_text,6,2.0,1.0,3.337228923654988,2.627087722777828
q35_355486,Melody,High,analitica,False,D,0.5190066559065234,0.24516138490020645,True,MI,14,1.0,,0.9130704124149387,-0.06950153590652088
q35_355486,Melody,High,analitica,False,D,0.5190066559065234,0.24516138490020645,True,MI_balanced,14,1.0,,0.9123794753078073,-0.07128372214205372
q35_355486,Melody,High,analitica,False,D,0.5190066559065234,0.24516138490020645,True,UC_audio,6,1.0,,0.8876260436501754,-0.012780760996516432
q35_355486,Melody,High,analitica,False,D,0.5190066559065234,0.24516138490020645,True,UC_text,7,,1.0,0.4339018660766894,1.3615885464507422
q36_355486,Harmony,High,analitica,True,A,0.8648109826666595,0.8648109826666595,True,MI,7,1.0,,1.0385007757960902,-0.0017942053920750967
q36_355486,Harmony,High,analitica,True,A,0.8648109826666595,0.8648109826666595,True,MI_balanced,7,1.0,,1.0381450407681487,-0.0008474826900034362
q36_355486,Harmony,High,analitica,True,A,0.8648109826666595,0.8648109826666595,True,UC_audio,7,1.0,,0.9967311471987342,-0.002676642245371248
q36_355486,Harmony,High,analitica,True,A,0.8648109826666595,0.8648109826666595,True,UC_text,6,2.0,3.0,0.983803909523333,0.5587842627149379
q37_337998,Instrumentation,Medium,percettiva,False,C,0.5392843735304949,0.07073871556275706,True,MI,7,1.0,,0.8499537567202015,-0.02282063318932556
q37_337998,Instrumentation,Medium,percettiva,False,C,0.5392843735304949,0.07073871556275706,True,MI_balanced,7,1.0,,0.8469658890231725,-0.030641826533159246
q37_337998,Instrumentation,Medium,percettiva,False,C,0.5392843735304949,0.07073871556275706,True,UC_audio,8,1.0,,1.0465856099094013,-0.08646779516668218
q37_337998,Instrumentation,Medium,percettiva,False,C,0.5392843735304949,0.07073871556275706,True,UC_text,3,2.0,1.0,1.2491048040118977,1.1548088181122835
q38_337998,Performance,Low,analitica,True,A,0.5901419736899604,0.5901419736899604,True,MI,10,1.0,,0.8194919043656047,0.13874797130233155
q38_337998,Performance,Low,analitica,True,A,0.5901419736899604,0.5901419736899604,True,MI_balanced,10,1.0,,0.8209982457646833,0.14404998171528502
q38_337998,Performance,Low,analitica,True,A,0.5901419736899604,0.5901419736899604,True,UC_audio,9,1.0,,0.6752952606457704,0.09729627921657882
q38_337998,Performance,Low,analitica,True,A,0.5901419736899604,0.5901419736899604,True,UC_text,7,2.0,1.0,1.7861616184946842,1.074398239793704
q39_337998,Instrumentation,Low,percettiva,False,B,0.8403185387517499,0.033616971134933296,True,MI,12,2.0,,0.7660842133539414,0.19031027724864416
q39_337998,Instrumentation,Low,percettiva,False,B,0.8403185387517499,0.033616971134933296,True,MI_balanced,12,2.0,,0.7679502115272518,0.19680663042764673
q39_337998,Instrumentation,Low,percettiva,False,B,0.8403185387517499,0.033616971134933296,True,UC_audio,7,2.0,,0.31427974494393246,0.0810472813006104
q39_337998,Instrumentation,Low,percettiva,False,B,0.8403185387517499,0.033616971134933296,True,UC_text,4,1.0,3.0,0.9210088179229229,0.5249664900963721
q3_1204663,Metre and Rhythm,Low,percettiva,True,A,0.4531383760394219,0.4531383760394219,True,MI,11,1.0,,1.4352724190493786,-0.14659937049921049
q3_1204663,Metre and Rhythm,Low,percettiva,True,A,0.4531383760394219,0.4531383760394219,True,MI_balanced,11,1.0,,1.4253026725917752,-0.1466743886449239
q3_1204663,Metre and Rhythm,Low,percettiva,True,A,0.4531383760394219,0.4531383760394219,True,UC_audio,6,1.0,,1.322835501227765,-0.2097803993148943
q3_1204663,Metre and Rhythm,Low,percettiva,True,A,0.4531383760394219,0.4531383760394219,True,UC_text,4,1.0,2.0,3.0275305342900154,0.18674267029730954
q40_457120,Genre and Style,Medium,knowledge,False,B,0.4213834174661792,0.3493391229978301,True,MI,13,1.0,13.0,0.6299617604678147,0.3107775137412102
q40_457120,Genre and Style,Medium,knowledge,False,B,0.4213834174661792,0.3493391229978301,True,MI_balanced,13,1.0,13.0,0.6067258490919214,0.3130713303481863
q40_457120,Genre and Style,Medium,knowledge,False,B,0.4213834174661792,0.3493391229978301,True,UC_audio,5,1.0,,0.82937753122583,0.1550224272609178
q40_457120,Genre and Style,Medium,knowledge,False,B,0.4213834174661792,0.3493391229978301,True,UC_text,5,1.0,1.0,2.4062820800835016,1.235924535074841
q41_457120,Instrumentation,Medium,percettiva,True,A,0.3518711926964444,0.3518711926964444,True,MI,11,6.0,,0.46806779694094913,0.21214217005698782
q41_457120,Instrumentation,Medium,percettiva,True,A,0.3518711926964444,0.3518711926964444,True,MI_balanced,11,6.0,,0.4701621268899327,0.202749568534117
q41_457120,Instrumentation,Medium,percettiva,True,A,0.3518711926964444,0.3518711926964444,True,UC_audio,8,7.0,,0.24139251165667688,0.09807310680540599
q41_457120,Instrumentation,Medium,percettiva,True,A,0.3518711926964444,0.3518711926964444,True,UC_text,7,6.0,1.0,1.8378754520301392,2.033276244801106
q42_457120,Mood and Expression,Low,knowledge,False,D,0.638056016009863,0.26598131950189413,True,MI,5,1.0,,0.9355548993703228,-0.025039181552472017
q42_457120,Mood and Expression,Low,knowledge,False,D,0.638056016009863,0.26598131950189413,True,MI_balanced,5,1.0,,0.9343215106267085,-0.02588189269317061
q42_457120,Mood and Expression,Low,knowledge,False,D,0.638056016009863,0.26598131950189413,True,UC_audio,7,1.0,,0.9803454925754138,0.006204338721919224
q42_457120,Mood and Expression,Low,knowledge,False,D,0.638056016009863,0.26598131950189413,True,UC_text,6,4.0,1.0,1.0375929705913096,1.131301293133178
q43_1235672,Harmony,Medium,analitica,True,A,0.8353397175223832,0.8353397175223832,True,MI,7,1.0,,0.7327185620382934,0.2985906828396981
q43_1235672,Harmony,Medium,analitica,True,A,0.8353397175223832,0.8353397175223832,True,MI_balanced,7,1.0,,0.7334855386994487,0.29749583824613784
q43_1235672,Harmony,Medium,analitica,True,A,0.8353397175223832,0.8353397175223832,True,UC_audio,8,1.0,,0.6588087168806501,0.17984750925833806
q43_1235672,Harmony,Medium,analitica,True,A,0.8353397175223832,0.8353397175223832,True,UC_text,8,1.0,2.0,1.0047401345286304,1.0313113373806926
q44_1235672,Structure,Medium,analitica,True,A,0.9296368133326461,0.9296368133326461,True,MI,9,1.0,,0.9713344753750357,0.006964282753983575
q44_1235672,Structure,Medium,analitica,True,A,0.9296368133326461,0.9296368133326461,True,MI_balanced,9,1.0,,0.9724077993733946,0.005311519060612569
q44_1235672,Structure,Medium,analitica,True,A,0.9296368133326461,0.9296368133326461,True,UC_audio,8,1.0,,0.9860520623374659,-0.014706184445202903
q44_1235672,Structure,Medium,analitica,True,A,0.9296368133326461,0.9296368133326461,True,UC_text,5,3.0,1.0,0.80346839736258,1.2252338579890083
q45_1235672,Historical and Cultural Context,Low,knowledge,True,A,0.6100874983754462,0.6100874983754462,True,MI,7,1.0,,1.2843593883723663,-0.08209374117354366
q45_1235672,Historical and Cultural Context,Low,knowledge,True,A,0.6100874983754462,0.6100874983754462,True,MI_balanced,7,1.0,,1.2860524747227526,-0.07932235680556736
q45_1235672,Historical and Cultural Context,Low,knowledge,True,A,0.6100874983754462,0.6100874983754462,True,UC_audio,6,1.0,,1.1856017996548829,0.027777097104458838
q45_1235672,Historical and Cultural Context,Low,knowledge,True,A,0.6100874983754462,0.6100874983754462,True,UC_text,8,8.0,1.0,0.6475033394698513,1.3273733483127645
q46_510027,Performance,Medium,analitica,False,B,0.4083125705813484,0.19899565403423156,True,MI,9,1.0,,1.2070390216561013,-0.12188549969772605
q46_510027,Performance,Medium,analitica,False,B,0.4083125705813484,0.19899565403423156,True,MI_balanced,9,1.0,,1.2045733354385664,-0.11630573232141546
q46_510027,Performance,Medium,analitica,False,B,0.4083125705813484,0.19899565403423156,True,UC_audio,4,1.0,,1.2237605489330785,-0.10383713137380922
q46_510027,Performance,Medium,analitica,False,B,0.4083125705813484,0.19899565403423156,True,UC_text,7,1.0,4.0,1.910587933119888,0.5321966335580748
q47_510027,Musical Texture,Low,percettiva,False,D,0.6156211513581016,0.2731802299441749,True,MI,8,1.0,,0.9986875982707798,-0.08920996310984207
q47_510027,Musical Texture,Low,percettiva,False,D,0.6156211513581016,0.2731802299441749,True,MI_balanced,8,1.0,,1.0011941279844523,-0.08945770160263991
q47_510027,Musical Texture,Low,percettiva,False,D,0.6156211513581016,0.2731802299441749,True,UC_audio,5,1.0,,0.5589241017128757,-0.24233824234118337
q47_510027,Musical Texture,Low,percettiva,False,D,0.6156211513581016,0.2731802299441749,True,UC_text,5,1.0,2.0,1.6303792772192265,1.1849113855987028
q48_510027,Structure,Medium,analitica,True,A,0.33690950101745204,0.33690950101745204,True,MI,10,,4.0,-0.4477947234736025,0.7130208465245318
q48_510027,Structure,Medium,analitica,True,A,0.33690950101745204,0.33690950101745204,True,MI_balanced,10,,4.0,-0.4622089069896282,0.7272793237600286
q48_510027,Structure,Medium,analitica,True,A,0.33690950101745204,0.33690950101745204,True,UC_audio,7,,,-0.7041397398536619,-0.10834609056839936
q48_510027,Structure,Medium,analitica,True,A,0.33690950101745204,0.33690950101745204,True,UC_text,8,8.0,1.0,-0.25967153066169796,2.899110423298
q49_1149194,Sound Texture,Low,percettiva,False,B,0.782943706894257,0.03334176446454051,True,MI,11,1.0,,0.8104323986834624,0.1027690542283158
q49_1149194,Sound Texture,Low,percettiva,False,B,0.782943706894257,0.03334176446454051,True,MI_balanced,11,1.0,,0.8134303249740481,0.10162229996039787
q49_1149194,Sound Texture,Low,percettiva,False,B,0.782943706894257,0.03334176446454051,True,UC_audio,6,1.0,,0.753404183521672,0.17503465708028765
q49_1149194,Sound Texture,Low,percettiva,False,B,0.782943706894257,0.03334176446454051,True,UC_text,8,1.0,2.0,0.8805397684177605,1.307849574544222
q4_196219,Musical Texture,Medium,percettiva,False,B,0.6394160885191182,0.23522803332044273,True,MI,10,1.0,,0.7352680234717685,0.10177263182482076
q4_196219,Musical Texture,Medium,percettiva,False,B,0.6394160885191182,0.23522803332044273,True,MI_balanced,10,1.0,,0.7350321341540382,0.10288671913919979
q4_196219,Musical Texture,Medium,percettiva,False,B,0.6394160885191182,0.23522803332044273,True,UC_audio,6,1.0,,0.8756187650455032,-0.014432353069969891
q4_196219,Musical Texture,Medium,percettiva,False,B,0.6394160885191182,0.23522803332044273,True,UC_text,8,1.0,3.0,0.9032629496882016,0.5664979377530599
q50_1149194,Functional Context,Low,knowledge,False,D,0.630139264018859,0.13627717305910095,True,MI,7,1.0,,1.3551909172812997,-0.24445752598093415
q50_1149194,Functional Context,Low,knowledge,False,D,0.630139264018859,0.13627717305910095,True,MI_balanced,7,1.0,,1.3503301648230759,-0.23753518619749367
q50_1149194,Functional Context,Low,knowledge,False,D,0.630139264018859,0.13627717305910095,True,UC_audio,6,1.0,,1.4008466223128402,-0.19439973669661217
q50_1149194,Functional Context,Low,knowledge,False,D,0.630139264018859,0.13627717305910095,True,UC_text,5,1.0,3.0,1.1292007686065408,1.029143820066679
q51_1149194,Mood and Expression,Low,knowledge,False,B,0.6710935935765221,0.20467198223322206,True,MI,2,1.0,,1.3180929287711523,-0.07151151456302576
q51_1149194,Mood and Expression,Low,knowledge,False,B,0.6710935935765221,0.20467198223322206,True,MI_balanced,2,1.0,,1.3174807532399755,-0.07395709189387974
q51_1149194,Mood and Expression,Low,knowledge,False,B,0.6710935935765221,0.20467198223322206,True,UC_audio,4,1.0,,1.4056464158267628,-0.025788149442666126
q51_1149194,Mood and Expression,Low,knowledge,False,B,0.6710935935765221,0.20467198223322206,True,UC_text,8,7.0,1.0,0.8000128511332844,1.535623766451504
q52_1107251,Melody,Low,analitica,True,A,0.9540808042024864,0.9540808042024864,True,MI,11,1.0,,0.8697313886536083,0.05070636295674948
q52_1107251,Melody,Low,analitica,True,A,0.9540808042024864,0.9540808042024864,True,MI_balanced,11,1.0,,0.8697027496134632,0.05040392921316261
q52_1107251,Melody,Low,analitica,True,A,0.9540808042024864,0.9540808042024864,True,UC_audio,9,1.0,,0.8830701250919173,-0.006215862233899181
q52_1107251,Melody,Low,analitica,True,A,0.9540808042024864,0.9540808042024864,True,UC_text,2,1.0,,1.0135203573992517,0.3489875586099436
q53_1107251,Lyrics,Low,knowledge,False,D,0.4410262262521752,0.32266167990144906,True,MI,9,1.0,,0.9760257125230446,0.1272620417768639
q53_1107251,Lyrics,Low,knowledge,False,D,0.4410262262521752,0.32266167990144906,True,MI_balanced,9,1.0,,0.9813472352883348,0.1246451078082482
q53_1107251,Lyrics,Low,knowledge,False,D,0.4410262262521752,0.32266167990144906,True,UC_audio,7,1.0,,0.9115629679440406,0.09730342722167845
q53_1107251,Lyrics,Low,knowledge,False,D,0.4410262262521752,0.32266167990144906,True,UC_text,4,,,-0.8560496232630984,-0.22174463575335723
q54_1107251,Mood and Expression,Low,knowledge,True,A,0.7986576735643895,0.7986576735643895,True,MI,8,4.0,,0.5043110588662414,0.017087302606765987
q54_1107251,Mood and Expression,Low,knowledge,True,A,0.7986576735643895,0.7986576735643895,True,MI_balanced,8,4.0,,0.5053055566800326,0.016930224014691096
q54_1107251,Mood and Expression,Low,knowledge,True,A,0.7986576735643895,0.7986576735643895,True,UC_audio,8,7.0,,0.6329145964243342,0.027926910016612502
q54_1107251,Mood and Expression,Low,knowledge,True,A,0.7986576735643895,0.7986576735643895,True,UC_text,8,6.0,1.0,0.6928726788727962,0.9858799060309252
q55_189585,Harmony,High,analitica,False,C,0.5303556104496377,0.10443321170758113,True,MI,8,1.0,,0.9320050685912915,-0.011802884955465894
q55_189585,Harmony,High,analitica,False,C,0.5303556104496377,0.10443321170758113,True,MI_balanced,8,1.0,,0.9298300020443285,-0.004438580449117178
q55_189585,Harmony,High,analitica,False,C,0.5303556104496377,0.10443321170758113,True,UC_audio,6,1.0,,0.8730802566267066,0.028049586562358134
q55_189585,Harmony,High,analitica,False,C,0.5303556104496377,0.10443321170758113,True,UC_text,4,1.0,1.0,2.1112462652250814,1.4313999903980799
q56_189585,Harmony,High,analitica,True,A,0.4871532526695158,0.4871532526695158,True,MI,7,1.0,4.0,0.905133939091465,0.4974031602376549
q56_189585,Harmony,High,analitica,True,A,0.4871532526695158,0.4871532526695158,True,MI_balanced,7,1.0,4.0,0.8978282096088248,0.49097272119350127
q56_189585,Harmony,High,analitica,True,A,0.4871532526695158,0.4871532526695158,True,UC_audio,6,1.0,,1.0659738306947153,0.3788399927214568
q56_189585,Harmony,High,analitica,True,A,0.4871532526695158,0.4871532526695158,True,UC_text,6,4.0,1.0,2.0715650016064346,1.530174998391188
q57_189585,Genre and Style,Low,knowledge,False,B,0.7002711654387335,0.16121157605175557,True,MI,12,1.0,,1.0744383834987348,-0.032269832166642906
q57_189585,Genre and Style,Low,knowledge,False,B,0.7002711654387335,0.16121157605175557,True,MI_balanced,12,1.0,,1.0725644640309033,-0.03368316446797914
q57_189585,Genre and Style,Low,knowledge,False,B,0.7002711654387335,0.16121157605175557,True,UC_audio,5,1.0,,1.0346772648093698,-0.025789299725385552
q57_189585,Genre and Style,Low,knowledge,False,B,0.7002711654387335,0.16121157605175557,True,UC_text,7,1.0,1.0,0.9719057703034776,0.8811174730177942
q58_170946,Historical and Cultural Context,Low,knowledge,False,D,0.6879056816346544,0.26938773555106943,True,MI,15,1.0,,0.8876756732974341,0.03510207021668004
q58_170946,Historical and Cultural Context,Low,knowledge,False,D,0.6879056816346544,0.26938773555106943,True,MI_balanced,15,1.0,,0.8851504325813566,0.03340085195365788
q58_170946,Historical and Cultural Context,Low,knowledge,False,D,0.6879056816346544,0.26938773555106943,True,UC_audio,8,1.0,,0.8703078315053555,0.0567635201707933
q58_170946,Historical and Cultural Context,Low,knowledge,False,D,0.6879056816346544,0.26938773555106943,True,UC_text,6,1.0,1.0,1.4198848535252453,1.4167521698435102
q59_170946,Sound Texture,Low,percettiva,False,B,0.6966937245125518,0.22618333665607834,True,MI,11,1.0,,1.1667170320404263,-0.033807223719747
q59_170946,Sound Texture,Low,percettiva,False,B,0.6966937245125518,0.22618333665607834,True,MI_balanced,11,1.0,,1.1640880333887216,-0.03556845129454229
q59_170946,Sound Texture,Low,percettiva,False,B,0.6966937245125518,0.22618333665607834,True,UC_audio,6,1.0,,1.1115905404150426,-0.10659905153525609
q59_170946,Sound Texture,Low,percettiva,False,B,0.6966937245125518,0.22618333665607834,True,UC_text,3,1.0,1.0,1.317452687927406,1.0359098900748056
q5_196219,Performance,Low,analitica,False,D,0.5368335240820271,0.3466057737606531,True,MI,13,1.0,,1.1978531202050546,-0.13872278714846512
q5_196219,Performance,Low,analitica,False,D,0.5368335240820271,0.3466057737606531,True,MI_balanced,13,1.0,,1.1943324810589344,-0.13358609889226644
q5_196219,Performance,Low,analitica,False,D,0.5368335240820271,0.3466057737606531,True,UC_audio,5,1.0,,1.0601099525668316,-0.12497188966152403
q5_196219,Performance,Low,analitica,False,D,0.5368335240820271,0.3466057737606531,True,UC_text,4,1.0,,1.872309128220937,-0.10556771589302623
q60_170946,Instrumentation,Low,percettiva,True,A,0.3371341516230715,0.3371341516230715,True,MI,11,3.0,,0.5706886014945732,0.07368254100709555
q60_170946,Instrumentation,Low,percettiva,True,A,0.3371341516230715,0.3371341516230715,True,MI_balanced,11,3.0,,0.5797139004697507,0.07022000532736833
q60_170946,Instrumentation,Low,percettiva,True,A,0.3371341516230715,0.3371341516230715,True,UC_audio,8,7.0,,0.22554794509663398,-0.011744013160911417
q60_170946,Instrumentation,Low,percettiva,True,A,0.3371341516230715,0.3371341516230715,True,UC_text,6,3.0,1.0,1.1782331352303281,2.732295055048171
q61_1278743,Genre and Style,Medium,knowledge,False,C,0.44825171625539084,0.2986000167704014,True,MI,10,7.0,,0.6666112186544891,0.12275815917446198
q61_1278743,Genre and Style,Medium,knowledge,False,C,0.44825171625539084,0.2986000167704014,True,MI_balanced,10,7.0,,0.6664737524599424,0.12588011014253003
q61_1278743,Genre and Style,Medium,knowledge,False,C,0.44825171625539084,0.2986000167704014,True,UC_audio,7,1.0,,0.7047730057552921,0.07362131721970047
q61_1278743,Genre and Style,Medium,knowledge,False,C,0.44825171625539084,0.2986000167704014,True,UC_text,5,1.0,1.0,1.652420936812532,1.0223588330191358
q62_1278743,Genre and Style,Low,knowledge,False,C,0.5129829840894746,0.09489231052549742,True,MI,7,1.0,,1.0746634386710858,0.1099324615875879
q62_1278743,Genre and Style,Low,knowledge,False,C,0.5129829840894746,0.09489231052549742,True,MI_balanced,7,1.0,,1.076211668617374,0.10683126895406735
q62_1278743,Genre and Style,Low,knowledge,False,C,0.5129829840894746,0.09489231052549742,True,UC_audio,5,1.0,,1.0276992040074593,-0.013432541669011101
q62_1278743,Genre and Style,Low,knowledge,False,C,0.5129829840894746,0.09489231052549742,True,UC_text,7,1.0,1.0,0.9317581572214616,1.1989057931740774
q63_1278743,Sound Texture,Low,percettiva,True,A,0.36891085543295127,0.36891085543295127,True,MI,9,1.0,,1.1432700965215845,0.22280827654648613
q63_1278743,Sound Texture,Low,percettiva,True,A,0.36891085543295127,0.36891085543295127,True,MI_balanced,9,1.0,,1.1245382982657088,0.23409933552562873
q63_1278743,Sound Texture,Low,percettiva,True,A,0.36891085543295127,0.36891085543295127,True,UC_audio,7,1.0,,0.7893590307217726,0.11036514904490563
q63_1278743,Sound Texture,Low,percettiva,True,A,0.36891085543295127,0.36891085543295127,True,UC_text,1,1.0,1.0,2.38069667625532,1.3623134413967708
q64_261271,Harmony,High,analitica,False,B,0.5676866217244406,0.08982106675272682,True,MI,11,1.0,,0.8700140918137862,-0.018061034069484918
q64_261271,Harmony,High,analitica,False,B,0.5676866217244406,0.08982106675272682,True,MI_balanced,11,1.0,,0.8738209224138809,-0.014027645376973551
q64_261271,Harmony,High,analitica,False,B,0.5676866217244406,0.08982106675272682,True,UC_audio,5,1.0,,0.9328767253524535,-0.005358921572172241
q64_261271,Harmony,High,analitica,False,B,0.5676866217244406,0.08982106675272682,True,UC_text,3,2.0,1.0,0.538580039350254,1.6623742351871948
q65_261271,Genre and Style,Low,knowledge,False,D,0.5905793027435435,0.35820445410566853,True,MI,12,1.0,11.0,0.6629754532807531,0.3070821887640331
q65_261271,Genre and Style,Low,knowledge,False,D,0.5905793027435435,0.35820445410566853,True,MI_balanced,12,1.0,11.0,0.6602084939751214,0.30700064811380673
q65_261271,Genre and Style,Low,knowledge,False,D,0.5905793027435435,0.35820445410566853,True,UC_audio,5,1.0,,0.9278152457388146,-0.032143335764265604
q65_261271,Genre and Style,Low,knowledge,False,D,0.5905793027435435,0.35820445410566853,True,UC_text,7,1.0,2.0,1.3259003988481106,0.8430047321206502
q66_261271,Functional Context,Low,knowledge,False,C,0.917486606525099,0.05684839468286175,True,MI,11,1.0,,0.901640304305528,0.026066374954278684
q66_261271,Functional Context,Low,knowledge,False,C,0.917486606525099,0.05684839468286175,True,MI_balanced,11,1.0,,0.9028506335705431,0.028599276509896306
q66_261271,Functional Context,Low,knowledge,False,C,0.917486606525099,0.05684839468286175,True,UC_audio,7,1.0,,0.8859175330312351,0.007292497253436481
q66_261271,Functional Context,Low,knowledge,False,C,0.917486606525099,0.05684839468286175,True,UC_text,5,1.0,,1.0801442312420044,0.13618498836570928
q67_1051201,Mood and Expression,Low,knowledge,False,C,0.45134269086321194,0.3302093666463585,True,MI,7,1.0,2.0,0.8632741964667335,0.5377346895789219
q67_1051201,Mood and Expression,Low,knowledge,False,C,0.45134269086321194,0.3302093666463585,True,MI_balanced,7,1.0,2.0,0.8650473390698771,0.5388908930470173
q67_1051201,Mood and Expression,Low,knowledge,False,C,0.45134269086321194,0.3302093666463585,True,UC_audio,6,4.0,4.0,0.245115706958594,0.6713580228011193
q67_1051201,Mood and Expression,Low,knowledge,False,C,0.45134269086321194,0.3302093666463585,True,UC_text,6,1.0,1.0,0.5850745850854133,1.380425487063302
q68_1051201,Mood and Expression,Low,knowledge,True,A,0.3677917879117347,0.3677917879117347,True,MI,11,,1.0,-0.10199140871263503,1.9147195467316347
q68_1051201,Mood and Expression,Low,knowledge,True,A,0.3677917879117347,0.3677917879117347,True,MI_balanced,11,,1.0,-0.09213619994617811,1.9180805162593173
q68_1051201,Mood and Expression,Low,knowledge,True,A,0.3677917879117347,0.3677917879117347,True,UC_audio,9,,1.0,-0.5911924001471907,1.3708806973606689
q68_1051201,Mood and Expression,Low,knowledge,True,A,0.3677917879117347,0.3677917879117347,True,UC_text,2,1.0,1.0,4.4707663521463274,-0.15798882756300375
q69_1051201,Performance,Low,analitica,False,C,0.7787531914795494,0.025827612415985232,True,MI,9,1.0,,0.8529920577422431,0.05784200207135338
q69_1051201,Performance,Low,analitica,False,C,0.7787531914795494,0.025827612415985232,True,MI_balanced,9,1.0,,0.8513078057305816,0.056737104025485645
q69_1051201,Performance,Low,analitica,False,C,0.7787531914795494,0.025827612415985232,True,UC_audio,7,1.0,,0.8461177427031294,0.04313574630126471
q69_1051201,Performance,Low,analitica,False,C,0.7787531914795494,0.025827612415985232,True,UC_text,5,1.0,5.0,1.1021662716545768,0.4593650321510266
q6_196219,Melody,Medium,analitica,False,D,0.524620195491781,0.13264475817914897,True,MI,11,9.0,,0.4140278159197021,0.2831705791416707
q6_196219,Melody,Medium,analitica,False,D,0.524620195491781,0.13264475817914897,True,MI_balanced,11,9.0,,0.413252635920346,0.2810593285254257
q6_196219,Melody,Medium,analitica,False,D,0.524620195491781,0.13264475817914897,True,UC_audio,7,,,0.3152669523310241,0.046246097471723306
q6_196219,Melody,Medium,analitica,False,D,0.524620195491781,0.13264475817914897,True,UC_text,4,2.0,1.0,1.8950556596036054,1.5609017930315334
q70_1247308,Metre and Rhythm,Low,percettiva,False,B,0.7338378831093217,0.1538207766225701,True,MI,11,1.0,,0.47583812144112614,0.33004816840961454
q70_1247308,Metre and Rhythm,Low,percettiva,False,B,0.7338378831093217,0.1538207766225701,True,MI_balanced,11,1.0,,0.47209515285828524,0.33349924333283665
q70_1247308,Metre and Rhythm,Low,percettiva,False,B,0.7338378831093217,0.1538207766225701,True,UC_audio,6,1.0,4.0,0.586026975407848,0.5343406455360107
q70_1247308,Metre and Rhythm,Low,percettiva,False,B,0.7338378831093217,0.1538207766225701,True,UC_text,7,5.0,1.0,0.9597217342754525,0.9837224408716128
q71_1247308,Harmony,Medium,analitica,False,B,0.7714659398433698,0.03608194215450026,True,MI,14,1.0,,0.8609862091027178,0.08922389535122481
q71_1247308,Harmony,Medium,analitica,False,B,0.7714659398433698,0.03608194215450026,True,MI_balanced,14,1.0,,0.8597180035636477,0.08933730821286272
q71_1247308,Harmony,Medium,analitica,False,B,0.7714659398433698,0.03608194215450026,True,UC_audio,6,1.0,,0.8923138957708232,0.0067295670068989516
q71_1247308,Harmony,Medium,analitica,False,B,0.7714659398433698,0.03608194215450026,True,UC_text,7,4.0,1.0,0.4705041174803263,1.282532073159373
q72_1247308,Structure,Medium,analitica,False,C,0.6239913359049404,0.022029588542726478,True,MI,5,1.0,,0.5957107711107823,-0.0853000647362659
q72_1247308,Structure,Medium,analitica,False,C,0.6239913359049404,0.022029588542726478,True,MI_balanced,5,1.0,,0.5840323205813631,-0.07858601027640427
q72_1247308,Structure,Medium,analitica,False,C,0.6239913359049404,0.022029588542726478,True,UC_audio,7,1.0,,0.6765823550943476,-0.14424518312258136
q72_1247308,Structure,Medium,analitica,False,C,0.6239913359049404,0.022029588542726478,True,UC_text,1,1.0,1.0,1.4022815106400588,0.4944748620386096
q73_26738,Instrumentation,Low,percettiva,True,A,0.8724301346098426,0.8724301346098426,True,MI,9,1.0,,0.9429424348525711,-0.03897782440170467
q73_26738,Instrumentation,Low,percettiva,True,A,0.8724301346098426,0.8724301346098426,True,MI_balanced,9,1.0,,0.9454616201440121,-0.039406093131243686
q73_26738,Instrumentation,Low,percettiva,True,A,0.8724301346098426,0.8724301346098426,True,UC_audio,7,1.0,,0.9617930346524287,-0.042558466414569486
q73_26738,Instrumentation,Low,percettiva,True,A,0.8724301346098426,0.8724301346098426,True,UC_text,7,1.0,2.0,1.0383280555281407,0.4424793043814582
q74_26738,Instrumentation,Medium,percettiva,False,B,0.7483332926498464,0.03500001384787063,True,MI,11,5.0,,0.6225987036082845,-0.014849102314160874
q74_26738,Instrumentation,Medium,percettiva,False,B,0.7483332926498464,0.03500001384787063,True,MI_balanced,11,5.0,,0.6239823593724914,-0.015507270176492404
q74_26738,Instrumentation,Medium,percettiva,False,B,0.7483332926498464,0.03500001384787063,True,UC_audio,7,4.0,,0.6814416295620163,0.0846733919669352
q74_26738,Instrumentation,Medium,percettiva,False,B,0.7483332926498464,0.03500001384787063,True,UC_text,6,1.0,4.0,1.1912343359332704,0.7757577443613921
q75_26738,Genre and Style,Low,knowledge,True,A,0.9643978869799349,0.9643978869799349,True,MI,12,1.0,,0.9197575421547382,0.028339593733987964
q75_26738,Genre and Style,Low,knowledge,True,A,0.9643978869799349,0.9643978869799349,True,MI_balanced,12,1.0,,0.9200070599262851,0.02807154813516856
q75_26738,Genre and Style,Low,knowledge,True,A,0.9643978869799349,0.9643978869799349,True,UC_audio,9,1.0,,0.9083535973299222,0.009220007919698578
q75_26738,Genre and Style,Low,knowledge,True,A,0.9643978869799349,0.9643978869799349,True,UC_text,6,1.0,2.0,0.9744100262403725,0.7013940850813447
q76_1087890,Performance,Low,analitica,False,C,0.6897446470898339,0.22392730152492873,True,MI,11,1.0,,1.1436487478758872,0.0947889978856717
q76_1087890,Performance,Low,analitica,False,C,0.6897446470898339,0.22392730152492873,True,MI_balanced,11,1.0,,1.1436487478758872,0.09249375863486747
q76_1087890,Performance,Low,analitica,False,C,0.6897446470898339,0.22392730152492873,True,UC_audio,7,1.0,,0.8587628268939768,0.17284699068191728
q76_1087890,Performance,Low,analitica,False,C,0.6897446470898339,0.22392730152492873,True,UC_text,8,1.0,1.0,1.0287615265269743,1.3955766538533434
q77_1087890,Instrumentation,Low,percettiva,True,A,0.7385375993966803,0.7385375993966803,True,MI,10,1.0,,1.1976925758476835,-0.193912077980069
q77_1087890,Instrumentation,Low,percettiva,True,A,0.7385375993966803,0.7385375993966803,True,MI_balanced,10,1.0,,1.1967490476723144,-0.19239267272473481
q77_1087890,Instrumentation,Low,percettiva,True,A,0.7385375993966803,0.7385375993966803,True,UC_audio,8,1.0,,1.1140407665292764,-0.137295278221057
q77_1087890,Instrumentation,Low,percettiva,True,A,0.7385375993966803,0.7385375993966803,True,UC_text,3,1.0,2.0,1.279676770051853,0.6834628638175516
q78_1087890,Metre and Rhythm,Medium,percettiva,True,A,0.527741283031333,0.527741283031333,True,MI,5,1.0,,1.5993783765457283,-0.584273207625986
q78_1087890,Metre and Rhythm,Medium,percettiva,True,A,0.527741283031333,0.527741283031333,True,MI_balanced,5,1.0,,1.5993455065322268,-0.5837552587009568
q78_1087890,Metre and Rhythm,Medium,percettiva,True,A,0.527741283031333,0.527741283031333,True,UC_audio,6,1.0,,1.7367481453810023,-0.13334579872570157
q78_1087890,Metre and Rhythm,Medium,percettiva,True,A,0.527741283031333,0.527741283031333,True,UC_text,7,1.0,2.0,1.3896005856153102,0.7185251474174348
q79_467850,Instrumentation,Low,percettiva,False,B,0.318844850901892,0.11729646557017989,True,MI,11,1.0,,1.1401964578643167,-0.5756381347191726
q79_467850,Instrumentation,Low,percettiva,False,B,0.318844850901892,0.11729646557017989,True,MI_balanced,11,1.0,,1.1137105802611946,-0.5690251817792088
q79_467850,Instrumentation,Low,percettiva,False,B,0.318844850901892,0.11729646557017989,True,UC_audio,5,1.0,,1.1841389836971936,-0.7798233479749189
q79_467850,Instrumentation,Low,percettiva,False,B,0.318844850901892,0.11729646557017989,True,UC_text,8,1.0,5.0,3.0735665920719177,0.5840150310849526
q7_171574,Metre and Rhythm,Medium,percettiva,True,A,0.4715466895325323,0.4715466895325323,True,MI,9,5.0,,0.45125780862945825,-0.003781608096426958
q7_171574,Metre and Rhythm,Medium,percettiva,True,A,0.4715466895325323,0.4715466895325323,True,MI_balanced,9,5.0,,0.45397977109987847,-0.0001405465902455975
q7_171574,Metre and Rhythm,Medium,percettiva,True,A,0.4715466895325323,0.4715466895325323,True,UC_audio,8,7.0,7.0,0.42758404393925825,0.3364764877993457
q7_171574,Metre and Rhythm,Medium,percettiva,True,A,0.4715466895325323,0.4715466895325323,True,UC_text,3,1.0,1.0,2.133170995222453,0.8481530956492139
q80_467850,Genre and Style,Low,knowledge,False,B,0.7467351016662037,0.10757739112552903,True,MI,7,1.0,,1.1731305780566896,-0.13976588474604906
q80_467850,Genre and Style,Low,knowledge,False,B,0.7467351016662037,0.10757739112552903,True,MI_balanced,7,1.0,,1.1721865488779974,-0.14051957559252443
q80_467850,Genre and Style,Low,knowledge,False,B,0.7467351016662037,0.10757739112552903,True,UC_audio,4,1.0,,1.1483473682958698,-0.14174336869657198
q80_467850,Genre and Style,Low,knowledge,False,B,0.7467351016662037,0.10757739112552903,True,UC_text,5,1.0,3.0,0.9617782457198533,0.8126598274278245
q81_467850,Metre and Rhythm,Low,percettiva,False,C,0.8115595947866927,0.1098326476238477,True,MI,12,1.0,,1.0115830707076954,-0.04288033996301787
q81_467850,Metre and Rhythm,Low,percettiva,False,C,0.8115595947866927,0.1098326476238477,True,MI_balanced,12,1.0,,1.012531874457398,-0.04059205275509685
q81_467850,Metre and Rhythm,Low,percettiva,False,C,0.8115595947866927,0.1098326476238477,True,UC_audio,9,1.0,,1.0302750313472393,-0.05887552159242469
q81_467850,Metre and Rhythm,Low,percettiva,False,C,0.8115595947866927,0.1098326476238477,True,UC_text,7,1.0,1.0,0.9274984448583976,1.1064753416775381
q82_875005,Metre and Rhythm,Medium,percettiva,False,C,0.535223046641229,0.26912704910902363,True,MI,7,1.0,,0.5067879185631932,-0.2952316165400805
q82_875005,Metre and Rhythm,Medium,percettiva,False,C,0.535223046641229,0.26912704910902363,True,MI_balanced,7,1.0,,0.5029181806875338,-0.2928772073081979
q82_875005,Metre and Rhythm,Medium,percettiva,False,C,0.535223046641229,0.26912704910902363,True,UC_audio,7,1.0,,0.8497113852959994,-0.34706537794315756
q82_875005,Metre and Rhythm,Medium,percettiva,False,C,0.535223046641229,0.26912704910902363,True,UC_text,4,1.0,,1.339233607433299,0.4061302998807771
q83_875005,Harmony,Medium,analitica,False,B,0.6980716749484004,0.2000008834249441,True,MI,12,1.0,,0.7949908194437325,0.12389943124704755
q83_875005,Harmony,Medium,analitica,False,B,0.6980716749484004,0.2000008834249441,True,MI_balanced,12,1.0,,0.7955683858908923,0.12337789472282132
q83_875005,Harmony,Medium,analitica,False,B,0.6980716749484004,0.2000008834249441,True,UC_audio,7,1.0,,0.773844884126531,0.2687293170134399
q83_875005,Harmony,Medium,analitica,False,B,0.6980716749484004,0.2000008834249441,True,UC_text,8,3.0,2.0,0.8421754964678897,1.0099532035565533
q84_875005,Harmony,High,analitica,False,B,0.4418731154378877,0.3036946548264258,True,MI,4,1.0,,1.340481899455977,0.24421942116022907
q84_875005,Harmony,High,analitica,False,B,0.4418731154378877,0.3036946548264258,True,MI_balanced,4,1.0,,1.3428425437179792,0.2519595786695409
q84_875005,Harmony,High,analitica,False,B,0.4418731154378877,0.3036946548264258,True,UC_audio,5,1.0,,1.1475656078753276,0.023204219985769194
q84_875005,Harmony,High,analitica,False,B,0.4418731154378877,0.3036946548264258,True,UC_text,8,2.0,2.0,1.248628695540677,1.4698816046621976
q85_1215807,Musical Texture,Medium,percettiva,False,C,0.3875097562726933,0.34197615963196326,True,MI,11,1.0,,1.4507212435055963,-0.7435334318324266
q85_1215807,Musical Texture,Medium,percettiva,False,C,0.3875097562726933,0.34197615963196326,True,MI_balanced,11,1.0,,1.4481263169130212,-0.745318918581159
q85_1215807,Musical Texture,Medium,percettiva,False,C,0.3875097562726933,0.34197615963196326,True,UC_audio,8,1.0,,1.5737928438019297,-0.44341199358270345
q85_1215807,Musical Texture,Medium,percettiva,False,C,0.3875097562726933,0.34197615963196326,True,UC_text,4,1.0,1.0,2.5864187900990236,0.5026030487334227
q86_1215807,Sound Texture,Low,percettiva,False,B,0.4242537341865708,0.3985494998422607,True,MI,5,,,-0.02680516358850773,0.2720816610636071
q86_1215807,Sound Texture,Low,percettiva,False,B,0.4242537341865708,0.3985494998422607,True,MI_balanced,5,,,-0.009758819778811623,0.24461622158326943
q86_1215807,Sound Texture,Low,percettiva,False,B,0.4242537341865708,0.3985494998422607,True,UC_audio,9,,,-0.19466477760648906,0.3320979267248056
q86_1215807,Sound Texture,Low,percettiva,False,B,0.4242537341865708,0.3985494998422607,True,UC_text,5,1.0,,-0.4098333817364395,-1.1077300672337675
q87_1215807,Instrumentation,Medium,percettiva,False,B,0.5736067769743451,0.04027351689887853,True,MI,12,1.0,,0.5582456001556205,-0.07331045509388615
q87_1215807,Instrumentation,Medium,percettiva,False,B,0.5736067769743451,0.04027351689887853,True,MI_balanced,12,1.0,,0.5546081093630365,-0.08532212622549194
q87_1215807,Instrumentation,Medium,percettiva,False,B,0.5736067769743451,0.04027351689887853,True,UC_audio,9,1.0,,0.9928565549060715,0.047518766348368636
q87_1215807,Instrumentation,Medium,percettiva,False,B,0.5736067769743451,0.04027351689887853,True,UC_text,7,3.0,1.0,1.4292272376364394,1.5056391956213098
q88_306166,Harmony,Low,analitica,False,D,0.6395845028534122,0.06332744156419973,True,MI,10,1.0,,0.9700211858625605,0.07928844655798925
q88_306166,Harmony,Low,analitica,False,D,0.6395845028534122,0.06332744156419973,True,MI_balanced,10,1.0,,0.9700546489031051,0.07681232880403807
q88_306166,Harmony,Low,analitica,False,D,0.6395845028534122,0.06332744156419973,True,UC_audio,7,1.0,,1.0485149662866986,-0.03580685411810487
q88_306166,Harmony,Low,analitica,False,D,0.6395845028534122,0.06332744156419973,True,UC_text,6,1.0,6.0,1.4145262794078726,0.48505440607819295
q89_306166,Melody,Medium,analitica,False,C,0.8471072424047329,0.028094597583653104,True,MI,8,1.0,,0.9536751828264758,0.011583312363473994
q89_306166,Melody,Medium,analitica,False,C,0.8471072424047329,0.028094597583653104,True,MI_balanced,8,1.0,,0.9544431677281403,0.012238671692011408
q89_306166,Melody,Medium,analitica,False,C,0.8471072424047329,0.028094597583653104,True,UC_audio,7,1.0,,0.9270663751378677,0.022840738412454417
q89_306166,Melody,Medium,analitica,False,C,0.8471072424047329,0.028094597583653104,True,UC_text,9,4.0,1.0,0.7500056346395596,1.0496269230832966
q8_171574,Harmony,Medium,analitica,False,B,0.7996073405374134,0.1305323100679769,True,MI,12,2.0,,0.5572977361050084,0.19593565923497974
q8_171574,Harmony,Medium,analitica,False,B,0.7996073405374134,0.1305323100679769,True,MI_balanced,12,2.0,,0.556850331985005,0.19445456258211957
q8_171574,Harmony,Medium,analitica,False,B,0.7996073405374134,0.1305323100679769,True,UC_audio,6,1.0,,0.6669230061129722,0.29988569385008373
q8_171574,Harmony,Medium,analitica,False,B,0.7996073405374134,0.1305323100679769,True,UC_text,7,3.0,1.0,0.7548347245992414,0.9775267982988134
q90_306166,Performance,Medium,analitica,True,A,0.42793879442696187,0.42793879442696187,True,MI,9,1.0,,1.0054482170991483,0.07693331047636706
q90_306166,Performance,Medium,analitica,True,A,0.42793879442696187,0.42793879442696187,True,MI_balanced,9,1.0,,1.0022210869629453,0.07799807531882488
q90_306166,Performance,Medium,analitica,True,A,0.42793879442696187,0.42793879442696187,True,UC_audio,9,1.0,,0.7297512112782674,-0.0828392477606788
q90_306166,Performance,Medium,analitica,True,A,0.42793879442696187,0.42793879442696187,True,UC_text,4,1.0,1.0,3.108862567767809,1.1303238687439845
q91_8559,Historical and Cultural Context,Low,knowledge,False,C,0.5332325174494608,0.1266538243129291,True,MI,13,1.0,,1.1557486158994676,-0.14098307480754493
q91_8559,Historical and Cultural Context,Low,knowledge,False,C,0.5332325174494608,0.1266538243129291,True,MI_balanced,13,1.0,,1.149671113954954,-0.12166584403314415
q91_8559,Historical and Cultural Context,Low,knowledge,False,C,0.5332325174494608,0.1266538243129291,True,UC_audio,10,1.0,,0.9754160902871412,-0.06370385022772716
q91_8559,Historical and Cultural Context,Low,knowledge,False,C,0.5332325174494608,0.1266538243129291,True,UC_text,5,2.0,1.0,0.6147921196479421,1.866946059671948
q92_8559,Performance,Low,analitica,False,D,0.5919940846225304,0.21108199136026506,True,MI,12,1.0,,1.0642188580387517,-0.06967855075709971
q92_8559,Performance,Low,analitica,False,D,0.5919940846225304,0.21108199136026506,True,MI_balanced,12,1.0,,1.068207362422347,-0.06703772244793488
q92_8559,Performance,Low,analitica,False,D,0.5919940846225304,0.21108199136026506,True,UC_audio,6,1.0,,1.0097815951856333,0.07291156566711236
q92_8559,Performance,Low,analitica,False,D,0.5919940846225304,0.21108199136026506,True,UC_text,5,1.0,1.0,1.7537902163849242,1.431970467245868
q93_8559,Instrumentation,Medium,percettiva,False,C,0.857613099470651,0.037680889826006696,True,MI,6,1.0,,1.0404214224838135,-0.008555246927985387
q93_8559,Instrumentation,Medium,percettiva,False,C,0.857613099470651,0.037680889826006696,True,MI_balanced,6,1.0,,1.0402046605576953,-0.008384114234991635
q93_8559,Instrumentation,Medium,percettiva,False,C,0.857613099470651,0.037680889826006696,True,UC_audio,7,1.0,,1.0467719422312345,-0.01114191416516355
q93_8559,Instrumentation,Medium,percettiva,False,C,0.857613099470651,0.037680889826006696,True,UC_text,5,2.0,4.0,0.9895039827951327,0.5665891537740546
q94_1420928,Instrumentation,Low,percettiva,True,A,0.6664290946887406,0.6664290946887406,True,MI,8,1.0,,1.0074837775057934,0.04846100020969335
q94_1420928,Instrumentation,Low,percettiva,True,A,0.6664290946887406,0.6664290946887406,True,MI_balanced,8,1.0,,1.007011526988795,0.044968463092054996
q94_1420928,Instrumentation,Low,percettiva,True,A,0.6664290946887406,0.6664290946887406,True,UC_audio,7,1.0,,1.0346596348486996,0.016561513793421388
q94_1420928,Instrumentation,Low,percettiva,True,A,0.6664290946887406,0.6664290946887406,True,UC_text,1,1.0,1.0,1.2941706572489184,0.5945145543694561
q95_1420928,Mood and Expression,Low,knowledge,False,B,0.8694833185212101,0.03941510618253446,True,MI,11,1.0,,0.80764684984468,0.20630603870409553
q95_1420928,Mood and Expression,Low,knowledge,False,B,0.8694833185212101,0.03941510618253446,True,MI_balanced,11,1.0,,0.8067373019285164,0.20410080833054597
q95_1420928,Mood and Expression,Low,knowledge,False,B,0.8694833185212101,0.03941510618253446,True,UC_audio,6,1.0,,0.7030016064733957,0.22476359821537087
q95_1420928,Mood and Expression,Low,knowledge,False,B,0.8694833185212101,0.03941510618253446,True,UC_text,4,1.0,,1.097647286766265,0.27385183979940864
q96_1420928,Harmony,Medium,analitica,False,D,0.7547796308052469,0.06004989661739071,True,MI,8,,,0.38949875448069116,0.0983789422770125
q96_1420928,Harmony,Medium,analitica,False,D,0.7547796308052469,0.06004989661739071,True,MI_balanced,8,,,0.3862841291270255,0.09395569515429132
q96_1420928,Harmony,Medium,analitica,False,D,0.7547796308052469,0.06004989661739071,True,UC_audio,7,6.0,,0.4687431192281407,-0.03662202722786279
q96_1420928,Harmony,Medium,analitica,False,D,0.7547796308052469,0.06004989661739071,True,UC_text,7,3.0,1.0,0.7930001557512923,0.810195636439545
q97_1319502,Genre and Style,Low,knowledge,True,A,0.7162276801738272,0.7162276801738272,True,MI,11,1.0,,0.6683537566013503,0.15451183762042328
q97_1319502,Genre and Style,Low,knowledge,True,A,0.7162276801738272,0.7162276801738272,True,MI_balanced,11,1.0,,0.6666464148047969,0.15612552636497723
q97_1319502,Genre and Style,Low,knowledge,True,A,0.7162276801738272,0.7162276801738272,True,UC_audio,9,1.0,,0.6307826591283141,0.1384117694745988
q97_1319502,Genre and Style,Low,knowledge,True,A,0.7162276801738272,0.7162276801738272,True,UC_text,3,1.0,1.0,1.2046562362080055,1.0622886544809742
q98_1319502,Instrumentation,Medium,percettiva,False,B,0.7700499092768994,0.019889766037772965,True,MI,5,1.0,,0.7300565522765136,0.030585249342742822
q98_1319502,Instrumentation,Medium,percettiva,False,B,0.7700499092768994,0.019889766037772965,True,MI_balanced,5,1.0,,0.7420472104200576,0.027551438924630415
q98_1319502,Instrumentation,Medium,percettiva,False,B,0.7700499092768994,0.019889766037772965,True,UC_audio,5,1.0,,0.8809913204172457,-0.06901399739640175
q98_1319502,Instrumentation,Medium,percettiva,False,B,0.7700499092768994,0.019889766037772965,True,UC_text,2,1.0,1.0,0.7996337264673291,1.3988469976238045
q99_1319502,Historical and Cultural Context,Low,knowledge,False,B,0.32400518750080437,0.22975408159860888,True,MI,5,1.0,,2.9509777344659622,-0.1734482700761994
q99_1319502,Historical and Cultural Context,Low,knowledge,False,B,0.32400518750080437,0.22975408159860888,True,MI_balanced,5,1.0,,2.9586774792008983,-0.19674818741546407
q99_1319502,Historical and Cultural Context,Low,knowledge,False,B,0.32400518750080437,0.22975408159860888,True,UC_audio,4,1.0,,2.049683729667336,0.25189794366220575
q99_1319502,Historical and Cultural Context,Low,knowledge,False,B,0.32400518750080437,0.22975408159860888,True,UC_text,6,4.0,1.0,1.2237192707045008,1.396705802732929
q9_171574,Sound Texture,Medium,percettiva,True,A,0.468173832112013,0.468173832112013,True,MI,12,1.0,,1.0053492101853605,0.05711656779857614
q9_171574,Sound Texture,Medium,percettiva,True,A,0.468173832112013,0.468173832112013,True,MI_balanced,12,1.0,,0.9974777327628508,0.06220870990929155
q9_171574,Sound Texture,Medium,percettiva,True,A,0.468173832112013,0.468173832112013,True,UC_audio,5,1.0,,0.9078401787254143,-0.01986231202371447
q9_171574,Sound Texture,Medium,percettiva,True,A,0.468173832112013,0.468173832112013,True,UC_text,5,2.0,1.0,1.597815682067817,1.1851165236894714
