sample_id,idx,question,category,difficulty,macro_family,model_answer,correct_answer_letter,correct,a_shap,t_shap,uc_audio_l1,mi_audio_l1,uc_text_l1,mi_text_l1,uc_audio_sum,mi_audio_sum,uc_text_sum,mi_text_sum,base_ucmi,uc_stem_drums,mi_stem_drums,uc_stem_bass,mi_stem_bass,uc_stem_other,mi_stem_other,uc_stem_vocals,mi_stem_vocals,uc_time_seg0,mi_time_seg0,uc_time_seg1,mi_time_seg1,uc_time_seg2,mi_time_seg2,uc_time_seg3,mi_time_seg3,uc_time_seg4,mi_time_seg4,uc_time_seg5,mi_time_seg5,uc_time_seg6,mi_time_seg6,uc_time_seg7,mi_time_seg7
q100_1247352,99,Which instrument plays the lead sound in the introduction?,Instrumentation,High,percettiva,B,A,False,0.11823361823361822,0.8817663817663818,0.16707968556984998,0.511548965362154,2.4233942961206707,0.0,0.026284817985612934,0.3445575372430312,2.302284196049303,0.0,,-0.018971993332970647,-0.08349571405956142,-0.029562692228473866,0.018976633785670473,0.09668225177773146,0.4090766175169221,-0.021862748230674016,0.0,-2.498331938333674e-06,0.06018315958150179,0.011129494536563117,0.10300127687041624,0.0,0.014038728795822963,-0.0098293337447373,-0.021437596588807367,0.006903364424185576,0.11432357643615113,-0.02945554903164711,0.023870661741321512,-0.009954760690673272,0.042262590747532414,0.05749410082386025,0.00831513965909246
q101_1247352,100,Which interval is played in the first two notes of the trombone?,Melody,High,analitica,B,A,False,0.10668789808917198,0.893312101910828,0.12079020951011213,0.38119897942244996,2.4095803130813653,0.0,0.019599485825616353,0.32474154602769945,1.2510837427696664,0.0,,-0.0169185804685869,-0.028228716697375263,-0.025532124284989677,0.050994730801994015,0.07019484766786424,0.25179832902557364,-0.008144657088671306,0.05017720289750702,-0.006887464635413437,0.010555758881309728,0.0,0.05235129470272149,0.0,0.06497426866108413,0.0006743024789298089,0.0,-0.00341669136887667,0.0482564342853707,-0.02952507646748431,0.03645901675690928,-0.004219349336194644,0.058383618217676965,0.06297376515465561,0.05376115452262706
q102_1247352,101,What kind of saxophone plays the solo?,Instrumentation,Medium,percettiva,B,A,False,0.21818181818181817,0.7818181818181819,0.11726251458041145,0.07483824839775022,1.2174084743311484,0.0,-0.01248260885007731,0.03965365837470008,0.1877320211191602,0.0,,-0.010245943513430646,-0.014238496107397594,-0.030261098732823247,-0.0011261398008820464,0.05238995286516707,0.057245953386225144,-0.02436551946899049,-0.002227659103245426,-0.009440744639075217,-0.0343502549646915,-0.007377262504796128,0.0,-0.005061296877315228,0.03305255785633179,-0.004854400140890969,-0.012838417875872987,-0.005241695678330667,0.010863846741937539,-0.03002123743160675,0.008318579764645395,-0.007585012565279105,0.033544123187866697,0.05709904098721675,0.0010632236644831337
q103_625206,102,What is the time signature of the tune?,Metre and Rhythm,Medium,percettiva,B,A,False,0.25866666666666666,0.7413333333333334,0.09324855606094698,0.46689748238806505,2.143019313509152,0.0,-0.08168233700265323,-0.46689748238806505,1.6357168661742956,0.0,,-0.012186463987275745,-0.03544558668233448,-0.04094144030939215,-0.0919864962447546,0.005783109529146881,-0.2510500652215592,-0.034337542235132204,-0.0884153342394168,-0.007400953018749469,-0.026081595954006262,-0.026802269124727076,-0.12982944254337409,0.0,0.013181883258994352,0.0,0.02882007171112448,-0.023034183067799505,-0.10656333024136722,-0.04452635022452668,-0.07218985117836768,-0.027711793551734917,-0.08298946749742153,0.047793211984884426,-0.09124574994364718
q104_625206,103,What kind of bass is used in the song?,Instrumentation,Medium,percettiva,A,A,True,0.1873111782477341,0.8126888217522659,0.259724969687203,0.26822015068080324,2.3715990422469186,0.0,0.12688336220935575,0.08812652496820575,0.8765994240638482,0.0,,-0.020415869387639653,-0.06291755407526459,-0.025422866725736598,0.02724528052873962,0.19330416594827937,0.1509280572957649,-0.02058206762554738,-0.027129258781034168,0.022994689690539236,0.01592950018870269,0.006305193074422696,-0.0013907586527535237,0.0,0.009520802308506162,0.0,0.009977612363721584,0.004515898231104525,0.0,-0.00878223873431412,0.0,0.00433332654936327,0.0275991270618545,0.09751649339824014,0.026490241698174353
q105_625206,104,What part of the drums is used to set the beat in the intro?,Instrumentation,Medium,percettiva,A,A,True,0.1613924050632912,0.8386075949367089,0.23956886096894942,0.48573176700828563,2.908987618401342,0.0,0.10566078079007579,-0.002723375939338288,1.9845324672524427,0.0,,-0.0026025141878756423,0.24150419553447366,-0.031269612302200225,-0.03915378495150745,0.1726148208795126,-0.11622963012754821,-0.03308191359936094,-0.08884415639475629,0.005784782346085177,-0.07895660165503451,0.018530022904387648,0.08859311745587087,-0.005051389488822583,0.05976736312541158,0.005094993754412493,0.018241673686836928,0.0005079577586447406,-0.022362061421336257,-0.009726120125997927,-0.00016642239536052497,0.00015713757568117798,-0.021074858172424205,0.09036339606568507,-0.04676558656330218
q106_395289,105,What kind of jazz ensemble plays the song?,Instrumentation,Low,percettiva,A,A,True,0.12347560975609756,0.8765243902439025,0.27141527358563006,0.1707540196629436,1.301029812560037,0.0,0.13633930321162913,0.04505322253652065,0.0004649867715728895,0.0,,-0.026399612737323407,-0.05128805103194173,-0.023176447422955715,0.009725668603674313,0.2038772883986296,0.09817795249605782,-0.017961925026721337,-0.011562347531269754,0.03111808079740224,0.06430643952954375,0.008541423456412683,-0.01796561395777549,-0.006723862270121173,0.019816911593758917,0.008013171286073328,-0.020795060198280858,0.012646861905200472,0.05028249159222735,-0.01020475058812982,-0.014413336012614015,-0.00048596412178262757,0.00707543006956899,0.09343434274657404,-0.043254040079907984
q107_2083,106,What kind of rhythm is used by the bass line in the intro?,Metre and Rhythm,Medium,percettiva,D,A,False,0.2363636363636364,0.7636363636363637,0.2604507511172707,0.5889402798850452,2.6119839768224584,0.0,0.08342650675160945,0.35661751766587213,0.23460737674483556,0.0,,-0.0755009148900649,-0.11616138110958653,-0.013011207292765706,0.032030381461953965,0.17193862893444006,0.4215381476174526,0.0,0.019210369696052033,0.03169405547958319,-0.010237691610358923,0.013547671603187924,0.05979448537706151,-0.00794868487402409,0.038493490074566664,-0.003722602757140101,-0.012824179654125287,0.010022992538698027,0.09566015575851616,-0.007833439328258392,0.03213055688582313,0.002973180847816532,0.08478305583042856,0.04469333324174637,0.06881764500396026
q108_2083,107,What style of jazz would you say this tune is?,Genre and Style,Low,knowledge,D,A,False,0.16050808314087758,0.8394919168591224,0.1553092381680293,0.3706607605585922,2.5835415024311987,0.0,0.027523954142688566,-0.12316936679704368,1.4493718088399938,0.0,,-0.03971646897133981,0.06910541777188325,-0.021933438310989505,0.04825641603447536,0.09141659615535894,-0.24691506367781796,-0.0022427347303410556,0.006383863074415656,0.03397536240376405,0.006269755481619843,0.011630940791530372,-0.0027463980353355337,-0.012366242817340053,-0.03408463514611361,-0.006935346814893129,-0.07061608086777031,-0.01629397083626624,-0.040319872551146475,-0.019656985231309567,-0.019520008580807234,-0.011449778622355258,-0.027804303909349296,0.048619975269558406,0.06565217681185893
q109_2083,108,Which instrument predominates in the solos?,Instrumentation,Low,percettiva,C,A,False,0.35135135135135137,0.6486486486486487,0.19428150423968296,0.4330297380503723,2.380541227865023,0.0,0.03107424780822367,-0.21372533953786696,-1.175085536111886,0.0,,-0.08160362821572965,-0.13233914243372427,0.03566466336518578,0.053985232389728466,0.055493985735114645,-0.19103839636039538,0.021519226923652903,0.055666966866524205,0.015623967321782208,-0.3137612452345154,-0.0027900000281444876,-0.030307580330867702,-0.009756485406637087,0.0,-0.009571430279762837,0.019531404506216786,-0.0805280576495725,-0.11152917082514999,0.010146969696352938,0.03458163223324765,0.033525062258486046,0.07677772616644121,0.07442422189571939,0.11098189394676045
q10_1093606,9,What effect is applied to the vocals in this track?,Sound Texture,Low,percettiva,D,A,False,0.22135416666666669,0.7786458333333334,0.15342850574493527,0.4833521105076107,2.0447480857375013,0.0,0.011202797204090661,-0.09155313614550799,0.713519386582538,0.0,,-0.04818284246006668,0.19589948718105132,-0.01909988177347857,0.0,0.08231565147451297,-0.2312775336322583,-0.003830130036877057,-0.056175089694301,0.02570141260487216,-0.03974213752431393,0.010418495493740186,0.08837615815676715,-0.0061120451282707985,0.019742918932469405,-0.011873363357788682,0.024113125242368937,-0.023922898577161657,-0.03468727680025849,-0.014335929968677975,-0.05225404165262317,-0.003565226421245342,-0.011736562357552955,0.034892352558622775,-0.0853653201423649
q110_1336202,109,Which piano technique is used during this part of the song?,Performance,Medium,analitica,A,A,True,0.16592427616926503,0.834075723830735,0.30829126978737803,0.3557292340667138,2.719980539520405,0.0,0.16265620962909463,0.3215301145560497,0.991670508794631,0.0,,-0.02774751547562297,0.050395739142841164,-0.01993892603212631,-0.0019923993488523226,0.23547373970823632,0.28823393516854057,-0.025131088571392395,-0.015107160406479754,0.0345515753300443,0.08110966620601283,0.012424795272563566,0.05041474103757098,-0.007031646105900444,0.02599575877222545,0.009234679298028072,-0.053769183080691965,0.019474846383724112,0.1248904289150096,-0.007276314681685445,0.031068384935162188,0.0008460938655555864,0.044772350868590195,0.10043218026676487,0.01704796690217033
q111_1336202,110,What could this music be used for?,Functional Context,Low,unknown,D,A,False,0.13358778625954199,0.866412213740458,0.2651826399498066,0.7456569192724907,2.835813895172175,0.0,0.13330659083398752,0.6655541682061064,2.2391180473644168,0.0,,-0.03035494392521937,0.12150218474709101,-0.021502183965602287,0.014476388543434453,0.19924461539189708,0.5696269704487731,-0.014080896667087912,-0.04005137553319217,0.07260499008781596,0.23533458375610294,0.03063594793598763,0.18232776651067445,0.01047833782659818,0.13519851124099092,0.0009582281774637158,0.005453306383634754,0.009256244852205144,0.13440507134347335,-0.012720466018798334,0.016616806031986845,0.00031249181933874423,0.06896486246052982,0.021780816153376476,-0.11274673952128667
q112_1336202,111,Which instrument is used to create contrast?,Instrumentation,Medium,percettiva,B,A,False,0.2276315789473684,0.7723684210526316,0.1448533723559441,0.3426856540748535,2.500324591259652,0.0,0.023970883834232,0.12483299096124525,2.500324591259652,0.0,,-0.006726455697983889,0.03710607397649274,-0.02528753312314138,0.0030330181626966497,0.08441212809508805,0.19362023037886,-0.028427255439730778,-0.10892633155680412,0.021589391273504635,0.11879653350744745,-0.0067917456320413915,0.06467022830655016,0.0,0.011921718894546074,-0.004545697893107098,-0.05539577849004443,0.012730126386178481,0.10218759525810922,-0.03482257757550358,-0.047595333732771666,-0.018041557940237554,-0.03915046775497251,0.053852945215438514,-0.030601505027619033
q113_1327741,112,Which country do you think the music is from?,Historical and Cultural Context,Low,knowledge,C,A,False,0.08129175946547886,0.9187082405345213,0.21418552584218492,0.27367132316450604,4.006966819085091,0.0,0.09841298061323972,0.27367132316450604,0.07980863416854217,0.0,,-0.0578862726144726,0.006007048568901647,0.030946876425424853,0.029275880039002562,0.10791420956673828,0.20243898796781518,0.01743816723554919,0.035949406588786675,0.05719914372967252,0.026061707442485958,0.004179876179224942,-0.010789057972383758,-0.00929401476772717,0.0,-0.009276072933439659,-0.015493671232748946,-0.04258607201651672,0.1449706246016711,0.0,0.00683329269032785,0.027437026047503553,0.022236911075598872,0.07075309437452225,0.099851516559555
q114_1327741,113,What kind of scale is used in the guitar motif?,Melody,High,analitica,B,A,False,0.22058823529411764,0.7794117647058824,0.10004400736386751,0.08925377832404705,1.1181148483915702,0.0,0.01952592899920177,0.04202719152374548,0.14555530270953138,0.0,,-0.010179594928873378,-0.005601967647018789,-0.026176194304670528,0.0424644004892461,0.05978496818153464,-0.018011325753132003,-0.003903249948788964,0.02317608443465017,0.008831087372861847,0.016183525480573467,0.0,0.014100255458951237,-0.007666809589428594,-0.0198449230539016,-0.005015948537172387,-0.007183581688759429,-0.01006622777034507,-0.021277535285131752,-0.02582247122688209,0.020800096946796572,-0.0019345986278242987,0.030672736418544462,0.061200897377992364,0.008576617246672524
q115_1327741,114,Which piano technique predominantly is used during the accompaniment?,Musical Texture,Medium,percettiva,D,A,False,0.2852272727272727,0.7147727272727272,0.17093140060168635,0.37701924171133494,3.2346913371042323,0.0,0.011996393070738945,-0.2840627947587012,0.0674944866575139,0.0,,-0.060965295536083784,-0.07929037885702533,-0.01850220822938992,0.013950837993348793,0.08581054808322078,-0.25125063937799275,0.0056533487529918745,0.0325273854829681,0.02217044057365916,-0.12671042688792905,0.005102838264627386,-0.052089932750447175,-0.01359006815596497,-0.02636248638714223,-0.003110198015775621,-0.024127200685204228,0.0026551145895903983,0.017595558648388958,-0.021095309593252794,-0.03051246602456264,-0.015076894429749365,-0.03850759099386956,0.03494046983760476,-0.0033482496779352437
q116_1162034,115,What type of harmonic progression predominates in the song?,Harmony,High,analitica,A,A,True,0.11185682326621922,0.8881431767337808,0.24503419728052409,0.10974281315337814,2.9747122611156858,0.0,0.12595119807385588,-0.06537620370174477,-0.07547814757809249,0.0,,-0.02282317912009471,0.014348293321545759,-0.016804059800193862,0.007835011404270927,0.18549269767718998,-0.0682421133405923,-0.019914260683045523,-0.019317395086969148,0.03264421258585908,0.04362923746389557,0.009092478847769708,0.006548896769975657,0.0,0.037103739805247817,0.014434561460171049,0.02330942797441967,0.0028566275133876766,-0.02639900599924872,-0.013761434279059043,-0.03250110787716329,-0.010809130157680568,-0.04564602966107029,0.09149388210340798,-0.07142136217780119
q117_1162034,116,There is a motif that is constantly repeated throughout the solo. Do you know which one?,Melody,High,analitica,D,A,False,0.2479108635097493,0.7520891364902507,0.21664651048473263,0.09443361389463466,2.1414065097758805,0.0,0.0330646211271252,0.03138672255881938,2.089923243609035,0.0,,-0.05632239781809885,-0.018726865587323623,-0.02484107165403028,0.03681309882239538,0.12485556580592892,0.026097069404331635,-0.01062747520667459,-0.012796580080584019,0.038378686837750406,0.06601028234981463,0.009279190932453756,0.007624319256278061,-0.0064882810594259245,0.002590920453942852,-0.004606510404676987,-0.014055415219269524,-0.006582572507396252,0.041098540163783503,-0.024072464722955565,-0.03304749544473379,-0.007837092955851615,-0.024274368588496582,0.03499366500722739,-0.014560060412499774
q118_1162034,117,What kind of jazz ensemble plays the song?,Instrumentation,Low,percettiva,B,A,False,0.1825726141078838,0.8174273858921163,0.1526479981063198,0.2868761401034173,1.1572253501218344,0.0,0.03523367970249161,0.2868761401034173,0.016423985763378557,0.0,,-0.009060482551811605,0.0027804513717336055,-0.030141234438198508,0.03501263011399495,0.09394083890440572,0.2352855351383147,-0.019505442211903992,0.013797523479374041,0.020354949638615137,0.12559926686985556,-0.006048993866760033,0.041909058866818547,-0.0037149321576705,0.029255939847112417,-0.00792399021641945,-0.031552559316278796,0.0025864229790318674,0.056684358776795125,-0.025420788656296708,0.0,0.004453474852334637,0.06539689311188679,0.05094753712965667,-0.000416818052772357
q119_1227239,118,What impression does the singer aim to create with her singing style?,Mood and Expression,Low,knowledge,A,A,True,0.12370062370062371,0.8762993762993763,0.24370019047291,0.5341555811937574,3.769175418631531,0.0,0.08220568947249149,-0.16231327888933106,2.3814832531719627,0.0,,-0.013163047612989132,0.18592115115221314,-0.040954987658733136,-0.04106443678606252,0.16295293997270074,-0.22802780515161494,-0.026629215228486987,-0.07914218810386671,0.03368285943176541,0.09110091420315941,0.002920527416036045,-0.02377396879131857,-0.015334298167611187,-0.0024666651275140963,-0.006435949062805401,-0.03827561096919658,0.012373014384810387,0.09800904790256594,-0.02455809659892795,-0.09076576365966824,-0.006522149172798596,-0.10292751007882636,0.08607978124202277,-0.09321372236853251
q11_1093606,10,What note of the chords does the bass play during the verse?,Harmony,High,analitica,A,A,True,0.18238993710691828,0.8176100628930818,0.13468528350993667,0.4162063205054368,2.0289492539680096,0.0,0.02957705425863002,0.28556747044764474,0.9545901799232261,0.0,,-0.02087527608337717,-0.06247449115764876,-0.020036024951890958,-0.002844933871247292,0.08213116888428335,0.3366617190849238,-0.011642813590385192,0.014225176391616952,0.026531644668989066,0.09299836269662505,-0.006335037750894107,0.0016777037455324127,-0.021678407393809968,0.013440616307385744,-0.002535498999277917,-0.026322000537271573,0.006181007050538402,0.13942129503802378,-0.02521787911587727,0.0,-0.016270284665889624,0.043081868539151635,0.06890151046485143,0.021269624658197667
q120_1227239,119,There is a chord that is out of key. Do you know which one?,Harmony,Medium,analitica,C,A,False,0.2624113475177305,0.7375886524822696,0.17370792760329826,0.1704508046923835,0.8968934573705187,0.0,0.05825604973794236,0.1293452620879353,-0.35095856775636375,0.0,,-0.057725938932677946,0.016577757621301002,0.014250224127308492,-0.02032493060104146,0.0985545942778164,0.13332027576885838,0.0031771702654954034,-0.00022784070118266053,0.05539478727726023,0.03534966752426189,0.0033000847314155392,0.05302443401248512,-0.008213048684018804,0.016607049517646254,-0.01483745517830025,-0.021629009305986217,-0.060044319756066326,0.053397207537344865,0.0,-0.00502416941629511,0.018381626753957575,-0.013011050646753997,0.06427437459369438,0.01063113286523245
q121_1227239,120,Which instrument stands out at the front of the mix?,Instrumentation,Low,percettiva,A,A,True,0.13738019169329074,0.8626198083067094,0.2827324036902289,0.3224237905780506,2.3631332657342945,0.0,0.12992233664998137,-0.07373301034430668,2.224142726934803,0.0,,-0.04002190150958995,-0.11961921774083586,-0.02602444684980827,-0.044034501324791794,0.20632737017010513,0.12434539011687196,-0.010358685160725519,-0.03442468139555099,0.03310083411535249,0.011624309256100675,0.009365757868931412,-0.04541495470278013,-0.017909702293853632,-0.018575068498604342,0.0,-0.020673843269962345,0.008877769057037417,-0.026482293667960666,-0.008086967908360967,0.025191802960678876,0.004451080299835134,0.04142419332952138,0.10012356551103953,-0.04082715575130014
q122_114772,121,What is the main part of this song?,Structure,Medium,analitica,B,A,False,0.3492063492063492,0.6507936507936508,0.06174680109031429,0.4974283776599243,1.8046814577276347,0.0,-0.05442434784923139,-0.3454836696672852,0.5804144188854049,0.0,,-0.013683123093727694,-0.006912694711698621,-0.020936172851995474,0.04425622599815669,0.0036612266205414447,-0.41454332895190615,-0.023466278524049672,0.03171612799816287,0.0166606112435077,0.08862822438047858,-0.018239943483515087,-0.06562003735558296,-0.010470399367433722,-0.025393447905568606,0.0,-0.01482819055310612,-0.027735749085714193,-0.15932358361457885,-0.03784144269030658,-0.04197463724132902,-0.02062285228607654,-0.04266283776874552,0.04382542782030702,-0.08430915960885273
q123_114772,122,How would you describe the comping style of the double bass?,Harmony,Medium,analitica,A,A,True,0.07039473684210526,0.9296052631578947,0.20374095802239392,0.41687813346692937,5.1887640842582385,0.0,0.08665953736260339,-0.38860696718453064,2.481971195224986,0.0,,-0.019283160927707994,0.014135583141199354,-0.0262990447090886,-0.029050454331336278,0.14520024769249865,-0.36750624314649344,-0.012958504693098661,-0.006185852847900276,0.021438911220893593,-0.025405991501179444,-0.004047087737955423,-0.07851081299672175,-0.014386546355868016,-0.036774985188834756,0.007495076527923918,-0.04484535237411438,-0.0003065851548737404,-0.04694892642687507,-0.02531703442060742,-0.09312747307938962,-0.004396852911067308,-0.08062321624981159,0.10617965619415778,0.017629790632395982
q124_114772,123,What effect does the piano aim to create when playing the pedal point?,Musical Texture,Low,percettiva,C,A,False,0.11382113821138212,0.8861788617886179,0.17428491300496043,0.2111473935707997,4.197728878695583,0.0,0.053349258904114565,0.13403664428057993,4.104083546203742,0.0,,-0.06046782705042293,-0.013693551309703922,0.012946264420198007,-0.024861823335405965,0.09541776860869886,0.13738919725521648,0.005453052925640633,0.03520282167047335,0.05218381159052107,0.006128103414474527,0.00039261208835872537,0.020523585119839555,-0.008570446338604655,0.036069424063846306,-0.011821311836019848,0.01864568907927893,-0.052355414185050034,0.11554462337061927,0.0,-0.019711994630944203,0.015447393813988852,-0.02763063982987978,0.05807261377092046,-0.015532146306654643
q125_187621,124,What is the main purpose of this song?,Functional Context,Low,unknown,B,A,False,0.2034700315457413,0.7965299684542586,0.10099155509325708,0.10164873731321329,1.5478152581340439,0.0,0.01852137530745829,0.05790694912669429,1.1617502294730107,0.0,,-0.005137822233214788,0.044929878547389536,-0.020662839948142105,0.021742681474831344,0.059756465200357683,-0.0218708940932595,-0.015434427711542503,0.013105283197732909,-0.002338988763895291,-0.04747706158382259,-0.005165341313245752,0.007425095408181205,0.0,0.027094953753686615,-7.58391157345854e-05,-0.010513355689740012,-0.0043325244905521865,-0.008580301408326774,-0.028184372111144676,0.011822471934693445,-0.005664029583498688,0.011561967071572617,0.06428247068552946,0.06657317964044979
q126_187621,125,What emotion is mainly conveyed in this song?,Mood and Expression,Low,knowledge,B,A,False,0.17024539877300612,0.8297546012269938,0.12143455494559421,0.3186351764826328,2.0038838567651385,0.0,0.01889560489010975,0.09083653279486698,1.9366034156002714,0.0,,-0.00478772391661423,-0.03546568470026901,-0.034993497909139006,-0.07843363714361389,0.07016507991785198,0.15933739213361597,-0.011488253201988995,0.04539846250513389,0.00046369213246851004,0.02830430460651069,-0.007993948433372061,-0.06484787406775112,0.0,0.0,0.005894448264217995,0.08157188717919582,-0.001972025730134226,0.12702266112854443,-0.02941538483789747,-0.023566263982823826,-0.009815686191926956,-0.02625297432219209,0.061734509686753966,-0.03139520774661693
q127_187621,126,Which instrumental section give this tune its unique sound?,Instrumentation,Low,percettiva,C,A,False,0.38769230769230767,0.6123076923076922,0.21378704734492526,0.5596744630405996,2.608276650533274,0.0,0.03040043704226536,0.1888283665603469,0.3987439405944384,0.0,,-0.09169330515132994,-0.1854230482401264,0.01090682681932503,0.05710150873666625,0.0945248270354917,0.25757448520168635,0.016662088338778566,0.0595754208621207,0.006724349587201433,-0.2603717364739121,-0.01651643537651499,-0.053819153449202975,0.006075744136013516,0.16614690963180415,0.0031614210602406347,0.08601566558735711,-0.07091818712629888,-0.07429843405441164,0.019483563063809852,0.17560076243116252,0.029505283516739644,0.11425605632920165,0.05288469818107415,0.035298296558348256
q128_332470,127,Why would you say this is a rumba?,Metre and Rhythm,Medium,percettiva,A,A,True,0.08608490566037735,0.9139150943396226,0.19371087787333988,0.12952773377019464,3.152357501472295,0.0,0.06984058558384607,-0.06650881784494683,3.032765393610284,0.0,,-0.04211733585287236,-0.06207317807104114,-0.011528767574352826,0.020992949039045205,0.13177573172859297,-0.0359450977365296,-0.008289042717521714,0.010516508923578687,-0.016118973661835772,-0.13477770868150904,0.004805127913181205,-0.0025819136931188834,-0.008146809061270521,0.01086073246641812,0.016000801979363818,0.03148004442233428,-0.005621348575647519,0.033178970738471064,-0.009153440125440598,-0.01494429638146974,0.0,-0.02989880188337821,0.08807522711549545,0.04017415516730556
q129_332470,128,Which country do you think this music is from?,Historical and Cultural Context,Low,knowledge,B,A,False,0.18139534883720929,0.8186046511627907,0.1498316991150356,0.5872818319344253,4.573347932537334,0.0,0.09383352597615162,0.5872818319344253,2.549697179073893,0.0,,0.004619870401756883,0.027919768235489292,-0.01719810488153619,0.032356945523449164,0.11721274214383673,0.5018133471446301,-0.010800981687905801,0.025191771030856625,0.010445939036916499,0.09725447400792217,0.009028746503165175,0.05610022674556127,0.007998489361451287,0.09581708067158269,0.00025782781672678383,0.009321881738046196,-0.0020629450188934494,0.11255893802974677,-0.014880237615778712,0.06041380588759039,0.005705805008864033,0.06346227353484071,0.0773399008837,0.09235315131913494
q12_1093606,11,What instrument plays the lead sound in the introduction?,Instrumentation,Low,percettiva,A,A,True,0.2589852008456659,0.741014799154334,0.1926214153748731,0.8753067398053038,2.8162236114249937,0.0,0.06727217962363913,0.5932867277831775,2.574340699249219,0.0,,-0.03040738581368023,-0.14101000601106314,-0.021964335065631033,0.0037294842901181152,0.1299467974992561,0.7201887311673866,-0.01030289699630572,0.010378518336735955,0.022923586338195624,0.0756521575581791,0.0010718503981590743,0.08174053765063226,-0.010912564964428478,0.07942676007630763,-0.006703882490562794,0.0,-0.008576312273151768,0.021387417912920804,-0.009957307292366744,0.096433473804376,-0.0035453776297141373,0.11134251266187102,0.08297218753750835,0.12730386811889075
q130_332470,129,What intervals create dissonance in the background guitar?,Melody,Medium,analitica,B,A,False,0.1390887290167866,0.8609112709832134,0.10602215349784314,0.19909495054837184,3.0928942677553786,0.0,0.02732359042746682,0.1735970145328602,2.191486526012515,0.0,,-0.006488326465924361,-0.012748968007755821,-0.019644107648240774,0.027637134866740146,0.06667287196265498,0.12271194204145873,-0.013216847421023026,0.03599690563241713,0.00035808054083226806,0.04049297194139197,0.003403177360364003,0.0,0.0038466307296440485,0.031326894360705806,-0.008451421616236441,-0.022476633796683992,-0.009009685493980193,0.04241866252977373,-0.025268403140400415,0.007700294816097909,-0.0032715322335187622,0.02643113951401049,0.06571674428076231,0.04770368516756428
q131_182074,130,What technique does this introduction aim to recreate?,Sound Texture,Low,percettiva,B,A,False,0.2990196078431372,0.7009803921568627,0.2390825058253342,1.168686521465168,0.7495043527240702,0.0,0.13494644992860688,1.0165114202324403,0.16042288935352547,0.0,,-0.009209968204881146,0.026689879713240307,-0.018871592441572407,0.009593995392678648,0.18701447787697054,1.0563150957428853,-0.023986467301910078,-0.07608755061636396,0.0176185380358519,0.16360243947105602,0.015260535394888758,0.10351337696057351,0.017157409402591757,0.13733918866230824,0.0,0.0999933555798474,-0.004811974732853,0.05554532989890536,-0.01421310311638374,0.11966234453950518,0.009266256906845714,0.12910027052533546,0.09466878803766551,0.20775511459490903
q132_182074,131,What gives the drums their unique house jazz sound?,Instrumentation,Medium,percettiva,A,A,True,0.14950495049504953,0.8504950495049505,0.19080985588010493,0.17416897222179797,2.664381862993484,0.0,0.07376447459448618,0.13975265166825787,0.39995832782759105,0.0,,-0.031867872181092445,0.13994093952797548,-0.015009194910127404,0.002743199776222758,0.13228716523729556,0.014276672640829678,-0.011645623551589528,-0.01720816027677006,0.004689963759367486,-0.03714976746850915,0.004512801752627037,0.046905735638782774,-0.0082144656946525,0.014488689065039792,0.006344279245238134,0.0035428820770319613,-0.012107139816918628,0.013777624792796421,-0.014051407070006914,0.01462973076663502,-0.0014541617845671082,0.00310069446113187,0.09404460420339869,0.08045706233534916
q133_182074,132,"What might be a reason this song is called ""Scattered Knowledge""?",Sound Texture,Low,percettiva,A,A,True,0.15480132450331124,0.8451986754966887,0.1348736818858419,0.9730234137405669,3.46673916511837,0.0,-0.043996528816038306,-0.9730234137405669,2.418839778375394,0.0,,-0.04030914052519545,-0.0003456440326369617,-0.02034951370478244,-0.09359886829953695,0.0454385765349018,-0.6913526347063899,-0.028776451120962214,-0.1877262667020031,0.010024615810995976,0.026827221145324587,0.0,-0.1284144488868572,-0.039434392085068125,-0.177062402915774,-0.013506183846367151,-0.15096257896624485,-0.03424409296237389,-0.15405762828547548,-0.03232816393973253,-0.15092396443576483,-0.007374788742071207,-0.1328143490772842,0.0728664769485786,-0.10561526231849086
q134_172015,133,What rhythmic pattern is used by the percussion throughout the entire song?,Metre and Rhythm,High,percettiva,A,A,True,0.2644230769230769,0.735576923076923,0.16902866645297432,0.15948605114923226,1.162361951874465,0.0,0.07269760092916902,-0.052004056423020764,0.07097237027154876,0.0,,-0.03647378158629268,-0.007874138038284795,-0.0054239611111342005,0.011338244082252355,0.12086313369107167,-0.09787091574784171,-0.006267790064475763,0.042402753280853384,0.021782886897917776,0.10262379329940649,0.01035263125797452,0.020198185854352096,-0.013800191239189585,0.0006955795542733026,0.0023935366401252106,-0.014947540217296626,-0.009199294278762567,-0.02224964653765934,-0.012254517102825666,-0.02893604559643687,-0.0047274071686485815,-0.020243055433873842,0.07814995592257794,-0.08914532734578598
q135_172015,134,Which region of the world do you think the rhythm is from?,Metre and Rhythm,Low,percettiva,A,A,True,0.1206896551724138,0.8793103448275862,0.2359694703602417,0.6027263427386425,3.0771629616810277,0.0,0.12809597130248232,0.20883392141642237,2.1396471707879723,0.0,,-0.05393674952887969,-0.19694621066111004,0.0007581123032235635,0.0353333578001428,0.17616348532413706,0.3283497439380314,0.005111123204001389,0.042097030339358216,0.022776643454967226,0.16991959957796865,0.018763151171779496,0.058366914721901926,-0.009101830863535266,-0.015680247926127683,0.0005241123988628197,-0.030915238332045476,-0.0019923368829017577,0.046937629334790905,-0.010801964298909936,-0.042377020986324176,0.016117051249834743,0.017178090399172237,0.091811145072385,0.005404194627086023
q136_172015,135,What kind of accompaniment instruments are used in the song?,Instrumentation,Low,percettiva,A,A,True,0.2907692307692308,0.7092307692307692,0.33268023150160964,1.0836923742665738,3.1643725047427487,0.0,0.12924744412635378,0.20501321161916908,-2.650309745162551,0.0,,-0.093394825174931,-0.43933958132370243,0.01076379741132023,0.056235806723099795,0.22020004040266145,0.5881169862197717,-0.00832156851269692,0.0,-0.030059515803744056,-0.23238811536458723,0.0023019233212242043,-0.084780992709179,0.00037648035916608945,0.10546538990024099,0.002805855379056775,0.03620264296156479,-0.01913185392976699,-0.050463441646335594,0.03115521881981448,0.16142085769832265,0.03187345076223616,0.11668352369234462,0.10992588521836708,0.15287334708679787
q137_250001,136,Where do you think the song could be played?,Functional Context,Low,unknown,C,A,False,0.10159362549800798,0.8984063745019919,0.20141580890669716,0.4665723176390349,2.073044542224818,0.0,0.04651352284193464,0.2849988812566638,1.9136787968320257,0.0,,-0.07745114303238125,-0.09078671819118556,0.005446897740011933,0.0026932303854313965,0.1090060272049398,0.3617290365096991,0.009511740929364153,0.011363332552718833,0.01916741470970893,-0.17529106209517947,0.00212583217055733,0.0591819819462069,-0.009178404966786888,0.0900405011650898,0.0008646563561934915,0.07134357772284011,-0.05053671473113039,0.09077176820603201,0.010567003444257376,0.05873549648010717,0.012995539957431064,0.048611667840611106,0.06050819590170372,0.041604949990956146
q138_250001,137,Which instrument predominates in the solos?,Instrumentation,Medium,percettiva,A,A,True,0.33497536945812806,0.6650246305418719,0.2455464904980881,0.6722477203426568,0.56788237205655,0.0,0.1659000302251171,0.6722477203426568,0.3229648683188162,0.0,,-0.02483981369839714,0.09597088759019665,-0.010108632412638097,0.04975469047984882,0.2057232603616026,0.5061240994448093,-0.004874784025450265,0.020398042827801968,0.009322165801129864,0.0797664767293073,0.013040160411091437,0.04200720602527158,0.0,0.07836381781973381,0.015053060063527248,0.060634945652252456,-0.004607142223690816,0.09587840261629758,0.0016540666940444686,0.06249273670430264,0.018239297042011944,0.06566617158813737,0.11319842243700295,0.187437963207354
q139_250001,138,What type of articulation is used by lead synth in the introduction?,Performance,Medium,analitica,A,A,True,0.18319559228650137,0.8168044077134986,0.18928463075118435,0.2563304401987353,1.6219021616303322,0.0,0.050304730675735085,-0.1480631547797732,0.6982198881283136,0.0,,-0.05833343750358623,-0.15795869299857274,-0.0010601535178910559,0.0,0.11979468071345971,-0.044238104490681524,-0.010096359016247336,0.05413364270948106,0.0221637301504242,0.10290370462855386,-0.01795269970560872,-0.14762096061611993,-0.02527145522203939,-0.07809830364523093,0.0002242267788550769,-0.023812328996425536,-0.009188284239138906,0.032033784791114336,0.0004352726833115831,-0.025449036475421315,-0.007439751528727195,-0.00790769918947894,0.08733369175865845,-0.0001123152767647604
q13_1045016,12,What time signature do you hear in this song?,Metre and Rhythm,Medium,percettiva,A,A,True,0.10957446808510639,0.8904255319148936,0.12546334402776865,0.44864019303410413,3.3880960788604546,0.0,0.021490165834083846,0.1357826223385848,2.9958486535340607,0.0,,-0.02954589276638788,-0.11896235289555673,-0.012445613285262797,0.014720333189443477,0.07347675493092624,0.27749107449690097,-0.009995083045191717,-0.03746643245220295,0.03354133514884394,0.10930096426817001,0.0,0.009195516129367774,-0.021476437825726974,0.0447897212028162,0.0,-0.0028795072298008553,-0.02180861039432684,-0.051504865675693845,-0.025541151189052216,0.0,-0.01918997470221901,0.010724115217541748,0.07596500479656494,0.016156678426183742
q140_1138688,139,Which instrument predominates in the accompaniment?,Instrumentation,Medium,percettiva,D,A,False,0.16598360655737704,0.8340163934426229,0.1705328009314024,0.31531971008434867,1.2118571255261248,0.0,-0.016446887847678702,-0.16118126652195658,1.1981283105541278,0.0,,-0.06058660611611057,-0.015019716348700106,-0.022748256740926353,0.05514243776399909,0.07704295654186186,-0.22323077195445254,-0.010154981532503635,0.021926784017196957,0.004266736729949549,-0.09706495984820934,-0.0002553840917685407,-0.012753710340636638,-0.017111546476976353,-0.05146372052516205,-0.0023991179353387597,0.0,-0.011713692949747865,-0.040790680706008796,-0.022746777139025856,0.0003928725624695942,-0.008504140699141391,0.0161813497046197,0.04201703471437053,0.024317582630970905
q141_1138688,140,Where is this kind of string instrument mostly used?,Historical and Cultural Context,Low,knowledge,D,A,False,0.05873925501432665,0.9412607449856734,0.19104931466356476,0.20807930367110847,2.0737710114962047,0.0,0.052826365366052334,0.20807930367110847,1.5248104386106576,0.0,,-0.04205951271020183,0.07995266714536572,-0.018750931396454562,0.01985924384699398,0.12193784001480854,0.09102459169187171,-0.008301030542099812,0.017242800986877062,0.022882811744125507,-0.0050545787556085945,0.011176173375577055,0.03973665893664072,0.0,0.024989460663822505,0.003926773144362189,0.0,-0.0036699948955162616,0.026169246972314264,-0.017849769937595024,0.03142371583316559,-0.007667749577862527,0.044939008254388284,0.0440281215129614,0.04587579176638571
q142_1138688,141,What kind of emotions does the song evoke?,Mood and Expression,Low,knowledge,A,A,True,0.17821782178217824,0.8217821782178218,0.34780014715841745,1.1119272283046269,2.371295490445177,0.0,0.15696808796064798,0.6510317060193316,1.4160745922917157,0.0,,-0.04581733716768911,-0.020440404160878806,-0.02498008538660694,-0.11965517912732257,0.2523841175595327,0.8814794671619792,-0.024618607044588674,-0.09035217785444627,0.02735537272730055,0.19913721813820695,-0.002945458940105455,-0.08839085650371574,0.0,0.0951490401918221,0.007502820696601798,0.0,0.026277096558067606,0.3168385849330984,-0.002050274333787336,0.05445027796621611,-0.0005441514026440931,0.030346166341251306,0.10137268265521492,0.04350127495245245
q143_14458,142,What is the predominant key in the intro?,Harmony,High,analitica,A,A,True,0.17469879518072287,0.8253012048192772,0.23435055589569104,0.5042167201143771,1.7179038082964493,0.0,0.16524078226639888,0.5042167201143771,1.122782342200657,0.0,,-0.026457747287355476,0.04721104844876321,0.000681030919885299,0.004064060187346772,0.19911463816115965,0.43462606751376487,-0.008097139527290593,0.01831554396450235,0.025490724710392987,0.12194108205058418,0.022060899024684825,0.11702261324952738,0.0,0.034791994353347594,0.017855423584619775,0.046822333438795175,0.00028667223844670853,0.0791192501513526,-0.007574920058879036,0.009077748998160402,0.009691063608341816,0.03345625359263139,0.0974309191587918,0.061985444279978485
q144_14458,143,What type of interval is created between the lead voice and the backing vocalist?,Melody,High,analitica,A,A,True,0.19467787114845936,0.8053221288515406,0.1728282415620294,0.20808680759914808,3.226324492281318,0.0,0.0673695460046197,-0.10175188735139487,0.9454767234619372,0.0,,-0.03287630265314987,-0.015762363780942923,-0.008347704189974506,0.025699755559581657,0.12009889378332454,-0.13915698369432855,-0.011505340935580472,0.027467704564294954,0.012482558233756606,0.03766487453011047,0.00394754178443509,0.00634616561960042,-0.013077481162910088,-0.0345935722277457,0.008053833722310179,-0.03931694614840731,-0.02356637142529322,-0.05840472606133873,-0.014712901040828282,-0.03747592182886707,-0.007799696750853394,-0.05054702750350773,0.1020420626440028,0.0745752662687608
q145_14458,144,What instrument is used to introduce the climax of the song?,Instrumentation,Low,percettiva,B,A,False,0.16785290628706998,0.8321470937129299,0.18258038838527724,0.5767090453620382,3.63867489325408,0.0,0.026361277750481235,0.24845767268218089,2.9019977936075025,0.0,,-0.024943532230625606,-0.08533065842692122,-0.029286287736608477,-0.06044188659173823,0.10447083306787924,0.4125833590221095,-0.023879735350163925,-0.018353141321269185,0.020838369814113206,0.1621289294518001,-0.00811266265437578,-0.08511976716186796,-0.012485504386518343,0.01670466041592426,-0.005050310908553683,0.010637262492425949,-0.011392567987266048,0.038138464435136965,-0.024451453080077512,0.04122655413623717,-0.0006764588556716277,0.04197066035372561,0.06769186580883102,0.022770908558798812
q146_179608,145,What kind of technique best describes the bass line?,Musical Texture,Low,percettiva,D,A,False,0.1878378378378378,0.8121621621621622,0.12309319091908062,0.5481534665127987,3.333493380919834,0.0,-0.019378837493620616,-0.2338555619972722,0.8544766815545948,0.0,,-0.04402649844273687,0.11037323732647261,-0.0209064637385984,0.0,0.051857176712730005,-0.39100451425503546,-0.006303052025015343,0.04677571493129064,0.013192493197902147,-0.06073497521020131,0.004427306785464977,0.01325932044757655,-0.01011625525345166,-0.01040047472160618,-0.0025375114446966494,-0.019491489106937737,-0.007775885998092361,-0.03490400055578341,-0.028265888657182686,-0.041596211782107255,-0.01809546710142052,-0.02576293594828316,0.029792370977856135,-0.05422479511992974
q147_179608,146,How are the sustained guitar chords being played in the verse?,Performance,Low,analitica,C,A,False,0.13846153846153847,0.8615384615384615,0.18418287927396115,0.4024626683829463,2.5000666471275492,0.0,0.05110516572821658,0.4024626683829463,1.5048538256246171,0.0,,-0.0665388567728723,0.005271229485228792,0.007157817132354768,0.03180965187786556,0.09685102126433554,0.28909506784323613,0.013635184104398575,0.07628671917661586,0.047812392846185756,0.05288542744923629,-0.002273597260976116,0.019636205458508863,-0.017747568794455736,0.0069687346772363615,-0.006541912956314314,0.04631250499033503,-0.045725857372576104,0.11789773509044943,0.0,0.01816441481747642,0.015148582671040706,0.048306484204965645,0.060433126595312366,0.09229116169473833
q148_179608,147,What is the main musical feature of the outro?,Instrumentation,Low,percettiva,A,A,True,0.25252525252525254,0.7474747474747475,0.280997747565498,0.6548714041531596,2.7798970937450362,0.0,0.10879232737832009,0.3048201077978351,-0.22506559206766363,0.0,,-0.034957120007579855,-0.023659916660708925,-0.023146586579037738,-0.050788738541086814,0.19489503747190906,0.4798457559754973,-0.02799900350697138,-0.10057699297586647,0.022357211698219047,0.19971432756556273,0.020776306975384816,0.07090658067143003,-0.007148061201137156,0.05535407041848593,0.019541428946554557,0.10155792934045355,-0.0012412928219997146,0.06217125124666459,-0.00595024007977356,-0.01207551994600347,-0.009134783132246607,-0.02344956381134892,0.0695917569933187,-0.14935896768740936
q149_150794,148,How many times is the main theme played in the intro?,Structure,Medium,analitica,B,A,False,0.24481865284974091,0.7551813471502591,0.062243712856757186,0.9434217274304666,2.1119996551631433,0.0,-0.062243712856757186,-0.7170956553401402,0.7073908094604533,0.0,,-0.02609638176740476,-0.23971353355208114,-0.03103059502308643,-0.12640798228741595,-0.005116736066265996,-0.4641371755458063,0.0,0.11316303604516324,-0.06953888464878373,-0.45839867349877683,-0.019340087988021715,-0.1352512067411767,-0.021125691916158748,-0.13702179962901526,-0.00195054232190932,0.07045031403483544,-0.008278105749460817,0.09520646939211092,-0.02115721216023752,-0.11104948909438024,0.0035680234929251833,-0.03253496773023951,0.0755787884348895,-0.008496302073497872
q14_1045016,13,Which instrument is introduced in the chorus?,Instrumentation,Low,percettiva,D,A,False,0.2309644670050761,0.7690355329949239,0.26655938850431343,0.6344053789029968,1.4812173094064476,0.0,0.08085033637580924,0.4282428629676819,1.4253119387460607,0.0,,-0.0756074766232605,0.05989230539112929,-0.010122775031421016,-0.01701528472925675,0.17370486244006134,0.47143181554421004,-0.00712427440957057,-0.08606597323840068,0.029144098225534598,0.03194800330424752,0.014813308964431107,0.11095656536544563,-0.008883376372897095,0.03640821212898611,-0.0063517169484550795,0.017080832770566417,0.005882834255141524,0.13350820607612307,-0.008759483392862756,-0.029639520341584437,0.00427217116027584,0.0546256150479265,0.05073250048464111,0.0733549486159711
q150_150794,149,Which is the main instrument that plays in the song?,Instrumentation,Low,percettiva,D,A,False,0.2652777777777778,0.7347222222222222,0.18914821659462705,0.31856778967123733,1.613339359653741,0.0,0.05929558419369407,0.2891156721207234,0.43417205367929645,0.0,,-0.034916044477399225,0.1421774133276036,-0.02089675152972499,0.0025096597624868593,0.12422190039416056,0.15915465780588992,-0.00911352019334227,-0.01472605877525695,0.02953137452427909,0.05074806456260608,0.008417063175927955,0.017530169319816918,-0.007038726442489582,0.0,0.0077015235837536045,0.036074141751529475,0.0006559634964083353,0.0625986623171415,-0.025745839960318137,-0.019116134736505086,-0.0044625777459964405,0.06013816106102201,0.050236803562129256,0.08114260784511254
q151_150794,150,What kind of guitars are playing at the end of the song?,Instrumentation,Low,percettiva,A,A,True,0.06459731543624161,0.9354026845637584,0.13286491411828363,0.5778274633598397,4.740340190597514,0.0,0.03173736186748531,-0.2960674900173043,-0.9021732319849556,0.0,,-0.0194858234230145,0.14087998667126772,-0.016673399580774285,-0.06012971789771752,0.08230113799288448,-0.34054375890473887,-0.014404553121610382,-0.036273999886115606,-0.013148656442258313,-0.14397689251758772,-0.006522700274118801,-0.060202790625493205,-0.011867109053890934,-0.015378132078828483,0.005667545236252231,-0.034087105857360696,-0.008849039494117313,0.03545740974354786,-0.013321470772260008,0.005039683039731322,0.0012184841814401118,-0.004331230596115999,0.07856030848643836,-0.07858843112519731
q152_1051378,151,Where is this type of music usually played?,Functional Context,Low,unknown,C,A,False,0.07333333333333332,0.9266666666666666,0.16623080305215654,0.4475223501148009,4.134928807102821,0.0,0.04631601724651078,0.20803464706233096,2.01888326562994,0.0,,-0.05764944443089416,0.018369348452673264,0.0030739451185212057,-0.02437658136963965,0.10319946503081245,0.30940915013589265,-0.00230794847192872,-0.09536727015659532,0.041630976678144645,0.022172643356913366,0.002073718035737939,0.04603963374890053,-0.005796790602795584,0.048374116932611046,-0.014093842642160518,-0.015949837702563863,-0.05081339319385163,0.07796065209382698,0.007430679549114112,0.015338073727426807,0.00931111132847997,0.015044333390153646,0.05657355809384185,-0.0009449684849375667
q153_1051378,152,What kind of instruments are used in the song?,Instrumentation,Low,percettiva,A,A,True,0.30749354005167956,0.6925064599483205,0.3273451259219872,1.0800457011538513,2.427081153585126,0.0,0.13989540300522846,0.2908309317979265,-0.3750005485457325,0.0,,-0.0937248614583794,-0.3946073846779624,0.00967885340172117,0.0,0.2127234279674373,0.611217179043718,0.01121798309444939,0.07422113743217094,-0.011825467772888159,-0.12881671753126908,0.0035972942718331064,-0.04433911881660888,-0.010617965815564262,0.06993095382425449,0.014427417650691304,0.0738168818774594,-0.008889082166170575,-0.024559665364280395,0.025186187314705056,0.15733801550838555,0.029824935066922617,0.13018946847056642,0.09819208445569938,0.057271113829419046
q154_1051378,153,What key is used in the break?,Harmony,Medium,analitica,B,A,False,0.1793478260869565,0.8206521739130436,0.13901881036331082,0.4271330817349666,1.6049394603859914,0.0,0.04641718816972633,0.3206886282455239,0.7384109977581121,0.0,,-0.016278311975568477,-0.05322222674472133,-0.01549395277105332,0.022405420935374523,0.09271799926651858,0.318347440469399,-0.014528546350170448,0.03315799358547171,0.012069776303012876,0.1334376702540136,0.010259350368097315,0.08362592399544011,-0.004643569944416395,0.04191043343561991,-0.006165837050838488,-0.02161128043058516,-0.006814027193751442,0.05151128380464941,-0.021110979302833607,0.029711767653539452,0.004534490234252701,0.0622988209702373,0.058287984756203365,-0.0601959914373907
q155_1199044,154,What mood do you think the song conveys?,Mood and Expression,Low,knowledge,B,A,False,0.5876494023904382,0.4123505976095617,0.2741144070945569,1.4926048359575745,1.8392991386217534,0.0,0.1349487796151172,0.9854841799672861,0.06586256112409461,0.0,,0.03843070417048107,0.32194880707134177,-0.0451451693122103,-0.15526328643166126,0.16610088918435598,0.9170957008910886,-0.02443764442750955,-0.09829704156348304,0.12070951936782255,0.8364273870337849,0.0012876710776496166,0.07019274675803805,0.0,0.06777632954590407,0.0,0.0,0.020756640602708258,0.2864607714402408,-0.052949262837013414,-0.1424891685746027,-0.01024443468857809,-0.059812910230773564,0.05538864609252827,-0.07307097600530554
q156_1199044,155,How would you describe the sound of the snare?,Sound Texture,Medium,percettiva,B,A,False,0.20704225352112676,0.7929577464788733,0.1473501973576637,0.44479089811226075,2.567666497157885,0.0,0.042752414225590285,0.1825438971463688,2.5032113686765833,0.0,,-0.01600628452679944,-0.09193577160322337,-0.020441861446480643,-0.02371903210971602,0.09505130579162699,0.3136673976293148,-0.015850745592756624,-0.015468696770006583,-0.002306029594472833,-0.022692700302706214,0.0035631624702950585,0.011634102605178798,-0.007923596100513054,-0.00479783553566334,0.004249263334287193,0.031108969905200026,-0.0034860089498021996,0.06254378597776802,-0.02587439680095173,0.012960246859562808,-0.001201246316651282,0.03635648642445089,0.07573126618339912,0.0554308412125778
q157_1199044,156,What instrument adds syncopation to the verse?,Metre and Rhythm,Medium,percettiva,C,A,False,0.3307086614173228,0.6692913385826772,0.20675635480636448,0.5342436809767792,2.5972250867440656,0.0,0.06049482922377307,0.4074389566356981,1.6339882409364304,0.0,,-0.07313076279129571,-0.06340236217054053,0.006044553930710083,0.030033176008195765,0.11909984201393797,0.4239650369368988,0.008481196070420721,0.016843105861144077,0.03777994787392612,-0.013017943239291929,-0.00245039376133426,0.014767890107459354,-0.008581179285257307,0.07108249966469353,-0.005328128563942372,0.016583244399495118,-0.04476120807250786,0.13638512156098478,0.011979423734567967,0.03516139537824293,0.020188474073826106,0.12593118057145056,0.05166789322449465,0.02054556819266381
q158_14014,157,What musical style do the arpeggios remind you of?,Genre and Style,Medium,knowledge,D,A,False,0.1280310378273521,0.8719689621726479,0.18370204041807078,0.17260530783000255,3.3994456882770354,0.0,0.023101906800600796,0.023630759481517064,2.663570047707365,0.0,,-0.044506794808638686,0.04608247281660252,-0.022495054400377218,0.05203556083915728,0.10340197360933578,-0.06381288491146112,-0.013298217599719084,-0.010674389262781622,0.03484146941467427,0.09743050040056193,0.009239162966248599,0.019208827046874904,-0.008192513875252577,-0.03451906230357901,0.0001643938946974191,-0.043596454444157516,-0.0030105224091116064,0.04636607914348223,-0.030710327237802912,-0.08024919539742631,-0.023615163495975623,-0.03668989693159926,0.04438540754312323,0.055679961967360095
q159_14014,158,What can you say about the harmony?,Harmony,Medium,analitica,A,A,True,0.19221411192214113,0.8077858880778589,0.20453485915172995,0.2854627726080434,2.421695964301594,0.0,0.08834266566509422,0.06693814058375697,0.9507293562083995,0.0,,-0.032563833564462685,0.05483231832230952,-0.02157957910585753,-0.09501640277685744,0.14643876240841208,0.12136813827359066,-0.0039526840729976415,-0.014245913235285769,0.018754536520494625,0.07574124866175863,0.009948934687215144,0.024854774422059224,-0.009053883363386663,0.06921998642230806,0.012299032156065173,0.03765335482045727,0.0077601914168636925,0.1671534042743648,-0.02355731257242253,-0.0882697319713453,-0.006438952095586918,-0.11665607584651588,0.0786301189158517,-0.10275882019932979
q15_1045016,14,Where is the shaker positioned in the stereo field?,Sound Texture,Low,percettiva,A,A,True,0.12848605577689243,0.8715139442231077,0.09531527121824315,0.5667744749918071,3.332158878239307,0.0,-0.09531527121824315,-0.5667744749918071,1.1074325038453177,0.0,,-0.02825271252015798,-0.10115591690569009,-0.023752832089493917,-0.007834189722505085,-0.03457887281795171,-0.4159253543839223,-0.008730853790639538,-0.04185901397968965,-0.002451982554375275,-0.08631504102044232,-0.015454858776560111,-0.06127034514339795,-0.03289334259012998,-0.0452119662040791,-0.007941157758589421,-0.03678678458263866,-0.020614028469719232,-0.07358765732076107,-0.03481900750312901,-0.049108990317407106,-0.026787690332112528,-0.04624824837892582,0.0456467967663724,-0.1682454420241551
q160_14014,159,What can you say about the bass notes?,Melody,Medium,analitica,B,A,False,0.23076923076923073,0.7692307692307693,0.05605361912068782,0.3072557761429949,1.9244861071921382,0.0,-0.02068455069830534,-0.27189449065236654,1.4336142335414965,0.0,,-0.004522083878238881,-0.027707197473576514,-0.0208017992698846,0.008150281978302153,0.01768453421119124,-0.2618679359241042,-0.0130452017613731,0.009530360767012018,-0.002030378361360309,-0.009419285555377424,0.0,-0.03069165074627838,-0.005589871641281141,-0.029978906079384252,-0.00922513407236837,-0.028632366952260603,-0.019626685309114815,-0.03950058239193373,-0.029528062540257485,-0.05982050618082674,-0.013433586040767305,-0.04679223829136959,0.058749167266844086,-0.027058954454935773
q161_1177896,160,What would you add to the drums to make them more present?,Sound Texture,High,percettiva,B,A,False,0.14583333333333331,0.8541666666666666,0.05340143172855139,0.29428995942193853,4.4536160532598075,0.0,0.01948148526721724,0.006443362052697396,3.0398545105017187,0.0,,0.0022700809305698233,0.009572195711476526,-0.014382361893525177,0.04494797856988893,0.03417137756731449,-0.14392329868462056,-0.0025776113371418965,0.0958464864559525,-0.0025567179613918646,0.001048744401210451,0.003969782441250411,0.013859712946229443,-0.008775439280141442,-0.05253808386879591,-0.015100343002520193,-0.07031676912352391,-0.007383370450638741,0.05022397171204504,-0.02105608426976547,0.0018849162247159372,0.0035944949200199545,0.04695925262359422,0.06678916287040458,0.015321617137222122
q162_1177896,161,What can you say about the harmonic structure?,Harmony,Medium,analitica,A,A,True,0.21818181818181817,0.7818181818181819,0.16945243743247568,0.1846860670848396,3.1509679765585803,0.0,0.061646871123924,-0.1609418656078494,0.9993093198107377,0.0,,-0.035134346370431925,0.006133238235059273,-0.007563551188571355,0.005738862503435811,0.11554965427819984,-0.1728139663463445,-0.011204885595272555,0.0,0.012048587744714375,0.03537556349329615,0.0013091338227378202,-0.041257481640825794,-0.009679673818895349,-0.0038903785797050677,0.0021165422530321307,-0.06586105301874018,-0.0090013396228213,-0.006449748410138082,-0.014750654972481812,-0.04045479705285718,-0.006070471794344016,-0.01445392968147459,0.08567474751198216,-0.023950040717404676
q163_1177896,162,Which age group is most likely to listen to this tune?,Functional Context,Low,unknown,A,A,True,0.2695961995249406,0.7304038004750594,0.1659000233807551,0.24404051655959155,5.15558640043458,0.0,0.06487695820770606,-0.0726098248186002,5.15558640043458,0.0,,-0.03995916310174995,-0.0487863329815862,-0.008976697371583565,-0.0018796240832470515,0.11538849079423058,-0.10765921362426262,-0.0015756721131910132,0.08571534587049567,0.0177814809623466,0.09953128758918267,0.005785007577390227,0.040886318467289705,-0.01972447656437909,-0.06300910899847843,0.008043634902135896,-0.02141621419699705,-0.008792565198545757,0.03159288554224395,-0.021498453003650615,-0.0929419860724594,-0.00036559567733301587,-0.046696056388666335,0.0836479252097418,-0.020556950760715297
q164_1227240,163,Why can you say the piano is not acoustic?,Sound Texture,Medium,percettiva,A,A,True,0.27380952380952384,0.7261904761904762,0.18301968192322485,0.16463968232672563,3.3384768244916483,0.0,0.07280778210096002,-0.1066260074762191,2.2172961919334875,0.0,,-0.0296237288941424,0.02670217839416613,-0.010293317665051684,-0.04343885549989185,0.12791373201209244,-0.09219398940158051,-0.015188903351938324,0.0023046590310871386,0.0020283850154906337,-0.026069347985744975,0.0021558984666809906,0.00044447052267085167,-0.005876636134605062,0.0176703768169558,0.0022672356579688533,-0.03073667693989145,-0.008882332424650079,-0.0005247404309921405,-0.010971336432572571,-0.03814824387590857,0.0027207066453345304,-0.013792023668195598,0.08936586130731272,-0.015469821915112997
q165_1227240,164,"What notes are sung by the vocals when the lyrics say ""This is the loneliest""?",Melody,High,analitica,A,A,True,0.2364217252396166,0.7635782747603834,0.20686870449014516,0.22748052328928836,0.9771505250447027,0.0,0.11381700637824932,0.2048518258908359,0.5132845758825946,0.0,,-0.03224685525804541,0.018786127147429745,-0.001227890219982354,-0.011314348699226227,0.16034285543419724,0.18980530589985703,-0.01305110357792016,0.007574741542775337,0.005743339579040003,0.020352352127248327,0.005132405037384717,0.03634695582852395,0.0,0.023946212025640803,0.0014869789663833257,0.0,-0.0027966949886206738,0.07214484577394037,0.0044746832772601716,0.022792229368425763,0.00883773421548931,0.036803687837766046,0.09093856029131246,-0.007534457070709374
q166_1227240,165,What mood does the synth create at the end of the song?,Mood and Expression,Low,knowledge,A,A,True,0.1583333333333333,0.8416666666666667,0.25925074628432704,0.7866360199706479,4.999288459285562,0.0,0.13843767962894585,0.4584862493472647,0.8764992087795915,0.0,,-0.01188478476709852,0.13434267663790117,-0.023611719202675636,-0.09476397575377254,0.19884421295663646,0.4882184580210551,-0.024910029357916443,-0.06931090955791906,0.019412504603948708,0.13137649898566447,0.01341467912537586,0.08282546822221493,0.0,0.05320476040256881,0.018440760713684962,0.08213247386102546,-0.004188302813381924,0.09735669205888883,-0.00014754264232942106,0.03577738862438541,0.007738622946476944,0.02845178528635729,0.08376695769517072,-0.05263881809384049
q167_7096,166,What is the rhythm feeling of the vocals in the chorus?,Metre and Rhythm,Medium,percettiva,B,A,False,0.140625,0.859375,0.18506703254716206,0.714344956690184,4.241723914949816,0.0,0.09930822486706022,0.517704044567833,3.2714053844513717,0.0,,-0.025186924401006158,-0.0983204560611755,-0.012537661369999918,0.035968419647573,0.14218762870711113,0.5660264629096196,-0.0051548180690448465,0.014029618071816054,0.0219611406993198,0.11463777434846556,0.01128853100011878,0.04427739303314482,0.002471840078872671,0.044583733093212875,-0.0008622384423934547,0.0343735446999344,-0.0027062184641859655,0.09237916738652863,-0.01250241823459077,0.062196364024102786,0.005841075857695027,0.07028542172929604,0.07381651237222413,0.05497064625314799
q168_7096,167,"Right before the first verse, there are chords that are reminiscent of a particular jazz style. Do you know which one?",Genre and Style,High,knowledge,A,A,True,0.16479820627802688,0.8352017937219731,0.22337585761265666,0.3011190367819069,2.869867607949017,0.0,0.08979308975065087,0.21691232344312505,1.9978984705563603,0.0,,-0.03184541527808618,0.016486727090948613,-0.019755128830435058,-0.0421033566693909,0.15658447368165376,0.19433448214532678,-0.01519083982248165,0.04819447087624056,0.014516725741815843,0.09706352589655626,0.005403837002576641,0.024236664903523733,-0.004977173741607111,0.022617269263550843,-0.005449915298944213,-0.013371903589268569,-0.011353780835087335,0.022715978167016773,-0.004997607061258895,0.008736370851129813,0.002682548505111279,0.005980941407949776,0.09396845543804468,0.048933476542666436
q169_7096,168,The chorus starts with two descending notes in the bass. Can you determine the intervallic movement?,Melody,Medium,analitica,A,A,True,0.13747810858143608,0.8625218914185638,0.2366959944980238,0.4333954043931836,2.6733193240625845,0.0,0.1117541688739686,0.41950883705511294,2.064424702050773,0.0,,-0.03373232769282415,-0.006943283669035304,-0.014070881225890479,0.03603556564525027,0.1742250816859962,0.3249929024801794,-0.014667703893312959,0.06542365259871857,0.004909250921322272,0.029086107681332154,0.007106721388766383,0.07082552284445767,0.0,0.07966778182548927,0.003934237667678974,0.06224282537331176,-0.01805107003744577,-0.016640592945809267,0.0009766637372010875,0.04293451556928306,0.0032593300035386507,0.014268905781501676,0.10961903519290701,0.13712377092554665
q16_1100505,15,What type of synthesizer sound predominates in the chorus behind the vocals?,Sound Texture,Medium,percettiva,A,A,True,0.21544715447154478,0.7845528455284553,0.2266516532208513,1.1163325307608478,3.53863915111984,0.0,0.107764826352863,0.8786773623042436,3.3573649988478333,0.0,,-0.02529816722959028,-0.06065125554327887,-0.02269967313171057,-0.0400252241128634,0.16720823978685714,0.9975049465325457,-0.011445573072693296,-0.018151104572159862,0.028085407840681004,0.10736389832546898,0.006678552214259503,0.15000897265710786,-0.007986370456325803,0.11521189318297652,0.0070091409553165165,0.06795165827350913,0.008686572662264037,0.12988531868501937,-0.002670451636017035,0.1717586578210899,-0.003480061305709152,0.09881095714791502,0.07144203607839392,0.03768600621115678
q170_1103980,169,There is an harmonic dissonance in the fourth eighth note of the piano introduction. Can you determine the interval?,Harmony,High,analitica,B,A,False,0.15891472868217058,0.8410852713178294,0.15038177031884425,0.12019141433895257,3.139746144072109,0.0,0.05767923385288558,0.12019141433895257,1.5402980891048461,0.0,,-0.01969924202091308,0.025583780481553187,-0.01541883830135024,0.015423413954827624,0.10403050208586492,0.02745309759975771,-0.011233187910716019,0.051731122302814056,0.009487257521807398,0.02602015622910161,0.01304010629893294,0.08729207900684524,-0.001007268941140164,0.0,-0.001179527906334312,0.0,-0.009459158097965374,0.014288091877238044,-0.015412813407708486,0.028018566852542788,0.0018558123141462013,-0.005736953278442758,0.060354826071147366,-0.029690526348332344
q171_1103980,170,The chorus suddenly changes the vibe of the song. How does the music create this?,Harmony,High,analitica,B,A,False,0.08778625954198473,0.9122137404580153,0.1635228460816812,0.2126057398365775,4.403530907738562,0.0,0.08916993196791835,0.17197406095867457,2.7580431979668023,0.0,,-0.02575918889384248,-0.020315839438951447,-0.0068895250214762865,0.01075409760526938,0.12634638902479978,0.17442443672377295,-0.004527743141562659,0.007111366068583709,0.014587364742908143,0.0423194632551714,0.00699658914208196,0.0236982737434474,0.00431843532225477,0.015065929049989737,7.4709680692669825e-06,-0.03644192586915574,-0.0023546561002783283,0.04036856880857104,-0.012527603884154238,0.014216400165149731,0.007160774136947121,0.04204544943499675,0.07098155764008966,0.030701902370504307
q172_1103980,171,What instrument does the piano sound like with the arpeggio texture of the introduction?,Instrumentation,Low,percettiva,D,A,False,0.22530864197530867,0.7746913580246914,0.1958893882189633,0.3735324933787407,2.358934816429964,0.0,-0.019648947396746608,0.12903015208783133,-0.351655457811072,0.0,,-0.0873337992940614,-0.12225117064545471,-0.014036527587040357,0.04624756228343033,0.08812022041110834,0.12749116194253823,-0.006398840926753193,0.07754259850731748,-0.014235211990679918,-0.10928125444671684,0.008071896498241587,0.07847835730099482,-0.008015986268024492,0.07356874929756099,0.0005891825079944978,0.05579293900783418,-0.02937122889168904,-0.12756775785826707,-0.012497959469190143,0.08223873910298814,-0.007380132222279187,0.058298265924768715,0.04319049243888008,0.01750211375866837
q173_121123,172,What mode is used in the exposition of the melody?,Melody,High,analitica,A,A,True,0.13489208633093525,0.8651079136690648,0.2075302605079963,0.32707867515428596,1.867583291638478,0.0,0.12539831987267339,0.3182279011458187,1.2774348443158394,0.0,,-0.022276461356381925,0.03269087358723381,-0.0029790601348731877,0.006053698811132295,0.16646429019033485,0.28390871575168625,-0.015810448826406347,-0.004425387004233625,0.02191448409912424,0.1480717326415872,0.0008530917241056923,0.01224705737901638,0.0,-0.0005989074786130026,0.0066321086300136535,0.0,1.3465882293166309e-05,0.08792117264975234,-0.0049066398863394645,0.0,0.010966431476796058,0.07079159859765922,0.08992537794668003,-0.00020475264358343036
q174_121123,173,What is the subdivision of the beats in this tune?,Metre and Rhythm,Medium,percettiva,C,A,False,0.28205128205128205,0.717948717948718,0.11021723548121211,0.17485112463004063,1.3135191243264082,0.0,0.010225336258018905,0.17485112463004063,0.9295265829727448,0.0,,-0.049995949611596605,0.052351792490945195,0.010300899450831878,0.0074453915950307495,0.04013542444795117,0.10143868203324426,0.009784961970832463,0.013615258510820422,0.055473932337216904,0.07877427897377537,-0.0030140356986136027,0.058987714352436896,-0.01607070259978881,0.03193967827044423,-0.006022096568373639,-0.0334083721613052,-0.05742586209256301,0.0646430704678827,0.0,-0.019569049138167205,-0.005056061317594294,-0.016779208602847054,0.04234016219773536,0.010263012467820895
q175_121123,174,What time signature would you say this is?,Metre and Rhythm,High,percettiva,D,A,False,0.28544776119402987,0.7145522388059701,0.16843472841674018,0.1781999577477733,2.0000714216672755,0.0,-0.0034705852959102494,0.09585285626871891,1.5756867168797792,0.0,,-0.04724112908733131,0.11533690737841651,-0.02711918463134745,0.012691638917481391,0.08248207156041497,0.008997860712348205,-0.011592343137646451,-0.04117355073952721,0.032478893709988466,0.17102887037392156,0.0,-0.02213211349831251,-0.008053247064203038,0.01950176132453173,-0.015206745700050137,-0.06309395724405452,0.0025795015891707154,0.08703476421891476,-0.03608408905279269,-0.07541946947838521,-0.023124424938073276,-0.054582932204465334,0.043939526160049716,0.03351593277656845
q176_1076450,175,What type of rhythm is used in the guitar introduction?,Metre and Rhythm,Medium,percettiva,D,A,False,0.14806866952789702,0.851931330472103,0.21111166175481091,0.2596462855802119,1.3389307099833563,0.0,-0.0004402511039097237,0.09781497788540267,-0.1559825592594441,0.0,,-0.06619563210052049,-0.016496324634342023,-0.026629583343985335,-0.02260386080255845,0.1053357053254506,0.1787306317328073,-0.012950740984854499,-0.041815468410504146,0.0012460016781507058,-0.06623837569917287,0.006900191772093125,0.013256747174842234,-0.01684916358914772,-0.026467643134383358,-0.004106694561869207,-0.008121291268958756,-0.013951070299369064,-0.005675661984532525,-0.028766284255681323,0.0038292410258116936,-0.008435325879513293,0.03447850341836811,0.06352209403142706,0.15275345835342816
q177_1076450,176,What instruments seem to duplicate the melody in the beginning of the verse?,Instrumentation,Medium,percettiva,C,A,False,0.1947194719471947,0.8052805280528053,0.12097768929484246,0.29204878954397795,1.7338399293364581,0.0,0.01834169588102849,0.29204878954397795,0.6745445071969051,0.0,,-0.05131799670690698,0.023158081021230223,0.008647564271265108,0.010576092104603353,0.05560452915763543,0.24369936123642666,0.005407599159034937,0.014615255181717678,0.03934082197037235,-0.028501073933234873,-0.010156974519097136,0.014396533642484556,-0.020786063723534958,0.021660189081676412,-0.004667201393821095,-0.004062447750270972,-0.04461764536788565,0.1530436316871096,0.0,0.0,0.003875034375234378,0.03261691986204898,0.055353724539760604,0.1028950369541642
q178_1076450,177,"What is the most important word in the vocal melody, taking into account the melodic contour?",Melody,Medium,analitica,D,A,False,0.24167561761546727,0.7583243823845328,0.25423357899145926,0.8669838869672064,2.5438173769906163,0.0,-0.1233625239003729,-0.8669838869672064,1.906862546068449,0.0,,-0.10746608224391405,-0.3132670414054266,-0.03952775493867826,-0.1387470673579461,0.06543552754554319,-0.08421370502956367,-0.0418042142633238,-0.3307560731742701,0.0024089490562419266,-0.09766935435724347,-0.010028559353045667,-0.03449057738148197,-0.031198198398731787,-0.11500123646231697,-0.021411785807818006,-0.08503470492555394,0.0,0.0,-0.05206849605958265,-0.21638453458080162,-0.040398175356628915,-0.1710659400332632,0.029333742019192185,-0.14733753922654527
q179_1407836,178,When are the electric guitar chords played in the introduction?,Metre and Rhythm,Medium,percettiva,A,A,True,0.15076335877862593,0.8492366412213741,0.22240242244828154,0.3110833798149897,3.1456623498028753,0.0,0.09576110271795821,0.17106923667689167,-0.08670268348889693,0.0,,-0.032278959094166934,-0.022520109388922478,-0.008998977908920085,-0.030667125327324997,0.15908176258311987,0.24107630824594065,-0.022042722862074655,-0.0168198368528015,0.005988380806698957,0.06072689358895561,0.007154133444521057,0.029056048655632112,-0.005767512314770073,0.01576732248622225,0.00611602252041156,-0.008575492482268347,-0.0033437220667206285,0.06878890172277168,-0.006848718065628735,-0.008792916194825319,0.003940329428536572,0.0067253048663312425,0.08852218896490946,0.0073731740340724616
q17_1100505,16,How are the hi-hats played in this song?,Performance,Medium,analitica,B,A,False,0.1644144144144144,0.8355855855855856,0.1208260538116759,0.3369098619747243,1.456691103252687,0.0,0.00024498172642418645,0.3369098619747243,0.4779406559070166,0.0,,-0.006224424378872627,0.060549532915014734,-0.03081509032815575,0.01970919895806257,0.06053551776905004,0.2565868150442797,-0.02325102133559748,6.431505736727294e-05,0.005648310749508702,0.03753997076678631,-0.0011555577939808886,0.05448969978031187,0.0,0.06661323544568401,-0.010037508275990033,-0.042931586779925465,-0.007416467215197843,0.05348978987361362,-0.03239508521313825,0.023980176172390892,-0.015642743386543825,0.04317184690250387,0.06124403286176632,0.10055672981335921
q180_1407836,179,Which type of radio station would be more likely to play this tune?,Functional Context,Low,unknown,A,A,True,0.16428571428571428,0.8357142857142856,0.20949147392074183,0.26339448472917065,2.4543160008804117,0.0,0.09495133897060669,0.09398404338209665,0.37483414753577166,0.0,,-0.03832807480402958,-0.06239356288323217,-0.00134213548193483,-0.013153617225822693,0.15222140644567425,0.17868926405563365,-0.017599857189103146,-0.009158040564482139,0.02144600684923397,0.1429196464147495,0.004377885052644921,0.0241457298729348,-0.0073944532595056995,0.004265311931148891,-0.0001393020130411619,0.01921446230849972,-0.009465462624647477,0.0,-0.0001732184162926871,-0.014372057644199797,0.002157766487913859,-0.061729239027904836,0.08414211689430097,-0.020459810473131602
q181_1407836,180,"If you were a teacher, at which moment of the lesson would you use this song?",Functional Context,Low,unknown,A,A,True,0.2314487632508834,0.7685512367491166,0.2005093876374234,0.3166357117271043,1.912355483541465,0.0,0.114241739093369,0.2929685128427228,-0.7062701339815549,0.0,,-0.028423463123285676,0.01969717954676877,-0.004564910788381355,-0.011833599442190746,0.1573755633653962,0.22894569639925863,-0.010145450360360169,0.056159236338886157,0.029500382429134213,0.2052778567602344,0.00443263561451209,0.019900059681537473,0.0,0.058769932285464024,0.007229275162778866,0.019994823288711452,-0.015409378480240661,-0.0053882152828048585,-0.0062245131536659126,0.001235458319361709,0.010566528264603147,0.048129745893056346,0.08414680925624726,-0.05495114810283773
q182_357330,181,What could be the meaning of the lyrics?,Lyrics,Low,unknown,B,A,False,0.32527372262773724,0.6747262773722629,0.16019823525015975,0.3406017901812035,3.027465038972761,0.0,0.01105355840062587,-0.3406017901812035,2.3454695556912792,0.0,,-0.03535304412026091,-0.06764022229400138,-0.020668099237651928,-0.04333088869029381,0.0856258968253928,-0.15768836812921103,-0.01855119506685409,-0.07194231106769736,0.004294291730174243,-0.0017806590485906996,0.0010589896477260618,-0.029155132124334265,0.0,-0.028995083167650024,0.007471200558856902,0.03614371122399661,-0.020048067237746884,-0.07259165871990896,-0.022798657544464484,-0.017553218640853605,-0.014360451017283341,-0.089745156496913,0.05543625226336338,-0.13692459320694964
q183_357330,182,What is the rhythm pattern of the bass?,Metre and Rhythm,Medium,percettiva,A,A,True,0.11772151898734176,0.8822784810126582,0.2035556522835839,0.20807929634639516,2.7678965254767722,0.0,0.08853998432061233,0.17468922749220997,2.1025112181280394,0.0,,-0.042648234167393974,-0.016695034427092588,-0.000496239110291629,0.0011451861475656813,0.14604781830209812,0.16091887104683833,-0.01436336070380019,0.029320204724898553,0.0026744146066014765,0.012665580630534478,0.000778203767847767,0.015579980398422805,-0.006013362863952846,0.06398141419348104,0.0018393148889292261,0.03953582265496394,-0.011715657569084362,-0.02530067030823331,-0.005646521985071257,-0.02228279568857714,0.00691178962506097,0.02319815152311519,0.09971180385028136,0.06731174408850296
q184_357330,183,How could you interpret this song from a feminist perspective?,Lyrics,Low,unknown,B,A,False,0.10717658168083097,0.892823418319169,0.1699941889088411,0.1541469273952944,5.1923891127263015,0.0,0.03897251988779933,-0.11605027274799369,4.50417256589915,0.0,,-0.032195457742246206,-0.08806825568270918,-0.01534209466919666,-0.023933054275641335,0.10448335439832021,0.01904832732365034,-0.017973282099078017,-0.02309729011329352,0.008835718885025292,0.008287627335414029,0.010479943778626455,0.03279304564432084,-0.0006200474718929322,0.0,-0.0015275283115832872,-0.025047388345417726,-0.01281119737205312,-0.0033470229204734525,-0.02027067230378682,-0.03461349966810414,-0.00551025872567312,-0.014022784831344864,0.06039656140913687,-0.08010024996238836
q185_661634,184,What harmonic progression can be heard in the introduction?,Harmony,High,analitica,C,A,False,0.18396226415094338,0.8160377358490567,0.13149217125082505,0.3154361888588593,1.5785640759830462,0.0,0.023600181063311715,0.3154361888588593,0.012700400365231512,0.0,,-0.053945995093756666,0.03144466993886931,0.009309383222248615,0.028394204031368143,0.055632472957138426,0.24136289927835203,0.012604319977681343,0.014234415610269812,0.055794622495893564,0.07035371356698453,-0.005292712164132229,0.04082697734683054,-0.017244485141079,0.03750003996148816,-0.0077191585553223006,-0.02945798555668809,-0.05038558869115746,0.11055114749898651,0.0,0.01766549957626609,0.003946842052147738,0.03448163129000287,0.044500661066961406,0.03351516517498867
q186_661634,185,Which musical element predominates over the others in this tune?,Harmony,Medium,analitica,B,A,False,0.17584097859327213,0.8241590214067278,0.13933125324359874,0.15651430634371336,2.385397970429528,0.0,0.045457886331591923,-0.017206050405703874,0.9582376496525165,0.0,,-0.009683533419865747,0.06965412796900473,-0.018323636939843325,-0.01474249671026281,0.09239456978759533,-0.047494230795519406,-0.018929513096294343,-0.024623450868926394,0.0231372571204518,0.10047589465367551,-0.004935541847445089,-0.03786136677377235,-0.007185238239943999,-0.02533485027693074,-0.005265171322372436,-0.021619382271263622,-0.012088158612017178,-0.015447766261085,-0.014566944047261355,0.0035546851423777434,0.0033436052646813484,-0.005834669787800336,0.06301807801549883,-0.015138594830905083
q187_661634,186,How does this tune enhance the tonal harmony?,Harmony,High,analitica,B,A,False,0.1435331230283912,0.8564668769716088,0.17121365809822717,0.19878441840188862,2.337119080351012,0.0,0.06969796866162076,0.11208423421909978,0.9219875957869815,0.0,,-0.025866372824128535,-0.043350092091394406,-0.012519155935651668,0.027739450715738675,0.12045581337992396,0.11858310079016149,-0.012372315958523002,0.009111774804594037,0.008247566448169756,0.016537966293415994,0.008248853836044725,0.03647907156345617,0.003918202383586392,0.04024123998039561,-0.0009167446566103769,-0.05171650237032343,-0.0013309820688060092,0.038656825012962866,-0.01852411938156451,0.003292700385467459,0.002337126289043941,0.009177019450542577,0.06771806581175685,0.01941591390318253
q188_312915,187,What brass instruments are played in the intro?,Instrumentation,Medium,percettiva,A,A,True,0.07591093117408906,0.9240890688259109,0.24669326864712665,0.5724728987824467,3.07263414498882,0.0,0.14166140452481163,0.5183959450848842,1.7209884326880351,0.0,,-0.032459468598660716,-0.006438711062381287,-0.00564353398812761,-0.0205997657864,0.19417733658596914,0.5136486824111686,-0.014412929474369188,0.031785739522496866,0.015904414300073805,0.10798239334219759,0.019344430707474554,0.13524456113046465,0.0,0.06759238817418033,0.006247243228670338,0.01400692492643103,0.0007731676639313231,0.12180107945036311,0.002274310098428862,0.03997134864939706,0.005806637987256912,0.028452380998243675,0.09131120053897585,0.0033448684136067573
q189_312915,188,How are the phrases distributed among the brass section in the intro?,Instrumentation,Medium,percettiva,A,A,True,0.08504672897196261,0.9149532710280374,0.19956734498281942,0.14311394520092577,5.07036082632581,0.0,0.06664145347397957,-0.013939496894447869,3.0812713402031706,0.0,,-0.03475070372837162,0.039355114803445834,-0.010734782087454679,-0.059941909047004305,0.1331043992283995,0.02523210934979311,-0.02097745993859363,-0.01858481200068251,-0.006759448405218588,-0.08343787728643098,-0.001598733009180127,-0.02644708788482544,-0.004856569843544841,0.039406240625022376,0.0008458007688598281,-0.004247814143401293,-0.009207235833947778,0.03783496570010051,-0.007542207767161752,-0.023420558451063233,0.005251302908391554,0.04360156608068634,0.09050854465578129,0.00277106846546386
q18_1100505,17,"During the introduction, there is a low-pass filter that is changing its frequency. Could you say in which direction it is shifting?",Sound Texture,Medium,percettiva,B,A,False,0.25,0.75,0.09934709464882743,0.09076285409621065,1.7622073352622363,0.0,-0.04679008657461822,-0.02882118819553211,0.816519469555779,0.0,,-0.014341804703283532,0.01627615068283108,-0.03647766270167859,0.002596952120347955,0.026278504037104605,-0.05979202114587138,-0.022249123206760698,0.012097730147160236,0.003542575003331015,0.07811084084413147,-0.005243364856865919,-0.006426597889650625,-0.005610419897119881,0.0,0.0,-0.005190993982947513,-0.01837828981025015,-0.0025530367147679964,-0.037629135760441516,-0.021711154394698697,-0.023811733321756713,0.007495116815347015,0.04034028206848495,-0.07854536287294578
q190_312915,189,What region of the world does this type of rhythm usually remind you of?,Metre and Rhythm,Low,percettiva,C,A,False,0.07843137254901962,0.9215686274509803,0.10274330036400767,0.1555167193077225,4.659489692140653,0.0,-0.0062838968909721335,0.11882908907396005,4.154814726300701,0.0,,-0.054513598627489904,0.007556271803388198,0.004365006726693636,-0.009545073307621338,0.04080271576509959,0.12961663238745308,0.0030619792447245456,-0.008798741809259896,0.0438480463796197,-0.0052785725982596315,-0.015776839750271797,-0.036255642717769966,-0.01661129073700447,0.042961202157715615,-0.003207157429776923,0.004506681608248794,-0.05308045386624652,0.07433325342214123,-0.0043983367785372,-0.0013521728597729894,0.0,0.0011760988821569677,0.04294213529124507,0.03873824117950001
q191_1381590,190,What is the main string instrument in the song apart from the ukulele?,Instrumentation,Low,percettiva,C,A,False,0.11789473684210526,0.8821052631578947,0.09902667304433503,0.35551583716683155,3.547687267980686,0.0,0.01432374519847654,0.28198526868711926,1.549439843573965,0.0,,-0.04083361017752712,0.10308230085217918,-0.0015178537454021267,-0.026963928664118036,0.05401200547670186,0.21566825207479623,0.002663203644703924,-0.009801355575738155,0.04293085019857397,-0.018889214743817384,-0.004372438266384732,0.04529633653409122,-0.014613930256954608,0.057268625668388584,-0.0032811544147002634,0.01008164391132175,-0.06015251145920198,0.041891314152547085,-0.004849667996021793,-0.00598432102175077,0.0,0.024994747361108356,0.05866259739316595,0.1273261368252304
q192_1381590,191,How many voices are recorded in the song?,Musical Texture,Medium,percettiva,C,A,False,0.23940677966101692,0.760593220338983,0.0917579635814868,0.134933791313498,2.471145273105359,0.0,-0.04153949755407519,-0.11995330939711754,2.153019825164001,0.0,,-0.06664873056778099,-0.06776649736645728,0.003997595168983411,-0.03267983922770499,0.019380697284602066,0.007490240958190224,0.0017309405601203193,-0.026997213761145507,0.046872685465781654,0.015528795814280806,-0.014130837038992587,-0.008751076553865934,-0.021497904003872755,0.0,-0.007211563615325895,-0.009410134124018192,-0.06577486555657262,0.024989199086512426,-0.005096137855680278,-0.05637835391941847,-0.004240256435823123,-0.026103771607147705,0.029539381486410415,-0.059827968093460485
q193_1381590,192,Which percussion instruments are played in the song?,Instrumentation,Medium,percettiva,A,A,True,0.24698795180722893,0.753012048192771,0.23021569011115034,0.9189184452467227,2.187484759390908,0.0,0.11157340501715744,0.5230705351626335,-0.5672851020043808,0.0,,0.026807794037197512,0.594552361142816,-0.021546293843096954,-0.07658704458013346,0.14408675352695638,0.12644212906186217,-0.03777484870389948,-0.12133691046191118,0.0034754028244613185,0.015669358648337295,0.010785364160504293,0.1438513384894129,0.011138636945274718,0.19116892027810733,0.0,0.06567428746505227,-0.004259099875058141,0.07025644838326794,0.004345743584948415,0.05874212969111573,-0.006617946084191637,-0.040155873219936314,0.09270530346121847,0.017863925427276273
q194_1268901,193,What kind of guitar technique is used in this song?,Performance,Low,analitica,B,A,False,0.14772727272727273,0.8522727272727273,0.14975312554723397,0.14323795496426026,1.3892563458927119,0.0,0.04909287974407692,-0.09930018860583426,0.9854294605033301,0.0,,-0.015859239440298857,0.02196888317921299,-0.013561239916006329,-0.009195520583066864,0.09942300264565544,-0.07911851038170872,-0.020909643545273332,-0.03295504082027167,0.01207245812368896,0.024405838390364795,-0.004385487345265079,-0.0334837400373405,-0.0024899866589085094,-0.0162085591917005,0.0009806197195553349,-0.03033011539661793,0.0004643162567625784,0.03222479632313257,-0.014940773262611623,0.00782178328471333,-0.004844954574089044,-0.04706477477334024,0.062236687484944306,-0.03666541720504579
q195_1268901,194,What mode is used in the song?,Melody,High,analitica,C,A,False,0.239051094890511,0.7609489051094891,0.07663833956112713,0.1885209328499183,2.154171613310287,0.0,-0.01897188372094662,-0.0006353851212420707,1.826172336725827,0.0,,-0.047805111641036874,0.04346667070906756,0.014218713423256714,0.01947592724995667,0.014596095954700888,-0.09457815898558018,1.8418542132650484e-05,0.031000175905313874,0.035948771319283084,-0.049345528053200506,-0.00552806454049987,-0.009309950915547812,-0.028434337935502305,-0.023531061903508,-0.006833859007542444,-0.05161037802330133,-0.05771295307312606,0.10512921122614474,0.0,0.0,0.0,0.02432575509778822,0.043588559516440965,0.003706567450382642
q196_1268901,195,What is the first chord played by the guitarist?,Harmony,High,analitica,A,A,True,0.1418181818181818,0.8581818181818183,0.21983487529702797,0.21598244601906824,1.95049919068925,0.0,0.051115170152145145,-0.012161770951056125,1.8794695901908631,0.0,,-0.038644402109487365,-0.010524448749060871,-0.0151883411627272,-0.03592107042859879,0.13547502272458656,0.10191033753400605,-0.030527109300226837,-0.06762658930740252,-0.003934033008664354,0.012208334739312116,0.004752909075325452,0.03237982726023594,-0.016362752746759326,0.0,-0.005690098569983312,0.0024348690560853387,-0.010920704156367901,0.029964844825971768,-0.005349146501018195,0.0,0.0030694242501183196,-0.029146361370233197,0.08554957180949449,-0.0600032854624281
q197_1078326,196,What is the name of the rhythm used by the drums during this period?,Metre and Rhythm,Medium,percettiva,D,A,False,0.16318537859007834,0.8368146214099217,0.23680154204442663,0.5285696060726942,2.926969971530464,0.0,0.025088110795694927,0.4202693647779717,1.8858317505911382,0.0,,-0.07198707185756346,-0.051260514805689834,-0.02055167601914661,0.010826001473621106,0.13094482642006078,0.46359348395171185,-0.013317967747655781,-0.002889605841671413,0.01968604259589821,0.11073960741109733,0.008386893627433726,0.04332081063915819,-0.010002943418415908,0.06383835986131456,-0.001814704695447849,0.020578668223570462,-0.001676904623328655,0.07078487666957324,-0.02671665332579618,0.03318661742219266,-0.008947319266496048,0.06042002220103928,0.04617369990184762,0.01740040235002597
q198_1078326,197,Which cymbal does the drummer use in the bridge?,Instrumentation,Medium,percettiva,D,A,False,0.2096069868995633,0.7903930131004367,0.21519157458918464,0.299330052980766,2.113958659432784,0.0,0.026611295723384998,0.22314772775864047,2.113958659432784,0.0,,-0.0689151359220611,-0.038091162611062726,-0.018984033917429834,0.007749735086692288,0.12090143515628482,0.21848597737499495,-0.0063909695934088896,0.035003177908015964,0.014589268329572079,-0.012654987304028288,0.011776911722482644,0.12821065592882738,-0.004508389522453869,0.06709027889296175,-0.0032664684185160506,0.024721261030231437,0.0008967939352998704,-0.017387961619478566,-0.02634215019787061,0.016286213338031263,-0.008611476440930294,0.03798787684417665,0.04207680631580124,-0.02110560935208116
q199_1078326,198,What is the predominant component used by the synth during the solo?,Sound Texture,Medium,percettiva,A,A,True,0.16202090592334492,0.837979094076655,0.20191052109194074,0.24456506984001425,1.8187915108963906,0.0,0.08098408432789819,0.12258238798176242,0.5159050654944666,0.0,,-0.026482606559379937,0.026182821746612125,-0.010625912031636653,-0.05416710531536912,0.14144730270991945,0.1573909071642762,-0.023354699791004678,-0.006824235613756797,0.021049694946283178,0.09007102575567719,-0.0028988672282687427,-0.02947265229215227,-0.011908063173846522,-0.007701889063418043,-0.005877710522902609,-0.020909628319544876,-0.009898240369371309,0.07029673062389084,-0.0021836725473695154,0.01170253850265458,-0.0002197114865010088,-0.0019327715153116612,0.09292065470987472,0.010529034289966639
q19_435883,18,"During the introduction, the kick is played twice in each bar. On which beats?",Metre and Rhythm,Medium,percettiva,C,A,False,0.16517857142857142,0.8348214285714286,0.1410467110553024,0.10358004068816161,1.4519544168608185,0.0,0.027274294309625607,-0.10358004068816161,0.6344131801379564,0.0,,-0.054217023328979506,-0.009360047508050974,0.009160680211283294,-0.03991817153528242,0.07499982247118071,-0.05430182164482822,-0.0026691850438588915,0.0,0.04278206520501415,-0.014973352396045855,0.0035805585941384287,-0.0007867166141677217,-0.007855575265951695,-0.018869666796770646,-0.01294774779502196,-0.027096990380310545,-0.0571441648176521,0.027879519641275302,0.0,-0.02334725419618436,0.007896951880836636,-0.0032448522322762957,0.05096220650826216,-0.04314072771368149
q1_1204663,0,Which of the following best fits the guitar pattern heard at the beginning of this excerpt?,Melody,Low,analitica,A,A,True,0.09658119658119659,0.9034188034188034,0.13026156836851902,0.40105543294450685,3.6056845734563305,0.0,0.01458110351205778,0.22831946389156713,1.7641047387128863,0.0,,-0.02611062652032982,-0.05690401642921841,-0.020074510474055417,0.018094635556951885,0.07242133594028839,0.29659281286108513,-0.011655095433845377,-0.02946396809725146,0.025067061274500146,0.06103579582894217,-0.0012705887307641363,0.039489816385301114,-0.02125586043160631,0.03342943447940503,-0.0046533581739240945,0.0062577269564586535,-0.008623717603399928,0.000693482289919313,-0.0230715235875599,0.04825200947810587,-0.020487257979331194,-0.0008379102386425266,0.06887634874414321,0.039999108712077534
q200_1121398,199,What instruments are used in the intro as accompaniment to the voice?,Instrumentation,Medium,percettiva,A,A,True,0.11748120300751878,0.8825187969924811,0.2953194106228964,0.8453969506681905,4.720149747930147,0.0,0.08978729642897747,0.2223511419632401,1.3911421073709438,0.0,,-0.06239036509086443,-0.23709148437052902,-0.010491737840778625,-0.04973658312919978,0.19255335352593694,0.5338740463157153,-0.029883954165316418,-0.024694836852746458,-0.013198892119401166,-0.15917473457938017,0.003301177266927257,0.05539407120128066,0.00419611584955392,0.11540374469660246,-0.007417633989304237,0.04558595029036909,-0.010733383711136496,0.021649278123104562,0.009772699047954019,0.0581482601476805,0.013359371696520819,0.09262005125755236,0.09050784238786336,-0.007275479173969375
q201_1121398,200,"Hearing the voice, is it a native English speaker singing?",Performance,Low,analitica,A,A,True,0.24275362318840576,0.7572463768115941,0.18922254913772307,0.15680220818070545,2.600441221803838,0.0,0.06885295723331657,-0.07883853952770566,1.8716746006073688,0.0,,-0.04190005357228519,-0.08594526450467929,0.012659319631212106,0.03898183432649991,0.11637843355430771,-0.03006393697552734,-0.01828474237991806,-0.0018111723739989254,0.03796605280411493,0.2208948368309157,0.0018783642955534146,0.027860881601182035,-0.0184140020920239,-0.0395500641530187,0.0006545132424172042,-0.026274494919832237,-0.00654885021865869,0.005666656431030417,-0.012755791483188611,-0.058325402102382566,0.0,-0.049177607000106885,0.06607267068510222,-0.15993334621549343
q202_1121398,201,What kind of synth effects are used to create more anticipation for the chorus?,Sound Texture,Medium,percettiva,C,A,False,0.08454106280193235,0.9154589371980676,0.12590766124770883,0.31873961097875236,2.6901832695296743,0.0,0.01661403444843731,0.2730082067893809,1.8948075554317292,0.0,,-0.05464681339963577,0.0850141290113157,0.01432084193918761,-0.022865702094685716,0.04839607823064802,0.18900502222317628,0.008543927678237456,0.021854757649574674,0.04622101633368837,0.03618260025824298,-0.001487129240771436,0.049522272969301825,-0.020427871556234715,0.010718730085074162,-0.0075116156894784614,0.02060430110575812,-0.05355922639158009,0.10864698449624172,0.0,0.027058863132480078,0.0,0.02027445474228206,0.05337886099281363,0.0
q203_962064,202,What is the main pedal effect used in the guitar solo?,Sound Texture,Low,percettiva,B,A,False,0.27547770700636937,0.7245222929936307,0.2434565099733523,1.1536495051464346,2.6463675939747238,0.0,0.12041921835591315,0.682315141363187,2.079244900862564,0.0,,-0.007730654628821068,0.060684737911931436,-0.02867080038744584,-0.15480734437304433,0.18193786416463273,0.8572975853428795,-0.025117190792452677,-0.08085983751857949,0.04833316278706745,0.3085092379901131,0.01896737913650164,0.12000193866328072,0.008055525244046381,0.12517158717872265,0.008133665244005467,0.020029427536501058,0.01411453553059864,0.18395421807808887,-0.018824355447543233,0.06765880472774755,-0.006888353052418791,-0.027667557455469123,0.04852765891365558,-0.11534251535579779
q204_962064,203,What is the scale predominantly used by the singer?,Melody,High,analitica,C,A,False,0.3088888888888889,0.6911111111111111,0.1270068103508276,0.1585923339573986,1.3058116069222023,0.0,-0.0015501814035252179,0.1010529670341141,0.14105504752147854,0.0,,-0.0642784958771764,-0.009779168130476537,0.009483033104575291,0.01952441595904225,0.04488172325801504,0.11029823453671408,0.008363558111060855,-0.018990515331165712,0.0401912091925855,-0.004338505708414696,-0.0061564087448329995,0.018725346021817205,-0.020837264732514505,0.008690357685387366,-0.009831848754056297,-0.020799984738715017,-0.05771963796495055,0.062355937846105214,-0.004125308947367853,-0.001450890123603053,0.008002194672539388,0.03691094403657222,0.048926883875072096,0.000959762014964843
q205_1221864,204,What kind of accompaniment is the ukulele using in the intro?,Musical Texture,Medium,percettiva,A,A,True,0.17803030303030304,0.821969696969697,0.17676178270826723,0.17422179950530392,2.590946077648295,0.0,0.07777562618587235,0.13520529088511352,-0.3083461586470002,0.0,,-0.023619249295765515,0.0389574271773353,-0.0008922573243240264,0.007766567208922883,0.12726870444706978,0.10798955080895054,-0.024981571641107893,-0.019508254310095216,0.021625367156502175,0.11212862539908602,-0.0023136149982299027,-0.00821556760000639,-0.00720570709709204,0.017576523310941065,-0.005433784241990577,-0.04048717014087826,-0.011700400797535357,0.06858161586331545,-0.0027943940730613664,-0.02792719444985472,-0.004592564482272167,-0.001236097359346459,0.09019072471955158,0.014784555861856797
q206_1221864,205,What chord is the ukulele playing in the intro?,Harmony,High,analitica,A,A,True,0.08278145695364238,0.9172185430463576,0.1898970664727802,0.18035389860315587,2.8208149252848136,0.0,0.0867975632711947,0.11419389499749832,2.7558968641854706,0.0,,-0.022631452334213438,0.023854070517317142,-0.0025458385135185523,-0.02155387971556704,0.13834731487198745,0.12341982628300995,-0.026372460753060774,-0.011526122087261729,0.00780787176219656,0.02944963755290129,0.003134925638759319,0.018761827460564606,-0.014466573362253909,-0.023623031825003818,0.0015592391089169991,-0.02091544625800311,-0.01113507049806278,0.05069416249069118,-0.0015622848967436261,-0.009718452630878463,0.004505922370680692,0.0352237239737565,0.09695353314770144,0.03432147423347012
q207_1221864,206,What kind of percussion is used for the bass drum?,Instrumentation,Medium,percettiva,C,A,False,0.16825396825396827,0.8317460317460318,0.09721626565062831,0.29372689773492855,2.6799507088938546,0.0,0.001657007502539794,0.13916289180679228,2.41528449055713,0.0,,-0.04410974741192282,0.10834394032668439,0.003598572795728351,-0.013955724548806388,0.045838063780855705,0.10810095444417603,-0.0036698816621214434,-0.06332627841526176,0.036849294289363545,-0.03762477459212256,-0.0020710611072649408,0.07110974535790456,-0.021382520076057492,0.03410900477031736,-0.010111928785554027,-0.01395743076678714,-0.05659090741031275,0.07767216689419697,-0.004434680199482011,-0.03739850454574215,0.0,0.005214800478009197,0.05939881079184747,0.04003788421101604
q208_1374348,207,What technique does the drummer use on the snare drum to mark the upbeat during the intro?,Performance,High,analitica,A,A,True,0.11526479750778815,0.8847352024922119,0.18140423775136222,0.23820332535519725,2.271654587851926,0.0,0.10104665674472622,0.23820332535519725,2.271654587851926,0.0,,-0.022516043599323035,0.0169361225747779,0.0004592087246513693,0.029933460697120336,0.14076623852339284,0.14235814012459447,-0.017662746903994955,0.04897560195870456,0.009832985559138505,0.015172566217942404,0.0026185635526057424,0.030396879354013098,-0.0054091133691286835,0.03579774504454114,0.0010339263889434722,0.022139253336166235,-0.010924416220291173,0.029911798891189046,0.0021943683366279342,0.020934803353360853,0.00800126171042391,0.03806883933902132,0.09369908078640651,0.04578143981896318
q209_1374348,208,What is the instrumentation of the piece?,Instrumentation,Low,percettiva,A,A,True,0.16397849462365588,0.8360215053763441,0.16111415385766034,0.16105708494758947,1.524665137296512,0.0,0.05190265696080587,-0.08929230430428253,1.3693090826507528,0.0,,-0.03427889145142964,-0.03658838362474768,-0.00454769885280586,-0.03176916212111056,0.1065084054092331,-0.05681714888007777,-0.015779158144191733,0.03588239032165346,-0.02651603855277802,-0.25219952419035885,0.0031346513392933413,0.02638892629831438,0.0,0.06933747701701568,-0.0003704265665348521,0.03545296490816436,-0.018764442534409346,-0.004352667336345765,-0.005481800267105239,-0.027392480187755953,0.005012496253680487,0.03817676110261638,0.09488821728865948,0.025296238084067224
q20_435883,19,"During the sax solo, what scale is the electric piano using?",Melody,High,analitica,C,A,False,0.3740685543964233,0.6259314456035767,0.16953819018061572,0.18895446034414498,1.7017339851561488,0.0,0.04943606540174988,0.11386858024911434,0.9918358271954049,0.0,,-0.055722552249640234,0.006780567369940612,0.009709092125235417,-0.012906709487036788,0.0997780356659474,0.14463095292668904,-0.004328510139792697,-0.024636230560478527,0.05558473305021924,0.0729713491273341,0.005974796706963201,0.023488382863637518,-0.006251100903784332,0.003216633269810312,-0.013292816293227254,-0.007639923565761538,-0.05298878324634321,0.07889699045008458,0.0,-0.03212702657925277,0.005832576418222692,-0.01312907096924576,0.054576659669699545,-0.011808754347492142
q210_1374348,209,What kind of feeling do the acoustic guitar solos in the song produce?,Mood and Expression,Low,knowledge,A,A,True,0.36429725363489496,0.6357027463651052,0.23350548687738343,0.6240478913998293,3.573210742955026,0.0,0.11248859421984736,0.5150267600604159,-0.3651609960552201,0.0,,-0.008136493495044073,0.14207111763722413,-0.023238847177625227,-0.05451056566970666,0.1729970405486154,0.4213816144801861,-0.029133105656098723,0.006084593612712394,0.02348774963961328,0.164492391222208,0.0009917210065823433,0.03851663727488762,0.0018746899034642484,0.08914016027640187,0.007981273222286069,0.0,0.008588907553623747,0.1927713703945131,-0.0142939898990768,0.0,-0.0022691837845130788,-0.025938888959988797,0.08612742657786755,0.05604508985239415
q211_336086,210,What type of drum sticks are being used to accompany the song?,Instrumentation,Medium,percettiva,D,A,False,0.16428571428571428,0.8357142857142857,0.24166148398245024,0.37448476970485056,3.756077844111967,0.0,0.004299248896996231,0.19877146789945238,2.7194321555370427,0.0,,-0.07829598674797578,-0.08785665090269909,-0.025190473297883882,0.013900434421802851,0.12298036643972324,0.2174414238230331,-0.015194657496867355,0.05528626055731549,0.008634804794101808,0.009721659387085491,0.0006273977872151559,0.04328750493714927,-0.01272865456807974,0.012071282600994455,-0.007617590894194091,0.0,-0.005538274281166164,0.013887994903478388,-0.027375180566541694,0.01237369280290645,-0.00161431987508898,0.08083315223405552,0.04991106650074992,0.026596181033782806
q212_336086,211,How many guitars are playing during the song?,Instrumentation,Medium,percettiva,C,A,False,0.1527331189710611,0.847266881028939,0.1121476876965733,0.17684952696429826,1.9235701976502395,0.0,-0.019752751243133464,0.0283971102245354,1.9009310043138319,0.0,,-0.06595021946985338,-0.03340070385692867,0.004522800699095113,-0.006954203521791412,0.040080229627769935,0.10262331859441683,0.0015944378998548683,-0.03387130099116134,0.04211810524621116,0.007594839841640978,-0.011451288910232891,0.024633830050178936,-0.02247249083256314,0.02050598201764946,-0.009070842446707212,-0.007118636202494297,-0.05686328539556224,0.05979613248158076,0.0,-0.006571961284682412,-0.00017890609892397703,-0.0014888138956543687,0.03816595719464483,-0.06895426278368368
q213_336086,212,What type of guitar is playing the accompaniment?,Instrumentation,Low,percettiva,B,A,False,0.10126582278481013,0.8987341772151899,0.1143071739106038,0.13015067914150144,1.6717582450625827,0.0,0.017582336970205975,0.05344996134571592,1.3820855986774911,0.0,,-0.03207163755072545,-0.0190690107235424,-0.005641692594070851,0.0496724094523356,0.06594475544040489,-0.019281348174350357,-0.010649088325402609,0.04212791079127308,-0.011743587420972992,-0.08354575767169722,0.0,0.021929957441065955,-0.011929102164878073,0.0,-0.001792098323343901,0.008838638413182151,-0.015553655394837721,-0.014306105650274584,-0.018119844987629755,0.02621274611014932,0.004069125024182677,0.008377309196452276,0.07265150023768574,0.08594317350683803
q214_1298301,213,What genre does the song evoke?,Genre and Style,Low,knowledge,C,A,False,0.14502762430939226,0.8549723756906077,0.12676196588655336,0.2967155560873069,2.8122031207222715,0.0,-0.0013741596730114745,0.004254790826500418,0.8332952087351381,0.0,,-0.06406806277978241,-0.03904238827846153,0.0036752848271848215,-0.038978054697194085,0.05057734779896737,0.15048517345690365,0.008441270480618745,-0.06820993965474763,0.03640357775075011,-0.03414884045736643,-0.006655410733532025,0.04069805823644492,-0.018290101112605477,0.0035202640869595007,-0.01038327589310455,-0.04622828617431482,-0.05714307211709513,0.06164335519258879,-0.005152032741811001,-0.036966789553538396,0.005103241724353111,-0.0035222059905353,0.054742913450033494,0.01925923548626215
q215_1298301,214,What type of technique is the guitar using during the chorus?,Performance,Medium,analitica,B,A,False,0.1782945736434109,0.8217054263565892,0.19459139690577112,0.7109020015534429,3.041736731898598,0.0,0.11149576619071581,0.7109020015534429,1.7032173233572678,0.0,,-0.026412946281648107,0.00425279800352733,-0.006407141252876714,0.032947421057631716,0.15304358154824346,0.636829955162608,-0.008727727823002818,0.0368718273296759,-0.00016025492086456025,0.0,0.008662020264357712,0.09143381933285469,0.011761447320934664,0.11995559335310581,0.004223945247754656,0.07046000692346341,0.009801631841985493,0.1282092160904486,-0.012035362886584775,0.07271239552440394,0.015468527965811935,0.14738120700781066,0.07377381135732071,0.08074976332135589
q216_1298301,215,What musical technique is used by the guitar accompaniment to emphasize rhythm in the chorus?,Metre and Rhythm,Medium,percettiva,A,A,True,0.09762773722627739,0.9023722627737226,0.1884451860304949,0.35458935028800953,3.6436360525025546,0.0,0.0899124730474491,0.27266635291312413,1.8198547312515712,0.0,,-0.022351834833606664,-0.04096149868744272,-0.001343607299338155,0.03279051624365289,0.139178829538972,0.2381636089541642,-0.025570914358578084,0.04267372640274976,0.011951166713424883,0.06234132989652341,0.005169593631333706,0.04093648546714189,-0.009681118274635516,0.04695934526976124,0.0012572037505489374,0.011016031931283274,-0.010590536579525894,0.08683722762803338,0.0002841253548513563,0.0080210312277679,0.006957955616374075,0.05050701179642109,0.08456408283507756,-0.033952110303808056
q217_770629,216,What is the time signature of the intro of the piece?,Metre and Rhythm,Medium,percettiva,A,A,True,0.15415549597855227,0.8458445040214477,0.10135456202466236,0.5474093780506696,2.6173730986462362,0.0,-0.00042335116633491696,-0.5455659912596342,2.2510324843738876,0.0,,-0.008711564495290692,0.0009216933955176858,-0.011928642887138366,-0.024523138739033175,0.05046560542916372,-0.43558980253881974,-0.03024874921306958,-0.08637474337729903,-0.004386899431784868,-0.09279795440794653,-0.01989788108931543,-0.15131354305903194,-0.018526016890929177,0.0,0.0,-0.047029679510831306,-0.022722882667826447,0.0,-0.011735384595644322,-0.07292330791991691,-0.001581274161577731,-0.07563171720225705,0.07842698767074306,-0.10586978915965055
q218_770629,217,For what type of music was this song made?,Functional Context,Low,unknown,C,A,False,0.13793103448275862,0.8620689655172414,0.15338960934404516,0.32500400545841845,1.8257610681694956,0.0,0.004277374755027537,0.12115852322756467,1.4234726267505968,0.0,,-0.07455611729450883,-0.05387892346963425,0.007728482110640587,-0.048043817645792665,0.0634380229938534,0.22295621786888223,0.007666986945042374,0.0001250464741093492,0.05058024866912845,0.04025454867902718,-0.014505101453378673,0.008961207581075095,-0.02320056086274047,0.021714010150640124,-0.00860868760853496,0.007853227161772669,-0.0509205962325295,0.0594797452100072,-0.007662440703405388,-0.010571643561387008,0.007001325828102763,0.018968159761114378,0.051593187118385314,-0.025500731754684973
q219_1133179,218,How many bars does the drum play in the intro before the guitar comes in?,Structure,Medium,analitica,A,A,True,0.16393442622950816,0.8360655737704918,0.15623574088625625,0.15821476909865462,2.093888853304321,0.0,0.0763624725962491,0.15821476909865462,1.8807288663574107,0.0,,-0.006743598417241937,0.02384179513236878,-0.01367159028729176,0.002549813360362141,0.11629910674125267,0.07705826482945731,-0.01952144544046987,0.054764895776466385,0.002611982691423582,-0.02405678194491755,-0.006166446334598361,-0.016786310460376846,-0.008296617433064061,0.05482761709283138,0.0,0.01693290792741499,-0.008567404132154108,0.05448614763198071,-0.004053662557944149,0.01763412727765614,0.010280721984910448,0.05657326075219502,0.09055389837767575,-0.0013961991781292135
q21_435883,20,"In the introduction, the snare is played on the...",Performance,Medium,analitica,A,A,True,0.25813953488372093,0.741860465116279,0.20466985961279022,0.439537673778848,3.7478035250019044,0.0,0.09994738402706002,0.37859716232020235,1.8865358547130393,0.0,,-0.0225399066398392,0.019438752468888935,-0.02268648118393176,-0.02303676278063788,0.15230862181992513,0.38962866558063625,-0.007134849969094151,-0.007433492948684971,0.016240586485887575,-0.01564049317191378,0.018805099661605082,0.10241223602384225,-0.006332511373701168,0.10475856068774311,0.006312779798771589,0.04093050451474542,0.001166975156172428,0.023058152885727726,-0.007734672929781267,0.02953145599008693,-0.0023448396816719633,0.09854336268651678,0.07383396690977775,-0.00499661729654613
q220_1133179,219,What type of snare drum is the drummer using?,Instrumentation,Medium,percettiva,C,A,False,0.16959798994974873,0.8304020100502512,0.06663081025645745,0.5072648111957955,3.5697890199208895,0.0,-0.03257141845849784,-0.138506295453621,3.2686650471062717,0.0,,-0.03912257489128545,0.18437925787108725,0.0038866405555469836,-0.06796372011907093,0.013143055343432818,-0.15725680375738624,-0.010478539466192198,-0.09766502944825109,0.040885977560647685,-0.04191008567786716,-0.007062988550249203,0.04693571419763366,-0.028785888857901756,0.0007421811899930124,-0.011588674852772905,-0.020005862139902766,-0.05777965413091837,0.05614275666439422,-0.006484448044425812,-0.03638232218259085,0.0,-0.025549387135289633,0.03824425841712253,-0.11847929036999151
q221_1133179,220,Is the singer a native English speaker?,Performance,Low,analitica,D,A,False,0.18622448979591838,0.8137755102040816,0.21393305200155582,0.09094763631962731,1.586686184713483,0.0,0.0007609967574672208,0.004575053354141354,1.586686184713483,0.0,,-0.06401654374528162,-0.025944662916286894,-0.026304964876599647,0.031429209522803474,0.10734702437951152,-0.017241628566456085,-0.016264519000163034,0.01633213531408086,0.035815158937237135,0.14651136176268587,-0.006640601098135678,-0.017335110318024236,-0.01747605023800237,-0.036661376446448894,-0.01696875650963194,-0.06782532295517418,-0.002608038480331979,-0.005841327757004359,-0.02723056919248401,-0.015101408313758363,-0.007374808847771034,0.010297547637665595,0.04324466218658709,-0.00946931025580008
q222_1227366,221,What is the key of the bass pattern?,Harmony,High,analitica,A,A,True,0.16171003717472118,0.8382899628252788,0.14862604324845388,0.2843700834924886,1.819563326159678,0.0,0.10457657094710496,0.2843700834924886,0.9381257824916394,0.0,,-0.0009251563375440985,0.028425891792242416,-0.0013487540666371096,0.04635219913840834,0.12660130709777942,0.14371283293629206,-0.019750825746493252,0.0658791596255458,0.01386326691064511,0.05415905668798611,0.004403906321325038,0.03662177854560822,-0.013200567611750234,0.02094123065175039,0.006464430561570625,0.010969198384844309,-0.009498289375040386,0.09466032033730325,-0.0022090050175456125,0.007297010035356651,0.010765842906095478,0.04855933792111437,0.09398698625180496,0.011162150928525327
q223_1227366,222,What extended technique is used by the flutist during the solo?,Performance,High,analitica,A,A,True,0.0947176684881603,0.9052823315118397,0.1829058841624743,0.4168939583360256,2.679714765890493,0.0,0.11378076785832361,0.3887758276873297,2.4667120864493364,0.0,,-0.0030930965314049513,0.10213864176670809,-0.004763946056963668,-0.014059065324347966,0.14834332601039896,0.2842746919858418,-0.026705515563706737,0.016421559259127767,0.019332849097964983,0.09858427951669993,0.005954409012207115,0.04591035314856956,-0.007041977496689168,0.08494320555926306,0.00022097538577431526,-0.00977771341410392,-0.006994484561489273,0.07484867465615591,-0.0006568192511705838,0.028328837902063225,0.008963927765458271,0.05746288438125927,0.09400188790626796,0.0084753059374227
q224_1227366,223,What percussion instruments are playing during the song?,Instrumentation,Low,percettiva,A,A,True,0.27130977130977135,0.7286902286902287,0.14081551750605598,0.0764902082132671,2.0491468695205044,0.0,0.06312238200163398,0.05053399683886681,0.05828207764927168,0.0,,-0.00013081994824265877,0.051605208997622665,-0.008619143863604203,-0.000350402742873384,0.10196894975384498,-0.01262770294432676,-0.03009660394036414,0.011906893528444294,-0.002340739246789481,-0.04015262268016974,0.003974536349364571,0.016828923786177855,-0.008652182913605491,0.07005575062517266,-0.004001858135922065,-0.04621441397411941,-0.009769374744541683,0.0863704640986269,-0.006374308570621321,-0.007860949999316993,0.001623002989941072,-0.015922194000668275,0.08866330627380838,-0.012570961016836184
q225_26435,224,How does the song begin?,Metre and Rhythm,High,percettiva,B,A,False,0.03230769230769231,0.9676923076923077,0.1671972281166722,0.16562861722613711,4.395156404259068,0.0,0.0746421717796729,0.13430400963898845,3.0438623976157286,0.0,,-0.021121151879065138,-0.009992162577691973,-0.011277044271076632,-0.002999445153786499,0.12091969994817256,0.14996631343256278,-0.013879332018357875,-0.0026706960620958443,-0.0001325228154327833,-0.01018542369924136,-0.004585972630521808,-0.035778237830891325,0.010941380932146279,0.07644277545720371,0.002429455321177095,0.03724070909669611,0.009047382435607635,0.07995798880157831,-0.019465177768176082,0.0,0.0074284984256092436,0.006457183112144653,0.06897912787926333,-0.019830985298501667
q226_26435,225,What is this genre of music good for?,Functional Context,Low,unknown,A,A,True,0.21563088512241055,0.7843691148775894,0.17676599268252213,0.2915582457834942,2.3921910456342683,0.0,0.08260620443774892,0.21487788345440922,1.0913644830347375,0.0,,-0.0030934020231275627,0.01791653517877675,-0.014775659933740463,-0.038340181164542506,0.12968609856013552,0.1889219500570335,-0.029210832165518577,0.04637957938314148,0.013246803409267576,0.11214147670376776,-0.0021549151521133535,-0.013678123355444879,-0.006680485052592685,0.06168224958380395,0.0056312251551866805,0.030129270279167616,-0.01279519608218422,0.06514475292661441,-0.005391979945824717,-0.036071857499996834,0.005964078517002734,0.020756110861803956,0.0847866735890069,-0.02522599604530675
q227_26435,226,Which of these options is most related to this song?,Functional Context,Medium,unknown,C,A,False,0.3296812749003984,0.6703187250996014,0.2699028174475194,1.0882113218051859,2.219873358855786,0.0,0.13854934950839087,0.9188797710652052,-0.14325043326754383,0.0,,-0.06567673396956426,-0.08466577536999027,0.01683090397144185,0.03758021730496604,0.15847430385907735,0.8217254575847575,0.028920875647435944,0.14423987154547208,0.06344090212756473,0.12500847468347098,-0.01386844673822378,0.0,-0.006311271264806842,0.07723452815242386,0.001829521206837931,0.06932225871984027,-0.03239646890177502,0.1808333546212757,0.011655894217043425,0.11293358600609209,0.03447964921295044,0.21981426950577293,0.0797195696488,0.1337332993763294
q228_7360,227,How are the different instruments introduced in the song?,Instrumentation,Low,percettiva,C,A,False,0.15206185567010305,0.8479381443298969,0.12943144765664913,0.29724324024413384,1.7865404837963437,0.0,0.014422430393544183,0.1414572853750388,0.27537510806314847,0.0,,-0.05750450863155246,0.007285196831446719,0.0039552439966399795,-0.03724856370419613,0.067817900360398,0.21206506597813962,0.00015379466805866358,-0.04064441373035141,0.06254434319077481,0.12728648226120734,-0.011362965570149427,0.026309032650307915,-0.028276563727983206,-0.01360827890212698,-0.003868558236284416,0.04183674264906157,-0.060447919346036674,0.04054030025847594,0.0,-0.054285400013647095,0.0,-0.0278561098944536,0.05583409408322309,0.0012345163662137032
q229_7360,228,Which instruments make the song groovy?,Instrumentation,Medium,percettiva,A,A,True,0.12265625,0.8773437500000001,0.18788323082669212,0.3996048831677902,3.9073380097657964,0.0,0.07869717215607447,0.15779026150222814,2.909598490308725,0.0,,-0.03296992710555259,-0.12090731083278103,-0.002869747022900172,0.0169093731265327,0.1332902014913833,0.19203723159291183,-0.01875335520685606,0.06975096761556464,-0.0014843988781404914,-0.04759892353216233,-0.0015526998972325567,-0.01142372419994322,-0.007512138739426739,0.031701700453091064,0.0007914406931821515,-0.00486956537732321,-0.00992448629932472,0.11739710681395853,0.002821641485386772,0.020264853992490065,0.0036473104877413186,0.043268554513275034,0.09191050330388872,0.00905025883884221
q22_1215874,21,"During the introduction, the bass and the lead play their melodies in a...",Melody,Medium,analitica,A,A,True,0.09953161592505852,0.9004683840749415,0.19709036002333857,0.3193841951392773,2.590948492162179,0.0,0.08318804935006778,0.3161177833058836,0.8832966190040061,0.0,,-0.027570827486475283,0.02348135873318019,-0.029380327850160114,-0.0016332059166968386,0.13823245631500808,0.2513032554935311,0.0019067483716950911,0.042966374995869125,0.030038617215165007,0.09779121490251699,0.012137793664026316,0.06463316085182154,-0.014423463963773562,0.025790866090136335,-0.006703261714576733,-0.04226187491480646,0.0025019585856129144,0.06534921204028489,-0.008802861315209213,0.014480177102437639,-0.004928396618881469,0.07704430300777904,0.0733676634977045,0.013290724225713629
q230_7360,229,What harmonic techniques is the composer using in the chorus?,Harmony,High,analitica,C,A,False,0.13254310344827586,0.8674568965517241,0.1978582618564424,0.7623053390880717,2.9844811835387293,0.0,0.09706488011770034,0.6932714979965149,1.3130710236538903,0.0,,-0.05039669086937103,0.024451395423355806,0.005094447031658775,-0.016435507433834647,0.13965246288786082,0.7033370231189375,0.0027146610675517734,-0.018081413111943775,0.05316194092856775,0.06103312764820527,0.006716003522325112,0.14458840082312377,-0.009903388979691808,0.08054212424528244,-0.002923973960459775,0.059294231598363445,-0.04414173412594473,0.15741044387619305,0.015605388715698063,0.05972610566978831,0.013777072703891472,0.0651291856750994,0.06477357131331424,0.06554787846045926
q231_1321293,230,What roots would you say this song has?,Historical and Cultural Context,Low,knowledge,A,A,True,0.0830188679245283,0.9169811320754716,0.1739615033744566,0.4492366440683666,4.58331205827664,0.0,0.1291811202996806,0.4492366440683666,0.23629105286391383,0.0,,0.008602536882994057,0.1547918623366601,0.004462544009479246,0.048434712218627565,0.1385062309445953,0.21888734487351996,-0.022390191537387985,0.027122724639558997,0.024696569745992387,0.10466607148900486,-0.004016816101171849,-0.0256815891666982,0.002489568611561745,0.10596519016034185,0.010748634672889678,0.08386390927133716,-0.013511341369103112,0.05604122365097767,0.0002699635342918866,0.017794412319025635,0.008528393369073765,0.013287750426935268,0.09997614783614611,0.09329967591744236
q232_1321293,231,What are these lyrics about?,Lyrics,Low,unknown,B,A,False,0.13520408163265304,0.8647959183673469,0.19929924942926214,0.20664823849070102,1.9127161494312557,0.0,0.03400035714881312,-0.016222439608076632,-1.6554390035974968,0.0,,-0.03895100280013184,-0.09888896054089008,-0.016958244369208106,0.014488846966201244,0.11664980328903762,0.08072405247511096,-0.026740198970884553,-0.01254637850849875,0.0026108391066927694,0.018686654341784233,-0.0005806210374280822,-0.031692418984549955,-0.010648483798548948,-0.025376546584088458,0.0012983201949009386,0.023465539087120593,-0.0008629684101596636,0.026975770457559386,-0.01883013214655963,-0.019837868987727384,-0.0020831873594689835,-0.019420784235629193,0.06309659059938472,0.010977215297454143
q233_1321293,232,What type of language is used in the lyrics of the song?,Lyrics,Low,unknown,A,A,True,0.06227758007117439,0.9377224199288257,0.24357452282657857,0.7412265151147934,4.554030932023308,0.0,0.09964957699966295,0.20964293646541815,-2.0373048293690585,0.0,,-0.018580306201921748,-0.05394565527702383,-0.007488212291498482,-0.04773201898627548,0.17161204991312076,0.4754347257901058,-0.045893954420037575,-0.16411411506138834,0.011736202311711998,0.03000960455999837,0.003013685725823015,0.016198823413944456,-0.002478423740219807,0.11703357312961234,0.015029245108508801,0.1283470737889634,-0.030407455828655394,-0.06355665449283572,0.0039015219019837913,0.015430291385376826,0.011493614217358724,0.05158641948129398,0.08736118730315182,-0.08540619480093549
q234_156528,233,To which city does the introduction of the song transport you?,Mood and Expression,Low,knowledge,A,A,True,0.3392857142857143,0.6607142857142857,0.19593621694268964,0.41099216283878587,1.7647946615730818,0.0,0.10428760518451546,0.32850747613462983,0.38002411983699175,0.0,,-0.016382353986135512,-0.03705562160110491,-0.003333402102094072,0.02602765179455276,0.15011191106360255,0.3437221676921551,-0.0261085497908575,-0.004186721750973113,0.028267674641066696,0.14882631292238266,0.0034824982546267976,0.0021617438741323436,-0.013231625008304576,0.041573991433387913,0.012209803112744224,0.140022396245643,-0.025879392936047477,-0.05639252889203314,-0.00356379099999205,0.013554632189338828,0.009764440913464664,0.027632015037894527,0.09323799720695719,0.011128913323883709
q235_156528,234,What harmonic system is used here?,Harmony,High,analitica,D,A,False,0.3462837837837837,0.6537162162162163,0.18783387344332378,0.23303803303224652,1.7013870369195283,0.0,0.047619511979433066,0.23303803303224652,-0.6283107078793085,0.0,,-0.04950180176084035,0.05708521338604794,-0.019462767949786207,0.03272980132974197,0.11772669271137842,0.019493836934904543,-0.001142611021318793,0.12372918138155208,0.03714097727988873,0.1586779618089196,0.01346147211717418,0.12063901071359488,-0.01447513868781957,-0.02031438310852576,-0.010289926373070964,-0.07446232049633335,-0.017733509015654216,-0.04499660527032995,-0.017558108785351693,-0.009624654669761985,-0.006399231482986203,0.011383969511800537,0.06347297692725283,0.09173505454288255
q236_156528,235,Who do you imagine playing this song?,Performance,Low,analitica,A,A,True,0.17391304347826084,0.8260869565217391,0.17745595714890305,0.22840040768242884,1.8200586984825702,0.0,0.06571618148208036,0.04799992257680728,-1.4991205267493064,0.0,,-0.02053882932949236,-0.07846395363211098,-0.007096146025354591,0.02108385273149197,0.12158606931549171,0.11711631239812609,-0.028234912478564397,-0.011736288920699795,0.01575140181753222,0.06528517503687957,-0.0015199304431750106,-0.011634190334925508,-0.008659484741146927,0.020708618474670804,-0.0063712308686298255,0.017228849056671318,-0.023578909576242275,-0.021101571122401325,-0.003953317895585203,-0.01822155223454935,0.002852064566152895,-0.004693849640268087,0.09119558862317449,0.0004284433407298373
q237_270070,236,What scene does the introduction of this song remind you of?,Mood and Expression,Low,knowledge,D,A,False,0.3705035971223022,0.6294964028776978,0.2878049314752987,0.7283233540467619,1.7088499595248736,0.0,0.0878834880544592,0.6029384878085892,0.16050086419904958,0.0,,-0.052930790012011064,0.04155776546236109,-0.03536485957545664,-0.06269243311908634,0.18784420976487892,0.6158323109974138,-0.011665072122952017,0.008240844467900637,0.04413362147882841,0.21034026279948037,0.014320114934406861,0.08410165965692981,-0.010567754917904754,0.03249355337045726,0.008451331232604324,0.06650273170041701,0.00010719945849327339,0.03509354085000006,-0.026540782765702646,0.0,-0.009871975714948768,0.0325167711637301,0.06785173434868251,0.14188996826757458
q238_270070,237,What could you say about the introduction?,Melody,Medium,analitica,B,A,False,0.3152173913043478,0.6847826086956521,0.2928825502463943,1.1383680343843607,1.247998696444415,0.0,0.1930560925202164,0.8496642765893848,0.7858084762238889,0.0,,-0.01848790395863712,-0.015704150130216348,-0.008860818141011133,-0.06764194051758297,0.24296932138330535,0.9940161554868727,-0.02256450676344068,-0.06100578824968863,0.036610969639408776,0.25228301839629347,0.023230355505278064,0.08498107369584496,0.01886527235846802,0.1687516419926418,0.016565543936698623,0.08685579075214629,0.016925570959524492,0.14435204136051458,-0.014068782060434139,-0.00250047293351564,0.007778023108709917,0.050673681025765895,0.08714913907256266,0.06426750229969337
q239_270070,238,What are these lyrics about?,Lyrics,Low,unknown,A,A,True,0.08142857142857142,0.9185714285714286,0.10662581392168095,1.045931228022988,3.2863377729300196,0.0,0.00626874538001658,-0.38368525970840617,-1.503836595399941,0.0,,0.034458294749507984,0.32713104515820446,-0.005326317095518344,0.003991938999086432,0.021988984901340783,-0.6183531298647178,-0.04485221717531385,-0.09645511400097931,0.014384702241378477,0.07163227287628628,-0.009681440879723193,-0.11325458147073544,-0.03101663474838809,-0.08447216262047784,0.0069819677678257175,0.0,-0.0310475729905572,-0.0971445660904242,-0.018838643817975786,-0.0932975646022192,-0.003071487254049635,-0.052246718895651294,0.07855785506150628,-0.014901938905184514
q23_1215874,22,"During the chorus, we can hear a very popular type of synthesizer sound. Can you guess its name?",Sound Texture,Medium,percettiva,A,A,True,0.11268656716417909,0.8873134328358209,0.15172561501493864,0.1790197732885711,5.4016061969683555,0.0,0.07156234250500988,0.1147379131459369,4.49485042714889,0.0,,-0.017888117227004792,0.10375943989213104,-0.009542361489828687,0.03581436741404598,0.11164397875997427,0.007305035911076979,-0.012651157538130911,-0.0321409300713171,0.006945091847661606,-0.12557773853989843,0.0012204308426968383,0.04173200373217309,-0.01447021744060323,0.028388347623955618,0.007769480255192537,0.0,-0.0025217554802080284,-0.0009298301886368973,-0.00872183067530668,0.02524142095963192,0.0014037673703869314,0.07089642153386363,0.0799373757851899,0.07498728802484793
q240_1163315,239,"This song could have been written recently. However, its style sounds like it was written...",Genre and Style,Medium,knowledge,B,A,False,0.15654205607476634,0.8434579439252337,0.1784026079023417,0.1681690833376333,0.9191385527271497,0.0,0.067388066074837,0.1228495628240934,0.5765421960305696,0.0,,-0.02587350651302233,0.02048188535244678,-0.013381201758903314,-0.005729101462028388,0.12289533698858934,0.12502743772841657,-0.016252562641826708,-0.01693065879474156,-0.0029900204703037433,-0.020700771895971394,0.008686829482607461,0.0110772885356563,-0.004911771805682977,0.04652691350447366,0.0010459558682354665,0.00216024702465685,-0.00139822857765921,0.02305962947860732,-0.01569245642462859,0.009528674970046584,0.011396248985180012,0.03513990113552632,0.07125150901708859,0.016057680071097744
q241_1163315,240,What is the rhythmic accompaniment of the organ?,Metre and Rhythm,Medium,percettiva,A,A,True,0.1278772378516624,0.8721227621483375,0.14090343155169532,0.3658738564203741,1.6464096171695846,0.0,0.0557527366836804,0.13127333346756118,-0.3857581830114083,0.0,,0.007172235877677142,-0.05836790358330127,-0.008636277393796563,-0.045480954728771575,0.09115584824001072,0.24857359494396764,-0.03393907004021089,-0.013451403164333608,0.01496012767071181,0.06524834672957291,-0.009201260666802347,0.02342747980688449,-0.015450069116506981,0.033721762298184424,0.007108716740087014,-0.04123846652733297,-0.015257904387800053,0.08039070745072723,-0.01421733734132255,-0.03132419040105791,0.00017397663593835856,5.861492139008252e-05,0.08763648714937516,0.0009890791891929256
q242_1163315,241,What instrument would mark the movement of the foot if you were to dance to this song?,Metre and Rhythm,Medium,percettiva,D,A,False,0.085423197492163,0.9145768025078371,0.16785639107346273,0.3203312902469675,4.743733046815298,0.0,-0.011650924548902736,0.06692711798011106,4.2504013606079125,0.0,,-0.05444828928146415,-0.1267020861334282,-0.018687862751314045,0.019153407094295947,0.07810273326228001,0.0929192076330483,-0.016617505778404554,0.08155658938619502,0.005749383078471719,-0.0983339138778431,0.0,0.008616098035348563,-0.015254018813487437,0.026870463651955282,-0.010740607999121791,-0.05937787858653447,-0.0062749696872035216,0.029460133238884727,-0.0259153959915428,0.03329429647475249,-0.007739275588472703,0.09617590344015783,0.0485239604524538,0.030222015603389725
q243_78733,242,What element in the introduction creates intrigue?,Melody,High,analitica,C,A,False,0.2690677966101695,0.7309322033898304,0.12896876317720568,0.29022357834562507,1.7082717942691317,0.0,-0.02490366768842655,-0.044471829542086755,1.176168030433321,0.0,,-0.07693621543281612,-0.04160889774310145,0.01135138652857306,0.03844367590701317,0.03614784440608582,-0.12573880620075448,0.004533316809730681,0.084432198494756,0.033375852603235084,0.08997406661507233,-0.03199833483180019,-0.05941047113834566,-0.029086719571371975,-0.04418348297088122,-0.00686929111211969,-0.04873391219345942,-0.04110651791154213,0.0426755968568238,-0.007743649628305943,-0.008201441939124313,0.0073149185388084355,-0.006788354140050211,0.05121007422466985,-0.009803830632122045
q244_78733,243,Which instrument sometimes doubles the notes of the vocals?,Instrumentation,Medium,percettiva,B,A,False,0.27217741935483875,0.7278225806451613,0.21439153900083424,0.5714512344881543,3.760965975432773,0.0,0.03774576910977972,-0.12107376884559279,3.084867260777163,0.0,,-0.07236095780813877,-0.24905335061889,-0.0010836217541074084,-0.03299598863105638,0.12606865405530698,0.22518873282128074,-0.014878305383281089,-0.06421316241692718,-0.009917986210710245,-0.1036554995037531,-0.009783085185554454,-0.0537493959288276,-0.015058942949050892,-0.026707004559805327,0.0004535152370813804,0.01229029120979986,0.01937739932259961,0.0899860576647889,-0.022949138435846197,0.011912657772961383,0.0012687678743648987,-0.0680361120340976,0.07435523945689562,0.016885236533340668
q245_78733,244,What resource is used here to make the song harmonically ambiguous?,Harmony,High,analitica,A,A,True,0.1706484641638225,0.8293515358361774,0.17699717236284856,0.3830665218882186,1.4182387302145982,0.0,0.10940480419732386,0.3830665218882186,0.33337924746325254,0.0,,0.011632646273894494,0.019955280233506314,-0.0016559029675220077,0.017985523165295794,0.13156834200619172,0.34070817893264804,-0.03214028111524035,0.004417539556768426,0.02427205313353194,0.06001031001739596,-0.005040113548849687,0.03302748725886351,-0.009559093581302356,0.06725909546446107,0.008563418589753074,0.057098067070391834,-0.002276481319131376,0.10735301119332978,-0.012627402767599705,0.006077759529406075,0.007088969356372777,0.016591622221161083,0.09898345433454919,0.035649169133209306
q246_785425,245,What interval is repeated in the bass voice?,Melody,High,analitica,B,A,False,0.2518248175182482,0.7481751824817519,0.21486686101991606,0.37519659064592376,1.7166285457253925,0.0,0.07101655896630744,0.2324313590718833,0.10581573578470102,0.0,,-0.032397918422504515,-0.042266382949412415,-0.012239428975809236,-0.027014158394140973,0.14294170999311176,0.30381397485890355,-0.027287803628490565,-0.0021020744434668438,0.020982718548539548,0.15109861283951034,0.005724561236097774,0.04305605373034952,-0.016968023052783263,-0.01999058323938367,0.000542710960869673,0.022697543436654165,0.004344027726448153,0.014923749285091823,-0.0133085844469681,0.0063238847719079665,0.0005871326425189536,-0.01220201997108205,0.06911201535158472,0.026524118218835234
q247_785425,246,What roots would you say this song has?,Historical and Cultural Context,Medium,knowledge,D,A,False,0.12875,0.8712500000000001,0.07632684859657145,0.3962937328206213,2.920868234102704,0.0,0.006440085851064186,0.029194170654749302,2.1534384663782027,0.0,,-0.003774113141164862,0.17246355419674153,-0.01916502543775076,0.026322277031119955,0.04138346722381782,-0.18354978108293601,-0.012004242793838011,0.013958120509823839,0.022279001950923406,-0.02490105154628349,-0.014065803276018534,-0.10275840152747587,-0.014196588359267157,0.019652597246119854,-0.004396323788522704,-0.011597133302725073,-0.0018942274500255785,0.030211125631668626,-0.018689574703754923,0.03251362494856239,-0.017969037598428918,0.022884676856278405,0.055372639076158595,0.06318873234860446
q248_785425,247,How do the different instruments relate to each other?,Musical Texture,Medium,percettiva,B,A,False,0.22754491017964076,0.7724550898203593,0.17063081255893364,0.14603942241814544,1.2080813295552144,0.0,0.045641540231766906,0.010992081057540324,-0.1438214823512547,0.0,,-0.023404293173270165,0.012748645228519288,-0.007767286866422863,-0.04501920544130267,0.10813617639535028,0.06576710650932359,-0.031323056123890344,-0.022504465238999887,0.0015518627916683223,0.03080500194283293,0.0022346217605565257,-0.009072926405684488,-0.012060517370220606,0.01631719613328464,0.006626776658515865,0.0,0.0045028464415613175,0.03175912100783031,-0.020989663687118264,-0.039321138396751915,-0.00718530526029346,-0.04704137223288409,0.07096091889709721,0.02754619900891294
q249_6730,248,What is the theme of this song?,Lyrics,Low,unknown,D,A,False,0.16008771929824564,0.8399122807017544,0.12572606104310707,0.21469356031973666,1.050725145320818,0.0,-0.013824896713965862,-0.046413644846159535,0.0954438472630299,0.0,,-0.021144010152742147,0.08247453136152397,-0.014157799094893645,0.0016654263752646017,0.055950582164570606,-0.06241252317109641,-0.03447366963090068,-0.06814107941185168,-0.00441815503874471,-0.16710472082829625,-0.01074812363302418,-0.035197671146664666,-0.019039541977910614,-0.013798244055512556,0.0011204927994697264,0.0,-0.012176432789001301,-0.0370115241589052,-0.02131887998563047,0.026849486635957008,-0.014893768031111138,0.03693377662383635,0.06764951194198682,0.1429152520834258
q24_1215874,23,Which of these tempos is most accurate for the song?,Metre and Rhythm,Medium,percettiva,A,A,True,0.21651090342679127,0.7834890965732086,0.16891582808461153,0.17995577388989048,2.3134555025146435,0.0,0.021567954006380258,-0.17995577388989048,1.4914420350028894,0.0,,-0.03593934690844411,-0.05476318440676626,-0.025967409481284648,-0.03343746481350304,0.0952418910454959,-0.011755564195773501,-0.01176718064938688,-0.07999956047384768,0.030800903206409783,0.054726212790744855,-0.0067674677948469895,-0.03612943717899,-0.012746710719190427,0.035199264554559545,-0.012837438354786568,-0.12521721451089995,0.0020669829231690483,0.022670064022762924,-0.024694721583107905,-0.04067010514172785,-0.018117025068835214,-0.01451729561614189,0.06386343139756853,-0.07601726281019813
q250_6730,249,What cadence is played at the end of the song?,Harmony,High,analitica,B,A,False,0.21153846153846156,0.7884615384615384,0.1869423880175931,0.24471523114352112,1.82608661993291,0.0,0.07786242632091925,0.10811430049123916,0.5102579616015753,0.0,,-0.028516412950333303,-0.011167297626855699,-0.004174835121042985,-0.02030969286682205,0.1324024071692562,0.17641476581738014,-0.021848732776960655,-0.03682347483246323,0.0015146939813897378,-0.016120455663393707,0.006878014475894491,0.020945070738331507,0.004686553957582646,0.058415814400198565,0.0003025099576088172,0.0,0.008771690110069211,0.05482768066257891,-0.014110621624149954,-0.011430355171665534,0.00046350526023337165,-0.02751204212188542,0.06935608020229093,0.02898858764707481
q251_6730,250,How was the tide in the story told by the singer?,Lyrics,Low,unknown,A,A,True,0.12129380053908353,0.8787061994609164,0.12332689341584599,0.6604843430641841,3.0119198091590755,0.0,-0.024534658963898753,-0.375797616998509,-0.6316891302004679,0.0,,0.008028554923870255,0.14145631798728114,-0.01383164898833506,0.0008870450455564227,0.04136756230210336,-0.45140558270991316,-0.06009912720153731,-0.06673539732143341,-0.009169039456901134,-0.23537000241109204,-0.02064510862475938,-0.03293551403943498,-0.025739125883886216,-0.0628417133967316,-0.010173858723892626,-0.01149396338680458,-0.02267746062390421,0.03758464585837652,-0.016586076035850772,-0.036457942018169216,-0.01802224503928534,-0.03510536384927145,0.09847825542458091,0.0008222362446184267
q252_231013,251,What drug is commonly associated with this genre of music?,Genre and Style,Low,knowledge,A,A,True,0.1,0.9,0.152082979442204,0.21412860988144714,4.8054207902735495,0.0,0.043009153224455074,-0.01664715981254295,4.667105882479248,0.0,,-0.0064632893889142356,0.06261846497621458,-0.013814508521591197,-0.018864793110998562,0.09754606633332955,-0.09652309173599649,-0.034259115198369036,0.03612226005823752,0.04691926317869217,0.13048649530397016,-0.016348529774517485,-0.029365062547417053,-0.011518652631146537,0.04046640217519651,-0.0059531077846198596,0.0,-0.032209732724459234,-0.017597336343372755,-0.016972193238682765,-0.040749555064816256,-0.004481206380817524,-0.03482587298390146,0.08357331258000632,-0.0650622303522021
q253_231013,252,Which instrument sounds soft and shy?,Instrumentation,Low,percettiva,A,A,True,0.28210116731517504,0.7178988326848249,0.053146294564718116,0.9286843746835651,2.697845643901538,0.0,-0.01573724012424618,-0.43523304883946423,2.481370823071367,0.0,,-0.00235919072152256,0.11732875851509313,-0.0025020600840307376,0.08598602603836031,0.018704527220235967,-0.6819587117615147,-0.029580516538928847,0.04341087836859701,-0.009196937948726036,-0.28932388239231027,-0.02114124749973315,-0.0918290213514085,-0.022622396292146126,-0.03304571999486869,-0.005898432243841361,0.010863765216565222,-0.03147889578378058,-0.014104878598783616,-0.023565453686335818,-0.07707768990391821,0.0,0.005314121713482278,0.09816612333031689,0.05397025647177761
q254_231013,253,How would you imagine the temperature in the place where this song was created?,Mood and Expression,Low,knowledge,B,A,False,0.3063492063492063,0.6936507936507936,0.16273285538799817,0.344947699015335,1.259834884717682,0.0,0.06981400101224683,-0.05434933873046381,0.6033904589270084,0.0,,-0.02442965495001512,0.1452991801424356,-0.0005430712008332866,-0.026373383522742346,0.1162734282001225,-0.13277080901214727,-0.02148670103702727,-0.04050432633800978,0.0176708453326224,0.200519264172358,-0.0018719876615562198,-0.017059185294056454,-0.004446220703827246,-0.05149824884263308,-0.0052957951799861205,-0.03292987315019584,0.005758830602734755,0.017062488904614103,-0.014374038730262502,-0.020648017837830164,0.011148626589367607,-0.029600764992004983,0.06122374076315415,-0.12019500169071544
q255_266919,254,How would you rate the sound production of this track?,Sound Texture,Low,percettiva,B,A,False,0.1238095238095238,0.8761904761904762,0.24838895326122154,0.4333527716422541,2.447097245157848,0.0,0.14676687800904384,0.30949339732072595,1.25994710521041,0.0,,-0.043312461564794444,0.018399160016474722,-0.002641831466306549,-0.06056205001586129,0.1975779156351327,0.3530239244650153,-0.004856744594987854,-0.00136763714490277,-0.003877836475993752,0.006384614714997535,0.006112849179157956,0.04303900547451196,0.010568013729942791,0.04751512373100354,0.007143515876250873,0.015439044150797594,0.008316375008626862,0.003052173972528806,0.00013409440212707596,0.04780421692426451,0.022532027543756262,0.03320778699330568,0.09583783874517576,0.11305143135931633
q256_266919,255,What is the main scale used in the song?,Melody,High,analitica,D,A,False,0.32312925170068024,0.6768707482993197,0.18567876147291837,0.511804190874404,1.5449846253549806,0.0,0.04990493760616219,0.4566068343652572,0.9172048794243661,0.0,,-0.02222020963702699,-0.01083453077610004,-0.02187143172547841,-0.00514817231705694,0.11779184953954029,0.4842055126198305,-0.023795270570872697,-0.011615975161416407,0.02768266657321134,-0.0353302652626756,0.0009488128407687466,0.06167888253393228,-0.007931925010958518,0.06609484292683424,0.005834628608762516,0.06428824313510274,-0.0008893533273625891,0.06260844894317806,-0.01898561789474403,0.05496684393615662,-0.015182672286126804,0.0928905584097051,0.05842839810261154,0.08940927974302366
q257_266919,256,What musical backgrounds would you guess these musicians have?,Genre and Style,Medium,knowledge,B,A,False,0.16172106824925814,0.8382789317507419,0.24606946705879115,0.5546286840247561,1.7751464762217541,0.0,0.1564100953062643,0.5103755508036111,1.1299890351881385,0.0,,-0.025771868621071458,0.1261752122927983,-0.0010791311968838145,-0.02212656661057251,0.20123978118252772,0.40632690512138525,-0.017978686058308158,0.0,0.006489847566787214,0.11913502158712816,0.003928770964204357,0.07127815628237795,0.01198830626975437,0.04868768299222563,0.007410026864724748,0.03543563917013914,0.018280130880679875,0.08449054704460618,-0.0007454060174456878,0.051662025599493525,0.02839580482325155,0.06340966743176082,0.08066261395430785,0.03627681069587969
q258_349850,257,Where is the vocalist's accent from?,Historical and Cultural Context,Low,knowledge,C,A,False,0.10975609756097564,0.8902439024390245,0.1260725980993748,0.36880776406891597,2.700647786412162,0.0,0.003913592197367533,0.20146905041826518,-0.7723975441689234,0.0,,-0.053832852498988865,-0.06436101971990489,-0.0007536893867197943,-0.019308337105420518,0.06499309514837116,0.24362202047549036,-0.0064929610652949684,0.04151638676810021,0.014216968790077044,-0.0023601774897795144,-0.008363011181554705,0.041390423274365304,-0.02483958007224643,0.01862802661620378,-0.006683895049844858,0.011807048098589698,-0.04408441507937731,0.042340670171364295,-0.0014374801944628621,-0.015243090589463566,0.011104867419124824,0.059023053443955115,0.06400013756565184,0.045883096893030065
q259_349850,258,There is something strange in the mix. What is it?,Sound Texture,Medium,percettiva,D,A,False,0.24549549549549554,0.7545045045045045,0.1440066368037043,0.2843561118676765,3.5046356878521356,0.0,-0.01725756264933782,-0.12704293027433045,2.17146190088165,0.0,,-0.042885834433861805,-0.02335685333565663,-0.023074318616324516,-0.06595108682801798,0.06337453707718324,0.07865659079667302,-0.01467194667633474,-0.11639158090732885,0.05761779075306815,0.14068276962678905,-0.0019030249797173295,0.0,-0.009853174706698565,0.05612664423787784,-0.022733159090566044,-0.05198802114637667,-0.014221091733867947,-0.07693417180267549,-0.043741968558251965,-0.0913448495839773,-0.024529446850662922,-0.003653938910918232,0.04210651251735881,-0.09993136269504961
q25_135660,24,"When the drums start playing, we can hear something known as...",Metre and Rhythm,High,percettiva,C,A,False,0.10141509433962263,0.8985849056603773,0.15685250597953454,0.1400396110906438,3.5549914417665445,0.0,0.04576822914055071,0.052068632076127906,0.8591240740822002,0.0,,-0.055542138419491925,-0.020164099529850057,0.005471215769422184,-0.023821389977407896,0.08848195045970689,0.07770452124170246,0.007357201330913561,0.018349600341683397,0.05635842750428811,0.07372518946679811,0.003876295799481745,-0.032979616300867064,-0.011158136933827395,0.0025694881416736745,-0.013170018047204947,0.01413445120896095,-0.04130413017628559,0.11265862287392545,-0.00607865555733968,-0.04438940745137974,0.00548708903519887,-0.058066075634969655,0.0517573575162396,-0.015584020228013837
q260_349850,259,Which of these musical elements contributes to adding emotion to the song?,Melody,Medium,analitica,D,A,False,0.17216981132075473,0.8278301886792453,0.14248704279396676,0.3439001145154939,2.8595969643081967,0.0,0.032824275157090826,0.2581852076399728,1.9613665724332894,0.0,,-0.04028655907995764,-0.034051991351123384,-0.0047746794043064915,-0.00880546208663717,0.0876556589755288,0.29627634715010365,-0.009770145334173839,0.00476631392762972,0.037672287753595365,0.0028910605347018045,0.004709565278117663,0.07237875509589208,-0.008322281382286037,0.03160353834312429,0.0067795528891543555,0.04678556987201389,-0.01008010668339495,0.02441843314541908,-0.02807665947517557,0.008977468823973243,-0.014880954734367376,0.03913652777735999,0.04502287151144736,0.03199385404748843
q261_924963,260,What could be the intended mood of this tune?,Mood and Expression,Low,knowledge,A,A,True,0.4916467780429594,0.5083532219570405,0.34437850337769704,1.4184700060683113,1.7691756822506397,0.0,0.16143685731069107,0.8648873262453012,-0.041583318398092706,0.0,,0.025954625632766223,0.24411516999350433,-0.03404762929204911,-0.16540142746543196,0.22695305471142785,0.8975634961633019,-0.05742319374145387,-0.1113899124460731,0.10228600148061157,0.5819485792248921,0.015499176385147228,0.14263187645341327,-0.010499395290601322,0.053909580618938156,0.006161256705685637,0.03148340376691104,0.005984292451796443,0.2669752643190981,-0.03260548704694299,-0.06165394198067933,-0.01151353928345624,-0.04581888942176036,0.08612455190845078,-0.1045885467355118
q262_924963,261,What does not contribute to creating this mood?,Mood and Expression,Medium,knowledge,D,A,False,0.1019202363367799,0.8980797636632201,0.14457608261591548,0.3724867416229543,7.279085256355828,0.0,-0.021985089879030813,0.1457283350516625,6.2472571576309095,0.0,,-0.06426901967281441,-0.11337920328564591,-0.019011566574658734,0.03734627648868203,0.06090732158699835,0.13833058317230496,0.0003881747814439762,0.08343067867632144,0.040431055114317965,0.03818567783302431,-0.010565598841722586,0.024315500378411424,-0.020919414084199152,-0.0029277045640132525,-0.017930436520260426,-0.025861178737156213,-0.011954262274704015,-0.03431233606104777,-0.027869698748044378,0.06612010167886172,-0.014727912955326605,0.03800477012251179,0.04155117843090838,0.0422035044010705
q263_924963,262,Which of these genres cannot be recognized in this tune?,Genre and Style,Medium,knowledge,D,A,False,0.10459183673469388,0.895408163265306,0.17510487824583076,0.5924704258082611,4.567690193256059,0.0,0.0528548160328442,0.5924704258082611,4.313548124518076,0.0,,-0.022786767081060477,0.09357996139548264,-0.024830616143744634,0.0,0.11397984713933748,0.4971731894108899,-0.013507647881688178,0.0017172750018885422,0.0687977363181792,0.23216729516796925,0.004713315879505278,0.07007662926266044,-0.012935010258553838,0.02616735348689811,0.0,0.03916995617618715,-0.018615230834908632,0.008275455893868189,-0.03213390692623033,0.014456064354772247,-0.015671661479776087,0.08501954702320466,0.058699573334628614,0.11713812444270108
q264_1138775,263,Which of these genres cannot be recognized in this tune?,Genre and Style,Low,knowledge,A,A,True,0.12923728813559324,0.8707627118644068,0.1755541088859506,0.40237918095270986,4.321724977120319,0.0,0.07689495696264212,0.1980878981764471,3.91191610199876,0.0,,-0.02539445346848943,-0.10214564138813137,-0.002963610590755965,0.03632407060458991,0.12622453292429636,0.1510944858953075,-0.020971511902408844,0.11281498306468105,0.021931444467491054,-0.07932015735261869,-0.0021134109891761893,0.044495833541950226,-0.017306020267430562,0.0,-0.008665430126297759,0.003942046530549564,-0.031118826756118056,-0.0495489249210945,-0.0007058367817046676,0.11750181349145043,0.013307135671294785,0.11303542844949405,0.10156590174458352,0.047981858436716006
q265_1138775,264,What type of drums are featured in this song?,Instrumentation,Low,percettiva,B,A,False,0.09711286089238848,0.9028871391076115,0.22918773312242008,0.4680540910656007,2.594234511747594,0.0,0.10675006005853604,0.23427380301159995,2.0919304134944654,0.0,,-0.03964674328281467,0.10272402065613445,-0.00801013430343164,-0.05229143636529433,0.16796889659047806,0.24843992638246587,-0.0135619589456957,-0.06459870766170607,0.013375171534786151,0.16408312473337308,0.0,-0.01944319321095846,0.0014507025211192171,-0.025078872293060075,0.007201421729878613,0.07180928080279773,0.021089191549066466,0.09659768905999731,-0.028550315545379693,-0.038553471475245904,0.014358582216287247,-0.022480261174808,0.07782530605277806,0.007339506569504202
q266_1138775,265,Who is the primary audience intended for the song?,Functional Context,Low,unknown,A,A,True,0.25,0.75,0.12068153005993128,0.6465462984432155,2.9955684574009473,0.0,-0.04197994053951518,-0.6465462984432155,1.9349498475613118,0.0,,-0.020947876565382374,-0.05100375474258556,-0.01142646945268913,-0.023076771261028615,0.03935079476020805,-0.5266953798029108,-0.04895638928165173,-0.045770392636690624,-0.0013364514764254917,-0.20082917956618876,-0.006741918640757613,-0.004244377369989366,-0.026792487398175628,-0.05971600783020384,-0.005920977914587708,-0.023076771261028615,-0.046750690534983486,-0.15701312896656955,-0.01629468255281624,-0.033398490055858786,-0.011553813453388339,-0.05685588341719036,0.0734110814316193,-0.11141245997618635
q267_1070646,266,Which instrument is not present in the song?,Instrumentation,Medium,percettiva,A,A,True,0.1257606490872211,0.8742393509127788,0.15430545140792373,0.39096629845077496,4.170802942657988,0.0,-0.013426672079183466,-0.39096629845077496,4.170802942657988,0.0,,-0.023295536993196954,-0.08854265610529105,-0.019230509038238492,-0.018764414909848735,0.07043938966437013,-0.28243443538681856,-0.04134001571211815,-0.0012247920488166059,0.011865573295923297,-0.11139993651744115,-0.02366748807427766,-0.09098326958506497,-0.019229125034570426,-0.03206113282848978,-0.006512685692221219,0.021092572285145588,-0.03105259553909575,-0.010990252240436142,-0.02668444914997349,-0.07832394488361388,-0.00435338742335659,-0.023798051760971377,0.08620748553838836,-0.06450228291990327
q268_1070646,267,Where could the roots of this song be?,Historical and Cultural Context,Medium,knowledge,B,A,False,0.3031914893617021,0.6968085106382979,0.1780049978689102,0.24497151898220612,1.5006680912639827,0.0,0.04722705358403505,-0.13514349237002102,1.1512209449893749,0.0,,-0.048434084997553445,0.033403425997397776,-0.001510111791462273,0.00388778776792301,0.11261602572647261,-0.19005750567611357,-0.015444775353421859,0.01762279954077175,-0.0031729178279770766,0.05450764617964292,-0.00378312194647865,0.0051346983063273455,-0.005656218420259372,-0.033405571536416004,-0.017376810556361224,-0.09542094270650614,0.01593459274776452,0.07067889565663553,-0.01695234154888004,-0.020787784860254115,0.009362433548712489,-0.034067899495173005,0.06887143758751439,-0.08178253391427757
q269_1070646,268,Which scales or modes are related to the one we hear in this song?,Melody,High,analitica,B,A,False,0.13052208835341364,0.8694779116465863,0.20314797167288612,0.2566151074834804,1.6826085897348995,0.0,0.06575628260893822,0.18858296397045235,0.6677328960068248,0.0,,-0.05738080002611365,-0.0216897447859919,-0.001424227268580003,-0.01232632697052211,0.13445212714091218,0.2072416303661242,-0.009890817237280304,0.015357405360842156,-0.0025014225660472088,0.061919770935017084,0.002364322963813099,0.03548307577830257,-0.005770596288744606,0.0,-0.009556976834479088,0.004478233392187047,0.012902697138340044,0.018529640461058275,-0.017412091905364066,0.03535357228107144,0.014179096856899501,0.010723651475957961,0.07155125324452055,0.02209501964685797
q26_135660,25,What kind of pattern is the bass following in the verse?,Melody,High,analitica,D,A,False,0.19300911854103342,0.8069908814589666,0.2523423573525908,0.3560270320710563,1.820953457402049,0.0,0.06219484507819374,0.30235059872367664,0.7341929691658312,0.0,,-0.0741824397341701,-0.026838216673689807,-0.02089131640302842,0.01171454414247483,0.15726860121539227,0.3129978673453866,0.0,0.004476403909505024,0.03599478931044629,0.10689853583620425,-0.0019069019385872417,-0.020900405511410855,-0.005592667018758639,0.01142012802574138,-0.0036888447432133,0.037496800631839654,-0.013195990201945975,0.026407211237720458,-0.0022118911878097162,0.038566525207911664,0.00018762686246169558,0.037048858520018935,0.052608723995600626,0.06541294477565113
q270_17954,269,What instrument does the sound of the lead bass imitate at the beginning of the song?,Instrumentation,Low,percettiva,D,A,False,0.1992574257425743,0.8007425742574258,0.08419844992493708,0.173524423367723,2.183459409236197,0.0,-0.02389044671754517,-0.06657293533903819,1.7028421361316566,0.0,,-0.025387273815985684,0.05228607980645769,-0.012246700224678938,0.001189664207884699,0.03015400160369595,-0.08245786183040693,-0.016410474280576494,-0.03759081752297365,0.0111062496195471,-0.1156313237422654,-0.009350775344198741,0.0186462507364585,-0.018682054970221074,-0.017479483976495593,-0.010940569908252713,0.0023691439111981462,0.007202487477969735,0.025820096467565275,-0.02351363654568251,0.011094714864680125,-0.024122427341141832,0.012540127497768234,0.04441028029443487,-0.003932461097947468
q271_17954,270,What comping technique is used by the keyboard player?,Performance,High,analitica,B,A,False,0.2046979865771812,0.7953020134228188,0.19523958410801961,0.3363147198356246,1.618231977397741,0.0,0.12476051054549692,0.3363147198356246,-0.2514016509903681,0.0,,-0.029732029267347023,0.02654117046843601,0.006673895304791816,0.02600361496269696,0.15332615202196645,0.26625771612891536,-0.0055075075139143235,0.017512218275576284,0.003425004487939985,0.08554000179177886,0.019790590996745565,0.08141420261188048,0.010848089260897168,0.04210019073353761,-0.007933527627996859,0.011633436197591178,0.02094242547401579,0.07553270937882385,-0.011731624039433827,-0.010009306864238338,0.015929827017284327,0.032205301601056294,0.07348972497604478,0.017898184385194693
q272_17954,271,What solo technique does the sax player use to make the improvisation harmonically interesting?,Harmony,High,analitica,A,A,True,0.17034313725490197,0.829656862745098,0.20851270033776936,0.4383469853359708,6.304166455897275,0.0,0.09639187900651378,0.27338441770097127,6.131047091028679,0.0,,-0.01917825161415606,-0.08248128381749975,-0.010037564357612487,0.0031763808110141234,0.15245228967214158,0.3173368630875587,-0.02684459469385926,0.0353524576198982,0.037553449767835444,0.07139808819473913,-0.008496240282301452,0.0383778757064856,-0.013710018088629067,0.027614914153643557,-0.005326763758096451,0.013623360658985856,-0.003689782261134416,0.028570436262539373,-0.017082122527365764,0.00929483934184146,0.005490357783133982,0.05057164608158526,0.10165299837307151,0.03393325730115102
q273_1131366,272,Which of the following statements is true?,Melody,Low,analitica,D,A,False,0.24814814814814815,0.7518518518518519,0.17534804506785245,0.4596832169057752,1.3545402507304203,0.0,0.028979035314442785,0.38488173523146807,0.9186633362772367,0.0,,-0.038970016774768544,-0.03740074083715355,-0.025189937380475313,0.020003038975314857,0.10216354019114761,0.40227943709330677,-0.009024550721460961,0.0,0.03267017858480965,0.03961025219245318,0.0026843139842497483,0.07890090789507409,-0.009073756977783188,0.06210629322196003,-0.01190469748630258,0.025968325873988153,0.015255273511849556,0.05045071518022896,-0.02875555741884061,0.04780416116317823,-0.020787048599747476,0.03606238840473881,0.048890329716207694,0.043978691299846606
q274_1131366,273,Which of the following statements is not true?,Harmony,High,analitica,A,A,True,0.15205479452054793,0.8479452054794521,0.15045000734851924,0.3580040157766856,2.882382532215191,0.0,0.09114884822265137,0.24818462058216706,1.0615592124387607,0.0,,-0.010327350184140795,-0.05490969759725928,0.004713685489213443,0.13153284813274851,0.11608574229637186,0.07618761133329595,-0.019323229378793126,0.09537385871338189,0.03879331910341805,0.07044589206130492,-0.018591653054455367,-0.049033992367740864,-0.01552601529165341,0.04392240508634309,0.0,0.06342811872146571,-0.014746657474931979,-0.029174234167593464,-0.013529456829015032,0.02796851790386684,0.008012504838392286,0.07453392689717224,0.10673680693089682,0.046093986447348606
q275_1131366,274,What effect is created by modulating the song?,Mood and Expression,Low,knowledge,C,A,False,0.24830623306233063,0.7516937669376693,0.07337404877715951,0.446355658834753,5.2247045032369765,0.0,-0.060403212197501006,-0.3700060151286162,5.2247045032369765,0.0,,-0.06098174002271795,-0.08500833797795496,0.0036908467802578707,0.03817482185306839,0.002794571509571381,-0.3121440967961896,-0.005906890464612307,-0.011028402207540037,-0.016340812018391215,-0.21445147196723222,-0.0238189219196923,-0.07616729349010672,-0.023758563416275084,-0.018878928501503352,-0.008106658379491254,-0.06814151592510762,-0.03973295497797264,0.005333089645361937,-0.006962658761277118,0.0,0.007438310640428428,0.010874339605950845,0.05087904663517018,-0.008574234495979077
q276_30259,275,Which of the following statements is true about the introduction?,Melody,High,analitica,D,A,False,0.3598130841121495,0.6401869158878506,0.13144171635784782,0.15990889850304812,1.273157251059479,0.0,-0.01115192050341507,0.07051431942079195,-0.0034546756869219264,0.0,,-0.04013494541484519,-0.03332146524103563,-0.017173477714553353,0.026060631389643783,0.060144897927216376,0.08915097757227626,-0.0139883953012329,-0.011375824300092452,0.02763951034562264,0.028089101012275925,-0.0010125105477269344,0.0696678245697747,-0.008941557068718685,0.0368938575097074,-0.0164828658939506,0.02073075736712286,0.003220309546908352,0.007268468660527733,-0.02162741287107071,0.0,-0.02493247811637006,0.014117553030414107,0.030985084101890922,-0.10625324272903076
q277_30259,276,What is this music intended for?,Functional Context,Low,unknown,B,A,False,0.5512820512820512,0.44871794871794873,0.29504902059775723,1.4420123025944116,2.824838209629499,0.0,0.21773498428165086,1.1002206051884325,2.21381686398703,0.0,,0.006193799714955445,0.34171174245404684,-0.01239711838248082,-0.12140503553953405,0.2501982027247486,0.9294047114373752,-0.02625989977557234,-0.049490813163455494,0.08088543138095873,0.601900845972411,0.00947906287642089,0.13925213947296256,0.023642856845794154,0.09548687590437116,0.010736240580924783,0.09507382261222036,0.018533866092561423,0.05837548093843231,-0.02274836735702264,-0.005509139727828086,0.023201786518469387,0.1156405800158633,0.07400410734354412,0.0
q278_30259,277,What topics do the lyrics cover?,Lyrics,Low,unknown,B,A,False,0.11466165413533834,0.8853383458646616,0.2067222143642905,0.4441495522234679,2.449326371302875,0.0,0.12686816582306493,0.42029564169195527,-0.4327723194450516,0.0,,-0.036106208001545195,0.013740676711585333,0.002094100334718121,0.029090471821050824,0.1647010897589596,0.38939144842507545,-0.0038208162690675923,-0.01192695526575633,0.012102664886764036,0.1548982991116172,0.011669288801702194,0.07781218705648324,0.010115395915609872,0.03674305499498665,-0.0020597874678560738,0.008643837816771988,0.029990002498028225,0.1099924381913874,-0.018224277340397346,0.026641166720844316,0.01495745174996675,0.031011061146227082,0.06831742677924729,-0.02544640334636268
q279_617329,278,Which instrument is least commonly associated with Reggae music?,Instrumentation,Low,percettiva,B,A,False,0.15555555555555556,0.8444444444444444,0.19729431303501085,0.27215543635204353,5.845384778853239,0.0,0.08858862599169247,0.27215543635204353,5.845384778853239,0.0,,-0.04070298774046879,0.031160692332095744,0.0003054225191675931,0.006679070233895341,0.14263604699418406,0.22776354105999996,-0.013649855781190398,0.006552132726052507,0.0012725702525025785,0.08926261384577139,3.6131564685340165e-05,0.05186229054688306,0.008985485871722728,0.04081388319739504,-0.008816602441912381,0.01625176489465503,0.013210036116439512,0.00620686240540448,-0.014986167037689683,0.03952102082230807,0.012276337580262683,0.013660750905321066,0.07661083408568169,0.014576249734305406
q27_135660,26,What effect predominates in the electric guitar's sound?,Sound Texture,Low,percettiva,A,A,True,0.41379310344827586,0.5862068965517242,0.20780766969005982,0.4829165039908341,2.1457222345012763,0.0,0.07248407190899046,0.10339606912053279,0.9331123751290539,0.0,,-0.06766179889053467,-0.18976021743515065,0.01832043820744282,0.13084038112318502,0.10326204273552929,0.007334791916454364,0.018563389856553023,0.15498111351604404,0.0015291062105543193,-0.1831869958665634,-0.025398837473870037,-0.18102129235648196,-0.02487797014910614,-0.04770420851770752,-0.007139094216420794,-0.03348379629078139,0.0010344182147027144,-0.012283435799851382,0.004317037097776656,0.05163836340723356,0.015337058430968407,0.20854524600640564,0.10768235379438533,0.30089218853827904
q280_617329,279,What is the protest content of the lyrics?,Lyrics,Low,unknown,D,A,False,0.2911255411255411,0.7088744588744589,0.13281332448203576,0.28058759537836236,2.29050446683577,0.0,0.004458123442262835,0.24455897944165883,-0.11407058683370797,0.0,,-0.04148772561734006,-0.01801430796835178,-0.019631549672705167,0.030573692976266255,0.06863572396214929,0.1832851056645711,-0.0030583252298412265,0.04871448876917324,0.050694929257645925,0.11743519901296816,-0.006790986337295135,0.018520715755850778,-0.028275317853078418,-0.05276747490179476,-0.028007398126634997,-0.05391341784556938,0.00610126347101998,0.04654921143884512,-0.034291956451284564,-0.031823062360897755,-0.014707429364988265,0.0689737166379771,0.05973501884687831,0.13158409170427954
q281_617329,280,Who sings the choir vocals?,Performance,Medium,analitica,B,A,False,0.14444444444444446,0.8555555555555556,0.18133974222587343,0.08962523000951514,0.975708156481927,0.0,0.059919898872141344,-0.0011730925793820533,0.9068654961333967,0.0,,-0.04298014347819739,-0.01014046914782684,-0.00023347140029983133,-0.006271302255101101,0.1206298205490074,0.04422606871506654,-0.017496306798368815,-0.028987389891520655,-0.013456564215342248,-0.002082387807569962,-0.0024171318984579195,0.03704068961675673,0.001986166028268942,0.002263543003126785,-0.0027625639609809806,0.007171683970882234,0.009642531495991993,-0.012077379049975086,-0.011565593842263274,0.006860431408787204,0.010599025624552463,-0.01217269721693306,0.06789402964037236,-0.028176976504456903
q282_852,281,Which instrument has a strong presence in the center of the mix?,Sound Texture,Low,percettiva,D,A,False,0.22261484098939932,0.7773851590106007,0.14286577356128133,0.2862520921060712,1.5656934663338606,0.0,0.020237113583599906,0.19637039709078774,-0.4108035613022219,0.0,,-0.031105931282401918,-0.0021882213863129857,-0.018995314594513195,-0.0040839586240846385,0.08155144357244062,0.24131124459842948,-0.011213084111925604,-0.03866866749724412,0.012762455731969609,-0.1122845752120053,-0.00786673338183513,-0.007811560724458435,-0.01853122597498247,-0.008832974405210012,0.0007811916505153149,0.04385855405165678,0.011681060495087566,0.029485254965290104,-0.024997539423939466,0.04279836827643275,-0.007407746834085268,0.11698915236515459,0.05381565132086975,0.0921681777739273
q283_852,282,What audio effect gives the guitar a funky vibe in this song?,Sound Texture,Low,percettiva,A,A,True,0.07308970099667773,0.9269102990033222,0.18625999809127713,0.46219011924672604,5.951072953770739,0.0,0.13366140415145739,0.46219011924672604,4.524489824091527,0.0,,0.0038091000703848986,0.01973391713584465,-0.0026633654750426944,0.029410359154997644,0.15615160105098236,0.3626302780134011,-0.023635931494867188,0.050415564942482685,0.03647458312305358,0.058538616025844946,-0.008234804512957914,0.037829441304667734,-0.008463732138187938,0.04648281346065356,0.0,0.03503927298173513,0.0023733627629299557,0.10809792790718996,-0.009143942369561727,0.053705068491390236,0.018002209388828423,0.08441760122588249,0.10265372789735297,0.038079377849362044
q284_852,283,Which of these statements is true?,Performance,Low,analitica,C,A,False,0.6936813186813187,0.30631868131868134,0.12925793055788468,0.268940169319649,0.8387256568488899,0.0,0.0289933925582786,0.268940169319649,0.13039471362065358,0.0,,-0.05013226899980303,0.0051204253051268765,0.015660197780154785,0.12424210984065914,0.05991804765156291,0.08048490002644136,0.0035474161263639404,0.0590927341474216,0.027633396892217877,0.10327578702231847,0.002295155733168828,0.048299685628779274,-0.009430312699485913,0.035831119338985924,-0.00703476107734405,-0.017590197816177593,-0.03956818525529604,0.07117662274017551,0.0,0.00036179296495771757,0.005655943933895171,0.028286070712440624,0.04944215503112272,-0.0007007112718309585
q285_1222340,284,Which of the following situations would not be suitable for this music?,Functional Context,Low,unknown,D,A,False,0.16609589041095885,0.833904109589041,0.08104786780514558,0.5622676654680009,2.737769764762788,0.0,-0.07642844802634102,-0.3111968820994858,2.2165957069678677,0.0,,-0.05903722618928866,-0.07414038150046931,-0.013952776908149422,0.04131075515898022,-0.005748154818305221,-0.36259189228327404,0.002309709889402274,0.08422463652527737,0.024368361373310193,-0.05049241999504474,-0.01111462792341216,0.017831026393684092,-0.03371164532725788,-0.07851259631736346,-0.02887637358255594,-0.03243109599456452,-0.022651235263641253,-0.15922537482803495,-0.026957601876407493,0.00839736568616704,-0.028288769984439632,-0.06469556732899251,0.050803444558063134,0.04793178028466331
q286_1222340,285,Which of the following musical elements is most prominent in this piece?,Melody,Low,analitica,C,A,False,0.2594752186588921,0.7405247813411079,0.04050747628661344,0.4823693883765393,1.6941387188776416,0.0,-0.03861046143311238,-0.28706635821358184,0.635181999465619,0.0,,-0.028096703939853092,0.09765151508147873,-0.004427296597589545,0.0,0.0009485074267505302,-0.3650564166229653,-0.007034968322420272,-0.019661456672095293,0.02551940020336331,0.08865322746348941,-0.011895228249637846,-0.01633176637476157,-0.023888170636163768,-0.008064079418581453,-0.011570001228505294,-0.08534138931995723,-0.04992961899955696,-0.03382125025784638,-0.008071331715410628,-0.058352603045504714,-9.839531966839444e-05,-0.07654355400992187,0.0413228845124672,-0.09726494325049809
q287_1222340,286,What do the melodic instruments imitate?,Melody,Low,analitica,A,A,True,0.12222222222222223,0.8777777777777778,0.12564980858522773,0.48281762658522503,1.7852626183599631,0.0,-0.011637109018034844,-0.4749712335798156,-0.007468166562126795,0.0,,-0.005310924297902062,0.003923196502704732,-0.01849699012898679,-0.06445889318641224,0.05700634978359645,-0.39221094048100824,-0.044835544374742436,-0.022224596415099808,0.00938907505227769,-0.13962806684350404,-0.023712948749145164,-0.06800542965144624,-0.02257844701178441,-0.017922784487607618,-0.017145084206299933,-0.028681345846011893,0.004224092131341443,0.0839579244919146,-0.027041116880456934,-0.05570188541104727,0.004871101758944354,-0.04702896398315065,0.060356218887088114,-0.20196068184896246
q288_1222369,287,What type of movie theme would you say this song fits?,Genre and Style,Low,knowledge,A,A,True,0.17236467236467232,0.8276353276353277,0.23683795917866604,0.702737625580341,2.358547517958835,0.0,0.12311516874692538,0.46552688656163954,1.8140365780694834,0.0,,-0.010966429465832041,-0.06817935583545986,-0.01193326534676205,-0.026966382030732365,0.1799765639627957,0.5841322560709903,-0.033961700403276236,-0.02345963164315852,0.034004786286795846,0.06251681634486174,0.002607265479840871,0.09591945499235188,-0.009864018137496523,0.06879965106804195,-0.0045427250893484705,0.056007623857681835,-0.014639625290152192,-0.017734316550654525,-0.006872965024368875,0.0571186761666474,0.014985571130933233,0.05170319921564362,0.10743687939072147,0.09119578146706571
q289_1222369,288,What feeling does this song add to the picture?,Mood and Expression,Low,knowledge,B,A,False,0.5743006993006993,0.4256993006993006,0.2904933633753004,1.325553194673825,2.2638269418228134,0.0,0.1907712241314473,0.9509240473130235,0.4757533048682433,0.0,,0.02634868081294821,0.4637978867531909,-0.01997854037081566,-0.14268886286324445,0.2142836129404256,0.6744407342402334,-0.029882529251110873,-0.04462571081715641,0.10150000536464554,0.7532379775002399,-0.002346309558017779,0.056698330628765795,0.013507622390296415,0.06263009847372622,-0.01027307918053492,0.0,0.054500906559502654,0.35670298202405326,-0.01839783771511421,-0.009606202115074139,0.005089513403591945,-0.09589762843173502,0.04719040286707766,-0.1728415107669526
q28_14013,27,The beginning of the song starts with a change in dynamics. What is this called?,Performance,Low,analitica,A,A,True,0.22848948374761,0.7715105162523901,0.18566934519483216,0.35353136099263305,2.228927808805601,0.0,0.0459821819125197,0.10399396771534589,1.7743519509284045,0.0,,-0.023280709832728175,0.06924390432888106,-0.03065439441243599,-0.052023217627868185,0.11582576355367594,0.15951876002510842,-0.01590847739599207,-0.07274547901077541,0.04752709429306663,0.2165869294171691,-0.006739443862320298,0.03095727896226992,-0.01772297255401138,0.0,-0.00498600781957704,-0.05440730432635851,-0.004420280303276991,-0.024347801557919584,-0.027990615687691428,-0.08012663142408367,-0.020649589196536876,-0.04577848817072852,0.08096399704286708,0.06110998481499717
q290_1222369,289,Which of these elements does not contribute to creating tension in the song?,Mood and Expression,Low,knowledge,A,A,True,0.18733850129198965,0.8126614987080104,0.13918565009900857,0.24382905418918066,2.287600354351664,0.0,0.07810005322624702,0.21940997335723322,2.1710139184399835,0.0,,0.0023375275113916624,0.07481243321938404,-0.007624764148743494,0.10438610406097461,0.10630532415123614,-0.012209540415973719,-0.022918034287637286,0.052420976492848284,0.05919747782688986,0.20178248538382573,-0.018500081193094462,-0.07077291377362088,0.004326179199751375,0.1915974279415195,-0.016077877765278113,0.0,-0.03314983575553328,-0.11495924355958528,-0.016775073705174625,-0.02716096444341752,0.009474146193753925,0.08455402472365856,0.08960511842493235,-0.045630842915146935
q291_1352257,290,Which of these statements is true?,Metre and Rhythm,Medium,percettiva,C,A,False,0.27936962750716327,0.7206303724928367,0.14709379438465733,0.3578455701834084,2.1978081656903914,0.0,0.016637786967530058,0.18686401767799748,2.1978081656903914,0.0,,-0.04268869449960906,0.022051544024092158,-0.00915972682872052,-0.07484992639471598,0.08186579067609369,0.2503032499066108,-0.013379582380234055,-0.010640849857989491,0.011306117893358177,0.01657860481708538,-0.005403266116253304,0.014028424408381347,-0.014591122122043984,0.06287644003170342,-0.0033066326256340813,0.0,-0.0423602870574385,0.04435729342284549,0.001221366150675667,0.019003956769883312,0.008995035288633386,0.011605083951365506,0.06077657555623269,0.018414214276733037
q292_1352257,291,Which country does this music remind you of?,Historical and Cultural Context,Low,knowledge,A,A,True,0.16853932584269662,0.8314606741573033,0.16161537583752258,0.17812686099129624,2.271139004949375,0.0,0.07436483783613403,0.07189658804902775,1.884817967026323,0.0,,-0.00692428260699828,-0.035594195047195604,-0.010958120663454115,-0.01752094142393863,0.1179901068368283,0.11690334778502369,-0.025742865730241888,0.008108376735138303,0.03218025293616694,0.03351795641108629,-0.0043399261300860565,0.06556935778460726,-0.015219516912043974,-0.003126644711016459,-0.014397486075980135,-0.05167077301377987,-0.003494572592765482,0.032687819670268736,-0.016951943847397146,0.013602140809194623,0.0006919341081955827,-0.00703664380151091,0.09589609635004429,-0.011646625099821905
q293_1352257,292,What is the main goal of the bass line?,Harmony,High,analitica,D,A,False,0.25547445255474444,0.7445255474452555,0.08347678962080447,0.22601092957935737,1.0584737789662426,0.0,-0.03398394568964564,-0.1784575553265172,-0.5058809929873748,0.0,,-0.03618563640461215,-0.03199568856719034,-0.01871785447698893,0.023776687126420094,0.024746421965579413,-0.1452609754478199,-0.003826876773623971,-0.02497757843792702,0.02898998084462994,-0.027447042647643874,-0.008810837851736657,-0.011807841012854745,-0.020531213343950326,-0.008438730409658002,-0.025969965727494996,-0.03081717074880786,0.003480101293277452,-0.0363150930332973,-0.026059475861972502,-0.0019239596125078312,-0.025592507891394015,-0.018994401551736238,0.04050997284899547,-0.042713316310011344
q294_1936726,293,What is the most important element in this song?,Sound Texture,Medium,percettiva,D,A,False,0.22368421052631582,0.7763157894736843,0.05807597129516859,0.34474575744223845,1.0808713251141275,0.0,-0.039811244051325634,-0.19502048812147144,0.2647675548412891,0.0,,-0.02957325105482806,0.04221078699115982,-0.003907560749734893,0.031032245294083098,0.009132363621921474,-0.26988312278185494,-0.015462795868684154,0.0016196023751405796,0.03006916553561235,0.027468844790679722,-0.015569075079983799,-0.04242855730009096,-0.024480396123772973,-0.04189885115976179,-0.015239078550750438,0.0,-0.008312821818876198,-0.09881690235300179,-0.02810774225095452,-0.007423913055036889,-0.020377133828227645,-0.009968064016621762,0.04220583806562759,-0.021953045027637993
q295_1936726,294,What is the decay time of the reverb used in this song?,Sound Texture,Medium,percettiva,A,A,True,0.5068965517241381,0.49310344827586206,0.1995468363683557,0.5033745231407767,1.7830264467269477,0.0,0.12473835122857871,0.4886938258826058,0.8887469595614322,0.0,,0.020167427037151013,0.14425856500813017,-0.004531342976095223,0.018804053010472176,0.1419751667613162,0.3329715564930889,-0.03287289959379327,-0.007340348629085426,0.04519235635809745,0.1642839177244849,-0.020834709241018493,-0.022321448820062876,-0.014250107865420488,0.036833244361805725,0.0077039676367438555,0.07129038227553937,0.0006143804309234474,0.07504527508215642,-0.018268145450304855,0.01410411445755507,0.012959760701049343,0.0631217144164191,0.11162084865850845,0.08633662638470813
q296_1936726,295,How is the reverb size used in this song?,Sound Texture,Medium,percettiva,A,A,True,0.35023041474654376,0.6497695852534562,0.25417302650397006,0.9446697239687618,3.2368012529996357,0.0,0.16687366338909232,0.7983746717380318,2.4418869184928953,0.0,,0.0015052140169374466,0.055268155778525306,-0.0059993125562665135,-0.04466469615526846,0.20901813092959373,0.8162540420748715,-0.03765036900117236,-0.02848282996009658,0.024393142261442582,-0.008623794055430692,-0.00528727305617136,0.027806349281661917,-0.008072057019559388,0.10667540804101375,0.0051501337479967725,0.07517775156399623,-0.0035200300215949033,0.08159494808112357,-0.0018889851151537122,0.1319111616445667,0.028581642983792566,0.15899194786056964,0.12751708960833977,0.2248408993205306
q297_1320579,296,What type of pedal effect is applied on the voice in the intro?,Sound Texture,High,percettiva,C,A,False,0.22709923664122136,0.7729007633587786,0.18334695537553047,0.5864124508963316,2.3359669214950367,0.0,-0.005235289462554221,0.1808320527481955,0.9657386738646472,0.0,,-0.043779913121499446,0.06991516019807052,-0.020360361325799513,-0.1158853712566054,0.08905583295648811,0.3137070916241931,-0.030150847971743375,-0.0869048278174627,0.024417714514463503,0.08897319575971376,-0.016983457133888106,-0.003813574907933298,-0.024683442336300272,-0.02791140821488617,-0.004772413188839827,-0.008720740715114767,-0.01999940597213109,0.22905485929046507,-0.008370204109246382,-0.022350706209286537,-0.001770425306922143,-0.06494171272535328,0.04692634407031009,-0.009457859529409238
q298_1320579,297,What instrument plays the bass line?,Instrumentation,Low,percettiva,A,A,True,0.14010989010989014,0.8598901098901099,0.2033044194664376,0.4390610890852926,1.6586486517842096,0.0,0.10328309597140711,0.39446320235928656,0.8247906183923879,0.0,,0.007149825186127709,0.055452589179632986,-0.011761724726237852,-0.010385233549092604,0.14614393253279465,0.3613095565426566,-0.03824893702127738,-0.011913709813910406,0.027726123182051025,0.03755624252825163,0.003786593733394317,0.11521111849549934,-0.01059626700004953,0.07560289253683337,-0.006817028517351662,0.021782908464185867,0.0006255665634084875,0.10498933222289039,-0.01804783633203616,-0.0063329494972611845,0.011743693797367429,0.02293360714979462,0.09486225054462322,0.022720050459092603
q299_1320579,298,What region of the US does this type of music usually remind you of?,Historical and Cultural Context,Low,knowledge,A,A,True,0.11380145278450361,0.8861985472154964,0.1446038507870253,0.12673539801536016,2.443794665052973,0.0,0.07343287811685313,0.10383932797234474,1.861638839988501,0.0,,-0.0009435283724505434,0.03022671247580568,-0.010853511901191,-0.011448035021507708,0.10901836445193923,0.06742626613032174,-0.02378844606144455,0.017634384387725032,0.0682681241445357,0.2811400581989347,-0.024273236713711677,-0.08109709612517774,-0.022129750429275924,-0.01756863034961029,-0.014751037902600055,-0.03976752833763402,-0.005172118168561208,0.054565344663225684,-0.017708931757295057,-0.03023300646200629,-0.005426764827421649,-0.03765039119057735,0.094626593771183,-0.025549422424809946
q29_14013,28,What is the interval between the two voices that play the melody?,Melody,Medium,analitica,B,A,False,0.17158176943699732,0.8284182305630027,0.2401448871514938,1.076593408840534,3.1983697588990307,0.0,0.05220133938934905,0.5269298130682091,0.0933092379552074,0.0,,-0.0392062746772729,-0.19635698453368045,-0.034569503564725684,-0.05044096617148246,0.14617311327042143,0.8017616109543715,-0.020195995639073802,-0.02803384718099948,0.021644353999998527,0.11359501625507992,0.02692836133776448,0.16409732345477002,0.00016118762081135558,0.04513355826733299,0.006146137813443121,0.04669958300433795,0.0018602156482934694,0.13440478074788334,-0.02622868351823702,0.009097832692656974,-0.023865072092265203,0.038589426929669664,0.04555483857954032,-0.02468770828352186
q2_1204663,1,"Which section of the song follows this harmonic progression: vi, IV, I, V?",Structure,High,analitica,A,A,True,0.1517341040462428,0.8482658959537572,0.11749220914866515,0.20557492075600003,1.3326112144402775,0.0,-0.02100388196904577,0.15776264857723432,0.648227992782193,0.0,,-0.02488686836382227,-0.023906136089382853,-0.028700782938316516,0.004649090919623266,0.048244163589809694,0.1724509568723648,-0.015660394256716677,0.004568736874629118,0.0011195438007785405,-0.08043571712640629,-0.017682927836900283,-0.008389991343197937,-0.024972130013618307,0.027678947818598768,-0.01287765962155396,-0.014432214651542338,-0.002894105223495008,0.07437477410870681,-0.023772561986977234,0.03814535389892624,-0.01318302248112719,0.05699171859065917,0.07325898139384768,0.06382977728148995
q300_1079319,299,Which instruments are used to accompany the voice in the intro?,Instrumentation,Low,percettiva,A,A,True,0.3146473779385172,0.6853526220614828,0.2961525159631294,1.1505655982631164,4.042439901935387,0.0,0.14449898684703555,0.604177127675973,-1.6839246712037377,0.0,,-0.0311637321507847,-0.2524175267082429,-0.009228074586278947,0.02166662338535764,0.22032575140508248,0.8557047395841871,-0.03543495782098328,-0.02077670858532883,0.019705451729456862,0.0326413026832969,-0.010288139952706289,0.013047841585905773,-0.00408076759960588,0.10744019978299243,0.007106106880927758,0.10921252343123829,-0.014752444489810449,-0.01642490132613242,0.004287418296554152,0.09574593624547517,0.024423761005521235,0.11250988597390645,0.11809760097669816,0.15000433929929038
q301_1079319,300,What do the lyrics suggest?,Lyrics,Low,unknown,A,A,True,0.17366412213740456,0.8263358778625953,0.3267623322332938,1.4325692833387347,2.138045674234459,0.0,0.20868654012918084,0.9519502559547037,0.5240888383728425,0.0,,-0.009176624588972074,-0.15554807963082656,-0.003332974976694535,-0.022576216734360686,0.2677244361812373,1.1922597696467192,-0.046528296486389877,-0.06218521732682823,0.04378435682086257,0.13055405415536186,0.011804923690150643,0.12799396176355574,0.0018390461801847426,0.1323893723687766,0.006486761361738631,0.13317930690255514,0.014006744406573839,0.20507808463276153,0.003247160696397553,0.14480294946853034,0.03549887273396014,0.18352938243297426,0.09201867423931269,-0.10557685576981188
q302_1079319,301,What´s the style of the song?,Genre and Style,High,knowledge,A,A,True,0.23344370860927155,0.7665562913907285,0.1485425539582491,0.7989090022041101,1.4804550252283135,0.0,-0.07014984339261948,-0.7989090022041101,0.47855184719305677,0.0,,-0.04570503146314134,-0.252919305270235,-0.021201852415787068,-0.037219841636281815,0.039196355282814815,-0.4812595458461095,-0.0424393147965059,-0.027510309451483646,-0.012972305967666834,-0.28581692650854207,-0.038173792710008814,-0.16522787338246567,-0.0297787400229072,-0.08061650922372676,-0.010213186185380781,0.004672633125096699,-0.04204737162208416,-0.19360253818087808,-0.021319259453930216,0.0008064612326089543,-0.0009918282520763955,-0.02533849503155354,0.08534664082143492,-0.05378575423464947
q303_498814,302,What kind of music does the intro evoke?,Genre and Style,Low,knowledge,A,A,True,0.1637630662020906,0.8362369337979094,0.1536064688436334,0.29291088083243916,2.182752632823022,0.0,0.09239319386862355,0.2658550718932388,-1.1250538748887267,0.0,,-0.0033110832194187152,-0.01352790446960016,-0.005251541758952818,0.011555113395281681,0.12299983135612848,0.19212458545326688,-0.02204401250913341,0.07570327751429042,0.038742309375878616,0.0839398143083883,-0.01091120542714399,0.013633644944469014,-0.015539968640741636,0.021323915495943677,-0.00938784953002924,0.0035257626772260773,-0.001059291570661109,0.07218870888434249,-0.013444533115801766,0.03963281564018518,0.008127314672573159,0.03583547948388613,0.0958664181045495,-0.004225069541202052
q304_498814,303,Which tonality is used in the intro?,Harmony,High,analitica,A,A,True,0.2622259696458685,0.7377740303541316,0.1609207816246305,0.1579318287160992,1.562445972705491,0.0,0.0749617281128172,0.13704905834522546,1.0115855745477047,0.0,,-0.004662272813896988,-0.005433916561761395,-0.004205518728587659,0.001231153372432004,0.11794125486872385,0.14625929015823033,-0.034111735213422,-0.005007468623675475,0.03707430001412398,0.07281698921484407,-0.021252355410390663,-0.03859875053316388,-0.019303457949075366,-0.011447485783408566,-0.008233885965580045,0.013853302585356012,-0.0012298894419268142,0.06127445469371036,-0.01623984193987618,0.014261737934497525,0.014535645700744225,0.032212068853818776,0.08961121310479808,-0.007323258620428824
q305_498814,304,What mode is mainly played by the guitar?,Melody,High,analitica,A,A,True,0.1317991631799163,0.8682008368200836,0.1975006530110591,0.34418473640101205,2.175126223103095,0.0,0.09777062570202052,0.26271383760886213,1.9965637699886591,0.0,,0.0034806975262470473,0.024476308667858403,-0.011670299225242448,-0.00929450337677859,0.14415494183029276,0.2789729783370787,-0.03819471442927683,-0.03144094601929637,0.023184046612254178,0.007062151614132272,-0.005225552161885178,0.06359402007134338,-0.008689264924554869,0.022476672770579055,0.0,0.0585625116130511,-0.008447953802840052,0.013636781177411118,-0.01141500817639584,0.014054496079545242,0.013044684837640846,0.05081760887961024,0.09531967331780145,0.03250959540318969
q306_785413,305,How many guitars are playing during the song?,Instrumentation,Medium,percettiva,D,A,False,0.10380116959064326,0.8961988304093568,0.08083873762840547,0.3302983676787285,2.2876567390364135,0.0,-0.038209644109451074,-0.21973743963148284,1.5580913621216228,0.0,,-0.05662259943921506,-0.12140133534489697,-0.002901591429713214,0.02444091296041798,0.02124175667205975,-0.1536165683102087,7.279008741744881e-05,0.030839551063204844,0.04023626837981707,0.055185681068696875,-0.010671934939054942,0.03075822920697752,-0.022162980450377744,-0.014956395226427669,-0.014996151375759222,-0.04842150457228823,-0.0004410548817352748,-0.0381629416533122,-0.034837313286397824,-0.046040266410335935,-0.021654325288654713,-0.05775801381028715,0.02631784773271157,-0.10034222823450606
q307_785413,306,What type of guitars are used?,Instrumentation,Low,percettiva,A,A,True,0.043434343434343436,0.9565656565656566,0.14076920917381758,0.43356058297770095,4.158154080255209,0.0,0.022730560494134563,-0.28889242934632403,-0.1806377545542455,0.0,,0.012329673582440488,0.07233407681568844,-0.021710704577292433,-0.09128423685015634,0.06942021125153558,-0.2491822220807131,-0.03730861976254907,-0.020760047231143053,0.005885722074246946,-0.14679805177754904,-0.027748171163482632,-0.10703805263329935,-0.011091610723735773,0.04219672154724565,-0.009607585298928491,-0.02145973352364834,-0.010452914259235087,0.014161902708825367,-0.021068175541210193,-0.0178210496904724,0.0013841842334371274,-0.02145967242354535,0.09542911117304267,-0.030674493553880595
q308_785413,307,Which percussion instruments are used in the song?,Instrumentation,Medium,percettiva,A,A,True,0.33855799373040757,0.6614420062695925,0.13550981136367907,0.8774877551479843,2.2115818460931407,0.0,-0.004073490352623672,-0.520921574019314,-2.2115818460931407,0.0,,0.03226671990027326,0.1782830905643351,-0.025444189901553553,-0.1048396010941291,0.03345144060525444,-0.5247515883761705,-0.04434746095659782,-0.06961347511334952,0.011855631401552314,-0.10972323509052442,-0.02243852857184692,-0.1352506618767044,-0.02576842181936321,-0.012315378302996768,-0.008250633650692956,0.0,-0.010713672124685995,0.03752007104186203,-0.019531382105948947,-0.062285462132824036,-0.005652168684485623,-0.08685532490777545,0.07642568520284766,-0.15201158275035095
q309_964594,308,What is the configuration in the brass section?,Instrumentation,Medium,percettiva,A,A,True,0.19306930693069307,0.8069306930693069,0.1648785340615773,0.10542705483021675,2.869074174888121,0.0,0.04929095158021776,-0.05195279389258006,1.957863022897156,0.0,,-0.01685932294239542,-0.06690031624051594,-0.014951250375117207,-0.011789608120882462,0.10708474282089753,0.015194492910449983,-0.02598321792316713,0.011542637558368356,0.012010135628064161,-0.08889552564813118,-0.010165128040517633,0.015581463889230466,-0.013721057161879293,0.01558090531808899,-0.012830257419792783,-0.010388111156398434,-0.0023022118947048486,0.0279997157218313,-0.02116565568475116,0.0011323638857798114,0.008949569319635245,0.0317232596823523,0.0885155568341641,-0.04468686558533333
q30_14013,29,What is the name of the ornament played by the piano in the melody?,Melody,Medium,analitica,A,A,True,0.11309523809523808,0.8869047619047619,0.132639300151445,0.2547995830158084,2.0943143611323616,0.0,0.029216001936824738,-0.1995054218454503,0.7589935509717844,0.0,,-0.025083517238863602,0.027647080585179035,-0.02257890362711662,0.0,0.08092765104413488,-0.19224292303879525,-0.004049228241329921,-0.03490957939183409,0.021222384206201768,0.0033022354691156514,-0.005167038673171086,-0.042944885076895874,-0.019567166381625974,-0.02293803598884101,0.006419937138330797,0.0,-0.011066328292207233,-0.0470804962942648,-0.0156853710474308,-0.0332374859263682,-0.015003255163996863,-0.018670580898808062,0.06806284015072413,-0.037936173129388
q310_964594,309,What type of genre is this song?,Genre and Style,Medium,knowledge,C,A,False,0.2717391304347826,0.7282608695652174,0.09133806064439359,0.40984815536188285,1.469847903886551,0.0,-0.02181268193450113,-0.06159223900545123,0.1686430244711684,0.0,,-0.027617604652706317,0.1741279581782158,-0.011675966806985377,-0.07155022349609119,0.03476268935494624,-0.11737815395427136,-0.017281799829755674,-0.046791819733304485,0.015948608990529987,0.016540595724549276,-0.004845428118044738,0.016148966231275402,-0.027172965085307914,-0.025759750482019925,-0.010352335265276697,-0.07246066466304185,-0.05055723150920339,-0.015415966511263993,-0.010832398249034647,-0.04319920128043483,0.012667798947256724,0.021488383410831303,0.05333126835457954,0.04106539856465336
q311_964594,310,What's the instrument used to mark the rhythm?,Instrumentation,Medium,percettiva,C,A,False,0.2252906976744186,0.7747093023255814,0.138405108218576,0.41868228692707093,2.347921374972569,0.0,0.018401279462095604,0.31893162691024324,2.347921374972569,0.0,,-0.05962912180893319,-0.04987533000841386,-0.00037279256930700805,0.01817721576677061,0.07817911553294911,0.27610574460561804,0.00022407830738669504,0.07452399654626846,0.01848201351099303,0.023446490109064858,-0.005836168969611005,0.06113488382301161,-0.017286634850275706,0.07577825103985465,-0.008628288440717589,-0.014891409442224465,-0.04218658332307163,0.04450559441365666,0.0016405728495478633,0.02581944035387926,0.01253445253273835,0.055441538350553425,0.059681916152492284,0.04769683826244721
q312_1051203,311,Which piano technique is used during the accompaniment?,Musical Texture,Medium,percettiva,D,A,False,0.296976241900648,0.7030237580993521,0.07637276858766767,0.23839018819289473,2.8049867461436184,0.0,-0.051180512849532483,-0.17713000264629733,-0.08195915152760802,0.0,,-0.03166642137074149,-0.003341963262869188,-0.018347107696190995,-0.014512086985533518,0.012596127869067594,-0.18990604517119333,-0.013763111651667593,0.030630092773298694,0.01732454550850502,-0.09519738151323551,-0.014478379136198028,-0.01718308254910663,-0.020038913432323117,-0.014202240454835672,-0.014027042839427711,-0.022004087380253265,0.001130420349461347,-0.02128543496908382,-0.031305319165035456,0.01555017594235095,-0.028933084977829218,-0.008675022093478224,0.039147260843314685,-0.014132929628655175
q313_1051203,312,What emotions do the lyrics evoke?,Mood and Expression,Low,knowledge,B,A,False,0.22811671087533159,0.7718832891246684,0.26422355064377817,0.6885103044774338,2.640828700410612,0.0,0.11987834977118059,0.49591319497060804,-0.5619780928058442,0.0,,-0.03350805436624964,0.07184865808677346,-0.015448287055292458,-0.06403292596747334,0.19205095020747937,0.5203630916372475,-0.02321625901475669,-0.03226562878593951,0.030896339700580564,0.27579662984391856,0.004933286702409705,0.047061560277944184,0.01048150436054085,0.03465894843024017,-0.007589109473384851,0.05150428317427261,0.02641880346250148,0.1316362430655435,-0.010105308237647099,0.05924467312577493,0.008869040859444309,0.003932406471218015,0.055973792396735625,-0.10792154941830386
q314_1051203,313,What dynamics are used by the piano to accompany the bridge?,Performance,Medium,analitica,A,A,True,0.11262135922330098,0.8873786407766989,0.1718905793468341,0.11795798642439984,4.090244563642437,0.0,0.04213406489388237,0.04619285073030799,1.7271333858603553,0.0,,0.0003110195961196528,-0.006970779067234881,-0.028237398911084677,-0.02891178877981104,0.1067013025242386,0.08207541857735391,-0.0366408583153912,0.0,0.0397903922353991,0.11757009132118651,-0.01740595727957882,-0.018593368427896852,-0.023775557374229355,-0.05054643588410016,-0.01970904917354872,-0.055721688377161765,-0.0014767977267489147,0.0975237616645271,-0.02499729775761015,-0.04694346567616013,-0.00785432299160727,-0.03329691974718113,0.09756265496180652,0.036200875857094424
q315_1351134,314,What´s the rhythm used by the drums in the song?,Metre and Rhythm,Medium,percettiva,A,A,True,0.19570135746606335,0.8042986425339367,0.2992281286711631,1.1297452671527946,2.2624525897026846,0.0,0.13032600565629637,0.7006982722252616,-0.16850980760789963,0.0,,-0.028381604212658503,-0.21209644869398497,-0.002127802582376796,0.03219086502632268,0.21477706716372974,0.8830309046627054,-0.05394165471239805,-0.0024270487697815382,0.021814224679806753,0.02444353265186113,-0.00307221832411151,0.08104223944112557,-0.0012563618932652752,0.12305706605527267,-0.008217218286492772,0.11375269149757924,-0.0035071196876748072,0.11365629446865119,-0.007621072563432429,0.0476568055516217,0.02391023393312782,0.10163008185658064,0.10827553779833858,0.09545956070256942
q316_1351134,315,Where is this type of music usually played?,Functional Context,Low,unknown,B,A,False,0.16853932584269662,0.8314606741573034,0.22839187048279647,0.21040417484282636,1.7145503660062151,0.0,0.054411948262380314,0.042538553941023696,-0.8591559046449814,0.0,,-0.06841527495733436,-0.006313516832798429,0.0002803219571969372,-0.051633153753585515,0.14112158741539146,0.12647136439192502,-0.018574686152873717,-0.025986139864517383,-0.008901039122635974,-0.02522137298947432,-0.002823846926079441,0.04444964228889764,-0.0071890507170829275,-0.0005205987681093337,-0.0018203354077281075,0.00909760520532528,0.013001467909548366,0.005376846532445004,-0.021554785233579406,0.01653936716195427,0.013144111217710225,-0.010120852727559153,0.07055542654222759,0.0029379172375443192
q317_1351134,316,What percussion instrument is used to divide tempo?,Metre and Rhythm,Low,percettiva,A,A,True,0.11312849162011172,0.8868715083798883,0.22738105578772783,0.05814052692470777,2.270388313060537,0.0,0.09203886277673813,-0.0010805032136173669,2.0000508819258096,0.0,,-0.014632830943449929,0.0285300118555452,-0.018597072210725894,-0.025760910157709996,0.15970995928223297,-0.0022535229537796048,-0.034441193351319024,-0.001596081957672968,0.01569090560139986,-0.028965495390945905,0.007509947453243006,0.12082948884802686,-0.010037267260806827,-0.023659110598320474,-0.007848158839463553,0.005473401121906293,0.0053368628314072195,0.05552898156161504,-0.024275174705913304,-0.04406675553710564,0.007985374750104527,-0.019276492252719376,0.09767637294676719,-0.06694452096607416
q318_307395,317,What type of technique is used by the guitar?,Performance,Medium,analitica,B,A,False,0.0953125,0.9046875,0.2626663296647917,0.5113885769999554,3.6732750907590965,0.0,0.0965642038924565,0.34714488139914235,3.499844016202556,0.0,,-0.07328596230387231,-0.08212184780040654,0.0036282381807939985,0.01051604833582264,0.1759870285978301,0.374120030949432,-0.009765100582295292,0.04463064991429424,-0.0056736107199379555,0.03452163801645519,0.007139447616365284,0.10863885089178499,0.01308045450844717,0.09842121877895792,-0.001350855811214741,0.03624895331857341,0.011941707433860499,-0.011666406897210728,-0.020063911998757962,0.03050065874293592,0.017303997358358324,0.031177386668295306,0.07418697550533589,0.019302581879350307
q319_307395,318,What kind of clave is used by the percussion?,Metre and Rhythm,High,percettiva,A,A,True,0.06182795698924731,0.9381720430107527,0.23205161059271845,0.10187964243181438,3.7432627531510128,0.0,0.11677670793559018,0.10187964243181438,2.502764577452364,0.0,,-0.02111863407576714,0.024380369364557557,-0.0063511161045970745,0.0016927683368322486,0.17441415926415432,0.06589929472032555,-0.030167701148199926,0.00990721001009904,0.02634280143817603,0.018306889872861828,-0.0018801062761545587,0.038206356014426526,-0.0007356466928736677,0.04294960986187172,-0.006047629312850534,0.0,0.0022134422523809464,0.03242726987878813,-0.01788692372387325,0.006643247285910677,0.014933039217929942,-0.00011049534690802873,0.09983773103285526,-0.036543235135136465
q31_644172,30,The melody starts with four notes on D. Can you guess which note is played after?,Melody,Medium,analitica,D,A,False,0.19899665551839466,0.8010033444816054,0.2081824848732794,0.09765454641523319,1.8058547000201743,0.0,0.019805731724526515,-0.04615551685431667,1.8058547000201743,0.0,,-0.06777498828245498,0.02574951478045826,-0.022126369429632118,-0.011632676106611211,0.11399410829890295,-0.04098368139163501,-0.00428701886228934,-0.019288674136528704,0.02130437928434282,-0.028295298052044872,-0.0026525291074061064,-0.014392762525094088,-0.005401181198625518,0.015310246670462786,-0.008750893018058372,-0.023864141428829467,-0.011780970185767431,0.03929719744333771,-0.012686248408127446,-0.03463927955770656,-0.006109831420811111,-0.015078309579623639,0.04588300577897968,0.015506830175181455
q320_307395,319,What is this genre called?,Genre and Style,High,knowledge,B,A,False,0.13520408163265304,0.8647959183673469,0.2678304694475346,0.6349811083823178,1.5113346477130905,0.0,0.1415094377453296,0.5768687072805154,-0.6357188942862568,0.0,,-0.04961794940558119,0.05558727953494311,0.009785909600304376,0.0322102602417842,0.1948840439961277,0.5181273680546893,-0.013542566445521294,-0.029056200550901246,0.010064729571013408,0.13199027343735897,0.00882027109648692,0.10465354264320155,0.010267537444719041,0.060077443800121914,-0.006536727682089463,0.016524393333061202,0.027517792762431943,0.09041020765205261,-0.013542566445521294,0.04866261204701129,0.018575542177784374,0.04000268576384891,0.08634285882050466,0.08454754860385891
q32_644172,31,This verse of the tune is written...,Harmony,Low,analitica,D,A,False,0.4326923076923077,0.5673076923076923,0.2752650385495208,0.6103950642953191,1.7324835687898041,0.0,0.11091071257691272,0.6017630645795524,-1.4034318448587235,0.0,,-0.07621209298669433,-0.004315999857883376,-0.005965069999609682,0.06385519942703012,0.18118138075406678,0.4450300857612668,0.011906494809149945,0.09719377924913886,0.06824737663688556,0.3258609391669765,0.005072683240169298,0.04734468581010336,-0.007963011274622324,0.0,-2.363500018092747e-05,0.08554185529122214,-0.017805891250407574,-0.05525978314141136,-0.0008380592997585673,0.05394263857195454,0.014509483267134088,0.07732253643627927,0.04971176625769317,0.06701019244442795
q33_644172,32,What is the time signature of the tune?,Metre and Rhythm,Medium,percettiva,A,A,True,0.14781491002570693,0.8521850899742931,0.20444624038746564,0.38434806165481195,3.1614783791903323,0.0,0.014496992303222118,-0.24376774907189164,3.1614783791903323,0.0,,-0.05204569275726473,-0.11375457179757044,-0.021983066359445212,0.00369202932460979,0.10947161634534389,0.06659812696685037,-0.02094586492541182,-0.20030333356578134,0.0422337239783485,0.12460175652908079,-0.009923521302779147,-0.048348200722818827,-0.019046559545099907,-0.003178402643357836,0.008664876549707061,0.02301640296461417,-0.018681853560288283,-0.09550990757672773,-0.030847403934996142,-0.09618891084201349,-0.026329993051941197,-0.05299445892278288,0.06842772317027125,-0.0951660278578858
q34_355486,33,What compositional technique do the piano and the drums use in the introduction?,Musical Texture,Medium,percettiva,A,A,True,0.1154970760233918,0.8845029239766081,0.1476869466573394,0.42173109769599676,5.256846086088455,0.0,-0.012426023016017751,-0.42173109769599676,1.6778120929375833,0.0,,-0.035184657956242156,-0.05737057909433203,-0.030512121510215068,-0.049364421212553425,0.06763046182066082,-0.24469897596573614,-0.014359705370221354,-0.07029712142337513,0.01959557970135503,0.011868174073651538,-0.012031555393149977,-0.07816734028832407,-0.01913714165372098,-0.011230814934036807,-0.007362512833386362,-0.06481711467900686,-0.004073074214875958,-0.034781335333904054,-0.026382505427491355,-0.08513281207345672,-0.021270965438081973,-0.0404727089999343,0.058236152243333825,-0.11899714546098546
q35_355486,34,In the verse there is a dissonance that doesn't belong the key and mode of the tune. Do you know which one is it?,Melody,High,analitica,D,A,False,0.20360110803324094,0.796398891966759,0.23102828774404555,0.3065595247331674,1.7817781962033943,0.0,0.060025837329192075,0.3065595247331674,1.0000489799402348,0.0,,-0.06654679877200266,0.03647855370548243,-0.01895442643542408,0.04001797391483075,0.14552706253661882,0.21761150738907226,0.0,0.012451489723781935,0.03305585664581211,0.0814022047830272,0.005700257880188728,0.052949442860668536,-0.006039268476663057,0.028532787484256746,-0.009560539250337776,-0.016061866678957683,-0.009342994683076467,0.03489401570073718,-0.0063449342487915256,0.01440304752869885,0.0015903679210043124,0.047974830152887726,0.05096709154105576,0.06246506290184883
q36_355486,35,What element does the piano player introduce in the piano solo?,Harmony,High,analitica,A,A,True,0.12130801687763713,0.878691983122363,0.18233482954663632,0.15783016865694194,2.5506058737597295,0.0,0.04711693083555347,-0.018869033577848422,1.287437550704647,0.0,,-0.03678165283434869,-0.06220143101446477,-0.020107865485241492,0.020325289784937802,0.11472588019109489,0.04915527775460895,-0.010719431035951238,-0.0261481701029304,0.024386390714751963,0.006625831193522528,0.00016062936562042697,0.008400512402463908,-0.011672592218914497,0.043534070486911006,0.0,-0.037165592130910585,-0.0026557428248661467,-0.02736954494893397,-0.01204601844762943,-0.009758634319826511,-0.015612072589953145,0.014893937009288337,0.0645563368365443,-0.018029613270363135
q37_337998,36,Which percussion instrument plays during the verse?,Instrumentation,Medium,percettiva,C,A,False,0.17356687898089174,0.8264331210191083,0.10262695824621582,0.4827337142350013,2.14542416540955,0.0,0.04159562500492832,-0.02529154409207398,1.014163367587326,0.0,,-0.02091279397602957,0.22872108507146366,0.002737983589602965,-0.08779448806691248,0.06937330803596911,-0.12381748443070267,-0.009602872644614183,-0.042400656665922486,0.03890801754402291,-0.05698645849748589,0.01407574379242028,0.10239478475588025,0.0012256662477582222,0.06936059506917626,-0.005178566114310841,-0.0032467186104532253,-0.06295705287658027,-0.011892381811424237,0.0035026386258721768,-0.021737183563760844,0.004709620105603114,-0.022351773754676802,0.047309557680142715,-0.08083240767932948
q38_337998,37,"Here, the singer uses a specific vocal technique. Do you know what it's called?",Performance,Low,analitica,A,A,True,0.1243961352657005,0.8756038647342995,0.22877864009344331,0.6763409782878734,3.50908643800168,0.0,0.11663660083441738,0.4408679853067706,2.6672405274245587,0.0,,-0.024279244748763543,0.061651284347515524,-0.016458542475487743,-0.04336037275632554,0.17270762046393034,0.4969531974498065,-0.015333232405261684,-0.07437612373422585,0.02505944531523769,0.021063425510430278,0.002212836715118997,0.0367162734476301,0.0,0.08789806096737743,0.005071106462049323,0.008778290072490747,0.00647433090465215,0.07452436715976266,-0.009862996526816764,0.03362791702355468,0.0005576463670918623,0.06644197914165204,0.08712423159708409,0.11181767198387274
q39_337998,38,What type of instruments predominate in the song?,Instrumentation,Low,percettiva,B,A,False,0.4697336561743341,0.5302663438256658,0.22058677884410988,1.349299979522283,1.6636654129245008,0.0,0.07710115860851162,1.011621878022249,0.8578209361526345,0.0,,-0.044267907673847584,-0.16883905075001698,-0.027474902443951534,0.04457384902972805,0.14584318550130698,0.8711826976948478,0.003000783225003764,0.2647043820476901,-0.005654688852847804,0.04922307408458493,0.009515474265488157,0.1166586244633889,-0.01701861970177628,-0.0372881447861701,0.013341752702665766,0.10279589791346666,-0.003808165097929062,0.10389651812350514,-0.0060721851095572295,0.1496687468840078,-0.00041101171060106863,0.23580892702124118,0.08720860211306916,0.2908582343182244
q3_1204663,2,What type of beat do you hear in the drums?,Metre and Rhythm,Low,percettiva,A,A,True,0.1169642857142857,0.8830357142857143,0.10515885114517484,0.3295793508014715,3.2253592830356688,0.0,0.02702282935123654,0.26777639939117703,-0.019680349573910627,0.0,,-0.013364263033903,0.008412295720477463,-0.014463029137104422,0.06575154822106091,0.06609084024820569,0.2245140311547859,-0.011240718725961728,-0.030901475705147233,0.04014795055472186,0.17084983469724582,0.0028799072201842286,0.06269750728997313,-0.025253211885518746,0.014965363188288554,0.0,0.01256847084318636,-0.016338340078679035,-0.025212824099142654,-0.02447147889320586,0.015625748589169722,-0.015710472552885556,0.036594067257715746,0.06576847498661964,-0.020311768375259623
q40_457120,39,The piano introduction features a typical accompaniment style from a specific country. Which country is it?,Genre and Style,Medium,knowledge,B,A,False,0.2637195121951219,0.7362804878048781,0.12254756933370088,0.4105520231431429,1.9219954860186064,0.0,0.012635656248929861,0.4105520231431429,0.3336154577364363,0.0,,-0.01310750037458057,0.013810881852749875,-0.028653604159616403,0.014440113971018055,0.06759161279131537,0.31626781191338366,-0.013194852008188537,0.06603321540599127,0.013860087996025956,0.1584490490662774,-0.004941169624466569,0.04405407217127254,0.0,0.04658391417994299,-0.0028640472057720745,-0.03226849875892973,-0.00812047118897494,0.058642035128476516,-0.02471262818704508,0.027850512638183177,-0.018103430587344482,0.022058741456191105,0.05751731504650705,0.08518219726172883
q41_457120,40,The guitar is a typical accompaniment from a specific country. Which country is it?,Instrumentation,Medium,percettiva,A,A,True,0.19186046511627905,0.8081395348837209,0.19375588945868014,0.301118355201374,1.809075485423215,0.0,0.08659725782947833,0.2671356812345186,1.193799474883864,0.0,,-0.02235043167150706,0.06323136473449792,-0.02152555927386169,0.013841517166143692,0.14017657364407923,0.20705413631730468,-0.009703324869232161,-0.016991336983427703,0.01861149064558619,-0.002183917654040267,0.004798416107091609,0.06365254615420743,-0.012132715019650752,0.042098225747892605,0.006994505749617378,-0.00322871816775107,0.007169425573924755,0.0736433321606775,-0.012992698774316646,0.0,-0.00224911534344453,0.042962947982959056,0.07639794889067034,0.05019126501057333
q42_457120,41,What is the singer pursuing with her tone?,Mood and Expression,Low,knowledge,D,A,False,0.33738601823708203,0.662613981762918,0.24191900676211384,0.3061304494224532,2.086004118298699,0.0,0.04730098986433431,0.035289949992805034,1.359811998159082,0.0,,-0.07249951558093463,-0.01773023524132572,-0.024809492867955134,-0.03668806169903541,0.13974975034208031,0.17071019970762913,0.004860247971143754,-0.08100195277446297,0.042836784495080577,0.10061737989032658,0.0026416413531649557,0.007306441089882286,0.0019946305463811424,0.09739096489774447,-0.0004510003885553719,0.07107135404883337,-0.008113341867603947,-0.01756096052368302,-0.015067542232063273,-0.045723219143067685,-0.0070157409870726314,-0.04340958393870331,0.030475558945002843,-0.1344024263285276
q43_1235672,42,How would you define the harmonic rhythm of this tune?,Harmony,Medium,analitica,A,A,True,0.3560126582278481,0.643987341772152,0.27094133518799535,0.756763959198705,4.417159799852225,0.0,0.09361568680529898,0.22960977448225078,1.1603376461772577,0.0,,-0.026006276882903287,-0.01093690481677212,-0.04121249365871077,-0.1048808992641672,0.18227851099664716,0.49318686684047786,-0.02144405364973412,-0.14775928827728774,0.026852989742225566,0.06331526152595855,-0.004872884649965667,-0.07952253446454238,-0.009458332790766228,0.041896453608138595,0.008604881209319487,0.06572893013553549,0.011846755070802061,0.11253470359057476,-0.019237258352043065,-0.02932407482639936,-0.009134111199472019,-0.026163435584541123,0.08901364777519885,0.0811444704975263
q44_1235672,43,How could you call the section after the second verse?,Structure,Medium,analitica,A,A,True,0.07269155206286834,0.9273084479371315,0.1332797056398815,0.14846174839435433,3.7745340273665815,0.0,0.07157007679974328,0.10580656825776807,2.555391161365743,0.0,,-0.024676136610319026,0.08581505776913223,-0.003750700125683428,-0.021327590068293132,0.1024248912198124,0.039300945809467025,-0.0024279776840666605,0.0020181547474619407,-0.002082222770002671,-0.12224239342136921,0.0,0.0,-0.008000658792345851,0.07007853386997147,-0.0016714393831566074,-0.0712041613082951,0.009016602763943426,0.0973254364847416,-0.004127372956283585,0.0217967873251577,-0.007109692309683521,0.050216772045476095,0.08554486024727208,0.059835593262085526
q45_1235672,44,In what decade could this song be created?,Historical and Cultural Context,Low,knowledge,A,A,True,0.14999999999999997,0.85,0.34461542268336254,1.2321617158959177,3.7813522242536814,0.0,0.03650883836437885,0.029405111117739857,3.7813522242536814,0.0,,-0.06704186590791071,-0.23139725984734738,-0.04503620383730099,-0.13677379346653826,0.1905621305238707,0.6307834135068288,-0.041975222414280144,-0.23320724907520324,0.013286619130303615,-0.10071860519769645,0.0053979475030795,0.03703235216692056,-0.018866529733421813,-0.019573362438328454,0.011611217478775162,0.09260700356897396,-0.0054485230293706,0.0,-0.02182863379855683,-0.0167229879005698,-0.02307346852899836,-0.04843392354225783,0.07543020934256818,0.08521463446069787
q46_510027,45,What level of musicianship is required for a synth bass player to perform this song?,Performance,Medium,analitica,B,A,False,0.15076923076923077,0.8492307692307692,0.1357869263142985,0.30036349953088787,1.5780051263758326,0.0,-0.02134303876785275,0.13729110282496945,0.27262777605507915,0.0,,-0.02228622751416972,-0.04945953230897921,-0.03401688674194221,0.01682620292363047,0.05722194377322288,0.20200109825429818,-0.022261868284963696,-0.03207666604398,0.003960681599733361,0.059144733473254024,-0.005710937633235406,0.023525131337884902,-0.005117942208211072,0.007026030082313806,0.0,-0.010856478310363023,-0.017047557538594903,-0.01370293045879777,-0.030662212914041267,0.023817952955960058,-0.021107093868040945,0.015259583316761218,0.05434202379453748,0.03307708042795625
q47_510027,46,What is the intention behind adding new voices in the last section?,Musical Texture,Low,percettiva,D,A,False,0.12431444241316272,0.8756855575868373,0.2212382810796396,0.14005508524842192,3.334336186950252,0.0,0.02937996202269133,0.04685514189697612,0.582903683386675,0.0,,-0.07701401721237705,-0.037553745307223434,-0.018915142316097085,-0.009046226368499458,0.1245322507939899,0.08115293807929809,0.0007768707571755721,0.012302175493400926,0.030547367096888437,0.025284602729817376,0.0014077415887958971,0.026445203458517565,-0.005529908944535368,0.026580714824883386,-0.010834297896934013,-0.025191051811631882,-0.018279475416623024,-0.006902624912949989,-0.012152208488990915,-0.022139190188256896,-0.0008314578227862539,0.01011844698456272,0.04505220190687659,0.012659040812033853
q48_510027,47,Does this song have a differentiated chorus section?,Structure,Medium,analitica,A,A,True,0.13658536585365852,0.8634146341463415,0.200262909289286,0.27015041177552307,1.9114751294248582,0.0,0.05544769526414127,0.15581680964037364,1.9114751294248582,0.0,,-0.035976567446034904,-0.05290189497057107,-0.029210857261703863,0.01195007655151337,0.12785530227671363,0.20103353415643502,-0.007220182304833591,-0.004264906097003654,0.030949359248265716,0.07994605489771212,0.000561370100209414,0.01265716142450779,-0.014864721512074021,0.023425680869042755,0.0,0.039407966975766734,0.005916805795145384,0.05972882157869218,-0.010069975908317473,0.01638839851134139,-0.018264605829818405,0.011258428540228349,0.06121946337073068,-0.08699570315691767
q49_1149194,48,What is the most obvious digital music techniques used in this tune?,Sound Texture,Low,percettiva,B,A,False,0.08520179372197309,0.9147982062780269,0.23293149672306857,0.8819186560001084,4.7201005671646925,0.0,0.05551748470905969,0.8105176503772924,3.6260500871980907,0.0,,-0.018780795827258754,-0.008526985470753111,-0.0405732232218586,-0.02717351734065489,0.14422449071606414,0.8444623801745426,-0.029352986957887083,0.0017557730141579096,0.007826173945230979,0.11897540701264599,0.006174195830717125,0.07898247875249181,0.0033176239850831275,0.07579435179580574,0.0,0.03753380392167197,-0.0022728196894660803,0.13942008129005767,-0.020109359777378117,0.07241938508500795,-0.004271648955909007,0.12357675890021912,0.06485331937078166,0.16381538361939224
q4_196219,3,What kind of accompaniment best defines the beginning of the song?,Musical Texture,Medium,percettiva,B,A,False,0.23790322580645165,0.7620967741935483,0.18178584040541795,0.401555513957665,1.3529401834884838,0.0,0.04397466365228649,0.2299231540595062,0.9460513092566324,0.0,,-0.0190781248924759,-0.08581617994907939,-0.032720559627221917,0.03344510183848387,0.11288025202885221,0.2477736450956339,-0.017106903856867903,0.03452058707446781,0.008907219051014346,0.06936986405022602,0.009418495412680502,-0.011435197288220454,0.0029549459177123,0.03933430618881856,-0.0075935416525180705,-0.012276264532853102,-0.002457810380863946,0.028687124764071092,-0.026131792187734967,0.023811364042097764,-0.00459810073964137,0.043106789369247764,0.0634752482316377,0.049325167466118536
q50_1149194,49,Where would you imagine this song being played?,Functional Context,Low,unknown,D,A,False,0.21078431372549017,0.7892156862745098,0.2017792643948887,0.2670239841538885,2.48461357979974,0.0,0.045072462688067916,-0.05260422280871749,1.4329623612205293,0.0,,-0.06673829333024427,-0.04045851413079721,-0.011615107523166128,0.024568732267294575,0.1234258635414783,0.08264114840529094,0.0,-0.11935558935050579,-0.0066953567458695575,-0.24001710547675728,0.013385061832410254,0.058101719473884296,-0.00608931883334854,0.04246869597219518,0.002172497509853308,0.011773390307845445,-0.022421388801890388,-0.07951511887551295,0.0009033197630138115,0.05156842388613883,0.0036234409368855946,0.01993211560222639,0.06019420702701342,0.08308365630126263
q51_1149194,50,What would you expect a professional jazz musician to say about this tune?,Mood and Expression,Low,knowledge,B,A,False,0.10234899328859062,0.8976510067114095,0.11603219721288166,0.17092503753187382,3.8235138483296702,0.0,-0.05907188170260531,-0.17092503753187382,2.4221392882177866,0.0,,-0.015053693225370198,-0.012754193498214389,-0.04098339697392426,-0.0324800112127593,0.02848015775513818,-0.03752882242425035,-0.03151494925844903,-0.0881620103966498,-0.009907293722678569,-0.010713583064325394,-0.005967982987944367,-0.03385192308967267,0.0,-0.002931572868567635,0.0,-0.0071159190525553195,-0.018112435335689372,-0.017934530582050624,-0.03934987269463636,-0.04194012332743635,-0.029336051065870547,-0.02723815824518394,0.04360175410421391,-0.029199227302081895
q52_1107251,51,How would you describe the electric guitar motif?,Melody,Low,analitica,A,A,True,0.317490494296578,0.682509505703422,0.2806964582073455,0.9189867313058254,2.3937986401586997,0.0,0.16665856332115045,0.8217194541571043,-0.6600126307959608,0.0,,-0.03489381894000028,-0.04863363857436058,-0.01058761559001764,0.0,0.22367751076424797,0.8662901225971411,-0.011537512913079622,0.004062970134323815,0.04975215736025233,0.17376670946123532,0.022360082832751725,0.1802805481294973,0.0,0.07364297557712852,0.01724601190201271,0.048217060808764485,0.021800253572740205,0.17042295345034547,-0.0027382985467682315,0.08574840124151961,-0.009213812262533292,0.07481686541719686,0.06745216846269497,0.014823940071416832
q53_1107251,52,Does this tune explore any themes other than love?,Lyrics,Low,unknown,A,A,True,0.1950757575757576,0.8049242424242424,0.17542147091874927,0.14503939206423583,3.7848238747274734,0.0,0.056360298572522866,0.11446778229173628,-0.11792445726881767,0.0,,-0.02426072342442004,0.009480450049819227,-0.026098348439283,0.004174879013445178,0.11589088474563607,0.11609825811472163,-0.009171514309410154,-0.015285804886249768,0.044280107420904075,0.1847689582026216,-0.00045544181180154873,-0.009344963981730856,-0.018355796431303896,-0.007243082395232869,0.0,0.016378552027669403,0.0028270041960988864,0.027332046563713543,-0.011670412416058372,0.010360109757729764,-0.012059796945703395,0.024505006810858185,0.05179463456038713,-0.13228884469389252
q54_1107251,53,What level of humor does this song display?,Mood and Expression,Low,knowledge,A,A,True,0.27608142493638677,0.7239185750636132,0.2384232943103966,0.630151169899592,4.202753518621824,0.0,0.13350046777060331,0.48413744009417015,4.202753518621824,0.0,,-0.03233109330620845,-0.04810685479468625,-0.0201303199636882,-0.0249000101080247,0.17579269818458593,0.5280552721252844,0.010169182855914036,0.029089032871596743,0.07040057990409707,0.34795099407724756,0.023344471457264857,0.13681127493027523,-0.0167940362435962,0.0,0.009765369741837988,-0.02489034539772012,0.016496236176348912,0.10319406175414395,-0.0215898788521561,-0.028330422825645858,-0.012728580468482228,0.014701233012293863,0.06460630605528903,-0.06529935545642447
q55_189585,54,What is the harmonic interval between the voices in the first two notes of the verse?,Harmony,High,analitica,C,A,False,0.1362126245847176,0.8637873754152825,0.17743035142530794,0.335241868384416,2.7373572284578667,0.0,0.04630358778228914,0.16600112201518097,-0.48141823709977494,0.0,,-0.05981461311722159,-0.05194114998510008,0.0044314775990479454,-0.03267922319951747,0.1074354920047506,0.23507179171601905,-0.005748768704287808,0.015549703483779454,0.05374539830727956,0.07909005319542009,0.009724568530538148,0.049202851247007406,-0.008928870718061376,-0.007679087483402654,-0.014205402663846614,0.0020253257541540757,-0.05161883045768089,0.07175111163869327,0.0,0.01793251148590234,0.007396645857328997,-0.011206485605638115,0.05019007892673131,-0.035115158216955426
q56_189585,55,What harmonic technique is used during the chorus?,Harmony,High,analitica,A,A,True,0.09647495361781075,0.9035250463821892,0.17994770849614938,0.2207768866544135,3.833398548909278,0.0,0.013870107693535631,-0.03008210907802747,1.7552774371833078,0.0,,-0.02533691303207862,0.09534738878819302,-0.03521776127080761,-0.0178496804186155,0.09690890809484251,-0.009109708241146694,-0.022484126098420647,-0.0984701092064583,0.015175890817083367,-0.03528012045358885,-0.01162225639180055,-0.005587808346742232,-0.011215107589532236,0.06658866218094836,-0.010575517031958855,-0.06589743292255426,0.00435098058987631,0.07604012995273426,-0.021154458447367127,-0.03151621779510703,-0.013388180926768101,0.003462165033636895,0.06229875667400281,-0.037891486727354616
q57_189585,56,Which guitar comping style can we here in the tune?,Genre and Style,Low,knowledge,B,A,False,0.1206088992974239,0.8793911007025762,0.1082758183895793,0.24170268152577015,2.071706740708105,0.0,-0.019385938098535914,0.1736469112199193,1.503515611180035,0.0,,-0.020170259636962964,-0.03402788515292543,-0.031758110614848886,0.04469366006139977,0.044444940145521694,0.12507139123452798,-0.011902507992245756,0.03790974507691697,-0.007936399733906412,-0.032889228487539446,-0.008062807474062347,0.0,-0.004649594960078053,0.029748823183998595,0.0,0.013852456446557712,-0.011567651015127424,0.029098633978936236,-0.029313746522058023,0.023755907991265396,-0.011180203444473917,0.05741735502752602,0.053324465051170264,0.052662963079174785
q58_170946,57,Which country does this tune remind you of?,Historical and Cultural Context,Low,knowledge,D,A,False,0.10637450199203187,0.8936254980079681,0.24283772152279176,0.4804544310751298,5.6100810254893,0.0,0.0910386070446717,0.4804544310751298,2.868477573696507,0.0,,-0.06330109478857268,0.007504495689648439,-0.012598462450487331,0.08200038075863464,0.16215297072880444,0.3616238149339851,0.004785193554927284,0.02932573969286164,0.027803718960855234,0.04722390435624606,0.007714391065410265,0.08441491933243486,0.007042958140680117,0.09125174531621645,-0.00966952097633061,0.02621880604174167,-0.007082446894098088,0.051528926398599885,0.00048646070906271585,0.06073364305939264,0.014082256898782348,0.0744545454928963,0.050660789140309734,0.044627941077601985
q59_170946,58,What effect do the brushes have on the song?,Sound Texture,Low,percettiva,B,A,False,0.11363636363636362,0.8863636363636365,0.13926022775526667,0.39902666761456285,3.3435135018146784,0.0,0.024700237803533642,0.39902666761456285,0.9041926256384063,0.0,,-0.0017234882605636007,0.03566296562052981,-0.03180749808906508,0.0216036709120419,0.08198023277940016,0.3304204682016324,-0.023749008626237834,0.011339562880358768,-0.013189142299348991,-0.05240695730090339,-0.007751060017231582,-0.019102093533986574,-0.004989609137659714,0.03383528089013886,0.0,-0.016582031489872914,-0.0009723208769898666,0.07703183397651331,-0.01773629897482585,0.08731997918957185,-0.006622516191557689,0.09125314240310915,0.07596118530114733,0.19767751347999263
q5_196219,4,What type of articulation best defines the melody of this song?,Performance,Low,analitica,D,A,False,0.23364485981308414,0.7663551401869159,0.1785231769933519,0.34953154634127864,1.409552441904249,0.0,0.021409528730432434,0.06142030239659972,0.0319676170515265,0.0,,-0.07045306048933822,0.059879888666238626,-0.008103763642121524,0.11846857269781452,0.08848779784302453,-0.14405562197233945,0.011478555018867645,0.027127463004886037,0.038043369515622254,0.07596116893401189,0.002879131338766731,0.04390178151064958,-0.011271903865491902,0.03528996490498841,-0.011311314214164179,0.0,-0.028815342070035017,-0.10045539912892643,-0.008443647216137435,0.005913958941282278,-0.0007715793612951567,-0.03553296584912824,0.041100814603167134,0.03634179308372223
q60_170946,59,Which instrumentalist do you think is the leader of the band?,Instrumentation,Low,percettiva,A,A,True,0.0738255033557047,0.9261744966442953,0.21511980553425183,0.3515019376236853,2.2747682984607183,0.0,0.08207520868411593,0.27552630828926494,0.8581832176360413,0.0,,-0.031368327070429344,-0.03118136759859409,-0.02605534281033687,0.01494737088754224,0.14859750710918387,0.2985667520689329,-0.00909862854430173,-0.006806447068616089,0.01654466715432358,-0.0011802709953504797,0.010195305887704325,0.08780824356347411,-0.011496783777080527,0.0470693677811022,0.009374605065921835,0.06095083369859731,-0.004836052788871196,-0.0199592570814131,-0.004557913823664501,0.05899824319175363,0.00013444587726891936,0.07463921133509739,0.0667169350885135,-0.032800063203996074
q61_1278743,60,What music genre does the introduction remind you of?,Genre and Style,Medium,knowledge,C,A,False,0.1518324607329843,0.8481675392670157,0.1868974054211328,0.2869630751350679,1.2701215816011524,0.0,0.07109209002838407,0.19900016368134868,0.6028240643245659,0.0,,-0.05790265769637437,0.010436857432244165,0.0017460598310599573,-0.0439814557268596,0.11267933001236574,0.20198546487738012,0.014569357881332743,0.030559297098583994,0.05014299300499425,0.027318043271569697,0.01061182920100569,0.047948309919837236,-0.00912074285047881,-0.020633199618885066,-0.012923165253984237,-0.029011259107535797,-0.03508476884727792,0.15044774678850287,0.0,0.0020232171718895936,0.012237809216729428,0.006687761252931747,0.05522813555739567,0.014219544003038405
q62_1278743,61,How much fusion between genres and countries is there in this song?,Genre and Style,Low,knowledge,C,A,False,0.15891472868217052,0.8410852713178295,0.11177572202444916,0.34847627307965057,2.006866249743669,0.0,0.004220576658996916,-0.2594273738378162,0.8533207870130644,0.0,,-0.05377757268272612,0.012163521597773638,0.006295400777108736,-0.01991534549981852,0.0490978017818375,-0.28403647795891485,0.0026049467827767986,0.032360928023143526,0.05060352705304637,0.041489996557763024,0.0035310367916742916,0.01650613018008773,-0.014147827847947415,-0.045092058165836855,-0.013531452208099811,-0.04573827414781463,-0.056347321991135374,-0.015547554629630858,-0.009353065311566901,-0.07478365946707172,0.0,-0.06460325659015045,0.04346568017302575,-0.07165869757516245
q63_1278743,62,What effect introduces the kick in the song?,Sound Texture,Low,percettiva,A,A,True,0.504297994269341,0.4957020057306591,0.17880669933417262,0.2808052365633246,2.807123770154554,0.0,0.058376249769642855,-0.012016296226075418,-2.3791682321143406,0.0,,-0.05300304073185434,-0.14641076639470002,-0.007212184050410537,0.038463277730708886,0.11069652238884668,0.0315065787616567,0.007894952163061048,0.06442461367625901,0.009923596205833189,-0.061373415308253326,0.0,-0.02300976499247957,-0.02013999892316034,0.005234848310068627,0.008541035112907113,-0.03178229784351157,-0.002938630837948217,-0.012525506135350358,0.00014138685919819725,0.04276097826954131,-0.006072617044275454,0.04892779802488301,0.06892147839708837,0.019751063449026447
q64_261271,63,What surprises you about the harmony in this song?,Harmony,High,analitica,B,A,False,0.14968152866242038,0.8503184713375797,0.08319736230356724,0.19633649666778397,2.438451602199483,0.0,-0.011404045985972923,0.17968881183336155,1.0393560812323726,0.0,,-0.0027570459351127577,0.09732595027748468,-0.026368493098398088,0.0802686374662646,0.035896658158797154,0.010418066506823476,-0.01817516511125923,-0.008323842417211208,-0.004027363839602765,-0.02585759666363586,-0.008516633224920932,-0.0379412365354194,0.0,0.01489469252858038,-0.006496554099206645,-0.04001418633352401,-0.017466658763684126,0.002455048594304397,-0.02696128844462948,0.009857439696968878,-0.008075549898625497,0.10014729634049381,0.06014000228469653,0.15614735420559336
q65_261271,64,Which music genre does the introduction remind you of?,Genre and Style,Low,knowledge,D,A,False,0.19846153846153847,0.8015384615384615,0.22419539406551126,0.5144678209315628,1.9640758536616219,0.0,0.05001627287426248,0.4808716947551799,0.5678336776767723,0.0,,-0.0636349477710165,0.13930593150026466,-0.02345461282460788,-0.016798063088191515,0.13710583346988686,0.3582732030838912,0.0,9.062325921550818e-05,0.04639789248848969,0.19315857103754921,0.005008022838659562,0.03173541187242412,-0.01406285132693153,-0.0021192645146620274,-0.008022868662247485,0.006674863722495972,-0.005837164856081482,0.09580679126672961,-0.011026820982418216,0.004313200491520872,-0.006796438446005902,0.05272366759416853,0.04435650182079786,0.09857845328495363
q66_261271,65,What could this music be used for?,Functional Context,Low,unknown,C,A,False,0.6146408839779005,0.3853591160220995,0.16931050652746596,0.3804347575571245,2.4541303115745023,0.0,0.06836942096187353,0.3030382156889628,0.3188496720183592,0.0,,-0.05047054278279622,0.08413271411665171,0.011090722721136464,-0.01984021623515417,0.10599480274535908,0.25760377250639194,0.0017544382781742064,-0.018858054698926704,0.04269496214357827,0.020403769600419293,0.0032017272904405637,-0.022770375839263897,-0.007909599280473733,0.034805329433553106,-0.014058257774210131,-0.01496250684756596,-0.0481397363988393,0.08428045776436893,0.0,0.030006348733468084,0.019329111546268648,0.04593934187206539,0.07325121343510921,0.12533585097191785
q67_1051201,66,What are your thoughts on the piano bass voice of the outro?,Mood and Expression,Low,knowledge,C,A,False,0.25333333333333335,0.7466666666666666,0.1698148111888924,0.4809149771231617,1.8169603852368597,0.0,0.04766672494285914,0.16143418311340657,0.5231339738400038,0.0,,-0.05489868879448561,-0.03683223756000818,0.0018965360265460508,-0.08203826785898238,0.10684423203932972,0.32117458011828415,-0.00617535432853102,-0.040869891585887,0.03829137591554363,-0.036205418441787394,0.004581588156289456,0.0018632759572446249,-0.008795100991700871,0.05234470900218917,-0.015030230997590953,0.02919372598583212,-0.055468115913985504,0.06893414887474177,0.0,-0.004375750723012741,0.013369863701410162,0.0044388077475892365,0.0707173450728932,0.045240684710609776
q68_1051201,67,What feeling does the music aim to create?,Mood and Expression,Low,knowledge,A,A,True,0.2012779552715655,0.7987220447284346,0.23188934463691707,0.12175892407554839,1.3820333181827162,0.0,0.12575455680987507,0.12175892407554839,-1.0446295481373038,0.0,,-0.013946528609136963,0.03849087367348786,-0.02418414895808143,0.012474896920788459,0.17882195072339607,0.024715954360305242,-0.014936716346302613,0.04607719912096683,0.041208825106064134,0.16918574029191544,0.0065471182364348415,0.011448411390955971,0.0,0.07184552735955699,0.009095765444905432,0.03179485212192637,0.015196863065767814,0.06932823117269261,-0.010653285965934504,-0.004573136518518248,-0.00399196768293739,-0.03223151478217384,0.06835123860557474,-0.1950391869608069
q69_1051201,68,What level of musicianship do the instrumentalists display in this song?,Performance,Low,analitica,C,A,False,0.11440677966101694,0.885593220338983,0.16844663821479522,0.361133126151368,1.9214202109140885,0.0,0.07108411243104482,0.18991903121058218,0.7270496368195432,0.0,,-0.0486812628918752,0.010164926742454014,0.011659706627585326,-0.07026826901716555,0.10501691911062544,0.26536115193852106,0.003088749584709248,-0.015338778453227347,0.04585861144700393,0.0020823645233979185,0.00730481124048908,0.05398041326201899,-0.007514922165434205,0.02558796973399762,-0.011834477520726382,0.028495911948776313,-0.05088431661882667,0.04513419539348058,0.0,-0.005182363907058521,0.018085416361855813,0.007385463035974708,0.07006898968668325,0.032435077219994585
q6_196219,5,What level of ornamentation is present in the melody?,Melody,Medium,analitica,D,A,False,0.18750000000000003,0.8125000000000001,0.30396780949671215,0.7844437503609685,2.601212540048564,0.0,0.055967102524135476,0.3828968661104729,1.3139325616602298,0.0,,-0.11740620371113149,-0.20077344212524775,-0.006594149775156843,0.025228803685972453,0.17080262601450347,0.46194578624440474,0.009164829995920344,0.0964957183053435,0.02903929150328383,0.025082126999074923,0.007359647531849362,0.10887631733110276,-0.00868281571074766,0.040648922543998885,-0.014259150575416388,0.0,0.01625770236632551,0.20096426898983755,-0.007599055130441859,0.039174226384368016,0.00900180665551159,0.04677850596775716,0.024849675883771117,-0.07862750210566634
q70_1247308,69,What stands out when you listen the beginning of this song?,Metre and Rhythm,Low,percettiva,B,A,False,0.26947040498442365,0.7305295950155763,0.15157666329832134,0.6073848414949923,2.605965200831546,0.0,0.016855223854272704,0.37679011952606545,2.263064454556613,0.0,,-9.234088997223111e-06,0.13965246493188982,-0.021006460255196473,0.022661840307734403,0.08421594357629703,0.3297731752709046,-0.04634502537783062,-0.11529736098446344,-0.010694608060586721,-0.038174892955758315,-0.00982920445748159,0.041657991694930056,0.00038812854932249955,0.08125451965433048,0.0,0.09986081215897633,0.00468602790760109,0.04825446833187061,-0.018988702487306046,0.06708133662011612,-0.014445547803596458,-0.004714599901587561,0.06573913020631993,0.08157048392318766
q71_1247308,70,What harmonic interval does the electric guitar use during its solo?,Harmony,Medium,analitica,B,A,False,0.13359639233370912,0.8664036076662909,0.13156230142772712,0.4939525596006094,2.9829142178179895,0.0,0.03523211247016254,0.4939525596006094,2.665520997083187,0.0,,-0.012641989802876466,0.004896140432595803,-0.02627776969801336,0.04574977826002827,0.08339720694894483,0.38265665551801165,-0.009245334977892462,0.06064998538997368,0.003132209743952466,0.07604684420414566,-0.005489966772692713,0.06141159267608913,0.0,0.04519078353257594,-0.0017290335080717527,0.007339226981338097,-0.0019786992436336623,0.08106497964417975,-0.027163475362109828,0.031015877081156454,-0.0037918858469408153,0.07480428559493385,0.07225296345965886,0.1170789698861905
q72_1247308,71,What is the longest section of the tune?,Structure,Medium,analitica,C,A,False,0.08988764044943819,0.9101123595505618,0.19241451832138642,0.3421099662758361,2.1268925317547414,0.0,0.08853453898775017,0.15386183896680294,-0.3649728466912725,0.0,,-0.05193998966681813,-0.07718134222612955,0.01711746419270753,-0.01694272142838706,0.10834654853751068,0.23356306958611228,0.015010515924350081,0.014422833035207264,0.06803331291361116,0.15614522022284302,0.02654312744352949,0.1733578803295209,-0.012877743686023149,-0.09445980742253986,-0.016927193969807047,-0.07012624477137447,-0.0477324798751371,0.07106346723698495,0.0,-0.03494525412627134,0.010245849569669665,-0.04717342250236027,0.061249666591907136,0.0
q73_26738,72,Which instrument plays the lead sounds in the intro?,Instrumentation,Low,percettiva,A,A,True,0.3114558472553699,0.68854415274463,0.343638454503983,0.7924455960057984,2.4294421505724073,0.0,0.15781138876973758,0.393561778238868,1.8982808693018245,0.0,,-0.04514620654618681,-0.19544530700539137,-0.026044160742537223,0.011875944022713445,0.2507249216368603,0.5811277430996198,-0.021723165578398682,-0.0039966018780738695,0.011203492513838873,-0.038736140139137475,0.01669233548219327,0.011233492662805808,0.0075396947184539105,0.13162842697776628,0.008082781248708633,0.028126880575498215,-0.02200984267545355,-0.17390492354290077,0.011085767253740674,0.15612154354119473,0.014519404378414723,0.11189843101466694,0.11069775584984103,0.16719406714897425
q74_26738,73,What type of synths are firstly introduced in the intro?,Instrumentation,Medium,percettiva,B,A,False,0.40344827586206894,0.596551724137931,0.22913953477730375,0.9484173099787886,2.146394892803973,0.0,0.08549203130207626,0.8110886532962039,0.5999768642477408,0.0,,-0.01531308319718994,-0.05680526122473417,-0.03783997577038353,-0.01185906711655819,0.15731578303969002,0.858231743792418,-0.018670692770040284,0.02152123784507829,0.02689937461302419,0.2490207456488489,0.014524730282935914,0.10968987947935398,-0.0004951629662778767,0.06278301331727257,0.0,0.07461792408213401,0.0021983893087465702,0.08537562212813483,-0.024264751249409834,0.055898902255079916,-0.0007977190782886487,0.0848203103610965,0.06742717039134594,0.08888225602428317
q75_26738,74,What type of choral music does the intro remind you of?,Genre and Style,Low,knowledge,A,A,True,0.1303724928366762,0.8696275071633238,0.29671951773887534,0.6923464099239445,3.9909284391492417,0.0,0.18373819195724211,0.6366386220343212,2.1360351624645757,0.0,,-0.006889025437781443,0.10369131608720315,-0.03031777113422681,-0.02785389394481163,0.24022885484805873,0.5474706718516864,-0.019283866318808365,0.013330528040243211,0.046849156497959475,0.26254915179852156,0.02990147723687296,0.11919583971970749,0.0,0.08414128626557899,0.00803878592446549,0.02515558692100251,0.013932419523091074,0.10566336194206397,-0.015197474845444718,-0.011125222252618541,-0.0018998380535117793,0.013726279654623367,0.10211366567380961,0.037332337985441805
q76_1087890,75,Which guitar technique is used at the beginning of the song?,Performance,Low,analitica,C,A,False,0.14705882352941174,0.8529411764705882,0.14890958983569208,0.3803135882249546,2.6715467202299066,0.0,0.07802057553170233,0.28835114308214266,1.6231267470930169,0.0,,-0.032518011497175286,0.10436364657561462,0.013984967518109544,-0.013212929776917667,0.09948011516558766,0.229968719077934,-0.002926495654819587,-0.032768292794488285,0.05321576948716916,0.01824867071474112,0.0068261678486745084,0.053562563264181455,-0.013187330840154264,0.024268593346209864,-0.013466911265306199,0.029415340268355135,-0.04262052819512993,0.12756629991058074,0.0,-0.01012569459655643,0.020002401577440584,0.018529533124193795,0.06725100691900848,0.02688583705043701
q77_1087890,76,What kind of instruments are used during the song?,Instrumentation,Low,percettiva,A,A,True,0.21549893842887477,0.7845010615711253,0.22610035045189614,0.5957171415978693,3.371076601827879,0.0,0.11721192191797675,-0.03832521922612832,-1.9848290118200418,0.0,,-0.05444421426695968,-0.2536847337385111,0.00012218291358681924,0.17035156702347137,0.16588960438074235,-0.0633364466734877,0.005644348890607264,0.10834439416239909,0.01482984475240087,-0.06990352577060586,-0.017191687562629423,-0.20420709615055893,-0.0076586952041169335,0.0390095472876884,0.0,0.0,-0.014593965321731125,-0.1357807795557338,0.01380467347621434,0.1516768630514277,0.02464498780363205,0.12322360129529847,0.10337676397420695,0.057656170616355695
q78_1087890,77,What is the predominant tempo of the song?,Metre and Rhythm,Medium,percettiva,A,A,True,0.25471698113207547,0.7452830188679246,0.3513248347652121,0.9223383934591669,2.91425242719008,0.0,0.08068853243270137,-0.21593695568299975,2.720388817905808,0.0,,-0.06250099221580843,-0.4399046976597919,-0.03509451872859116,0.0,0.21600668359895672,0.3532007188880836,-0.03772264022185577,-0.12923297691129143,0.025036841009912242,0.015635676202958606,0.02073113848125241,0.03431396712185274,-0.004608971524732573,0.0788826605190704,0.00406489339141795,0.01980822447479743,-0.015711727978949798,-0.14143053727696392,-0.010473250310237723,0.011005624155581262,-0.02057409867144873,-0.11814287391077319,0.08222370803548756,-0.11600969696952299
q79_467850,78,What kind of string instrument is heard at the beginning?,Instrumentation,Low,percettiva,B,A,False,0.18640350877192982,0.8135964912280702,0.16276612468244295,0.6502743826500892,1.3389190419340542,0.0,0.01156904885546127,0.2858733756734214,1.267682297372398,0.0,,-0.03162073302190529,-0.1822005034883339,-0.029806674502427872,0.05472429572252155,0.0871675867689521,0.3426679160110151,-0.014171130389157668,0.07068166742821866,-0.0012840493775920373,0.07396215176114337,0.003488273962240978,0.05052002438855607,0.0,0.05261743495354897,-0.00786944930215592,-0.014194916050749368,-0.001517689245276366,0.08140665182715928,-0.029398808958013847,0.02598594585329743,-0.009216798673269008,0.010958007614595536,0.05736757044952747,0.004618075325870066
q7_171574,6,What type of beat do you hear in the drums?,Metre and Rhythm,Medium,percettiva,A,A,True,0.1310043668122271,0.868995633187773,0.17310431104174936,0.9067794715460388,3.279453103450203,0.0,0.07022487018072884,0.5230822175503108,-0.628298695056649,0.0,,-0.03755673677696275,-0.19184862699786395,-0.013882983653547508,0.0,0.12024121174638173,0.7125962285652552,0.0014233788648573675,0.0023346159829195877,0.026085497808630426,0.09079836485346819,0.0,0.05948618599004496,-0.009879278470393112,0.06838401422157689,0.006792129373022733,0.0793036087863724,-0.005927880424141284,0.01987103185237705,-0.02423805625653084,0.033226933807575895,-0.006860505706585256,0.05512758958547097,0.08425296385672618,0.11688448845342447
q80_467850,79,What genre does the song evoke?,Genre and Style,Low,knowledge,B,A,False,0.09902597402597402,0.9009740259740261,0.12105675517318028,0.277599242994116,2.6212701693837643,0.0,-0.03441934807989848,-0.13785540867850812,2.5173519264514055,0.0,,-0.028112783879914643,-0.1310832186386406,-0.025086940584684126,0.05310917675712586,0.0433187035466409,-0.07664410719767145,-0.024538327161940616,0.016762740400678044,-0.01016462277239907,-0.044020886321738964,-0.005918639170665012,-0.014384230089093118,-0.006047907082488515,-0.025256586848754925,-0.0061580648332311035,-0.03609771148346699,-0.014570812834619808,-0.047905553657419137,-0.03201691426210547,0.018414671345530122,-0.012584932996860667,0.03223976627596436,0.05304254587247117,-0.02084487789952948
q81_467850,80,Which continent does the rhythm of the song remind you of?,Metre and Rhythm,Low,percettiva,C,A,False,0.07777777777777778,0.9222222222222222,0.18330659999497534,0.43332016359709813,3.0340673932563234,0.0,0.10969069398853802,0.4097385764186235,2.3385392524046478,0.0,,-0.03680795300321865,0.05770862700711427,0.0168483731487797,-0.011790793589237321,0.11275039220401142,0.32930138701963835,0.01689988163896555,0.034519355981108155,0.05425021783173128,0.04576233513406823,0.0057320190080542,-0.003237802900280612,-0.009277045828794614,0.035923391170069686,-0.0038206639976042403,0.04911566880087456,-0.04282851206436142,0.10542505080086997,0.0,0.03740315473104009,0.027721186730886263,0.06098662779360385,0.07791349230862656,0.0783601508883777
q82_875005,81,What is the tempo of the intro?,Metre and Rhythm,Medium,percettiva,C,A,False,0.20588235294117646,0.7941176470588235,0.2532563967306072,0.9687068317735227,2.524067966082236,0.0,0.14724045148594495,0.6524311938674211,1.4632612894318986,0.0,,-0.04472979124883895,-0.02639602400450246,0.009014099016695977,-0.07179513157351967,0.1912343250915801,0.8105690128204719,-0.008278181373492188,-0.05994666337502867,0.08237804045588544,0.3098881474342741,0.03821480269711968,0.24751264229814868,0.0,-0.022995902945311727,-0.012382845649134198,-0.03275250663514759,-0.05356131517690904,0.07527320942378334,0.0,-0.03226103379992736,0.018203865614534867,0.02912729313443002,0.07438790354444819,0.07863934495717165
q83_875005,82,How many chords are played in the intro?,Harmony,Medium,analitica,B,A,False,0.16732283464566933,0.8326771653543307,0.1254845707390916,0.3228196684911443,3.3315803236804777,0.0,0.02780379495928951,0.29529761564953017,3.3315803236804777,0.0,,-0.011781761324083397,-0.013761026420807036,-0.02061700303132993,0.05123090349251209,0.07664418284919056,0.23424331457480285,-0.01644162353448772,0.02358442400302227,0.004406975740492834,0.0655837021067505,-0.0066835729236689465,0.046970430950537934,-0.005619672528908961,-0.040539677063968556,0.007707125811375964,0.044460989109830096,0.004803643592026981,0.10441145537670837,-0.032003055794419616,0.004782983201660202,-0.007524697091433085,0.042936033200127705,0.06271704815382434,0.026691698767883916
q84_875005,83,What kind of chord does the guitar play right at the beginning of the song?,Harmony,High,analitica,B,A,False,0.24390243902439027,0.7560975609756098,0.10723538326002607,0.17161538645411942,1.6704523941490899,0.0,-0.03364874107088149,-0.17161538645411942,1.0000469031454733,0.0,,-0.016587411945383913,-0.09104733179435756,-0.03906701678669179,-0.030956594504773893,0.036793321094572284,-0.04264649812570902,-0.014787633433378071,-0.006964962029278957,-0.009162870202558824,-0.039341537035971,-0.017216603627084725,-0.07007087828070407,0.0,0.0,-0.006720805306842418,-0.012225667865431424,-0.004676815525617558,0.03393514593801078,-0.03461668295629129,-0.011682593425046253,-0.015252751765137502,-0.0300916926984533,0.05399778831265082,-0.04213816308652416
q85_1215807,84,What kind of accompaniment does the guitar play?,Musical Texture,Medium,percettiva,A,A,True,0.17595307917888564,0.8240469208211144,0.2773237294580935,0.34400737872087256,1.6012385874427613,0.0,0.13700298012463152,0.2979279817317458,-0.3109233622045732,0.0,,-0.0078110561750296716,0.0323123300525819,-0.0299327126195569,0.007224349770813793,0.20716335479136253,0.28143100040291347,-0.03241660587214444,-0.023039698494563395,0.024041831790413935,0.08069076199461951,0.019150366946352696,0.05849377711034439,-0.00566904729291378,0.04697754770790039,0.007144546337419504,-0.017641732759915204,0.010820805275079474,0.1015571104116125,-0.006388754830142498,0.01662796514140762,-0.002840213291099578,0.02327563047353202,0.09074344518952174,-0.012053078347755482
q86_1215807,85,What human sound does the lead instrument resemble in the introduction?,Sound Texture,Low,percettiva,A,A,True,0.25165562913907286,0.7483443708609272,0.1934800798084513,0.2655453791021929,1.636843769343956,0.0,0.10415274074134025,-0.19793113298939188,0.2286684874117186,0.0,,-0.01209434500256832,-0.015758480658942777,-0.016559229934795767,0.024643754925172845,0.14881641027489578,-0.2159797753868496,-0.016010094596191442,0.00916336813122764,0.022132900924860782,0.04031342514863006,0.014762821890941963,0.0021155501085793997,-0.012042172094060465,-0.031561224121440544,0.007066115585195214,-0.04144274813545143,0.002727604922259229,-0.023498554735588643,-0.010523488522433871,-0.04839152777326692,-0.0024038290519714945,-0.03464552732400966,0.0824327870865489,-0.060820526156844114
q87_1215807,86,Which instrument creates a mood of excitement in the song?,Instrumentation,Medium,percettiva,B,A,False,0.16831683168316833,0.8316831683168318,0.14870937616132326,0.49979500276402206,5.440700916197017,0.0,0.067659926131481,0.4986607990160054,3.037865493595942,0.0,,-0.0027437576051186005,-0.0005671018740083175,-0.027142241121920433,0.014363975436299792,0.10818465114640213,0.47911640589556037,-0.010638726287882101,0.005747519558153582,0.012165786789689562,0.09547070944619102,0.023201067919338642,0.153429952898457,0.0006764557040822815,0.0490643832489385,0.0,0.045478236776012655,-0.0032700703547568193,0.07207657322798657,-0.022864754540955146,0.04698307386198943,0.00442948223420264,0.0699263340038857,0.053321958379879845,-0.03376846444745548
q88_306166,87,What kind of chord does the guitar play right at the beginning of the song?,Harmony,Low,analitica,D,A,False,0.2734584450402145,0.7265415549597856,0.26497222911250473,0.5361077682580745,2.5563224185982314,0.0,0.09230148629113741,0.4122868609391688,1.2445121912248767,0.0,,-0.07470398663444196,-0.04773603036391799,-0.011631384776241717,0.02320239217583255,0.17863685770182108,0.45099492242278905,0.0,-0.014174423295534812,0.022206389294241735,-0.04105809625997643,0.01266148878051934,0.08859649967287433,0.007975713076231518,0.09071418232735995,0.005413588096321251,0.07777594486578267,-0.0062526661133525995,0.0,-0.0025294101558707496,0.08284003214926339,0.001231148317295292,0.07410664889423181,0.051595234995751624,0.03931164928963307
q89_306166,88,Which is the first interval sung by the lead voice?,Melody,Medium,analitica,C,A,False,0.1971830985915493,0.8028169014084506,0.17130409636505087,0.21200143262815818,3.4173403733417937,0.0,0.06061672052976418,0.09698909319220364,2.3705418462287304,0.0,,-0.05534368791764334,-0.04617932610894556,0.015712725733419832,-0.01132684360903171,0.09259774372450524,0.1470945423068321,0.007649938989482444,0.007400720603348794,0.053448091008318786,0.05195854681461904,0.003762926012408614,0.03308447401270381,-0.011304872853685364,-0.007701136988959974,-0.007398178787901086,0.034534787697793556,-0.051054239608510944,0.05149848973380695,0.0,-0.03261826109470503,0.01705965178252445,0.0001389915185729361,0.056103342976609724,-0.03390679850162767
q8_171574,7,How many chords are played in the song?,Harmony,Medium,analitica,B,A,False,0.12987012987012986,0.8701298701298701,0.1954998203560917,0.4829965971129878,3.1817772148905625,0.0,0.05252999698390263,0.392503503338131,3.0368300388342866,0.0,,-0.02030769044372153,-0.04524654688742842,-0.02938893533120835,0.028388669655294956,0.12401490866999716,0.40759674623230757,-0.021788285911164655,0.0017646343379568684,0.018863550880573052,0.08319854549850289,0.012491442122586734,0.052000235225122295,0.0034994373653004004,0.04264518958633575,0.0,0.06906272080702916,-0.00363545598883787,0.07374951148054842,-0.023138604748696043,0.04996568162053912,-0.008412778420929847,0.0178686698053045,0.0528624057739062,0.004012949314748895
q90_306166,89,How does the drummer create anticipation for the final verse?,Performance,Medium,analitica,A,A,True,0.1635294117647059,0.8364705882352941,0.25922045366074686,0.3620687560168954,2.9620106965351107,0.0,0.14651812241549841,0.22180155540903423,0.6212411002434839,0.0,,-0.01339275650716159,-0.07013360030393061,-0.024267747295040158,0.0070836456990120535,0.20286928803812262,0.27327146819297554,-0.018690661820422477,0.01158004182097724,0.02666437806121323,0.07324180272676144,0.010953416672571905,-0.009906725959668574,0.0,0.032824197669411796,0.00770862467702265,0.0038449900427889785,0.011698905936892786,0.03385974837908974,-0.010606138697918283,-0.02036277491800642,-0.0018389324665037104,0.02842917361868364,0.10193786823221981,0.07987114384997364
q91_8559,90,Which country does the song evoke?,Historical and Cultural Context,Low,knowledge,C,A,False,0.1952491309385863,0.8047508690614137,0.22056426504845625,0.5594812027030795,4.136116053385445,0.0,0.12154481843968343,0.45387174958923954,3.2555980758491225,0.0,,-0.04950972330438641,-0.05280472655691999,0.033504208101357305,0.08521697137477074,0.11928764631091919,0.3486502822193348,0.01826268733179335,0.07280922255205398,0.03461270630268212,-0.10047820448739979,0.020760538354581838,0.1425439345954914,0.0,0.0,-0.007836281926265645,0.05352580229846078,-0.04143567521269888,0.12398059298610563,0.00785660836043855,0.07443663860969524,0.03320795111913704,0.08475048392091668,0.07437897144180843,0.07511250166596961
q92_8559,91,Which guitar instrumental technique is used in the song?,Performance,Low,analitica,D,A,False,0.20428015564202331,0.7957198443579767,0.21268388521903936,0.18681884572806778,2.2400773207367353,0.0,0.029411438924063935,0.090257942378838,0.2804565311908229,0.0,,-0.07901001030833445,-0.0482804516746149,-0.012626212839153276,0.04529620538432781,0.11628387466176442,0.059516100610240805,0.004763787409787236,0.033726088058884274,0.024568265598642607,-0.03279654663935817,0.0027967198637343198,0.02034123526028166,-0.0063202961942805435,0.04402047722197115,-0.0045397687411868415,0.01714522875563271,-0.015300365211802978,0.016942233854047795,-0.011458436157411104,0.015696311324795584,-0.005326904143265236,0.0332903018766963,0.0449922239096337,-0.02438129927522904
q93_8559,92,What kind of bass is used in the song?,Instrumentation,Medium,percettiva,C,A,False,0.21144278606965175,0.7885572139303482,0.14972906399131874,0.28384289819202546,1.0745859903219945,0.0,0.043982878034694285,-0.02596234392845842,0.7497194842335477,0.0,,-0.05169766510978436,-0.03815171546733191,0.010375832111060693,-0.03974612798863751,0.08648013890194581,0.12894027713178352,-0.0011754278685278605,-0.07700477760427252,0.034622442887649006,-0.09640226231422823,-0.0036839873472976816,-0.04165921366347708,-0.007794300414616621,0.021894136273493545,-0.008389607183618662,0.04998410882336872,-0.05129935899663141,0.024130933033055104,0.0,0.003718678820978469,0.016173612839466955,0.016415225960258857,0.0643540762497427,-0.0040439508619078066
q94_1420928,93,What kinds of string instruments are used in the intro?,Instrumentation,Low,percettiva,A,A,True,0.24155405405405408,0.7584459459459459,0.2531496343923676,0.4959343067305315,3.1655518018331064,0.0,0.10229876150767209,-0.07160350381681066,-2.140943614575419,0.0,,-0.050422792381118575,-0.2837689052736711,-0.013936618920624592,0.04365953384898,0.17772419795001984,0.07955572039572732,-0.01106602514060459,0.08895014721215314,-0.009283401294886206,-0.12290819335892825,0.016743038382294084,-0.024101733292903507,-0.005659984390924019,0.10259769416860055,0.008191894078748933,-0.03218197593432515,-0.008119484051253425,-0.1140195532055461,0.005445748482947399,0.09489785010759946,-0.0005316703414296698,0.03340318236245009,0.09551262064217499,-0.009290774663757738
q95_1420928,94,What emotions does the song create?,Mood and Expression,Low,knowledge,B,A,False,0.37868852459016394,0.621311475409836,0.16901345984201643,0.496328724378106,1.8250712653084116,0.0,0.027474556019578707,0.3194258419261044,0.6734945509904426,0.0,,0.0065825989707771065,0.11964663833102007,-0.04553744442538188,-0.06152186593201969,0.09166140896002047,0.2882306448210851,-0.025232007485836986,-0.02692957529398112,0.013584323288599865,0.1741935080959111,-0.004132937661287516,-0.002940387368848732,0.0,0.018778560011288296,0.0,0.0,-0.0032317592581121903,0.06662267853201001,-0.03051657007865741,0.027959000214449522,-0.006768149389998129,0.03481248244129416,0.05853964911903408,0.0
q96_1420928,95,How many chords does the song use?,Harmony,Medium,analitica,D,A,False,0.25925925925925924,0.7407407407407408,0.2619004767209534,0.48262571030829876,2.440499198785459,0.0,0.09016962165154073,0.329787997730599,2.440499198785459,0.0,,-0.07094823917739854,-0.031749188781098864,-0.014917188357307806,-0.01156574517838195,0.17603504918624707,0.4062068540194489,0.0,-0.033103922329369026,0.04716068104524608,0.13067367687073864,0.015334648192336625,0.11399477878081123,-0.00832353404419565,-0.014931529687457284,0.005534815904164643,0.04677853648947915,0.008279114416014904,0.1068194910266084,-0.01795371501033718,-0.033526721829002626,-0.005629562240654205,-0.023620893529204136,0.045767173388965486,0.003600659608625663
q97_1319502,96,In what style is the acoustic guitar accompanying?,Genre and Style,Low,knowledge,A,A,True,0.10553633217993079,0.8944636678200693,0.39489183062776056,1.3701695506260636,4.867984831513459,0.0,0.26671661386846035,1.158694987807575,2.8007553227182043,0.0,,-0.019598676459517073,0.004259419671198285,-0.021097035237521673,0.032054582841041734,0.33080422224811046,1.2281182667045794,-0.023391896682611407,-0.10573728140924424,0.05271627724599268,0.2561326131970865,0.021040369348551344,0.11075422433849194,0.0,0.08748997289230406,0.009484829178279659,0.06518689040963133,0.04292218904572414,0.309950207808669,-0.00251359900290192,0.04981026365311073,0.020481637415868878,0.11420081033021476,0.1225849106369455,0.1651700051780668
q98_1319502,97,What kind of drums are used in the song?,Instrumentation,Medium,percettiva,B,A,False,0.17582417582417584,0.8241758241758241,0.09462628808570567,0.43829063664706547,3.462066451822296,0.0,-0.034304223122532,-0.2469025025525825,0.23369496787658106,0.0,,-0.0224045396799463,-0.17988955608658358,-0.035930402790052406,0.0273278118918453,0.030161032481586834,-0.1627070135132404,-0.006130313134120124,0.06836625515539618,-0.007239283133773525,0.0,0.0,-0.01119399462075607,-0.01345330930055093,-0.06359505983395093,-0.009208056153159267,-0.04974002432927506,-0.005056875898556479,-0.010095205273938802,-0.03592876594306615,-0.03017261855700347,-0.01717649017406473,-0.031927401390574095,0.05375855748063909,-0.05017819854708409
q99_1319502,98,Which country do you imagine this song is from?,Historical and Cultural Context,Low,knowledge,B,A,False,0.20937499999999998,0.790625,0.14099733990305535,0.2635081548871593,1.865086496023722,0.0,-0.031892691308469626,-0.07911662810396963,1.0564218505786744,0.0,,-0.022102140319891626,-0.15122640436015616,-0.038934342529124484,-0.020085987135408292,0.05455232429729287,0.09219576339159483,-0.025408532756746385,0.0,-0.004507328687876046,0.015304471255671,-0.015426642331711492,-0.0612703524189146,0.0,0.04396041910247646,-0.008774764461121243,-0.032599348444771026,-0.005254071861935231,0.0005347627940046722,-0.032037239294585296,0.012244757377783806,-0.017538385316905266,-0.007423532630868358,0.05164574064566495,-0.04986780513935157
q9_171574,8,What type of filter is applied to the melodic instruments at the beginning of the song?,Sound Texture,Medium,percettiva,A,A,True,0.2112462006079027,0.7887537993920972,0.11166193112600628,0.35581899201444817,2.5546397970493278,0.0,0.01845356149329566,0.35581899201444817,1.2746001164870984,0.0,,-0.010237439219882452,0.055893925989272945,-0.02687675503084251,0.024365714946189818,0.06505774630965097,0.25453825002842834,-0.009489990565630345,0.021021101050557066,0.037725741085817784,0.1802856526203502,-0.016880890678310948,-0.0019566539972421682,-0.02062281166371467,0.030678792607532576,-0.01578501535400289,-0.05547926770054606,0.0026692634512912785,0.1265564243212036,-0.02160877792230012,0.014335221856450236,-0.020255482128199366,0.0038275571169138836,0.0732115347027146,0.05757126518978596
