sample_id,category,difficulty,macro_family,correct_baseline,target_letter,prob_original_target,prob_original_correct,baseline_above_chance,feature_source,n_positive_available,minimal_sufficient_k,minimal_necessary_k,auc_sufficiency,auc_necessity
q100_1247352,Instrumentation,High,percettiva,True,A,0.6188756523669714,0.6188756523669714,True,MI,11,1.0,,0.7048349682953833,0.17705793398659045
q100_1247352,Instrumentation,High,percettiva,True,A,0.6188756523669714,0.6188756523669714,True,MI_balanced,11,5.0,,0.7536802423096522,0.20272151699509308
q100_1247352,Instrumentation,High,percettiva,True,A,0.6188756523669714,0.6188756523669714,True,UC_audio,11,5.0,,0.9279404181781451,0.1897270418689115
q100_1247352,Instrumentation,High,percettiva,True,A,0.6188756523669714,0.6188756523669714,True,UC_text,1,1.0,,1.0,0.0
q101_1247352,Melody,High,analitica,False,B,0.4082982908160163,0.09399560371795262,True,MI,10,1.0,,1.1414217676449405,-0.009648822027230988
q101_1247352,Melody,High,analitica,False,B,0.4082982908160163,0.09399560371795262,True,MI_balanced,10,1.0,,1.1253809081039639,-0.005457544454655516
q101_1247352,Melody,High,analitica,False,B,0.4082982908160163,0.09399560371795262,True,UC_audio,11,4.0,,0.9192956548006594,-0.029105366942775192
q101_1247352,Melody,High,analitica,False,B,0.4082982908160163,0.09399560371795262,True,UC_text,1,1.0,,1.0,0.0
q102_1247352,Instrumentation,Medium,percettiva,True,A,0.4146616133545845,0.4146616133545845,True,MI,8,3.0,,1.4331954581679949,-0.10756716604427087
q102_1247352,Instrumentation,Medium,percettiva,True,A,0.4146616133545845,0.4146616133545845,True,MI_balanced,8,2.0,,1.52906989020654,-0.1319872439164673
q102_1247352,Instrumentation,Medium,percettiva,True,A,0.4146616133545845,0.4146616133545845,True,UC_audio,9,2.0,,1.4630269012135728,-0.29607774102749196
q102_1247352,Instrumentation,Medium,percettiva,True,A,0.4146616133545845,0.4146616133545845,True,UC_text,1,1.0,,1.0,0.0
q103_625206,Metre and Rhythm,Medium,percettiva,False,B,0.662253769446264,0.08419611836555409,True,MI,10,5.0,,0.6923542688387695,0.1582552478384005
q103_625206,Metre and Rhythm,Medium,percettiva,False,B,0.662253769446264,0.08419611836555409,True,MI_balanced,10,5.0,,0.6923542688387695,0.1582552478384005
q103_625206,Metre and Rhythm,Medium,percettiva,False,B,0.662253769446264,0.08419611836555409,True,UC_audio,13,6.0,,0.6001201753026625,0.13871085611758494
q103_625206,Metre and Rhythm,Medium,percettiva,False,B,0.662253769446264,0.08419611836555409,True,UC_text,1,1.0,,1.0,0.0
q104_625206,Instrumentation,Medium,percettiva,False,B,0.7621913338726286,0.08551549764206207,True,MI,14,7.0,6.0,0.32488651590958895,0.4124185294536641
q104_625206,Instrumentation,Medium,percettiva,False,B,0.7621913338726286,0.08551549764206207,True,MI_balanced,14,6.0,5.0,0.33697597470493784,0.4273523152411809
q104_625206,Instrumentation,Medium,percettiva,False,B,0.7621913338726286,0.08551549764206207,True,UC_audio,15,,13.0,0.21316661227747366,0.3767589288527476
q104_625206,Instrumentation,Medium,percettiva,False,B,0.7621913338726286,0.08551549764206207,True,UC_text,1,1.0,,1.0,0.0
q105_625206,Instrumentation,Medium,percettiva,False,B,0.4953737293654011,0.26515445003090427,True,MI,10,3.0,8.0,0.31420395987306116,0.42122810015082524
q105_625206,Instrumentation,Medium,percettiva,False,B,0.4953737293654011,0.26515445003090427,True,MI_balanced,10,2.0,7.0,0.30214788300774453,0.46762695884015376
q105_625206,Instrumentation,Medium,percettiva,False,B,0.4953737293654011,0.26515445003090427,True,UC_audio,10,4.0,7.0,0.21971725140588685,0.1843940200331678
q105_625206,Instrumentation,Medium,percettiva,False,B,0.4953737293654011,0.26515445003090427,True,UC_text,1,1.0,,1.0,0.0
q106_395289,Instrumentation,Low,percettiva,True,A,0.7214343257355665,0.7214343257355665,True,MI,6,1.0,,-0.06599536937775788,0.15326574047748526
q106_395289,Instrumentation,Low,percettiva,True,A,0.7214343257355665,0.7214343257355665,True,MI_balanced,6,,,-0.09820880122144353,0.16359479755548684
q106_395289,Instrumentation,Low,percettiva,True,A,0.7214343257355665,0.7214343257355665,True,UC_audio,15,12.0,11.0,0.1233893919035978,0.29873375449636985
q106_395289,Instrumentation,Low,percettiva,True,A,0.7214343257355665,0.7214343257355665,True,UC_text,1,1.0,,1.0,0.0
q107_2083,Metre and Rhythm,Medium,percettiva,False,D,0.38041847826396524,0.2534133386890841,True,MI,15,1.0,,0.6455008692839531,-0.19470551101988828
q107_2083,Metre and Rhythm,Medium,percettiva,False,D,0.38041847826396524,0.2534133386890841,True,MI_balanced,15,1.0,,0.5619971041670081,-0.26485215701969583
q107_2083,Metre and Rhythm,Medium,percettiva,False,D,0.38041847826396524,0.2534133386890841,True,UC_audio,6,6.0,,0.28443668643531034,0.11732578790438981
q107_2083,Metre and Rhythm,Medium,percettiva,False,D,0.38041847826396524,0.2534133386890841,True,UC_text,1,1.0,,1.0,0.0
q108_2083,Genre and Style,Low,knowledge,False,B,0.8320268318588382,0.16383579727616213,True,MI,5,1.0,,1.1272654582892714,-0.07214839774353866
q108_2083,Genre and Style,Low,knowledge,False,B,0.8320268318588382,0.16383579727616213,True,MI_balanced,5,1.0,,1.1272654582892714,-0.07214839774353866
q108_2083,Genre and Style,Low,knowledge,False,B,0.8320268318588382,0.16383579727616213,True,UC_audio,10,1.0,,1.1709406103495168,-0.04385945775679979
q108_2083,Genre and Style,Low,knowledge,False,B,0.8320268318588382,0.16383579727616213,True,UC_text,1,1.0,,1.0,0.0
q109_2083,Instrumentation,Low,percettiva,True,A,0.4039766976308044,0.4039766976308044,True,MI,11,7.0,7.0,0.7234860319692845,0.42938837597745766
q109_2083,Instrumentation,Low,percettiva,True,A,0.4039766976308044,0.4039766976308044,True,MI_balanced,11,6.0,6.0,0.927863563886871,0.47263653205267303
q109_2083,Instrumentation,Low,percettiva,True,A,0.4039766976308044,0.4039766976308044,True,UC_audio,8,1.0,,1.171280117808208,0.29552574816885185
q109_2083,Instrumentation,Low,percettiva,True,A,0.4039766976308044,0.4039766976308044,True,UC_text,1,1.0,,1.0,0.0
q10_1093606,Sound Texture,Low,percettiva,False,B,0.3776132048647253,0.34382073562325394,True,MI,10,1.0,,1.5765977009291774,-0.056896845556034754
q10_1093606,Sound Texture,Low,percettiva,False,B,0.3776132048647253,0.34382073562325394,True,MI_balanced,10,1.0,,1.4771164747124934,-0.08708664150577035
q10_1093606,Sound Texture,Low,percettiva,False,B,0.3776132048647253,0.34382073562325394,True,UC_audio,4,1.0,,0.9946532696601811,-0.2509970505156257
q10_1093606,Sound Texture,Low,percettiva,False,B,0.3776132048647253,0.34382073562325394,True,UC_text,1,1.0,,1.0,0.0
q110_1336202,Performance,Medium,analitica,True,A,0.881394114757611,0.881394114757611,True,MI,6,3.0,,0.5953498775498125,0.04252377283771654
q110_1336202,Performance,Medium,analitica,True,A,0.881394114757611,0.881394114757611,True,MI_balanced,6,2.0,,0.6385395992773876,0.04362101224715484
q110_1336202,Performance,Medium,analitica,True,A,0.881394114757611,0.881394114757611,True,UC_audio,13,1.0,,0.7931934448782126,0.053397878374124325
q110_1336202,Performance,Medium,analitica,True,A,0.881394114757611,0.881394114757611,True,UC_text,1,1.0,,1.0,0.0
q111_1336202,Functional Context,Low,knowledge,True,A,0.8521896922773345,0.8521896922773345,True,MI,16,13.0,12.0,0.3244845802483412,0.47408667978509794
q111_1336202,Functional Context,Low,knowledge,True,A,0.8521896922773345,0.8521896922773345,True,MI_balanced,16,12.0,11.0,0.3723450269146818,0.5103677708664551
q111_1336202,Functional Context,Low,knowledge,True,A,0.8521896922773345,0.8521896922773345,True,UC_audio,11,,8.0,0.312868895096028,0.5181314983625391
q111_1336202,Functional Context,Low,knowledge,True,A,0.8521896922773345,0.8521896922773345,True,UC_text,1,1.0,,1.0,0.0
q112_1336202,Instrumentation,Medium,percettiva,False,B,0.7366601846266977,0.12801234526551422,True,MI,11,1.0,7.0,0.9479901787381835,0.5579333307101171
q112_1336202,Instrumentation,Medium,percettiva,False,B,0.7366601846266977,0.12801234526551422,True,MI_balanced,11,1.0,6.0,0.9706624791628894,0.6092413619577955
q112_1336202,Instrumentation,Medium,percettiva,False,B,0.7366601846266977,0.12801234526551422,True,UC_audio,10,1.0,,-0.03070016159342968,0.00627217111570817
q112_1336202,Instrumentation,Medium,percettiva,False,B,0.7366601846266977,0.12801234526551422,True,UC_text,1,1.0,,1.0,0.0
q113_1327741,Historical and Cultural Context,Low,knowledge,True,A,0.6891437167198301,0.6891437167198301,True,MI,2,2.0,,0.5627358218669857,-0.09097178517082782
q113_1327741,Historical and Cultural Context,Low,knowledge,True,A,0.6891437167198301,0.6891437167198301,True,MI_balanced,2,2.0,,0.5627358218669857,-0.09097178517082782
q113_1327741,Historical and Cultural Context,Low,knowledge,True,A,0.6891437167198301,0.6891437167198301,True,UC_audio,10,5.0,,0.9711980243243877,-0.2972060936636995
q113_1327741,Historical and Cultural Context,Low,knowledge,True,A,0.6891437167198301,0.6891437167198301,True,UC_text,1,1.0,,1.0,0.0
q114_1327741,Melody,High,analitica,False,C,0.4252099082466053,0.11807652707026352,True,MI,16,,13.0,-0.786320426115569,0.16836962206090314
q114_1327741,Melody,High,analitica,False,C,0.4252099082466053,0.11807652707026352,True,MI_balanced,16,,12.0,-0.732237905429001,0.22567140520983886
q114_1327741,Melody,High,analitica,False,C,0.4252099082466053,0.11807652707026352,True,UC_audio,10,,8.0,-0.7797601760255103,0.5194990750895123
q114_1327741,Melody,High,analitica,False,C,0.4252099082466053,0.11807652707026352,True,UC_text,1,1.0,,1.0,0.0
q115_1327741,Musical Texture,Medium,percettiva,False,D,0.35733912617838737,0.24559535031494006,True,MI,6,1.0,,1.8667413835392432,-0.45318357888051514
q115_1327741,Musical Texture,Medium,percettiva,False,D,0.35733912617838737,0.24559535031494006,True,MI_balanced,6,1.0,,1.8667413835392432,-0.45318357888051514
q115_1327741,Musical Texture,Medium,percettiva,False,D,0.35733912617838737,0.24559535031494006,True,UC_audio,7,1.0,,1.2847333022971568,-0.8204871083767725
q115_1327741,Musical Texture,Medium,percettiva,False,D,0.35733912617838737,0.24559535031494006,True,UC_text,1,1.0,,1.0,0.0
q116_1162034,Harmony,High,analitica,True,A,0.6490146512226175,0.6490146512226175,True,MI,13,1.0,,0.6105950798155185,0.2222398514509458
q116_1162034,Harmony,High,analitica,True,A,0.6490146512226175,0.6490146512226175,True,MI_balanced,13,5.0,,0.6242742222838888,0.2459844020207803
q116_1162034,Harmony,High,analitica,True,A,0.6490146512226175,0.6490146512226175,True,UC_audio,13,6.0,,0.5290449795423244,0.2431617155063392
q116_1162034,Harmony,High,analitica,True,A,0.6490146512226175,0.6490146512226175,True,UC_text,1,1.0,,1.0,0.0
q117_1162034,Melody,High,analitica,False,D,0.5705208915863974,0.06604258679539762,True,MI,4,1.0,,0.650112812897179,0.06817255505872097
q117_1162034,Melody,High,analitica,False,D,0.5705208915863974,0.06604258679539762,True,MI_balanced,4,1.0,,0.6387316969948993,0.0720849101987114
q117_1162034,Melody,High,analitica,False,D,0.5705208915863974,0.06604258679539762,True,UC_audio,12,1.0,,1.0029274988795827,0.1308845635955806
q117_1162034,Melody,High,analitica,False,D,0.5705208915863974,0.06604258679539762,True,UC_text,1,1.0,,1.0,0.0
q118_1162034,Instrumentation,Low,percettiva,False,B,0.712630726926386,0.0727998119213222,True,MI,5,2.0,,0.5655069271415455,0.2029265068426921
q118_1162034,Instrumentation,Low,percettiva,False,B,0.712630726926386,0.0727998119213222,True,MI_balanced,5,2.0,,0.5655069271415455,0.2029265068426921
q118_1162034,Instrumentation,Low,percettiva,False,B,0.712630726926386,0.0727998119213222,True,UC_audio,14,1.0,,0.5607270822660964,0.18159604560511913
q118_1162034,Instrumentation,Low,percettiva,False,B,0.712630726926386,0.0727998119213222,True,UC_text,1,1.0,,1.0,0.0
q119_1227239,Mood and Expression,Low,knowledge,False,B,0.35080122140656145,0.32954724984024614,True,MI,9,1.0,1.0,1.8313953140838057,1.154820451736499
q119_1227239,Mood and Expression,Low,knowledge,False,B,0.35080122140656145,0.32954724984024614,True,MI_balanced,9,1.0,1.0,1.8313953140838057,1.154820451736499
q119_1227239,Mood and Expression,Low,knowledge,False,B,0.35080122140656145,0.32954724984024614,True,UC_audio,6,1.0,1.0,1.8468390796664313,1.004672791839085
q119_1227239,Mood and Expression,Low,knowledge,False,B,0.35080122140656145,0.32954724984024614,True,UC_text,1,1.0,,1.0,0.0
q11_1093606,Harmony,High,analitica,False,D,0.38060878644209317,0.0797799356880231,True,MI,5,5.0,,0.6355330538971743,-0.16299213568978763
q11_1093606,Harmony,High,analitica,False,D,0.38060878644209317,0.0797799356880231,True,MI_balanced,5,5.0,,0.6355330538971743,-0.16299213568978763
q11_1093606,Harmony,High,analitica,False,D,0.38060878644209317,0.0797799356880231,True,UC_audio,8,3.0,,0.8573299420460284,0.20102193815778208
q11_1093606,Harmony,High,analitica,False,D,0.38060878644209317,0.0797799356880231,True,UC_text,1,1.0,,1.0,0.0
q120_1227239,Harmony,Medium,analitica,False,C,0.5916135947758822,0.09657826445391737,True,MI,7,1.0,,1.1896705514632315,0.17572836654395055
q120_1227239,Harmony,Medium,analitica,False,C,0.5916135947758822,0.09657826445391737,True,MI_balanced,7,1.0,,1.1896705514632315,0.17572836654395055
q120_1227239,Harmony,Medium,analitica,False,C,0.5916135947758822,0.09657826445391737,True,UC_audio,7,1.0,,1.1303023337046454,0.12623761429417332
q120_1227239,Harmony,Medium,analitica,False,C,0.5916135947758822,0.09657826445391737,True,UC_text,1,1.0,,1.0,0.0
q121_1227239,Instrumentation,Low,percettiva,True,A,0.7652444036181636,0.7652444036181636,True,MI,15,1.0,,1.1794416434073507,0.22870358770885568
q121_1227239,Instrumentation,Low,percettiva,True,A,0.7652444036181636,0.7652444036181636,True,MI_balanced,15,1.0,,1.1661617326740152,0.23173510380820944
q121_1227239,Instrumentation,Low,percettiva,True,A,0.7652444036181636,0.7652444036181636,True,UC_audio,12,3.0,5.0,0.8765413639138323,0.3996503378926656
q121_1227239,Instrumentation,Low,percettiva,True,A,0.7652444036181636,0.7652444036181636,True,UC_text,1,1.0,,1.0,0.0
q122_114772,Structure,Medium,analitica,False,C,0.33378908707919847,0.31356582862678384,True,MI,4,1.0,4.0,-0.24563719394831654,0.5831198271340329
q122_114772,Structure,Medium,analitica,False,C,0.33378908707919847,0.31356582862678384,True,MI_balanced,4,1.0,3.0,-0.33821204498307783,0.6339050109620826
q122_114772,Structure,Medium,analitica,False,C,0.33378908707919847,0.31356582862678384,True,UC_audio,9,1.0,,-1.0391558994916714,0.2787865512897036
q122_114772,Structure,Medium,analitica,False,C,0.33378908707919847,0.31356582862678384,True,UC_text,1,1.0,,1.0,0.0
q123_114772,Harmony,Medium,analitica,False,B,0.48521979952812166,0.2943006851134234,True,MI,12,8.0,9.0,-0.18973545390175778,0.8744137335727619
q123_114772,Harmony,Medium,analitica,False,B,0.48521979952812166,0.2943006851134234,True,MI_balanced,12,7.0,8.0,-0.2738721801026316,1.0066653557974026
q123_114772,Harmony,Medium,analitica,False,B,0.48521979952812166,0.2943006851134234,True,UC_audio,10,4.0,3.0,-0.5160646902780605,0.4301013701768882
q123_114772,Harmony,Medium,analitica,False,B,0.48521979952812166,0.2943006851134234,True,UC_text,1,1.0,,1.0,0.0
q124_114772,Musical Texture,Low,percettiva,False,B,0.5216314633881821,0.17472465410476312,True,MI,7,4.0,,0.3450016794761845,0.013128976129584306
q124_114772,Musical Texture,Low,percettiva,False,B,0.5216314633881821,0.17472465410476312,True,MI_balanced,7,4.0,,0.3450016794761845,0.013128976129584306
q124_114772,Musical Texture,Low,percettiva,False,B,0.5216314633881821,0.17472465410476312,True,UC_audio,8,5.0,,0.5298565301693865,-0.01528533387702354
q124_114772,Musical Texture,Low,percettiva,False,B,0.5216314633881821,0.17472465410476312,True,UC_text,1,1.0,,1.0,0.0
q125_187621,Functional Context,Low,knowledge,True,A,0.6726631699809493,0.6726631699809493,True,MI,12,1.0,12.0,0.5342023267469667,0.2694580882678898
q125_187621,Functional Context,Low,knowledge,True,A,0.6726631699809493,0.6726631699809493,True,MI_balanced,12,1.0,11.0,0.4373444395810717,0.3066479593606543
q125_187621,Functional Context,Low,knowledge,True,A,0.6726631699809493,0.6726631699809493,True,UC_audio,7,1.0,,0.810463574422125,0.23508503350228196
q125_187621,Functional Context,Low,knowledge,True,A,0.6726631699809493,0.6726631699809493,True,UC_text,1,1.0,,1.0,0.0
q126_187621,Mood and Expression,Low,knowledge,True,A,0.9089138285551834,0.9089138285551834,True,MI,11,1.0,,0.9094111834647721,0.07972553811854113
q126_187621,Mood and Expression,Low,knowledge,True,A,0.9089138285551834,0.9089138285551834,True,MI_balanced,11,1.0,,0.9094111834647721,0.07972553811854113
q126_187621,Mood and Expression,Low,knowledge,True,A,0.9089138285551834,0.9089138285551834,True,UC_audio,11,1.0,,0.9611233110013244,0.15442103969710666
q126_187621,Mood and Expression,Low,knowledge,True,A,0.9089138285551834,0.9089138285551834,True,UC_text,1,1.0,,1.0,0.0
q127_187621,Instrumentation,Low,percettiva,True,A,0.9280369394438546,0.9280369394438546,True,MI,12,,,0.21365317850812263,0.032010711374655366
q127_187621,Instrumentation,Low,percettiva,True,A,0.9280369394438546,0.9280369394438546,True,MI_balanced,12,,,0.23966639218531913,0.04108283524865222
q127_187621,Instrumentation,Low,percettiva,True,A,0.9280369394438546,0.9280369394438546,True,UC_audio,10,4.0,,0.8475115444239348,0.21534806020514272
q127_187621,Instrumentation,Low,percettiva,True,A,0.9280369394438546,0.9280369394438546,True,UC_text,1,1.0,,1.0,0.0
q128_332470,Metre and Rhythm,Medium,percettiva,False,D,0.8442716803965786,0.12947325555532935,True,MI,6,1.0,,1.061544083040526,0.018818855295261578
q128_332470,Metre and Rhythm,Medium,percettiva,False,D,0.8442716803965786,0.12947325555532935,True,MI_balanced,6,1.0,,1.0437729094600112,0.013830272291661
q128_332470,Metre and Rhythm,Medium,percettiva,False,D,0.8442716803965786,0.12947325555532935,True,UC_audio,7,1.0,,1.0667234651969697,-0.025467770988348744
q128_332470,Metre and Rhythm,Medium,percettiva,False,D,0.8442716803965786,0.12947325555532935,True,UC_text,1,1.0,,1.0,0.0
q129_332470,Historical and Cultural Context,Low,knowledge,True,A,0.9332060417890198,0.9332060417890198,True,MI,11,1.0,,0.667892163355304,0.04837073024547372
q129_332470,Historical and Cultural Context,Low,knowledge,True,A,0.9332060417890198,0.9332060417890198,True,MI_balanced,11,3.0,,0.6947583534241752,0.05544813767376329
q129_332470,Historical and Cultural Context,Low,knowledge,True,A,0.9332060417890198,0.9332060417890198,True,UC_audio,14,1.0,,0.6585477850077166,0.027820346819702777
q129_332470,Historical and Cultural Context,Low,knowledge,True,A,0.9332060417890198,0.9332060417890198,True,UC_text,1,1.0,,1.0,0.0
q12_1093606,Instrumentation,Low,percettiva,True,A,0.6795128587711021,0.6795128587711021,True,MI,14,4.0,3.0,0.7379723446408711,0.4554529461211691
q12_1093606,Instrumentation,Low,percettiva,True,A,0.6795128587711021,0.6795128587711021,True,MI_balanced,14,3.0,2.0,0.8217122732240085,0.44226719768530365
q12_1093606,Instrumentation,Low,percettiva,True,A,0.6795128587711021,0.6795128587711021,True,UC_audio,10,5.0,4.0,0.6830358680270213,0.6730380503060682
q12_1093606,Instrumentation,Low,percettiva,True,A,0.6795128587711021,0.6795128587711021,True,UC_text,1,1.0,,1.0,0.0
q130_332470,Melody,Medium,analitica,False,D,0.471524742900082,0.12300457842967571,True,MI,10,1.0,,1.6434479618706332,-0.2313297287528979
q130_332470,Melody,Medium,analitica,False,D,0.471524742900082,0.12300457842967571,True,MI_balanced,10,1.0,,1.6622532134024577,-0.27645235892434267
q130_332470,Melody,Medium,analitica,False,D,0.471524742900082,0.12300457842967571,True,UC_audio,9,1.0,,1.3805779428669207,-0.2395387899303154
q130_332470,Melody,Medium,analitica,False,D,0.471524742900082,0.12300457842967571,True,UC_text,1,1.0,,1.0,0.0
q131_182074,Sound Texture,Low,percettiva,False,B,0.7500190058024869,0.2018648768892319,True,MI,13,1.0,4.0,0.3569486766321883,0.4538568273038066
q131_182074,Sound Texture,Low,percettiva,False,B,0.7500190058024869,0.2018648768892319,True,MI_balanced,13,1.0,4.0,0.3569486766321883,0.4538568273038066
q131_182074,Sound Texture,Low,percettiva,False,B,0.7500190058024869,0.2018648768892319,True,UC_audio,11,2.0,3.0,0.4665634916211152,0.515615257897824
q131_182074,Sound Texture,Low,percettiva,False,B,0.7500190058024869,0.2018648768892319,True,UC_text,1,1.0,,1.0,0.0
q132_182074,Instrumentation,Medium,percettiva,False,C,0.46025618196769447,0.09647493674711652,True,MI,12,1.0,5.0,0.8467703297948556,0.37972932776686313
q132_182074,Instrumentation,Medium,percettiva,False,C,0.46025618196769447,0.09647493674711652,True,MI_balanced,12,1.0,4.0,0.857696454076283,0.4021995629704428
q132_182074,Instrumentation,Medium,percettiva,False,C,0.46025618196769447,0.09647493674711652,True,UC_audio,9,1.0,,0.46369395784610756,0.07080979983384426
q132_182074,Instrumentation,Medium,percettiva,False,C,0.46025618196769447,0.09647493674711652,True,UC_text,1,1.0,,1.0,0.0
q133_182074,Sound Texture,Low,percettiva,True,A,0.5896755174612486,0.5896755174612486,True,MI,13,1.0,,0.3895061113108271,-0.17456008568921713
q133_182074,Sound Texture,Low,percettiva,True,A,0.5896755174612486,0.5896755174612486,True,MI_balanced,13,1.0,,0.36370534250106223,-0.19308204317984246
q133_182074,Sound Texture,Low,percettiva,True,A,0.5896755174612486,0.5896755174612486,True,UC_audio,9,5.0,,0.7699589305112656,-0.17594215392262616
q133_182074,Sound Texture,Low,percettiva,True,A,0.5896755174612486,0.5896755174612486,True,UC_text,1,1.0,,1.0,0.0
q134_172015,Metre and Rhythm,High,percettiva,False,C,0.28595819752065854,0.2686328661695027,True,MI,8,1.0,,1.5209977168540822,0.03524470284317447
q134_172015,Metre and Rhythm,High,percettiva,False,C,0.28595819752065854,0.2686328661695027,True,MI_balanced,8,1.0,,1.5209977168540822,0.03524470284317447
q134_172015,Metre and Rhythm,High,percettiva,False,C,0.28595819752065854,0.2686328661695027,True,UC_audio,4,1.0,,1.0228947724035227,-0.31852410741595455
q134_172015,Metre and Rhythm,High,percettiva,False,C,0.28595819752065854,0.2686328661695027,True,UC_text,1,1.0,,1.0,0.0
q135_172015,Metre and Rhythm,Low,percettiva,False,C,0.6934112691269957,0.09682190743021972,True,MI,12,,11.0,-0.2380940936767447,0.4446376389754477
q135_172015,Metre and Rhythm,Low,percettiva,False,C,0.6934112691269957,0.09682190743021972,True,MI_balanced,12,,10.0,-0.22821951547692912,0.5213395772690125
q135_172015,Metre and Rhythm,Low,percettiva,False,C,0.6934112691269957,0.09682190743021972,True,UC_audio,9,,6.0,-0.24901064096217204,0.42778294276569645
q135_172015,Metre and Rhythm,Low,percettiva,False,C,0.6934112691269957,0.09682190743021972,True,UC_text,1,1.0,,1.0,0.0
q136_172015,Instrumentation,Low,percettiva,True,A,0.6323386935626697,0.6323386935626697,True,MI,16,1.0,,1.1628293201806548,-0.3700093229760953
q136_172015,Instrumentation,Low,percettiva,True,A,0.6323386935626697,0.6323386935626697,True,MI_balanced,16,1.0,,1.1700166475409934,-0.3801488660032177
q136_172015,Instrumentation,Low,percettiva,True,A,0.6323386935626697,0.6323386935626697,True,UC_audio,4,2.0,,0.9035697688557851,-0.11268776782366305
q136_172015,Instrumentation,Low,percettiva,True,A,0.6323386935626697,0.6323386935626697,True,UC_text,1,1.0,,1.0,0.0
q137_250001,Functional Context,Low,knowledge,True,A,0.854190629525911,0.854190629525911,True,MI,13,6.0,,0.42361837220818077,-0.008390415593024062
q137_250001,Functional Context,Low,knowledge,True,A,0.854190629525911,0.854190629525911,True,MI_balanced,13,6.0,,0.42361837220818077,-0.008390415593024062
q137_250001,Functional Context,Low,knowledge,True,A,0.854190629525911,0.854190629525911,True,UC_audio,14,9.0,,0.3342273177882433,-0.028847013684788383
q137_250001,Functional Context,Low,knowledge,True,A,0.854190629525911,0.854190629525911,True,UC_text,1,1.0,,1.0,0.0
q138_250001,Instrumentation,Medium,percettiva,True,A,0.8420523273710828,0.8420523273710828,True,MI,12,9.0,12.0,0.21503701704793124,0.17946061000715147
q138_250001,Instrumentation,Medium,percettiva,True,A,0.8420523273710828,0.8420523273710828,True,MI_balanced,12,8.0,11.0,0.274054938892058,0.22388033296443602
q138_250001,Instrumentation,Medium,percettiva,True,A,0.8420523273710828,0.8420523273710828,True,UC_audio,11,5.0,,-0.07147158760405407,0.06498741441000339
q138_250001,Instrumentation,Medium,percettiva,True,A,0.8420523273710828,0.8420523273710828,True,UC_text,1,1.0,,1.0,0.0
q139_250001,Performance,Medium,analitica,False,D,0.8001492796406324,0.08174039494207318,True,MI,8,1.0,,0.8801443835176547,0.01262873544193528
q139_250001,Performance,Medium,analitica,False,D,0.8001492796406324,0.08174039494207318,True,MI_balanced,8,1.0,,0.8801443835176547,0.01262873544193528
q139_250001,Performance,Medium,analitica,False,D,0.8001492796406324,0.08174039494207318,True,UC_audio,5,3.0,,0.7982863884286565,0.03272474110912507
q139_250001,Performance,Medium,analitica,False,D,0.8001492796406324,0.08174039494207318,True,UC_text,1,1.0,,1.0,0.0
q13_1045016,Metre and Rhythm,Medium,percettiva,True,A,0.933328170169308,0.933328170169308,True,MI,9,1.0,,0.6829913513540553,-0.004619822169854746
q13_1045016,Metre and Rhythm,Medium,percettiva,True,A,0.933328170169308,0.933328170169308,True,MI_balanced,9,3.0,,0.68752115241097,-0.0053834120380438924
q13_1045016,Metre and Rhythm,Medium,percettiva,True,A,0.933328170169308,0.933328170169308,True,UC_audio,9,1.0,,0.9795524984718723,0.007527891378306309
q13_1045016,Metre and Rhythm,Medium,percettiva,True,A,0.933328170169308,0.933328170169308,True,UC_text,1,1.0,,1.0,0.0
q140_1138688,Instrumentation,Medium,percettiva,True,A,0.741533037861989,0.741533037861989,True,MI,9,1.0,,0.48963483988249734,0.17627074592132852
q140_1138688,Instrumentation,Medium,percettiva,True,A,0.741533037861989,0.741533037861989,True,MI_balanced,9,5.0,,0.49214901718937837,0.18622261450069236
q140_1138688,Instrumentation,Medium,percettiva,True,A,0.741533037861989,0.741533037861989,True,UC_audio,10,6.0,,0.20041132264214206,0.13367675015581285
q140_1138688,Instrumentation,Medium,percettiva,True,A,0.741533037861989,0.741533037861989,True,UC_text,1,1.0,,1.0,0.0
q141_1138688,Historical and Cultural Context,Low,knowledge,False,C,0.6951112981251244,0.0626661841207121,True,MI,12,3.0,,0.8453456687261162,-0.14018282982868277
q141_1138688,Historical and Cultural Context,Low,knowledge,False,C,0.6951112981251244,0.0626661841207121,True,MI_balanced,12,2.0,,0.8713062628976017,-0.15635031980342987
q141_1138688,Historical and Cultural Context,Low,knowledge,False,C,0.6951112981251244,0.0626661841207121,True,UC_audio,7,2.0,,-0.11007211171558802,-0.18182419661519336
q141_1138688,Historical and Cultural Context,Low,knowledge,False,C,0.6951112981251244,0.0626661841207121,True,UC_text,1,1.0,,1.0,0.0
q142_1138688,Mood and Expression,Low,knowledge,True,A,0.979885080514574,0.979885080514574,True,MI,5,3.0,,0.8888875478184467,0.04172423447242438
q142_1138688,Mood and Expression,Low,knowledge,True,A,0.979885080514574,0.979885080514574,True,MI_balanced,5,3.0,,0.8888875478184467,0.04172423447242438
q142_1138688,Mood and Expression,Low,knowledge,True,A,0.979885080514574,0.979885080514574,True,UC_audio,13,8.0,,0.5327046350412559,0.009056561971396142
q142_1138688,Mood and Expression,Low,knowledge,True,A,0.979885080514574,0.979885080514574,True,UC_text,1,1.0,,1.0,0.0
q143_14458,Harmony,High,analitica,False,C,0.3437134897188202,0.18397657350814298,True,MI,3,,1.0,0.13215068594413776,0.6225058256862057
q143_14458,Harmony,High,analitica,False,C,0.3437134897188202,0.18397657350814298,True,MI_balanced,3,,1.0,0.13215068594413776,0.6225058256862057
q143_14458,Harmony,High,analitica,False,C,0.3437134897188202,0.18397657350814298,True,UC_audio,7,2.0,1.0,1.047504744414939,0.6470672606204926
q143_14458,Harmony,High,analitica,False,C,0.3437134897188202,0.18397657350814298,True,UC_text,1,1.0,,1.0,0.0
q144_14458,Melody,High,analitica,False,B,0.7473177069574215,0.10113845353881858,True,MI,13,1.0,,0.8692949168702234,0.15439145550656158
q144_14458,Melody,High,analitica,False,B,0.7473177069574215,0.10113845353881858,True,MI_balanced,13,1.0,,0.8693003378597929,0.17059617928392773
q144_14458,Melody,High,analitica,False,B,0.7473177069574215,0.10113845353881858,True,UC_audio,10,1.0,,0.5798811031581287,0.017615357153131048
q144_14458,Melody,High,analitica,False,B,0.7473177069574215,0.10113845353881858,True,UC_text,1,1.0,,1.0,0.0
q145_14458,Instrumentation,Low,percettiva,True,A,0.5015270908501631,0.5015270908501631,True,MI,7,3.0,,-0.05920384230600464,-1.1000305519932008
q145_14458,Instrumentation,Low,percettiva,True,A,0.5015270908501631,0.5015270908501631,True,MI_balanced,7,3.0,,-0.05920384230600464,-1.1000305519932008
q145_14458,Instrumentation,Low,percettiva,True,A,0.5015270908501631,0.5015270908501631,True,UC_audio,9,8.0,7.0,0.425406251790959,0.24141773659370894
q145_14458,Instrumentation,Low,percettiva,True,A,0.5015270908501631,0.5015270908501631,True,UC_text,1,1.0,,1.0,0.0
q146_179608,Musical Texture,Low,percettiva,True,A,0.46113241144955197,0.46113241144955197,True,MI,15,,6.0,-0.3258123364485803,0.5934208535052307
q146_179608,Musical Texture,Low,percettiva,True,A,0.46113241144955197,0.46113241144955197,True,MI_balanced,15,,5.0,-0.3961257925858593,0.6477978160368212
q146_179608,Musical Texture,Low,percettiva,True,A,0.46113241144955197,0.46113241144955197,True,UC_audio,6,,,-0.28158528733030574,-0.10932500290460245
q146_179608,Musical Texture,Low,percettiva,True,A,0.46113241144955197,0.46113241144955197,True,UC_text,1,1.0,,1.0,0.0
q147_179608,Performance,Low,analitica,True,A,0.5033449123422662,0.5033449123422662,True,MI,15,1.0,,0.6318761078428679,-0.12470237646479321
q147_179608,Performance,Low,analitica,True,A,0.5033449123422662,0.5033449123422662,True,MI_balanced,15,1.0,,0.5982372212188037,-0.15667247628713413
q147_179608,Performance,Low,analitica,True,A,0.5033449123422662,0.5033449123422662,True,UC_audio,7,1.0,,0.8597945392954516,-0.10206680330349413
q147_179608,Performance,Low,analitica,True,A,0.5033449123422662,0.5033449123422662,True,UC_text,1,1.0,,1.0,0.0
q148_179608,Instrumentation,Low,percettiva,True,A,0.7719243867421022,0.7719243867421022,True,MI,13,1.0,,0.6039941654457662,0.1470149860086963
q148_179608,Instrumentation,Low,percettiva,True,A,0.7719243867421022,0.7719243867421022,True,MI_balanced,13,1.0,,0.5509299387973402,0.15850708830939356
q148_179608,Instrumentation,Low,percettiva,True,A,0.7719243867421022,0.7719243867421022,True,UC_audio,11,1.0,,0.4567771264842551,0.21326886947368845
q148_179608,Instrumentation,Low,percettiva,True,A,0.7719243867421022,0.7719243867421022,True,UC_text,1,1.0,,1.0,0.005992981979773344
q149_150794,Structure,Medium,analitica,False,B,0.30736363908065073,0.23937504280368746,True,MI,13,1.0,6.0,-1.3136561945209344,1.1074465391776003
q149_150794,Structure,Medium,analitica,False,B,0.30736363908065073,0.23937504280368746,True,MI_balanced,13,,5.0,-1.3997157825391175,1.2345565707945385
q149_150794,Structure,Medium,analitica,False,B,0.30736363908065073,0.23937504280368746,True,UC_audio,13,,4.0,-0.5784888287950182,0.5597669772139123
q149_150794,Structure,Medium,analitica,False,B,0.30736363908065073,0.23937504280368746,True,UC_text,1,1.0,,1.0,0.0
q14_1045016,Instrumentation,Low,percettiva,False,C,0.5046772130266352,0.140143800626406,True,MI,8,1.0,5.0,1.1511155506253457,0.6826080846129992
q14_1045016,Instrumentation,Low,percettiva,False,C,0.5046772130266352,0.140143800626406,True,MI_balanced,8,1.0,5.0,1.1511155506253457,0.6826080846129992
q14_1045016,Instrumentation,Low,percettiva,False,C,0.5046772130266352,0.140143800626406,True,UC_audio,12,1.0,,0.16368632922039109,0.15536915163637893
q14_1045016,Instrumentation,Low,percettiva,False,C,0.5046772130266352,0.140143800626406,True,UC_text,1,1.0,,1.0,0.0
q150_150794,Instrumentation,Low,percettiva,True,A,0.8621684450712531,0.8621684450712531,True,MI,8,1.0,,0.7185219689266533,0.10487788294366503
q150_150794,Instrumentation,Low,percettiva,True,A,0.8621684450712531,0.8621684450712531,True,MI_balanced,8,1.0,,0.6861157206846893,0.10829414982832217
q150_150794,Instrumentation,Low,percettiva,True,A,0.8621684450712531,0.8621684450712531,True,UC_audio,10,1.0,,0.9161725154247162,0.1391991993762403
q150_150794,Instrumentation,Low,percettiva,True,A,0.8621684450712531,0.8621684450712531,True,UC_text,1,1.0,,1.0,0.0
q151_150794,Instrumentation,Low,percettiva,True,A,0.8494034066985937,0.8494034066985937,True,MI,8,1.0,,0.2711903469469056,0.008454605402810773
q151_150794,Instrumentation,Low,percettiva,True,A,0.8494034066985937,0.8494034066985937,True,MI_balanced,8,,,0.23947052343034178,0.007536335896158208
q151_150794,Instrumentation,Low,percettiva,True,A,0.8494034066985937,0.8494034066985937,True,UC_audio,11,1.0,,0.9342261749444253,0.03684445488735047
q151_150794,Instrumentation,Low,percettiva,True,A,0.8494034066985937,0.8494034066985937,True,UC_text,1,1.0,,0.9916927927588188,0.0041536036205906245
q152_1051378,Functional Context,Low,knowledge,True,A,0.7891368368554612,0.7891368368554612,True,MI,13,1.0,,0.5779543824292376,0.17252815696800253
q152_1051378,Functional Context,Low,knowledge,True,A,0.7891368368554612,0.7891368368554612,True,MI_balanced,13,1.0,,0.5789879372684102,0.18291092328551192
q152_1051378,Functional Context,Low,knowledge,True,A,0.7891368368554612,0.7891368368554612,True,UC_audio,10,1.0,,0.5856708614792702,0.1797340501802867
q152_1051378,Functional Context,Low,knowledge,True,A,0.7891368368554612,0.7891368368554612,True,UC_text,1,1.0,,1.0,0.0
q153_1051378,Instrumentation,Low,percettiva,True,A,0.9728595137625755,0.9728595137625755,True,MI,13,1.0,,0.9291873413235703,0.02103905859071001
q153_1051378,Instrumentation,Low,percettiva,True,A,0.9728595137625755,0.9728595137625755,True,MI_balanced,13,1.0,,0.9446306346141873,0.02387553657696789
q153_1051378,Instrumentation,Low,percettiva,True,A,0.9728595137625755,0.9728595137625755,True,UC_audio,11,1.0,,0.9408738254415046,0.017657171350038393
q153_1051378,Instrumentation,Low,percettiva,True,A,0.9728595137625755,0.9728595137625755,True,UC_text,1,1.0,,1.0,0.0
q154_1051378,Harmony,Medium,analitica,False,C,0.7572648797538447,0.046920895038197755,True,MI,12,5.0,,0.578136034691336,0.06958727185422159
q154_1051378,Harmony,Medium,analitica,False,C,0.7572648797538447,0.046920895038197755,True,MI_balanced,12,4.0,,0.6185514403940322,0.08622279260823482
q154_1051378,Harmony,Medium,analitica,False,C,0.7572648797538447,0.046920895038197755,True,UC_audio,11,9.0,,0.34974519424116207,-0.06604265629798886
q154_1051378,Harmony,Medium,analitica,False,C,0.7572648797538447,0.046920895038197755,True,UC_text,1,1.0,,1.0,0.0
q155_1199044,Mood and Expression,Low,knowledge,True,A,0.6251626571689555,0.6251626571689555,True,MI,6,4.0,,0.3540683032986147,0.038241426187048067
q155_1199044,Mood and Expression,Low,knowledge,True,A,0.6251626571689555,0.6251626571689555,True,MI_balanced,6,3.0,,0.40778939596054237,0.04626480726420069
q155_1199044,Mood and Expression,Low,knowledge,True,A,0.6251626571689555,0.6251626571689555,True,UC_audio,13,13.0,,0.24658267721924407,0.0419502615956086
q155_1199044,Mood and Expression,Low,knowledge,True,A,0.6251626571689555,0.6251626571689555,True,UC_text,1,1.0,,1.0,0.0
q156_1199044,Sound Texture,Medium,percettiva,False,B,0.7637564646614613,0.02870292330278883,True,MI,9,1.0,,0.8768338381410817,0.014566721659430784
q156_1199044,Sound Texture,Medium,percettiva,False,B,0.7637564646614613,0.02870292330278883,True,MI_balanced,9,2.0,,0.8923264808903923,0.015159639268375978
q156_1199044,Sound Texture,Medium,percettiva,False,B,0.7637564646614613,0.02870292330278883,True,UC_audio,8,1.0,,0.7892475402214498,0.0011759520348441706
q156_1199044,Sound Texture,Medium,percettiva,False,B,0.7637564646614613,0.02870292330278883,True,UC_text,1,1.0,,1.0,0.0
q157_1199044,Metre and Rhythm,Medium,percettiva,False,C,0.7183162732907062,0.10676818235425907,True,MI,9,1.0,,1.1221310262854844,-0.14488394269409696
q157_1199044,Metre and Rhythm,Medium,percettiva,False,C,0.7183162732907062,0.10676818235425907,True,MI_balanced,9,1.0,,1.132777164866773,-0.15878140842365038
q157_1199044,Metre and Rhythm,Medium,percettiva,False,C,0.7183162732907062,0.10676818235425907,True,UC_audio,5,1.0,,0.7958943323711213,-0.21187078919938873
q157_1199044,Metre and Rhythm,Medium,percettiva,False,C,0.7183162732907062,0.10676818235425907,True,UC_text,1,1.0,,1.0,0.0
q158_14014,Genre and Style,Medium,knowledge,False,B,0.5029755313463606,0.17934144870682814,True,MI,14,13.0,,0.3349815023574755,-0.0304373461063045
q158_14014,Genre and Style,Medium,knowledge,False,B,0.5029755313463606,0.17934144870682814,True,MI_balanced,14,13.0,,0.3349815023574755,-0.0304373461063045
q158_14014,Genre and Style,Medium,knowledge,False,B,0.5029755313463606,0.17934144870682814,True,UC_audio,12,3.0,,0.5299619539305964,0.1499041752545305
q158_14014,Genre and Style,Medium,knowledge,False,B,0.5029755313463606,0.17934144870682814,True,UC_text,1,1.0,,1.0,0.0
q159_14014,Harmony,Medium,analitica,True,A,0.49248006322347404,0.49248006322347404,True,MI,14,,,-0.22323705664683852,0.14962396018329935
q159_14014,Harmony,Medium,analitica,True,A,0.49248006322347404,0.49248006322347404,True,MI_balanced,14,,,-0.20500309038615752,0.17488551386557513
q159_14014,Harmony,Medium,analitica,True,A,0.49248006322347404,0.49248006322347404,True,UC_audio,10,,,-0.2567260060094626,-0.11042023307215931
q159_14014,Harmony,Medium,analitica,True,A,0.49248006322347404,0.49248006322347404,True,UC_text,1,1.0,,1.0,0.0
q15_1045016,Sound Texture,Low,percettiva,False,D,0.41364002961197727,0.19538971486350093,True,MI,11,1.0,,1.279657936320782,-0.3703928298196949
q15_1045016,Sound Texture,Low,percettiva,False,D,0.41364002961197727,0.19538971486350093,True,MI_balanced,11,1.0,,1.279657936320782,-0.3703928298196949
q15_1045016,Sound Texture,Low,percettiva,False,D,0.41364002961197727,0.19538971486350093,True,UC_audio,7,1.0,,1.164866206035956,-0.17429539479420447
q15_1045016,Sound Texture,Low,percettiva,False,D,0.41364002961197727,0.19538971486350093,True,UC_text,1,1.0,,1.0,0.0
q160_14014,Melody,Medium,analitica,False,B,0.4618563501645657,0.40758679845925555,True,MI,9,1.0,,1.4574763782005808,-0.37925692854121984
q160_14014,Melody,Medium,analitica,False,B,0.4618563501645657,0.40758679845925555,True,MI_balanced,9,1.0,,1.4132156918898733,-0.4046883742495056
q160_14014,Melody,Medium,analitica,False,B,0.4618563501645657,0.40758679845925555,True,UC_audio,5,1.0,,2.263253774959944,-0.12033174649525624
q160_14014,Melody,Medium,analitica,False,B,0.4618563501645657,0.40758679845925555,True,UC_text,1,1.0,,1.0,0.0
q161_1177896,Sound Texture,High,percettiva,False,B,0.5996690947218911,0.08115638678243027,True,MI,12,1.0,,0.543449861160479,0.04075057346950127
q161_1177896,Sound Texture,High,percettiva,False,B,0.5996690947218911,0.08115638678243027,True,MI_balanced,12,3.0,,0.5459202029686919,0.04574822401783162
q161_1177896,Sound Texture,High,percettiva,False,B,0.5996690947218911,0.08115638678243027,True,UC_audio,9,7.0,,0.5693948512584638,0.06254922125966793
q161_1177896,Sound Texture,High,percettiva,False,B,0.5996690947218911,0.08115638678243027,True,UC_text,1,1.0,,1.0,0.0
q162_1177896,Harmony,Medium,analitica,False,C,0.5414474963547893,0.181362193725801,True,MI,11,,6.0,-0.3668915807228101,0.3934162220786038
q162_1177896,Harmony,Medium,analitica,False,C,0.5414474963547893,0.181362193725801,True,MI_balanced,11,,5.0,-0.33765485584053173,0.42055336675630756
q162_1177896,Harmony,Medium,analitica,False,C,0.5414474963547893,0.181362193725801,True,UC_audio,8,,7.0,-0.46838820910350704,0.6458615699446661
q162_1177896,Harmony,Medium,analitica,False,C,0.5414474963547893,0.181362193725801,True,UC_text,1,1.0,,1.0,0.0
q163_1177896,Functional Context,Low,knowledge,False,B,0.36313383080325395,0.10734215535186356,True,MI,4,1.0,,0.4341637903217851,0.29137014960591573
q163_1177896,Functional Context,Low,knowledge,False,B,0.36313383080325395,0.10734215535186356,True,MI_balanced,4,1.0,,0.4341637903217851,0.29137014960591573
q163_1177896,Functional Context,Low,knowledge,False,B,0.36313383080325395,0.10734215535186356,True,UC_audio,3,1.0,,0.9509147995040635,0.4243469972479355
q163_1177896,Functional Context,Low,knowledge,False,B,0.36313383080325395,0.10734215535186356,True,UC_text,1,1.0,,1.0,0.0
q164_1227240,Sound Texture,Medium,percettiva,False,B,0.34941710157272665,0.24015062773715118,True,MI,17,3.0,1.0,1.9433874328345673,-0.0805454518460987
q164_1227240,Sound Texture,Medium,percettiva,False,B,0.34941710157272665,0.24015062773715118,True,MI_balanced,17,2.0,1.0,1.990587983558638,-0.13355287063234422
q164_1227240,Sound Texture,Medium,percettiva,False,B,0.34941710157272665,0.24015062773715118,True,UC_audio,5,1.0,,0.5262085177662678,0.4184945751212857
q164_1227240,Sound Texture,Medium,percettiva,False,B,0.34941710157272665,0.24015062773715118,True,UC_text,1,1.0,,1.0,0.0
q165_1227240,Melody,High,analitica,False,D,0.40286586473429636,0.15291063483349845,True,MI,8,1.0,,1.3365364655964207,0.10640446861477416
q165_1227240,Melody,High,analitica,False,D,0.40286586473429636,0.15291063483349845,True,MI_balanced,8,1.0,,1.3617212293213223,0.12352027314736115
q165_1227240,Melody,High,analitica,False,D,0.40286586473429636,0.15291063483349845,True,UC_audio,7,1.0,,1.3117858884874478,0.11017025380221365
q165_1227240,Melody,High,analitica,False,D,0.40286586473429636,0.15291063483349845,True,UC_text,1,1.0,,1.0,0.0
q166_1227240,Mood and Expression,Low,knowledge,False,B,0.5159665979251691,0.11158560237893607,True,MI,12,3.0,8.0,0.4581861719589383,0.648878175448065
q166_1227240,Mood and Expression,Low,knowledge,False,B,0.5159665979251691,0.11158560237893607,True,MI_balanced,12,3.0,8.0,0.4581861719589383,0.648878175448065
q166_1227240,Mood and Expression,Low,knowledge,False,B,0.5159665979251691,0.11158560237893607,True,UC_audio,10,3.0,3.0,0.6967498202998904,0.9339442149466269
q166_1227240,Mood and Expression,Low,knowledge,False,B,0.5159665979251691,0.11158560237893607,True,UC_text,1,1.0,,1.0,0.0
q167_7096,Metre and Rhythm,Medium,percettiva,False,C,0.8970607307963784,0.018617901500176042,True,MI,8,,,0.1937939679803408,-0.03980072547273639
q167_7096,Metre and Rhythm,Medium,percettiva,False,C,0.8970607307963784,0.018617901500176042,True,MI_balanced,8,,,0.1937939679803408,-0.03980072547273639
q167_7096,Metre and Rhythm,Medium,percettiva,False,C,0.8970607307963784,0.018617901500176042,True,UC_audio,8,1.0,,0.9717592335844462,0.021906010270465157
q167_7096,Metre and Rhythm,Medium,percettiva,False,C,0.8970607307963784,0.018617901500176042,True,UC_text,1,1.0,,1.0,0.0
q168_7096,Genre and Style,High,knowledge,True,A,0.5365732156769629,0.5365732156769629,True,MI,8,3.0,8.0,0.641419372704042,0.4101768445937694
q168_7096,Genre and Style,High,knowledge,True,A,0.5365732156769629,0.5365732156769629,True,MI_balanced,8,3.0,8.0,0.641419372704042,0.4101768445937694
q168_7096,Genre and Style,High,knowledge,True,A,0.5365732156769629,0.5365732156769629,True,UC_audio,7,1.0,,1.4994665781601528,-0.006887507757775468
q168_7096,Genre and Style,High,knowledge,True,A,0.5365732156769629,0.5365732156769629,True,UC_text,1,1.0,,1.0,0.0
q169_7096,Melody,Medium,analitica,False,B,0.45323089971841196,0.2351330932370754,True,MI,10,3.0,6.0,0.508377321970368,0.5385615210068038
q169_7096,Melody,Medium,analitica,False,B,0.45323089971841196,0.2351330932370754,True,MI_balanced,10,3.0,6.0,0.508377321970368,0.5385615210068038
q169_7096,Melody,Medium,analitica,False,B,0.45323089971841196,0.2351330932370754,True,UC_audio,6,,,0.07110162222328685,0.22942804254848506
q169_7096,Melody,Medium,analitica,False,B,0.45323089971841196,0.2351330932370754,True,UC_text,1,1.0,,1.0,0.0
q16_1100505,Sound Texture,Medium,percettiva,False,D,0.5634171593326551,0.09489493305530851,True,MI,10,1.0,,1.1495632810385104,-0.3840226500687017
q16_1100505,Sound Texture,Medium,percettiva,False,D,0.5634171593326551,0.09489493305530851,True,MI_balanced,10,1.0,,1.1599033730357389,-0.41379076980783186
q16_1100505,Sound Texture,Medium,percettiva,False,D,0.5634171593326551,0.09489493305530851,True,UC_audio,4,1.0,,1.6275898850179362,0.15814610405393584
q16_1100505,Sound Texture,Medium,percettiva,False,D,0.5634171593326551,0.09489493305530851,True,UC_text,1,1.0,,1.0,0.0
q170_1103980,Harmony,High,analitica,False,D,0.4189490245232793,0.12384109510098162,True,MI,11,1.0,,1.1657507487340557,-0.17965200308210275
q170_1103980,Harmony,High,analitica,False,D,0.4189490245232793,0.12384109510098162,True,MI_balanced,11,1.0,,1.186609180774733,-0.17621810946721592
q170_1103980,Harmony,High,analitica,False,D,0.4189490245232793,0.12384109510098162,True,UC_audio,9,1.0,,1.2416842918568127,-0.27865364027741457
q170_1103980,Harmony,High,analitica,False,D,0.4189490245232793,0.12384109510098162,True,UC_text,1,1.0,,1.0,0.0
q171_1103980,Harmony,High,analitica,False,D,0.6070962691885237,0.12725429111886272,True,MI,11,,,0.2503872411637104,0.0461786199591052
q171_1103980,Harmony,High,analitica,False,D,0.6070962691885237,0.12725429111886272,True,MI_balanced,11,,,0.2651783365011834,0.03455615076510139
q171_1103980,Harmony,High,analitica,False,D,0.6070962691885237,0.12725429111886272,True,UC_audio,10,2.0,,0.6209144880850505,0.11581910272829683
q171_1103980,Harmony,High,analitica,False,D,0.6070962691885237,0.12725429111886272,True,UC_text,1,1.0,,1.0,0.0
q172_1103980,Instrumentation,Low,percettiva,False,D,0.6213705358892696,0.25105639122752843,True,MI,6,1.0,,1.5996356284067592,-0.14826243107258646
q172_1103980,Instrumentation,Low,percettiva,False,D,0.6213705358892696,0.25105639122752843,True,MI_balanced,6,1.0,,1.5996356284067592,-0.14826243107258646
q172_1103980,Instrumentation,Low,percettiva,False,D,0.6213705358892696,0.25105639122752843,True,UC_audio,4,1.0,,1.6784629883061568,0.018114356675519798
q172_1103980,Instrumentation,Low,percettiva,False,D,0.6213705358892696,0.25105639122752843,True,UC_text,1,1.0,,1.0,0.0
q173_121123,Melody,High,analitica,False,D,0.5905135774168673,0.24616268252957654,True,MI,4,,,0.23537332891872673,-0.13912775112123293
q173_121123,Melody,High,analitica,False,D,0.5905135774168673,0.24616268252957654,True,MI_balanced,4,,,0.23537332891872673,-0.13912775112123293
q173_121123,Melody,High,analitica,False,D,0.5905135774168673,0.24616268252957654,True,UC_audio,12,2.0,8.0,0.8411618887760712,0.3833682664793614
q173_121123,Melody,High,analitica,False,D,0.5905135774168673,0.24616268252957654,True,UC_text,1,1.0,,1.0,0.0
q174_121123,Metre and Rhythm,Medium,percettiva,False,C,0.3910933470629996,0.17354662074981228,True,MI,3,1.0,,1.6897772938104165,-0.0021590757571223443
q174_121123,Metre and Rhythm,Medium,percettiva,False,C,0.3910933470629996,0.17354662074981228,True,MI_balanced,3,1.0,,1.6897772938104165,-0.0021590757571223443
q174_121123,Metre and Rhythm,Medium,percettiva,False,C,0.3910933470629996,0.17354662074981228,True,UC_audio,7,1.0,,1.6626499879809942,-0.19147618899065755
q174_121123,Metre and Rhythm,Medium,percettiva,False,C,0.3910933470629996,0.17354662074981228,True,UC_text,1,1.0,,1.0,0.0
q175_121123,Metre and Rhythm,High,percettiva,False,D,0.6317864730947779,0.18100985513303527,True,MI,4,1.0,,0.8754690660805465,-0.06523517895262639
q175_121123,Metre and Rhythm,High,percettiva,False,D,0.6317864730947779,0.18100985513303527,True,MI_balanced,4,1.0,,0.8740783217206353,-0.07022377799250495
q175_121123,Metre and Rhythm,High,percettiva,False,D,0.6317864730947779,0.18100985513303527,True,UC_audio,9,1.0,,0.9525704521959795,-0.09090562005389595
q175_121123,Metre and Rhythm,High,percettiva,False,D,0.6317864730947779,0.18100985513303527,True,UC_text,1,1.0,,1.0,0.0
q176_1076450,Metre and Rhythm,Medium,percettiva,False,D,0.5287682366832923,0.0890591022844737,True,MI,12,1.0,,0.8515504953607689,-0.013128039146579352
q176_1076450,Metre and Rhythm,Medium,percettiva,False,D,0.5287682366832923,0.0890591022844737,True,MI_balanced,12,1.0,,0.8430667858067623,0.00320660579618887
q176_1076450,Metre and Rhythm,Medium,percettiva,False,D,0.5287682366832923,0.0890591022844737,True,UC_audio,9,1.0,,0.9574602270639941,-0.08644655463300878
q176_1076450,Metre and Rhythm,Medium,percettiva,False,D,0.5287682366832923,0.0890591022844737,True,UC_text,1,1.0,,1.0,0.0
q177_1076450,Instrumentation,Medium,percettiva,True,A,0.9131752974700982,0.9131752974700982,True,MI,10,1.0,,0.8406727450802426,-0.053820452771910936
q177_1076450,Instrumentation,Medium,percettiva,True,A,0.9131752974700982,0.9131752974700982,True,MI_balanced,10,5.0,,0.87794050916073,-0.05810619093652876
q177_1076450,Instrumentation,Medium,percettiva,True,A,0.9131752974700982,0.9131752974700982,True,UC_audio,9,3.0,,0.9664616269842498,-0.028942790787530488
q177_1076450,Instrumentation,Medium,percettiva,True,A,0.9131752974700982,0.9131752974700982,True,UC_text,1,1.0,,1.0,0.0
q178_1076450,Melody,Medium,analitica,True,A,0.4557156906870508,0.4557156906870508,True,MI,9,,,-1.057158381881753,-0.19747836364110644
q178_1076450,Melody,Medium,analitica,True,A,0.4557156906870508,0.4557156906870508,True,MI_balanced,9,,,-1.058410122290207,-0.21652841732565858
q178_1076450,Melody,Medium,analitica,True,A,0.4557156906870508,0.4557156906870508,True,UC_audio,10,,,-1.0094762336973915,-0.03515992409670676
q178_1076450,Melody,Medium,analitica,True,A,0.4557156906870508,0.4557156906870508,True,UC_text,1,1.0,,1.0,0.0
q179_1407836,Metre and Rhythm,Medium,percettiva,False,B,0.9765333090171201,0.01733554226833651,True,MI,13,3.0,,0.7753278513050134,0.03528076705158575
q179_1407836,Metre and Rhythm,Medium,percettiva,False,B,0.9765333090171201,0.01733554226833651,True,MI_balanced,13,2.0,,0.8256358073443979,0.04245625674228131
q179_1407836,Metre and Rhythm,Medium,percettiva,False,B,0.9765333090171201,0.01733554226833651,True,UC_audio,14,1.0,,0.8562858408901611,0.02974103313651028
q179_1407836,Metre and Rhythm,Medium,percettiva,False,B,0.9765333090171201,0.01733554226833651,True,UC_text,1,1.0,,1.0,0.0
q17_1100505,Performance,Medium,analitica,False,D,0.5441962662404293,0.10715859842527052,True,MI,3,1.0,,1.900960536776057,-0.30635282302847844
q17_1100505,Performance,Medium,analitica,False,D,0.5441962662404293,0.10715859842527052,True,MI_balanced,3,1.0,,1.900960536776057,-0.30635282302847844
q17_1100505,Performance,Medium,analitica,False,D,0.5441962662404293,0.10715859842527052,True,UC_audio,5,1.0,,1.5775088724360982,-0.680036439411647
q17_1100505,Performance,Medium,analitica,False,D,0.5441962662404293,0.10715859842527052,True,UC_text,1,1.0,,1.0,0.0
q180_1407836,Functional Context,Low,knowledge,False,B,0.4905945112651267,0.35892661191700603,True,MI,9,1.0,,1.2922076742269877,-0.000950970530081846
q180_1407836,Functional Context,Low,knowledge,False,B,0.4905945112651267,0.35892661191700603,True,MI_balanced,9,1.0,,1.2922076742269877,-0.000950970530081846
q180_1407836,Functional Context,Low,knowledge,False,B,0.4905945112651267,0.35892661191700603,True,UC_audio,10,1.0,,1.2726388063503025,-0.08476305172973414
q180_1407836,Functional Context,Low,knowledge,False,B,0.4905945112651267,0.35892661191700603,True,UC_text,1,1.0,,1.0,0.0
q181_1407836,Functional Context,Low,knowledge,True,A,0.3589800370841438,0.3589800370841438,True,MI,8,,1.0,-0.20287538759556603,0.8442808511559069
q181_1407836,Functional Context,Low,knowledge,True,A,0.3589800370841438,0.3589800370841438,True,MI_balanced,8,,1.0,-0.18731210952238175,0.8528624243986267
q181_1407836,Functional Context,Low,knowledge,True,A,0.3589800370841438,0.3589800370841438,True,UC_audio,7,,1.0,-0.02049103590037683,0.5606751104600609
q181_1407836,Functional Context,Low,knowledge,True,A,0.3589800370841438,0.3589800370841438,True,UC_text,1,1.0,,1.0,0.0
q182_357330,Lyrics,Low,knowledge,False,D,0.8077664623182926,0.007919063746074711,True,MI,8,2.0,2.0,0.9980654149009961,1.0863481209886856
q182_357330,Lyrics,Low,knowledge,False,D,0.8077664623182926,0.007919063746074711,True,MI_balanced,8,2.0,2.0,0.9980654149009961,1.0863481209886856
q182_357330,Lyrics,Low,knowledge,False,D,0.8077664623182926,0.007919063746074711,True,UC_audio,10,1.0,1.0,1.2834230675909466,1.1747005370163697
q182_357330,Lyrics,Low,knowledge,False,D,0.8077664623182926,0.007919063746074711,True,UC_text,1,1.0,,1.0,0.0
q183_357330,Metre and Rhythm,Medium,percettiva,True,A,0.9809523791360345,0.9809523791360345,True,MI,8,1.0,,0.8238001068331946,-0.006749183706944362
q183_357330,Metre and Rhythm,Medium,percettiva,True,A,0.9809523791360345,0.9809523791360345,True,MI_balanced,8,1.0,,0.8353839691591148,-0.006630745848287907
q183_357330,Metre and Rhythm,Medium,percettiva,True,A,0.9809523791360345,0.9809523791360345,True,UC_audio,14,1.0,,0.870124599268359,0.028650711679628207
q183_357330,Metre and Rhythm,Medium,percettiva,True,A,0.9809523791360345,0.9809523791360345,True,UC_text,1,1.0,,1.0,0.0
q184_357330,Lyrics,Low,knowledge,True,A,0.7097150792572022,0.7097150792572022,True,MI,11,,9.0,-0.29720624518907646,0.378557743656186
q184_357330,Lyrics,Low,knowledge,True,A,0.7097150792572022,0.7097150792572022,True,MI_balanced,11,,8.0,-0.27412384532691675,0.4255332054847932
q184_357330,Lyrics,Low,knowledge,True,A,0.7097150792572022,0.7097150792572022,True,UC_audio,13,,4.0,-0.07019572122590971,1.0673316666759143
q184_357330,Lyrics,Low,knowledge,True,A,0.7097150792572022,0.7097150792572022,True,UC_text,1,1.0,,1.0,0.0
q185_661634,Harmony,High,analitica,False,C,0.5567474172427183,0.27995018234340185,True,MI,7,1.0,,0.9908076777759675,-0.05859344676344693
q185_661634,Harmony,High,analitica,False,C,0.5567474172427183,0.27995018234340185,True,MI_balanced,7,1.0,,0.9889947311307059,-0.05974050817992546
q185_661634,Harmony,High,analitica,False,C,0.5567474172427183,0.27995018234340185,True,UC_audio,8,1.0,,1.060934853872612,-0.031985399981521064
q185_661634,Harmony,High,analitica,False,C,0.5567474172427183,0.27995018234340185,True,UC_text,1,1.0,,1.0,0.0
q186_661634,Harmony,Medium,analitica,True,A,0.35057352605281833,0.35057352605281833,True,MI,13,4.0,10.0,0.35314812329919965,0.43921645995736636
q186_661634,Harmony,Medium,analitica,True,A,0.35057352605281833,0.35057352605281833,True,MI_balanced,13,4.0,10.0,0.35314812329919965,0.43921645995736636
q186_661634,Harmony,Medium,analitica,True,A,0.35057352605281833,0.35057352605281833,True,UC_audio,10,2.0,,0.7764094072017519,0.1658429835639861
q186_661634,Harmony,Medium,analitica,True,A,0.35057352605281833,0.35057352605281833,True,UC_text,1,1.0,,1.0,0.0
q187_661634,Harmony,High,analitica,False,B,0.6407669898812979,0.16715405638576009,True,MI,11,1.0,,0.8818834761880637,-0.010993406817129795
q187_661634,Harmony,High,analitica,False,B,0.6407669898812979,0.16715405638576009,True,MI_balanced,11,1.0,,0.8818834761880637,-0.010993406817129795
q187_661634,Harmony,High,analitica,False,B,0.6407669898812979,0.16715405638576009,True,UC_audio,8,1.0,,0.8797652284917853,-0.1191302066803474
q187_661634,Harmony,High,analitica,False,B,0.6407669898812979,0.16715405638576009,True,UC_text,1,1.0,,1.0,0.0
q188_312915,Instrumentation,Medium,percettiva,False,D,0.6672277104076414,0.24545935723886406,True,MI,4,1.0,,1.3299448917684074,0.061714978020416436
q188_312915,Instrumentation,Medium,percettiva,False,D,0.6672277104076414,0.24545935723886406,True,MI_balanced,4,1.0,,1.3299448917684074,0.061714978020416436
q188_312915,Instrumentation,Medium,percettiva,False,D,0.6672277104076414,0.24545935723886406,True,UC_audio,12,1.0,3.0,0.5403906722418145,0.42689875271212435
q188_312915,Instrumentation,Medium,percettiva,False,D,0.6672277104076414,0.24545935723886406,True,UC_text,1,1.0,,1.0,0.0
q189_312915,Instrumentation,Medium,percettiva,False,C,0.5256467671111661,0.24829795133976051,True,MI,8,1.0,,1.0924010840774485,-0.00015597869662226557
q189_312915,Instrumentation,Medium,percettiva,False,C,0.5256467671111661,0.24829795133976051,True,MI_balanced,8,1.0,,1.0924010840774485,-0.00015597869662226557
q189_312915,Instrumentation,Medium,percettiva,False,C,0.5256467671111661,0.24829795133976051,True,UC_audio,4,1.0,,0.9313414226963854,-0.14168690319499908
q189_312915,Instrumentation,Medium,percettiva,False,C,0.5256467671111661,0.24829795133976051,True,UC_text,1,1.0,,1.0,0.0
q18_1100505,Sound Texture,Medium,percettiva,False,B,0.6753023124029122,0.13719598634725616,True,MI,6,,,0.042920975625517235,-0.023017830164701776
q18_1100505,Sound Texture,Medium,percettiva,False,B,0.6753023124029122,0.13719598634725616,True,MI_balanced,6,,,0.036442164240580215,-0.030111749741561833
q18_1100505,Sound Texture,Medium,percettiva,False,B,0.6753023124029122,0.13719598634725616,True,UC_audio,8,,,0.11364809341078977,-0.0311162513315938
q18_1100505,Sound Texture,Medium,percettiva,False,B,0.6753023124029122,0.13719598634725616,True,UC_text,1,1.0,,1.0,0.0
q190_312915,Metre and Rhythm,Low,percettiva,True,A,0.9300325446619507,0.9300325446619507,True,MI,13,1.0,,0.9297593736465042,-0.04001546435410662
q190_312915,Metre and Rhythm,Low,percettiva,True,A,0.9300325446619507,0.9300325446619507,True,MI_balanced,13,1.0,,0.9530641201946733,-0.04142366032182106
q190_312915,Metre and Rhythm,Low,percettiva,True,A,0.9300325446619507,0.9300325446619507,True,UC_audio,7,5.0,,0.7438281744060578,-0.025628663797191847
q190_312915,Metre and Rhythm,Low,percettiva,True,A,0.9300325446619507,0.9300325446619507,True,UC_text,1,1.0,,1.0,0.0
q191_1381590,Instrumentation,Low,percettiva,False,B,0.7529740272739509,0.056276707864125676,True,MI,5,2.0,,-0.16331694849844408,-0.126748737590343
q191_1381590,Instrumentation,Low,percettiva,False,B,0.7529740272739509,0.056276707864125676,True,MI_balanced,5,2.0,,-0.16331694849844408,-0.126748737590343
q191_1381590,Instrumentation,Low,percettiva,False,B,0.7529740272739509,0.056276707864125676,True,UC_audio,9,2.0,,0.6854860087102355,-0.0067807899132754776
q191_1381590,Instrumentation,Low,percettiva,False,B,0.7529740272739509,0.056276707864125676,True,UC_text,1,1.0,,1.0,0.0
q192_1381590,Musical Texture,Medium,percettiva,True,A,0.6942976113314794,0.6942976113314794,True,MI,9,,,-0.3743423086928123,-0.09704448868331579
q192_1381590,Musical Texture,Medium,percettiva,True,A,0.6942976113314794,0.6942976113314794,True,MI_balanced,9,,,-0.3743423086928123,-0.09704448868331579
q192_1381590,Musical Texture,Medium,percettiva,True,A,0.6942976113314794,0.6942976113314794,True,UC_audio,13,2.0,12.0,0.9780831048358212,0.22287172994530918
q192_1381590,Musical Texture,Medium,percettiva,True,A,0.6942976113314794,0.6942976113314794,True,UC_text,1,1.0,,1.0,0.0
q193_1381590,Instrumentation,Medium,percettiva,True,A,0.41702912896503713,0.41702912896503713,True,MI,6,1.0,,0.12176992048072231,0.003660451539047101
q193_1381590,Instrumentation,Medium,percettiva,True,A,0.41702912896503713,0.41702912896503713,True,MI_balanced,6,2.0,,0.07819731429455468,0.01709286774416085
q193_1381590,Instrumentation,Medium,percettiva,True,A,0.41702912896503713,0.41702912896503713,True,UC_audio,7,4.0,,0.09816156700402358,-1.7672716403588815
q193_1381590,Instrumentation,Medium,percettiva,True,A,0.41702912896503713,0.41702912896503713,True,UC_text,1,1.0,,1.0,0.0
q194_1268901,Performance,Low,analitica,False,B,0.44168023662399536,0.3897814407535071,True,MI,13,1.0,9.0,1.5348121633932021,-0.07791960367435262
q194_1268901,Performance,Low,analitica,False,B,0.44168023662399536,0.3897814407535071,True,MI_balanced,13,1.0,9.0,1.5348121633932021,-0.07791960367435262
q194_1268901,Performance,Low,analitica,False,B,0.44168023662399536,0.3897814407535071,True,UC_audio,8,2.0,3.0,0.8204009108496805,0.5648914333203876
q194_1268901,Performance,Low,analitica,False,B,0.44168023662399536,0.3897814407535071,True,UC_text,1,1.0,,1.0,0.0
q195_1268901,Melody,High,analitica,False,D,0.32521802727338156,0.3152121204841955,True,MI,9,1.0,2.0,0.7968125366279709,0.8946517725422451
q195_1268901,Melody,High,analitica,False,D,0.32521802727338156,0.3152121204841955,True,MI_balanced,9,1.0,2.0,0.7968125366279709,0.8946517725422451
q195_1268901,Melody,High,analitica,False,D,0.32521802727338156,0.3152121204841955,True,UC_audio,11,9.0,,0.44206808658393987,-0.21765414370632208
q195_1268901,Melody,High,analitica,False,D,0.32521802727338156,0.3152121204841955,True,UC_text,1,1.0,,1.0,0.0
q196_1268901,Harmony,High,analitica,True,A,0.6165871470858703,0.6165871470858703,True,MI,11,,,0.20363442222725164,0.28443653021630827
q196_1268901,Harmony,High,analitica,True,A,0.6165871470858703,0.6165871470858703,True,MI_balanced,11,,,0.2243672052404812,0.3077683119307776
q196_1268901,Harmony,High,analitica,True,A,0.6165871470858703,0.6165871470858703,True,UC_audio,11,10.0,,0.26290598861722825,0.2652830884713773
q196_1268901,Harmony,High,analitica,True,A,0.6165871470858703,0.6165871470858703,True,UC_text,1,1.0,,1.0,0.0
q197_1078326,Metre and Rhythm,Medium,percettiva,False,B,0.9338329288687891,0.028199311005437502,True,MI,11,7.0,,0.4450152430900276,0.041387225659624736
q197_1078326,Metre and Rhythm,Medium,percettiva,False,B,0.9338329288687891,0.028199311005437502,True,MI_balanced,11,7.0,,0.4450152430900276,0.041387225659624736
q197_1078326,Metre and Rhythm,Medium,percettiva,False,B,0.9338329288687891,0.028199311005437502,True,UC_audio,12,8.0,,0.4308099096997427,0.08623981464044378
q197_1078326,Metre and Rhythm,Medium,percettiva,False,B,0.9338329288687891,0.028199311005437502,True,UC_text,1,1.0,,1.0,0.0
q198_1078326,Instrumentation,Medium,percettiva,False,C,0.4731602395986485,0.19724253311065956,True,MI,8,2.0,,0.9968581578746013,0.11094577491740583
q198_1078326,Instrumentation,Medium,percettiva,False,C,0.4731602395986485,0.19724253311065956,True,MI_balanced,8,2.0,,0.9968581578746013,0.11094577491740583
q198_1078326,Instrumentation,Medium,percettiva,False,C,0.4731602395986485,0.19724253311065956,True,UC_audio,10,1.0,,1.4920997820345094,0.20057657868918172
q198_1078326,Instrumentation,Medium,percettiva,False,C,0.4731602395986485,0.19724253311065956,True,UC_text,1,1.0,,1.0,0.0
q199_1078326,Sound Texture,Medium,percettiva,True,A,0.4838657727510827,0.4838657727510827,True,MI,6,2.0,,0.3432597477814799,-0.20183460891360114
q199_1078326,Sound Texture,Medium,percettiva,True,A,0.4838657727510827,0.4838657727510827,True,MI_balanced,6,2.0,,0.3432597477814799,-0.20183460891360114
q199_1078326,Sound Texture,Medium,percettiva,True,A,0.4838657727510827,0.4838657727510827,True,UC_audio,10,1.0,,0.5253632314569381,-0.14666355428092998
q199_1078326,Sound Texture,Medium,percettiva,True,A,0.4838657727510827,0.4838657727510827,True,UC_text,1,1.0,,1.0,0.0
q19_435883,Metre and Rhythm,Medium,percettiva,False,B,0.4769866285792916,0.08823365429166276,True,MI,4,1.0,,0.7705232713053347,-0.009058646388828489
q19_435883,Metre and Rhythm,Medium,percettiva,False,B,0.4769866285792916,0.08823365429166276,True,MI_balanced,4,1.0,,0.7705232713053347,-0.009058646388828489
q19_435883,Metre and Rhythm,Medium,percettiva,False,B,0.4769866285792916,0.08823365429166276,True,UC_audio,6,1.0,4.0,1.0131395821404037,0.4839866656061319
q19_435883,Metre and Rhythm,Medium,percettiva,False,B,0.4769866285792916,0.08823365429166276,True,UC_text,1,1.0,,1.0,0.0
q1_1204663,Melody,Low,analitica,True,A,0.5493924711994485,0.5493924711994485,True,MI,10,1.0,,0.9581683494195482,-0.396367763857633
q1_1204663,Melody,Low,analitica,True,A,0.5493924711994485,0.5493924711994485,True,MI_balanced,10,1.0,,0.980796449046523,-0.4067621165920824
q1_1204663,Melody,Low,analitica,True,A,0.5493924711994485,0.5493924711994485,True,UC_audio,8,1.0,7.0,1.657662892017102,0.4065050521598685
q1_1204663,Melody,Low,analitica,True,A,0.5493924711994485,0.5493924711994485,True,UC_text,1,1.0,,1.0,0.0
q200_1121398,Instrumentation,Medium,percettiva,True,A,0.6567804208002672,0.6567804208002672,True,MI,12,1.0,,0.20561729975278956,0.19794821146941655
q200_1121398,Instrumentation,Medium,percettiva,True,A,0.6567804208002672,0.6567804208002672,True,MI_balanced,12,1.0,,0.17591264934601522,0.2056304903093275
q200_1121398,Instrumentation,Medium,percettiva,True,A,0.6567804208002672,0.6567804208002672,True,UC_audio,11,4.0,,0.3574259340647623,0.1391986856508802
q200_1121398,Instrumentation,Medium,percettiva,True,A,0.6567804208002672,0.6567804208002672,True,UC_text,1,1.0,,1.0,0.0
q201_1121398,Performance,Low,analitica,False,C,0.416094355341482,0.22978912723633588,True,MI,5,1.0,,0.897779522158246,-0.3056475888078537
q201_1121398,Performance,Low,analitica,False,C,0.416094355341482,0.22978912723633588,True,MI_balanced,5,1.0,,0.897779522158246,-0.3056475888078537
q201_1121398,Performance,Low,analitica,False,C,0.416094355341482,0.22978912723633588,True,UC_audio,5,1.0,,1.5074566642126639,0.031767611766376075
q201_1121398,Performance,Low,analitica,False,C,0.416094355341482,0.22978912723633588,True,UC_text,1,1.0,,1.0,0.0
q202_1121398,Sound Texture,Medium,percettiva,False,B,0.36691039792869606,0.20905924295495945,True,MI,12,1.0,,-0.5954850334871286,0.07192258949907564
q202_1121398,Sound Texture,Medium,percettiva,False,B,0.36691039792869606,0.20905924295495945,True,MI_balanced,12,,,-0.6086246965945071,0.09005960904418477
q202_1121398,Sound Texture,Medium,percettiva,False,B,0.36691039792869606,0.20905924295495945,True,UC_audio,13,13.0,4.0,0.22798959284072348,0.9157035396134906
q202_1121398,Sound Texture,Medium,percettiva,False,B,0.36691039792869606,0.20905924295495945,True,UC_text,1,1.0,,1.0,0.0
q203_962064,Sound Texture,Low,percettiva,True,A,0.4920619067583165,0.4920619067583165,True,MI,10,1.0,,-0.21871400034250182,-0.5424756907678189
q203_962064,Sound Texture,Low,percettiva,True,A,0.4920619067583165,0.4920619067583165,True,MI_balanced,10,,,-0.2781519148022689,-0.5913752434357508
q203_962064,Sound Texture,Low,percettiva,True,A,0.4920619067583165,0.4920619067583165,True,UC_audio,9,1.0,6.0,1.3634610878202453,0.0070803117663128
q203_962064,Sound Texture,Low,percettiva,True,A,0.4920619067583165,0.4920619067583165,True,UC_text,1,1.0,,1.0,0.0
q204_962064,Melody,High,analitica,False,D,0.3581240209482619,0.1317464646965165,True,MI,9,2.0,,0.6684220301328059,-0.1882473647872457
q204_962064,Melody,High,analitica,False,D,0.3581240209482619,0.1317464646965165,True,MI_balanced,9,2.0,,0.6684220301328059,-0.1882473647872457
q204_962064,Melody,High,analitica,False,D,0.3581240209482619,0.1317464646965165,True,UC_audio,3,3.0,,0.530554847058082,-0.16369196391244606
q204_962064,Melody,High,analitica,False,D,0.3581240209482619,0.1317464646965165,True,UC_text,1,1.0,,1.0,0.0
q205_1221864,Musical Texture,Medium,percettiva,True,A,0.41683807842264636,0.41683807842264636,True,MI,7,,7.0,-0.12198795053139423,0.45999343897959727
q205_1221864,Musical Texture,Medium,percettiva,True,A,0.41683807842264636,0.41683807842264636,True,MI_balanced,7,,7.0,-0.12198795053139423,0.45999343897959727
q205_1221864,Musical Texture,Medium,percettiva,True,A,0.41683807842264636,0.41683807842264636,True,UC_audio,10,,4.0,-0.008328275217636131,0.35050098267164775
q205_1221864,Musical Texture,Medium,percettiva,True,A,0.41683807842264636,0.41683807842264636,True,UC_text,1,1.0,,1.0,0.0
q206_1221864,Harmony,High,analitica,False,C,0.3506125696191771,0.2730573437740926,True,MI,11,1.0,,1.938106556935657,-0.13485683383484875
q206_1221864,Harmony,High,analitica,False,C,0.3506125696191771,0.2730573437740926,True,MI_balanced,11,1.0,,1.9048900842148104,-0.1305604880006651
q206_1221864,Harmony,High,analitica,False,C,0.3506125696191771,0.2730573437740926,True,UC_audio,11,1.0,9.0,1.4376807852660936,0.3979078706849199
q206_1221864,Harmony,High,analitica,False,C,0.3506125696191771,0.2730573437740926,True,UC_text,1,1.0,,1.0,0.0
q207_1221864,Instrumentation,Medium,percettiva,True,A,0.44002314079015276,0.44002314079015276,True,MI,11,8.0,5.0,0.22568809453992472,0.8491030331638706
q207_1221864,Instrumentation,Medium,percettiva,True,A,0.44002314079015276,0.44002314079015276,True,MI_balanced,11,7.0,4.0,0.21424139810404974,0.8934327024284499
q207_1221864,Instrumentation,Medium,percettiva,True,A,0.44002314079015276,0.44002314079015276,True,UC_audio,11,6.0,4.0,0.14416870683126978,0.589384934664452
q207_1221864,Instrumentation,Medium,percettiva,True,A,0.44002314079015276,0.44002314079015276,True,UC_text,1,1.0,,1.0,0.0
q208_1374348,Performance,High,analitica,False,B,0.49216049626455893,0.36007231101728665,True,MI,13,1.0,,0.9556327011686829,0.1238842688178969
q208_1374348,Performance,High,analitica,False,B,0.49216049626455893,0.36007231101728665,True,MI_balanced,13,1.0,,0.9676890794873564,0.14494380372415253
q208_1374348,Performance,High,analitica,False,B,0.49216049626455893,0.36007231101728665,True,UC_audio,8,2.0,,1.0375152751511496,0.1236296863900123
q208_1374348,Performance,High,analitica,False,B,0.49216049626455893,0.36007231101728665,True,UC_text,1,1.0,,1.0,0.0
q209_1374348,Instrumentation,Low,percettiva,False,C,0.4979178399890548,0.2503688131815789,True,MI,5,3.0,,1.699689816651456,-0.5274477595962084
q209_1374348,Instrumentation,Low,percettiva,False,C,0.4979178399890548,0.2503688131815789,True,MI_balanced,5,3.0,,1.699689816651456,-0.5274477595962084
q209_1374348,Instrumentation,Low,percettiva,False,C,0.4979178399890548,0.2503688131815789,True,UC_audio,6,2.0,,1.7468052241346057,-0.7061897006080675
q209_1374348,Instrumentation,Low,percettiva,False,C,0.4979178399890548,0.2503688131815789,True,UC_text,1,1.0,,1.0,0.0
q20_435883,Melody,High,analitica,True,A,0.5668614607579967,0.5668614607579967,True,MI,13,8.0,,0.3101363529284206,-0.10604407309563357
q20_435883,Melody,High,analitica,True,A,0.5668614607579967,0.5668614607579967,True,MI_balanced,13,8.0,,0.3101363529284206,-0.10604407309563357
q20_435883,Melody,High,analitica,True,A,0.5668614607579967,0.5668614607579967,True,UC_audio,11,11.0,,0.2902394290157497,-0.13064642255310116
q20_435883,Melody,High,analitica,True,A,0.5668614607579967,0.5668614607579967,True,UC_text,1,1.0,,1.0,0.0
q210_1374348,Mood and Expression,Low,knowledge,True,A,0.8755182745925089,0.8755182745925089,True,MI,6,2.0,,0.4694475800590051,0.012639871986569044
q210_1374348,Mood and Expression,Low,knowledge,True,A,0.8755182745925089,0.8755182745925089,True,MI_balanced,6,2.0,,0.4694475800590051,0.012639871986569044
q210_1374348,Mood and Expression,Low,knowledge,True,A,0.8755182745925089,0.8755182745925089,True,UC_audio,14,4.0,,0.6648757339215299,0.08403072169462099
q210_1374348,Mood and Expression,Low,knowledge,True,A,0.8755182745925089,0.8755182745925089,True,UC_text,1,1.0,,1.0,0.0
q211_336086,Instrumentation,Medium,percettiva,False,D,0.3697007032309785,0.23869671426043668,True,MI,9,1.0,,0.32100498586503956,-0.5034859491839356
q211_336086,Instrumentation,Medium,percettiva,False,D,0.3697007032309785,0.23869671426043668,True,MI_balanced,9,1.0,,0.2642635108088033,-0.5563501579480936
q211_336086,Instrumentation,Medium,percettiva,False,D,0.3697007032309785,0.23869671426043668,True,UC_audio,7,2.0,,1.6330109820723495,0.20830217953185304
q211_336086,Instrumentation,Medium,percettiva,False,D,0.3697007032309785,0.23869671426043668,True,UC_text,1,1.0,,1.0,0.0
q212_336086,Instrumentation,Medium,percettiva,False,C,0.5176933908267778,0.22972504962613585,True,MI,10,1.0,,0.8098613824940862,0.18058868679366288
q212_336086,Instrumentation,Medium,percettiva,False,C,0.5176933908267778,0.22972504962613585,True,MI_balanced,10,1.0,,0.8098613824940862,0.18058868679366288
q212_336086,Instrumentation,Medium,percettiva,False,C,0.5176933908267778,0.22972504962613585,True,UC_audio,8,2.0,,0.8126485703453284,0.3078789213183892
q212_336086,Instrumentation,Medium,percettiva,False,C,0.5176933908267778,0.22972504962613585,True,UC_text,1,1.0,,1.0,0.0
q213_336086,Instrumentation,Low,percettiva,True,A,0.6510939851912492,0.6510939851912492,True,MI,11,1.0,,0.6974882857266425,0.19744285352905072
q213_336086,Instrumentation,Low,percettiva,True,A,0.6510939851912492,0.6510939851912492,True,MI_balanced,11,7.0,,0.76196854975883,0.22403880278709015
q213_336086,Instrumentation,Low,percettiva,True,A,0.6510939851912492,0.6510939851912492,True,UC_audio,9,7.0,,0.723466521734008,0.2720513520922368
q213_336086,Instrumentation,Low,percettiva,True,A,0.6510939851912492,0.6510939851912492,True,UC_text,1,1.0,,1.0,0.0
q214_1298301,Genre and Style,Low,knowledge,False,B,0.7572442551078286,0.09043992909044903,True,MI,13,1.0,,0.6472169109325753,0.11613378380709684
q214_1298301,Genre and Style,Low,knowledge,False,B,0.7572442551078286,0.09043992909044903,True,MI_balanced,13,4.0,,0.6640682462829218,0.12983111386665486
q214_1298301,Genre and Style,Low,knowledge,False,B,0.7572442551078286,0.09043992909044903,True,UC_audio,10,7.0,,0.6668328768195285,0.12994971886160137
q214_1298301,Genre and Style,Low,knowledge,False,B,0.7572442551078286,0.09043992909044903,True,UC_text,1,1.0,,1.0,0.0
q215_1298301,Performance,Medium,analitica,False,C,0.4956148000437775,0.08612493823601107,True,MI,7,7.0,1.0,0.5448437877908733,1.9120456853904355
q215_1298301,Performance,Medium,analitica,False,C,0.4956148000437775,0.08612493823601107,True,MI_balanced,7,7.0,1.0,0.5448437877908733,1.9120456853904355
q215_1298301,Performance,Medium,analitica,False,C,0.4956148000437775,0.08612493823601107,True,UC_audio,9,2.0,5.0,-0.0986351196530973,1.455817809903053
q215_1298301,Performance,Medium,analitica,False,C,0.4956148000437775,0.08612493823601107,True,UC_text,1,1.0,,1.0,0.0
q216_1298301,Metre and Rhythm,Medium,percettiva,False,D,0.493167158128485,0.09122675129891404,True,MI,13,1.0,,1.2501915134255994,0.0628910723193525
q216_1298301,Metre and Rhythm,Medium,percettiva,False,D,0.493167158128485,0.09122675129891404,True,MI_balanced,13,1.0,,1.2476668804167224,0.07045299087875664
q216_1298301,Metre and Rhythm,Medium,percettiva,False,D,0.493167158128485,0.09122675129891404,True,UC_audio,9,1.0,,1.1333253787610527,0.04764127698356346
q216_1298301,Metre and Rhythm,Medium,percettiva,False,D,0.493167158128485,0.09122675129891404,True,UC_text,1,1.0,,1.0,0.0
q217_770629,Metre and Rhythm,Medium,percettiva,True,A,0.6315024424080353,0.6315024424080353,True,MI,10,,,-0.2849152558279143,0.047323340749107795
q217_770629,Metre and Rhythm,Medium,percettiva,True,A,0.6315024424080353,0.6315024424080353,True,MI_balanced,10,,,-0.2677261887792365,0.05155536555353532
q217_770629,Metre and Rhythm,Medium,percettiva,True,A,0.6315024424080353,0.6315024424080353,True,UC_audio,12,,,-0.16901802629106813,0.19654538001342417
q217_770629,Metre and Rhythm,Medium,percettiva,True,A,0.6315024424080353,0.6315024424080353,True,UC_text,1,1.0,,1.0,0.0
q218_770629,Functional Context,Low,knowledge,True,A,0.7979627838334981,0.7979627838334981,True,MI,15,7.0,,0.5137809862520258,0.14884026847473228
q218_770629,Functional Context,Low,knowledge,True,A,0.7979627838334981,0.7979627838334981,True,MI_balanced,15,6.0,,0.5630350720687044,0.17357216495294567
q218_770629,Functional Context,Low,knowledge,True,A,0.7979627838334981,0.7979627838334981,True,UC_audio,13,5.0,,0.5436763610119674,0.18515043718876706
q218_770629,Functional Context,Low,knowledge,True,A,0.7979627838334981,0.7979627838334981,True,UC_text,1,1.0,,1.0,0.0
q219_1133179,Structure,Medium,analitica,False,C,0.49630990100819006,0.15136596774818956,True,MI,9,1.0,,0.46332689580003633,-0.12880002838710813
q219_1133179,Structure,Medium,analitica,False,C,0.49630990100819006,0.15136596774818956,True,MI_balanced,9,6.0,,0.4567135504958665,-0.13068495999170326
q219_1133179,Structure,Medium,analitica,False,C,0.49630990100819006,0.15136596774818956,True,UC_audio,9,2.0,,1.271655581277676,0.19206417018501623
q219_1133179,Structure,Medium,analitica,False,C,0.49630990100819006,0.15136596774818956,True,UC_text,1,1.0,,1.0,0.0
q21_435883,Performance,Medium,analitica,True,A,0.9834386513339691,0.9834386513339691,True,MI,4,1.0,,0.9978842006159785,0.023222431318494215
q21_435883,Performance,Medium,analitica,True,A,0.9834386513339691,0.9834386513339691,True,MI_balanced,4,1.0,,0.9978842006159785,0.023222431318494215
q21_435883,Performance,Medium,analitica,True,A,0.9834386513339691,0.9834386513339691,True,UC_audio,6,1.0,,0.9969694516316909,0.02600561974740216
q21_435883,Performance,Medium,analitica,True,A,0.9834386513339691,0.9834386513339691,True,UC_text,1,1.0,,1.0,0.0
q220_1133179,Instrumentation,Medium,percettiva,False,C,0.39937497061943106,0.22755699888636882,True,MI,4,,,-0.5763632743812739,0.3439048731928359
q220_1133179,Instrumentation,Medium,percettiva,False,C,0.39937497061943106,0.22755699888636882,True,MI_balanced,4,,,-0.5763632743812739,0.3439048731928359
q220_1133179,Instrumentation,Medium,percettiva,False,C,0.39937497061943106,0.22755699888636882,True,UC_audio,8,,,-0.7563441320529924,-0.06626153675158726
q220_1133179,Instrumentation,Medium,percettiva,False,C,0.39937497061943106,0.22755699888636882,True,UC_text,1,1.0,,1.0,0.0
q221_1133179,Performance,Low,analitica,False,D,0.47838893435363194,0.16532679184776852,True,MI,8,1.0,,1.0808929594032777,-0.04426041474082593
q221_1133179,Performance,Low,analitica,False,D,0.47838893435363194,0.16532679184776852,True,MI_balanced,8,1.0,,1.0808929594032777,-0.04426041474082593
q221_1133179,Performance,Low,analitica,False,D,0.47838893435363194,0.16532679184776852,True,UC_audio,4,1.0,,0.9771505365143391,0.02507833278402781
q221_1133179,Performance,Low,analitica,False,D,0.47838893435363194,0.16532679184776852,True,UC_text,1,1.0,,1.0,0.0
q222_1227366,Harmony,High,analitica,True,A,0.7794248437661679,0.7794248437661679,True,MI,14,3.0,,0.5921390382582498,0.04011832771551444
q222_1227366,Harmony,High,analitica,True,A,0.7794248437661679,0.7794248437661679,True,MI_balanced,14,2.0,,0.6462450442991792,0.047328326301044395
q222_1227366,Harmony,High,analitica,True,A,0.7794248437661679,0.7794248437661679,True,UC_audio,11,4.0,,0.3733154809973486,-0.03724010493820927
q222_1227366,Harmony,High,analitica,True,A,0.7794248437661679,0.7794248437661679,True,UC_text,1,1.0,,1.0,0.0
q223_1227366,Performance,High,analitica,True,A,0.41279571580175284,0.41279571580175284,True,MI,12,,,-0.6954980599120435,-0.058808989772348594
q223_1227366,Performance,High,analitica,True,A,0.41279571580175284,0.41279571580175284,True,MI_balanced,12,,,-0.6954980599120435,-0.058808989772348594
q223_1227366,Performance,High,analitica,True,A,0.41279571580175284,0.41279571580175284,True,UC_audio,10,,9.0,-0.5667690585928065,0.38429150480534974
q223_1227366,Performance,High,analitica,True,A,0.41279571580175284,0.41279571580175284,True,UC_text,1,1.0,,1.0,0.0
q224_1227366,Instrumentation,Low,percettiva,True,A,0.8840418455611867,0.8840418455611867,True,MI,6,1.0,,1.0180997431673668,0.01682625851774554
q224_1227366,Instrumentation,Low,percettiva,True,A,0.8840418455611867,0.8840418455611867,True,MI_balanced,6,2.0,,1.043640085156265,0.0185412202440253
q224_1227366,Instrumentation,Low,percettiva,True,A,0.8840418455611867,0.8840418455611867,True,UC_audio,9,5.0,,0.7733854272315319,-0.08342844384341173
q224_1227366,Instrumentation,Low,percettiva,True,A,0.8840418455611867,0.8840418455611867,True,UC_text,1,1.0,,1.0,0.0
q225_26435,Metre and Rhythm,High,percettiva,False,D,0.6465083274084964,0.09027278934768418,True,MI,5,1.0,,0.8442407933530529,-0.0637938621814718
q225_26435,Metre and Rhythm,High,percettiva,False,D,0.6465083274084964,0.09027278934768418,True,MI_balanced,5,1.0,,0.836527623849502,-0.06736503254790512
q225_26435,Metre and Rhythm,High,percettiva,False,D,0.6465083274084964,0.09027278934768418,True,UC_audio,9,1.0,,0.9304391053191413,-0.02817313072247459
q225_26435,Metre and Rhythm,High,percettiva,False,D,0.6465083274084964,0.09027278934768418,True,UC_text,1,1.0,,1.0,0.0
q226_26435,Functional Context,Low,knowledge,True,A,0.8306388876164769,0.8306388876164769,True,MI,9,1.0,,0.5265613214109762,-0.02634339730956401
q226_26435,Functional Context,Low,knowledge,True,A,0.8306388876164769,0.8306388876164769,True,MI_balanced,9,2.0,,0.5253248356904477,-0.027252381693295125
q226_26435,Functional Context,Low,knowledge,True,A,0.8306388876164769,0.8306388876164769,True,UC_audio,14,4.0,,0.6561621035199701,-0.01966931926998755
q226_26435,Functional Context,Low,knowledge,True,A,0.8306388876164769,0.8306388876164769,True,UC_text,1,1.0,,1.0,0.0
q227_26435,Functional Context,Medium,knowledge,True,A,0.7243760005418998,0.7243760005418998,True,MI,8,7.0,,0.5983627345841037,0.12083707959673215
q227_26435,Functional Context,Medium,knowledge,True,A,0.7243760005418998,0.7243760005418998,True,MI_balanced,8,7.0,,0.5983627345841037,0.12083707959673215
q227_26435,Functional Context,Medium,knowledge,True,A,0.7243760005418998,0.7243760005418998,True,UC_audio,13,6.0,,0.734968337863424,-0.08222122348800287
q227_26435,Functional Context,Medium,knowledge,True,A,0.7243760005418998,0.7243760005418998,True,UC_text,1,1.0,,1.0,0.0
q228_7360,Instrumentation,Low,percettiva,False,C,0.7153891504110156,0.06251000731368367,True,MI,4,1.0,,0.9896219152670215,-0.016723694121369544
q228_7360,Instrumentation,Low,percettiva,False,C,0.7153891504110156,0.06251000731368367,True,MI_balanced,4,1.0,,0.9896219152670215,-0.016723694121369544
q228_7360,Instrumentation,Low,percettiva,False,C,0.7153891504110156,0.06251000731368367,True,UC_audio,6,1.0,,0.9873736115507729,-0.0402346340758288
q228_7360,Instrumentation,Low,percettiva,False,C,0.7153891504110156,0.06251000731368367,True,UC_text,1,1.0,,1.0,0.0
q229_7360,Instrumentation,Medium,percettiva,False,D,0.6912066689591798,0.23887463291182665,True,MI,11,1.0,5.0,1.2236141691193747,0.2104800990570099
q229_7360,Instrumentation,Medium,percettiva,False,D,0.6912066689591798,0.23887463291182665,True,MI_balanced,11,1.0,4.0,1.2043181590234364,0.23910349921805016
q229_7360,Instrumentation,Medium,percettiva,False,D,0.6912066689591798,0.23887463291182665,True,UC_audio,11,1.0,5.0,1.2926974812682324,0.40652611281867407
q229_7360,Instrumentation,Medium,percettiva,False,D,0.6912066689591798,0.23887463291182665,True,UC_text,1,1.0,,1.0,0.0
q22_1215874,Melody,Medium,analitica,True,A,0.30326241750340055,0.30326241750340055,True,MI,15,4.0,,0.8338980699334686,0.13511980464377896
q22_1215874,Melody,Medium,analitica,True,A,0.30326241750340055,0.30326241750340055,True,MI_balanced,15,3.0,,0.8897635434538843,0.16281294865083779
q22_1215874,Melody,Medium,analitica,True,A,0.30326241750340055,0.30326241750340055,True,UC_audio,5,1.0,,0.07905506090698276,-0.059275912117067446
q22_1215874,Melody,Medium,analitica,True,A,0.30326241750340055,0.30326241750340055,True,UC_text,1,1.0,,1.0,0.0
q230_7360,Harmony,High,analitica,True,A,0.3576800643437866,0.3576800643437866,True,MI,10,,3.0,0.05647643162527013,0.737910414269029
q230_7360,Harmony,High,analitica,True,A,0.3576800643437866,0.3576800643437866,True,MI_balanced,10,,3.0,0.05647643162527013,0.737910414269029
q230_7360,Harmony,High,analitica,True,A,0.3576800643437866,0.3576800643437866,True,UC_audio,7,,,-0.2306616027257455,0.18554857394322702
q230_7360,Harmony,High,analitica,True,A,0.3576800643437866,0.3576800643437866,True,UC_text,1,1.0,,1.0,0.0
q231_1321293,Historical and Cultural Context,Low,knowledge,True,A,0.6537844911123761,0.6537844911123761,True,MI,7,1.0,,1.5010582529124208,-0.09375441580458131
q231_1321293,Historical and Cultural Context,Low,knowledge,True,A,0.6537844911123761,0.6537844911123761,True,MI_balanced,7,1.0,,1.5369568435477567,-0.0974355186916827
q231_1321293,Historical and Cultural Context,Low,knowledge,True,A,0.6537844911123761,0.6537844911123761,True,UC_audio,2,2.0,,1.0656389127655248,-0.06371520194446129
q231_1321293,Historical and Cultural Context,Low,knowledge,True,A,0.6537844911123761,0.6537844911123761,True,UC_text,1,1.0,,1.0,0.0
q232_1321293,Lyrics,Low,knowledge,True,A,0.9346309017393375,0.9346309017393375,True,MI,9,4.0,,0.5479811041764114,0.21755718876393543
q232_1321293,Lyrics,Low,knowledge,True,A,0.9346309017393375,0.9346309017393375,True,MI_balanced,9,3.0,,0.5533128442754384,0.24074613610404508
q232_1321293,Lyrics,Low,knowledge,True,A,0.9346309017393375,0.9346309017393375,True,UC_audio,8,4.0,,0.5428272199675673,0.013912358701460226
q232_1321293,Lyrics,Low,knowledge,True,A,0.9346309017393375,0.9346309017393375,True,UC_text,1,1.0,,1.0,0.0
q233_1321293,Lyrics,Low,knowledge,True,A,0.9765734291430214,0.9765734291430214,True,MI,6,1.0,,0.3827242949025782,-0.006584023199457527
q233_1321293,Lyrics,Low,knowledge,True,A,0.9765734291430214,0.9765734291430214,True,MI_balanced,6,,,0.3604472575745132,-0.006688700792131704
q233_1321293,Lyrics,Low,knowledge,True,A,0.9765734291430214,0.9765734291430214,True,UC_audio,11,2.0,,0.8960862818130078,0.01324265979846863
q233_1321293,Lyrics,Low,knowledge,True,A,0.9765734291430214,0.9765734291430214,True,UC_text,1,1.0,,1.0,0.0
q234_156528,Mood and Expression,Low,knowledge,True,A,0.9271157631784767,0.9271157631784767,True,MI,12,4.0,,0.6047648151179515,0.013706281164257532
q234_156528,Mood and Expression,Low,knowledge,True,A,0.9271157631784767,0.9271157631784767,True,MI_balanced,12,3.0,,0.6685451306689281,0.01583352627952178
q234_156528,Mood and Expression,Low,knowledge,True,A,0.9271157631784767,0.9271157631784767,True,UC_audio,7,1.0,,0.7078765024034005,-0.002517638984964925
q234_156528,Mood and Expression,Low,knowledge,True,A,0.9271157631784767,0.9271157631784767,True,UC_text,1,1.0,,1.0,0.0
q235_156528,Harmony,High,analitica,False,C,0.33047607273101676,0.2739742871559167,True,MI,9,,2.0,-0.9341493414576053,0.9641170900483845
q235_156528,Harmony,High,analitica,False,C,0.33047607273101676,0.2739742871559167,True,MI_balanced,9,,2.0,-0.9341493414576053,0.9641170900483845
q235_156528,Harmony,High,analitica,False,C,0.33047607273101676,0.2739742871559167,True,UC_audio,6,,2.0,-1.2446571482073994,1.0603006172254752
q235_156528,Harmony,High,analitica,False,C,0.33047607273101676,0.2739742871559167,True,UC_text,1,1.0,,1.0,0.0
q236_156528,Performance,Low,analitica,False,B,0.5202594698635747,0.24575317231032462,True,MI,9,1.0,,1.0910662841149106,0.10107300126934832
q236_156528,Performance,Low,analitica,False,B,0.5202594698635747,0.24575317231032462,True,MI_balanced,9,1.0,,1.0910662841149106,0.10107300126934832
q236_156528,Performance,Low,analitica,False,B,0.5202594698635747,0.24575317231032462,True,UC_audio,11,1.0,,1.0643160734076968,-0.0033599547142783236
q236_156528,Performance,Low,analitica,False,B,0.5202594698635747,0.24575317231032462,True,UC_text,1,1.0,,1.0,0.0
q237_270070,Mood and Expression,Low,knowledge,True,A,0.9831341463370175,0.9831341463370175,True,MI,8,1.0,,0.9346232555201133,0.0006867188950605547
q237_270070,Mood and Expression,Low,knowledge,True,A,0.9831341463370175,0.9831341463370175,True,MI_balanced,8,1.0,,0.9596244092291275,0.0008067128100892522
q237_270070,Mood and Expression,Low,knowledge,True,A,0.9831341463370175,0.9831341463370175,True,UC_audio,11,4.0,,0.8332592940558016,0.008025275179980048
q237_270070,Mood and Expression,Low,knowledge,True,A,0.9831341463370175,0.9831341463370175,True,UC_text,1,1.0,,1.0,0.0
q238_270070,Melody,Medium,analitica,True,A,0.4166538201952682,0.4166538201952682,True,MI,7,3.0,,0.9160501537619313,0.25997439198931155
q238_270070,Melody,Medium,analitica,True,A,0.4166538201952682,0.4166538201952682,True,MI_balanced,7,2.0,,0.985598701808627,0.2975658423573274
q238_270070,Melody,Medium,analitica,True,A,0.4166538201952682,0.4166538201952682,True,UC_audio,6,1.0,,1.2003613677962301,0.04518189886674765
q238_270070,Melody,Medium,analitica,True,A,0.4166538201952682,0.4166538201952682,True,UC_text,1,1.0,,1.0,0.0
q239_270070,Lyrics,Low,knowledge,False,B,0.8130064079670349,0.023063216553649415,True,MI,7,1.0,,0.3776319222280271,0.229941605171716
q239_270070,Lyrics,Low,knowledge,False,B,0.8130064079670349,0.023063216553649415,True,MI_balanced,7,1.0,,0.36501209274160823,0.23612819410533004
q239_270070,Lyrics,Low,knowledge,False,B,0.8130064079670349,0.023063216553649415,True,UC_audio,9,,6.0,0.1373664716507345,0.8171790785247384
q239_270070,Lyrics,Low,knowledge,False,B,0.8130064079670349,0.023063216553649415,True,UC_text,1,1.0,,1.0,0.0
q23_1215874,Sound Texture,Medium,percettiva,False,D,0.6457707381639651,0.2375657782806293,True,MI,14,7.0,,0.6389891408579866,0.034078983256355895
q23_1215874,Sound Texture,Medium,percettiva,False,D,0.6457707381639651,0.2375657782806293,True,MI_balanced,14,6.0,,0.6656134311416954,0.042282093137630886
q23_1215874,Sound Texture,Medium,percettiva,False,D,0.6457707381639651,0.2375657782806293,True,UC_audio,13,4.0,,0.762268117546635,0.10320828509075847
q23_1215874,Sound Texture,Medium,percettiva,False,D,0.6457707381639651,0.2375657782806293,True,UC_text,1,1.0,,1.0235893792475803,0.0
q240_1163315,Genre and Style,Medium,knowledge,True,A,0.4893550524617884,0.4893550524617884,True,MI,12,,,0.08653176878696217,0.09634402352098624
q240_1163315,Genre and Style,Medium,knowledge,True,A,0.4893550524617884,0.4893550524617884,True,MI_balanced,12,,,0.09478201834987857,0.10058569649695567
q240_1163315,Genre and Style,Medium,knowledge,True,A,0.4893550524617884,0.4893550524617884,True,UC_audio,12,,,0.0686013435089543,0.05905818553993146
q240_1163315,Genre and Style,Medium,knowledge,True,A,0.4893550524617884,0.4893550524617884,True,UC_text,1,1.0,,1.0,0.0
q241_1163315,Metre and Rhythm,Medium,percettiva,False,C,0.42762560973619945,0.3545140821509574,True,MI,5,1.0,,1.1255115635595656,0.051227108969445025
q241_1163315,Metre and Rhythm,Medium,percettiva,False,C,0.42762560973619945,0.3545140821509574,True,MI_balanced,5,1.0,,1.1255115635595656,0.051227108969445025
q241_1163315,Metre and Rhythm,Medium,percettiva,False,C,0.42762560973619945,0.3545140821509574,True,UC_audio,5,1.0,,1.2303102373861519,0.018301951611296056
q241_1163315,Metre and Rhythm,Medium,percettiva,False,C,0.42762560973619945,0.3545140821509574,True,UC_text,1,1.0,,1.0,0.0
q242_1163315,Metre and Rhythm,Medium,percettiva,False,C,0.9688146553887977,0.012195576688588861,True,MI,6,1.0,,1.0138628479579719,0.057447858058698516
q242_1163315,Metre and Rhythm,Medium,percettiva,False,C,0.9688146553887977,0.012195576688588861,True,MI_balanced,6,1.0,,1.0127768907275876,0.06252713946338921
q242_1163315,Metre and Rhythm,Medium,percettiva,False,C,0.9688146553887977,0.012195576688588861,True,UC_audio,14,3.0,,0.36205254846836016,0.005382844197744618
q242_1163315,Metre and Rhythm,Medium,percettiva,False,C,0.9688146553887977,0.012195576688588861,True,UC_text,1,1.0,,1.0,0.0
q243_78733,Melody,High,analitica,False,D,0.6074714260712099,0.17404347752490196,True,MI,9,5.0,5.0,0.486172777883038,0.5598991828923833
q243_78733,Melody,High,analitica,False,D,0.6074714260712099,0.17404347752490196,True,MI_balanced,9,5.0,5.0,0.486172777883038,0.5598991828923833
q243_78733,Melody,High,analitica,False,D,0.6074714260712099,0.17404347752490196,True,UC_audio,11,1.0,,0.7256990816580015,0.32065383496582733
q243_78733,Melody,High,analitica,False,D,0.6074714260712099,0.17404347752490196,True,UC_text,1,1.0,,1.0,0.0
q244_78733,Instrumentation,Medium,percettiva,True,A,0.732107160469051,0.732107160469051,True,MI,6,2.0,,0.14185204696482015,-0.15555990844441556
q244_78733,Instrumentation,Medium,percettiva,True,A,0.732107160469051,0.732107160469051,True,MI_balanced,6,2.0,,0.14185204696482015,-0.15555990844441556
q244_78733,Instrumentation,Medium,percettiva,True,A,0.732107160469051,0.732107160469051,True,UC_audio,10,9.0,,0.1982684275570479,-0.09552720624548508
q244_78733,Instrumentation,Medium,percettiva,True,A,0.732107160469051,0.732107160469051,True,UC_text,1,1.0,,1.0,0.0
q245_78733,Harmony,High,analitica,False,C,0.3087843877925932,0.26411728324387773,True,MI,7,1.0,2.0,5.536021658839281,0.01454207219839215
q245_78733,Harmony,High,analitica,False,C,0.3087843877925932,0.26411728324387773,True,MI_balanced,7,1.0,2.0,5.536021658839281,0.01454207219839215
q245_78733,Harmony,High,analitica,False,C,0.3087843877925932,0.26411728324387773,True,UC_audio,12,1.0,,4.008155025186899,-0.5051949682271263
q245_78733,Harmony,High,analitica,False,C,0.3087843877925932,0.26411728324387773,True,UC_text,1,1.0,,1.0,0.0
q246_785425,Melody,High,analitica,False,D,0.37273062777433574,0.14596341107120545,True,MI,12,1.0,,0.9126552424143394,-0.062828448152563
q246_785425,Melody,High,analitica,False,D,0.37273062777433574,0.14596341107120545,True,MI_balanced,12,1.0,,0.8882261284022948,-0.05987927769320299
q246_785425,Melody,High,analitica,False,D,0.37273062777433574,0.14596341107120545,True,UC_audio,8,1.0,,0.9282001910580482,-0.0564610971782784
q246_785425,Melody,High,analitica,False,D,0.37273062777433574,0.14596341107120545,True,UC_text,1,1.0,,1.0,0.0
q247_785425,Historical and Cultural Context,Medium,knowledge,False,B,0.4929925733266356,0.11000151183835874,True,MI,14,2.0,,0.26330801908355894,0.21351249482190687
q247_785425,Historical and Cultural Context,Medium,knowledge,False,B,0.4929925733266356,0.11000151183835874,True,MI_balanced,14,2.0,,0.26330801908355894,0.21351249482190687
q247_785425,Historical and Cultural Context,Medium,knowledge,False,B,0.4929925733266356,0.11000151183835874,True,UC_audio,7,1.0,,-0.014758207712191017,0.2465953712460413
q247_785425,Historical and Cultural Context,Medium,knowledge,False,B,0.4929925733266356,0.11000151183835874,True,UC_text,1,1.0,,1.0,0.0
q248_785425,Musical Texture,Medium,percettiva,False,B,0.7284166868143227,0.15268443214715696,True,MI,4,2.0,,0.7871069186441273,0.02546106923551131
q248_785425,Musical Texture,Medium,percettiva,False,B,0.7284166868143227,0.15268443214715696,True,MI_balanced,4,2.0,,0.7871069186441273,0.02546106923551131
q248_785425,Musical Texture,Medium,percettiva,False,B,0.7284166868143227,0.15268443214715696,True,UC_audio,8,2.0,,0.8283580230064971,-0.031455762080497406
q248_785425,Musical Texture,Medium,percettiva,False,B,0.7284166868143227,0.15268443214715696,True,UC_text,1,1.0,,1.0,0.0
q249_6730,Lyrics,Low,knowledge,False,B,0.587648862884657,0.07471116888951815,True,MI,9,3.0,,0.7048137186827573,-0.43903471183370346
q249_6730,Lyrics,Low,knowledge,False,B,0.587648862884657,0.07471116888951815,True,MI_balanced,9,2.0,,0.7240341520354113,-0.4687686848678323
q249_6730,Lyrics,Low,knowledge,False,B,0.587648862884657,0.07471116888951815,True,UC_audio,6,4.0,,0.790352647486393,-0.6738240003857425
q249_6730,Lyrics,Low,knowledge,False,B,0.587648862884657,0.07471116888951815,True,UC_text,1,1.0,,1.0,0.0
q24_1215874,Metre and Rhythm,Medium,percettiva,True,A,0.7275306204518582,0.7275306204518582,True,MI,13,,,0.15638793517417057,0.12795835431164365
q24_1215874,Metre and Rhythm,Medium,percettiva,True,A,0.7275306204518582,0.7275306204518582,True,MI_balanced,13,,,0.16481339243405613,0.11793236748826069
q24_1215874,Metre and Rhythm,Medium,percettiva,True,A,0.7275306204518582,0.7275306204518582,True,UC_audio,10,1.0,,0.26656306797124973,0.03777556749854174
q24_1215874,Metre and Rhythm,Medium,percettiva,True,A,0.7275306204518582,0.7275306204518582,True,UC_text,1,1.0,,1.0,0.0
q250_6730,Harmony,High,analitica,False,B,0.590580513495021,0.2172624292712918,True,MI,9,1.0,,0.9980412389013987,0.06731187318821877
q250_6730,Harmony,High,analitica,False,B,0.590580513495021,0.2172624292712918,True,MI_balanced,9,1.0,,0.9980412389013987,0.06731187318821877
q250_6730,Harmony,High,analitica,False,B,0.590580513495021,0.2172624292712918,True,UC_audio,10,1.0,,1.2271397239255597,0.015226117178253019
q250_6730,Harmony,High,analitica,False,B,0.590580513495021,0.2172624292712918,True,UC_text,1,1.0,,1.0,0.0
q251_6730,Lyrics,Low,knowledge,False,B,0.4200540932425322,0.327138456749633,True,MI,10,7.0,3.0,2.232851797665911,1.1459553643930827
q251_6730,Lyrics,Low,knowledge,False,B,0.4200540932425322,0.327138456749633,True,MI_balanced,10,6.0,2.0,2.4357241738953737,1.2825294409949521
q251_6730,Lyrics,Low,knowledge,False,B,0.4200540932425322,0.327138456749633,True,UC_audio,10,4.0,4.0,2.984910692783828,1.8943232723513965
q251_6730,Lyrics,Low,knowledge,False,B,0.4200540932425322,0.327138456749633,True,UC_text,1,1.0,,1.0,0.0
q252_231013,Genre and Style,Low,knowledge,False,B,0.6125003251797128,0.37150022630545365,True,MI,6,1.0,,-0.04283536350565011,-0.21305550699162668
q252_231013,Genre and Style,Low,knowledge,False,B,0.6125003251797128,0.37150022630545365,True,MI_balanced,6,1.0,,-0.08558587262594251,-0.2192954162858139
q252_231013,Genre and Style,Low,knowledge,False,B,0.6125003251797128,0.37150022630545365,True,UC_audio,6,1.0,,0.779608018929513,-0.026001999214701275
q252_231013,Genre and Style,Low,knowledge,False,B,0.6125003251797128,0.37150022630545365,True,UC_text,1,1.0,,1.0,0.0
q253_231013,Instrumentation,Low,percettiva,False,C,0.38549309815673716,0.18787433138333628,True,MI,6,3.0,,-0.1516685374486343,-0.20413838373620793
q253_231013,Instrumentation,Low,percettiva,False,C,0.38549309815673716,0.18787433138333628,True,MI_balanced,6,2.0,,-0.10971981653261262,-0.1919724292589696
q253_231013,Instrumentation,Low,percettiva,False,C,0.38549309815673716,0.18787433138333628,True,UC_audio,9,3.0,2.0,-0.613311659822438,1.5289495644924982
q253_231013,Instrumentation,Low,percettiva,False,C,0.38549309815673716,0.18787433138333628,True,UC_text,1,1.0,,1.0,0.0
q254_231013,Mood and Expression,Low,knowledge,True,A,0.6980665689326648,0.6980665689326648,True,MI,14,11.0,,0.4563518232918659,0.1580779940285613
q254_231013,Mood and Expression,Low,knowledge,True,A,0.6980665689326648,0.6980665689326648,True,MI_balanced,14,10.0,,0.505876546219914,0.16589479977628693
q254_231013,Mood and Expression,Low,knowledge,True,A,0.6980665689326648,0.6980665689326648,True,UC_audio,8,1.0,,0.16301987568723933,0.11529519060275593
q254_231013,Mood and Expression,Low,knowledge,True,A,0.6980665689326648,0.6980665689326648,True,UC_text,1,1.0,,1.0,0.0
q255_266919,Sound Texture,Low,percettiva,False,B,0.8268269109140238,0.1191157102298256,True,MI,12,1.0,,0.5478941845502076,0.03938732643610946
q255_266919,Sound Texture,Low,percettiva,False,B,0.8268269109140238,0.1191157102298256,True,MI_balanced,12,1.0,,0.5478941845502076,0.03938732643610946
q255_266919,Sound Texture,Low,percettiva,False,B,0.8268269109140238,0.1191157102298256,True,UC_audio,15,1.0,,0.7519070916496696,0.04632934798357269
q255_266919,Sound Texture,Low,percettiva,False,B,0.8268269109140238,0.1191157102298256,True,UC_text,1,1.0,,1.0,0.0
q256_266919,Melody,High,analitica,False,C,0.2820123719525148,0.26492610608720507,True,MI,9,1.0,,1.427636991189605,-0.13650496610857224
q256_266919,Melody,High,analitica,False,C,0.2820123719525148,0.26492610608720507,True,MI_balanced,9,1.0,,1.427636991189605,-0.13650496610857224
q256_266919,Melody,High,analitica,False,C,0.2820123719525148,0.26492610608720507,True,UC_audio,9,1.0,4.0,1.5676905285460028,0.6808080311093614
q256_266919,Melody,High,analitica,False,C,0.2820123719525148,0.26492610608720507,True,UC_text,1,1.0,,1.0,0.0
q257_266919,Genre and Style,Medium,knowledge,True,A,0.6989583835552261,0.6989583835552261,True,MI,12,3.0,,0.8650437409582388,0.07326879255778965
q257_266919,Genre and Style,Medium,knowledge,True,A,0.6989583835552261,0.6989583835552261,True,MI_balanced,12,2.0,,0.9085623688997446,0.08789771774770147
q257_266919,Genre and Style,Medium,knowledge,True,A,0.6989583835552261,0.6989583835552261,True,UC_audio,13,2.0,,0.7350549716944006,-0.012170491221890845
q257_266919,Genre and Style,Medium,knowledge,True,A,0.6989583835552261,0.6989583835552261,True,UC_text,1,1.0,,1.0,0.0
q258_349850,Historical and Cultural Context,Low,knowledge,False,C,0.762807353063713,0.14110517202931092,True,MI,10,3.0,,0.8504613365292598,0.06937981344969628
q258_349850,Historical and Cultural Context,Low,knowledge,False,C,0.762807353063713,0.14110517202931092,True,MI_balanced,10,2.0,,0.8695982753173467,0.07918246017690737
q258_349850,Historical and Cultural Context,Low,knowledge,False,C,0.762807353063713,0.14110517202931092,True,UC_audio,9,1.0,,0.7729018041036805,0.03722724329226339
q258_349850,Historical and Cultural Context,Low,knowledge,False,C,0.762807353063713,0.14110517202931092,True,UC_text,1,1.0,,1.0,0.0
q259_349850,Sound Texture,Medium,percettiva,True,A,0.9732222797661009,0.9732222797661009,True,MI,7,1.0,,0.8523831556881155,-0.0011688841805985793
q259_349850,Sound Texture,Medium,percettiva,True,A,0.9732222797661009,0.9732222797661009,True,MI_balanced,7,1.0,,0.8523831556881155,-0.0011688841805985793
q259_349850,Sound Texture,Medium,percettiva,True,A,0.9732222797661009,0.9732222797661009,True,UC_audio,10,1.0,,0.9204176533964904,0.005100234637502032
q259_349850,Sound Texture,Medium,percettiva,True,A,0.9732222797661009,0.9732222797661009,True,UC_text,1,1.0,,1.0,0.0
q25_135660,Metre and Rhythm,High,percettiva,False,B,0.7072006434314906,0.1903404709985152,True,MI,17,1.0,,0.832992834716202,0.032315168678041045
q25_135660,Metre and Rhythm,High,percettiva,False,B,0.7072006434314906,0.1903404709985152,True,MI_balanced,17,1.0,,0.8353131525905297,0.03746341468211527
q25_135660,Metre and Rhythm,High,percettiva,False,B,0.7072006434314906,0.1903404709985152,True,UC_audio,7,2.0,,0.62229456252966,0.04305081173257892
q25_135660,Metre and Rhythm,High,percettiva,False,B,0.7072006434314906,0.1903404709985152,True,UC_text,1,1.0,,1.0,0.0
q260_349850,Melody,Medium,analitica,False,C,0.5498712296000509,0.17851705141902616,True,MI,9,1.0,1.0,0.8819221428267734,-0.034322403948357054
q260_349850,Melody,Medium,analitica,False,C,0.5498712296000509,0.17851705141902616,True,MI_balanced,9,1.0,1.0,0.7621362990630165,-0.10624441692900569
q260_349850,Melody,Medium,analitica,False,C,0.5498712296000509,0.17851705141902616,True,UC_audio,6,3.0,,0.07068859717340273,-0.316016360410438
q260_349850,Melody,Medium,analitica,False,C,0.5498712296000509,0.17851705141902616,True,UC_text,1,1.0,,1.0,0.0
q261_924963,Mood and Expression,Low,knowledge,True,A,0.7317190681204574,0.7317190681204574,True,MI,13,7.0,,0.31005060939482737,0.05959123161045072
q261_924963,Mood and Expression,Low,knowledge,True,A,0.7317190681204574,0.7317190681204574,True,MI_balanced,13,6.0,,0.3351685519455348,0.06426702433001628
q261_924963,Mood and Expression,Low,knowledge,True,A,0.7317190681204574,0.7317190681204574,True,UC_audio,7,1.0,,0.6770391718201798,0.0963323940304195
q261_924963,Mood and Expression,Low,knowledge,True,A,0.7317190681204574,0.7317190681204574,True,UC_text,1,1.0,,1.0,0.0
q262_924963,Mood and Expression,Medium,knowledge,False,C,0.8813025266818584,0.022062977049402507,True,MI,7,1.0,,0.9624394504724133,0.02573398082782462
q262_924963,Mood and Expression,Medium,knowledge,False,C,0.8813025266818584,0.022062977049402507,True,MI_balanced,7,1.0,,0.9624394504724133,0.02573398082782462
q262_924963,Mood and Expression,Medium,knowledge,False,C,0.8813025266818584,0.022062977049402507,True,UC_audio,5,1.0,,0.934511982532348,0.03952713245407549
q262_924963,Mood and Expression,Medium,knowledge,False,C,0.8813025266818584,0.022062977049402507,True,UC_text,1,1.0,,1.0,0.0
q263_924963,Genre and Style,Medium,knowledge,False,B,0.6578138339867319,0.06719991376182241,True,MI,14,14.0,,0.3384804840915386,0.27388277961079466
q263_924963,Genre and Style,Medium,knowledge,False,B,0.6578138339867319,0.06719991376182241,True,MI_balanced,14,13.0,,0.3635679307301986,0.288098190970607
q263_924963,Genre and Style,Medium,knowledge,False,B,0.6578138339867319,0.06719991376182241,True,UC_audio,14,,,0.2139099253885822,0.234194245000899
q263_924963,Genre and Style,Medium,knowledge,False,B,0.6578138339867319,0.06719991376182241,True,UC_text,1,1.0,,1.0,0.0
q264_1138775,Genre and Style,Low,knowledge,False,C,0.7907502275287575,0.019796044597151976,True,MI,13,1.0,5.0,0.8895573962223988,0.825909153507125
q264_1138775,Genre and Style,Low,knowledge,False,C,0.7907502275287575,0.019796044597151976,True,MI_balanced,13,1.0,4.0,0.8598218435343555,0.883658023036034
q264_1138775,Genre and Style,Low,knowledge,False,C,0.7907502275287575,0.019796044597151976,True,UC_audio,8,1.0,6.0,0.5405304730295359,0.46698917437991183
q264_1138775,Genre and Style,Low,knowledge,False,C,0.7907502275287575,0.019796044597151976,True,UC_text,1,1.0,,1.0,0.0
q265_1138775,Instrumentation,Low,percettiva,True,A,0.3044465464483327,0.3044465464483327,True,MI,13,3.0,,3.330772346318668,-1.2127539944207484
q265_1138775,Instrumentation,Low,percettiva,True,A,0.3044465464483327,0.3044465464483327,True,MI_balanced,13,2.0,,3.638949000704297,-1.3638339822883145
q265_1138775,Instrumentation,Low,percettiva,True,A,0.3044465464483327,0.3044465464483327,True,UC_audio,5,1.0,,4.985404287506739,-2.7810667258916006
q265_1138775,Instrumentation,Low,percettiva,True,A,0.3044465464483327,0.3044465464483327,True,UC_text,1,1.0,,1.0,0.0
q266_1138775,Functional Context,Low,knowledge,True,A,0.915920327490473,0.915920327490473,True,MI,6,1.0,,0.9466523333662632,0.02953014397834619
q266_1138775,Functional Context,Low,knowledge,True,A,0.915920327490473,0.915920327490473,True,MI_balanced,6,2.0,,0.9904014889601922,0.03261457810126779
q266_1138775,Functional Context,Low,knowledge,True,A,0.915920327490473,0.915920327490473,True,UC_audio,8,4.0,,0.857371993790633,0.010386465136424432
q266_1138775,Functional Context,Low,knowledge,True,A,0.915920327490473,0.915920327490473,True,UC_text,1,1.0,,1.0,0.0
q267_1070646,Instrumentation,Medium,percettiva,False,D,0.6227895116436025,0.01940359967604822,True,MI,7,3.0,,1.6839301609753945,0.03830030227765156
q267_1070646,Instrumentation,Medium,percettiva,False,D,0.6227895116436025,0.01940359967604822,True,MI_balanced,7,3.0,,1.6839301609753945,0.03830030227765156
q267_1070646,Instrumentation,Medium,percettiva,False,D,0.6227895116436025,0.01940359967604822,True,UC_audio,10,2.0,,1.617870166929415,-0.41784091238645804
q267_1070646,Instrumentation,Medium,percettiva,False,D,0.6227895116436025,0.01940359967604822,True,UC_text,1,1.0,,1.0,0.0
q268_1070646,Historical and Cultural Context,Medium,knowledge,True,A,0.8810141742780186,0.8810141742780186,True,MI,9,1.0,,0.6408948136452274,-0.014358291727382453
q268_1070646,Historical and Cultural Context,Medium,knowledge,True,A,0.8810141742780186,0.8810141742780186,True,MI_balanced,9,3.0,,0.6660832200263676,-0.015696174225122015
q268_1070646,Historical and Cultural Context,Medium,knowledge,True,A,0.8810141742780186,0.8810141742780186,True,UC_audio,10,7.0,,0.4835094258157279,0.005657715598582284
q268_1070646,Historical and Cultural Context,Medium,knowledge,True,A,0.8810141742780186,0.8810141742780186,True,UC_text,1,1.0,,1.0,0.0
q269_1070646,Melody,High,analitica,True,A,0.5744485148390116,0.5744485148390116,True,MI,11,10.0,,0.3011224585723757,0.06724951105437288
q269_1070646,Melody,High,analitica,True,A,0.5744485148390116,0.5744485148390116,True,MI_balanced,11,9.0,,0.34910264646311656,0.08625926433016008
q269_1070646,Melody,High,analitica,True,A,0.5744485148390116,0.5744485148390116,True,UC_audio,7,3.0,,0.4279570078693839,-0.10425965182733382
q269_1070646,Melody,High,analitica,True,A,0.5744485148390116,0.5744485148390116,True,UC_text,1,1.0,,1.0,0.0
q26_135660,Melody,High,analitica,False,B,0.4670455418342786,0.1075199888315801,True,MI,16,1.0,,0.9343838696246515,0.05291030331094581
q26_135660,Melody,High,analitica,False,B,0.4670455418342786,0.1075199888315801,True,MI_balanced,16,1.0,,0.9351842532072421,0.06877952340105499
q26_135660,Melody,High,analitica,False,B,0.4670455418342786,0.1075199888315801,True,UC_audio,6,1.0,,0.6588782750557683,0.025629839010052047
q26_135660,Melody,High,analitica,False,B,0.4670455418342786,0.1075199888315801,True,UC_text,1,1.0,,1.0024085086467063,-0.00018526989590047875
q270_17954,Instrumentation,Low,percettiva,False,C,0.8809075700782973,0.05994651246092465,True,MI,11,,6.0,0.22786938349105162,0.5330732347919588
q270_17954,Instrumentation,Low,percettiva,False,C,0.8809075700782973,0.05994651246092465,True,MI_balanced,11,,6.0,0.22786938349105162,0.5330732347919588
q270_17954,Instrumentation,Low,percettiva,False,C,0.8809075700782973,0.05994651246092465,True,UC_audio,13,7.0,,0.3574448362359544,0.3671143725797274
q270_17954,Instrumentation,Low,percettiva,False,C,0.8809075700782973,0.05994651246092465,True,UC_text,1,1.0,,1.0,0.0
q271_17954,Performance,High,analitica,False,C,0.4777635491411663,0.2256795207331251,True,MI,6,3.0,,0.8225586501740477,0.007419776121228561
q271_17954,Performance,High,analitica,False,C,0.4777635491411663,0.2256795207331251,True,MI_balanced,6,3.0,,0.8225586501740477,0.007419776121228561
q271_17954,Performance,High,analitica,False,C,0.4777635491411663,0.2256795207331251,True,UC_audio,8,1.0,,0.9885014417309637,0.08004783989761119
q271_17954,Performance,High,analitica,False,C,0.4777635491411663,0.2256795207331251,True,UC_text,1,1.0,,1.0,0.0
q272_17954,Harmony,High,analitica,True,A,0.6830009330722017,0.6830009330722017,True,MI,6,1.0,,0.803572382727271,-0.07369788487387421
q272_17954,Harmony,High,analitica,True,A,0.6830009330722017,0.6830009330722017,True,MI_balanced,6,1.0,,0.803572382727271,-0.07369788487387421
q272_17954,Harmony,High,analitica,True,A,0.6830009330722017,0.6830009330722017,True,UC_audio,7,1.0,,0.8456395759245906,-0.08792849767516756
q272_17954,Harmony,High,analitica,True,A,0.6830009330722017,0.6830009330722017,True,UC_text,1,1.0,,1.0,0.0
q273_1131366,Melody,Low,analitica,False,D,0.7988557060780147,0.021288783468976,True,MI,11,1.0,,0.7822290756792797,0.01675621476085625
q273_1131366,Melody,Low,analitica,False,D,0.7988557060780147,0.021288783468976,True,MI_balanced,11,1.0,,0.7822290756792797,0.01675621476085625
q273_1131366,Melody,Low,analitica,False,D,0.7988557060780147,0.021288783468976,True,UC_audio,13,1.0,,0.7511701937953139,0.06569792673574242
q273_1131366,Melody,Low,analitica,False,D,0.7988557060780147,0.021288783468976,True,UC_text,1,1.0,,1.0,0.0
q274_1131366,Harmony,High,analitica,False,D,0.8494649909359216,0.019977501770408086,True,MI,7,1.0,,0.9670115691761981,0.020648936148118285
q274_1131366,Harmony,High,analitica,False,D,0.8494649909359216,0.019977501770408086,True,MI_balanced,7,1.0,,0.9670115691761981,0.020648936148118285
q274_1131366,Harmony,High,analitica,False,D,0.8494649909359216,0.019977501770408086,True,UC_audio,8,1.0,,0.9569359826308407,0.014391320187325496
q274_1131366,Harmony,High,analitica,False,D,0.8494649909359216,0.019977501770408086,True,UC_text,1,1.0,,1.0,0.0
q275_1131366,Mood and Expression,Low,knowledge,False,C,0.5472119595101972,0.05950653996559872,True,MI,14,1.0,,1.0044619163235544,0.2538024371011531
q275_1131366,Mood and Expression,Low,knowledge,False,C,0.5472119595101972,0.05950653996559872,True,MI_balanced,14,1.0,,1.0048971450561681,0.28471007448057134
q275_1131366,Mood and Expression,Low,knowledge,False,C,0.5472119595101972,0.05950653996559872,True,UC_audio,6,1.0,,1.4362550796033902,0.14300436025582056
q275_1131366,Mood and Expression,Low,knowledge,False,C,0.5472119595101972,0.05950653996559872,True,UC_text,1,1.0,,1.0,0.0
q276_30259,Melody,High,analitica,False,D,0.4019557308761686,0.06984943244685766,True,MI,7,1.0,,2.11157936938629,0.06922310645744253
q276_30259,Melody,High,analitica,False,D,0.4019557308761686,0.06984943244685766,True,MI_balanced,7,1.0,,2.1932983527862455,0.07483752897729964
q276_30259,Melody,High,analitica,False,D,0.4019557308761686,0.06984943244685766,True,UC_audio,4,2.0,,1.7658789556843288,0.1862856741014607
q276_30259,Melody,High,analitica,False,D,0.4019557308761686,0.06984943244685766,True,UC_text,1,1.0,,1.0,0.0
q277_30259,Functional Context,Low,knowledge,False,C,0.5460785474773799,0.3995195999669319,True,MI,12,1.0,,0.14242048438100147,-0.08541816104194656
q277_30259,Functional Context,Low,knowledge,False,C,0.5460785474773799,0.3995195999669319,True,MI_balanced,12,1.0,,0.051715384266022874,-0.09167725114670446
q277_30259,Functional Context,Low,knowledge,False,C,0.5460785474773799,0.3995195999669319,True,UC_audio,5,1.0,,0.03453359020760451,-0.23687363790627
q277_30259,Functional Context,Low,knowledge,False,C,0.5460785474773799,0.3995195999669319,True,UC_text,1,1.0,,1.0,0.0
q278_30259,Lyrics,Low,knowledge,True,A,0.5130869042816174,0.5130869042816174,True,MI,15,15.0,6.0,0.2156666785024001,0.8478231878132265
q278_30259,Lyrics,Low,knowledge,True,A,0.5130869042816174,0.5130869042816174,True,MI_balanced,15,14.0,5.0,0.26373775833612495,0.9518981777778223
q278_30259,Lyrics,Low,knowledge,True,A,0.5130869042816174,0.5130869042816174,True,UC_audio,11,,,0.2453285354872706,-0.8106088827230995
q278_30259,Lyrics,Low,knowledge,True,A,0.5130869042816174,0.5130869042816174,True,UC_text,1,1.0,,1.0,0.0
q279_617329,Instrumentation,Low,percettiva,False,C,0.8043757538643924,0.10886042047790141,True,MI,7,1.0,,1.2588599051053544,0.07767339664694377
q279_617329,Instrumentation,Low,percettiva,False,C,0.8043757538643924,0.10886042047790141,True,MI_balanced,7,1.0,,1.2588599051053544,0.07767339664694377
q279_617329,Instrumentation,Low,percettiva,False,C,0.8043757538643924,0.10886042047790141,True,UC_audio,10,2.0,,1.1930267180344498,-0.003790299730525308
q279_617329,Instrumentation,Low,percettiva,False,C,0.8043757538643924,0.10886042047790141,True,UC_text,1,1.0,,1.0,0.0
q27_135660,Sound Texture,Low,percettiva,False,C,0.5318290052273968,0.1431398349052279,True,MI,13,1.0,,0.8918053619304016,0.08426759934584445
q27_135660,Sound Texture,Low,percettiva,False,C,0.5318290052273968,0.1431398349052279,True,MI_balanced,13,1.0,,0.8235030457887158,0.08543415676441983
q27_135660,Sound Texture,Low,percettiva,False,C,0.5318290052273968,0.1431398349052279,True,UC_audio,7,,,-0.2460346507787154,0.15964326011228103
q27_135660,Sound Texture,Low,percettiva,False,C,0.5318290052273968,0.1431398349052279,True,UC_text,1,1.0,,0.981031550910217,0.0
q280_617329,Lyrics,Low,knowledge,False,C,0.4131734531864574,0.13001079536732552,True,MI,16,1.0,,1.077516481189793,-0.38316706768997777
q280_617329,Lyrics,Low,knowledge,False,C,0.4131734531864574,0.13001079536732552,True,MI_balanced,16,1.0,,1.077516481189793,-0.38316706768997777
q280_617329,Lyrics,Low,knowledge,False,C,0.4131734531864574,0.13001079536732552,True,UC_audio,10,1.0,,1.2792820665675333,-0.27350348464708946
q280_617329,Lyrics,Low,knowledge,False,C,0.4131734531864574,0.13001079536732552,True,UC_text,1,1.0,,1.0,0.0
q281_617329,Performance,Medium,analitica,False,B,0.455270425113748,0.13043716066366676,True,MI,3,1.0,,2.0400617363895774,0.012938304879210442
q281_617329,Performance,Medium,analitica,False,B,0.455270425113748,0.13043716066366676,True,MI_balanced,3,1.0,,2.0400617363895774,0.012938304879210442
q281_617329,Performance,Medium,analitica,False,B,0.455270425113748,0.13043716066366676,True,UC_audio,3,1.0,,2.334742981201871,0.06770826800961093
q281_617329,Performance,Medium,analitica,False,B,0.455270425113748,0.13043716066366676,True,UC_text,1,1.0,,1.0,0.0
q282_852,Sound Texture,Low,percettiva,False,C,0.4030014893939656,0.1903644242945221,True,MI,4,1.0,,3.7203405736298203,0.3185182553438351
q282_852,Sound Texture,Low,percettiva,False,C,0.4030014893939656,0.1903644242945221,True,MI_balanced,4,1.0,,3.7203405736298203,0.3185182553438351
q282_852,Sound Texture,Low,percettiva,False,C,0.4030014893939656,0.1903644242945221,True,UC_audio,10,2.0,,1.3082275174699842,0.22503931260199403
q282_852,Sound Texture,Low,percettiva,False,C,0.4030014893939656,0.1903644242945221,True,UC_text,1,1.0,,1.0,0.0
q283_852,Sound Texture,Low,percettiva,True,A,0.6769647845204326,0.6769647845204326,True,MI,11,8.0,,0.41544432596136927,0.21506337054855632
q283_852,Sound Texture,Low,percettiva,True,A,0.6769647845204326,0.6769647845204326,True,MI_balanced,11,7.0,,0.47063602503829055,0.2296731969404851
q283_852,Sound Texture,Low,percettiva,True,A,0.6769647845204326,0.6769647845204326,True,UC_audio,7,7.0,,0.5945664604525115,-0.006100777493495908
q283_852,Sound Texture,Low,percettiva,True,A,0.6769647845204326,0.6769647845204326,True,UC_text,1,1.0,,1.0,0.0
q284_852,Performance,Low,analitica,False,B,0.5696967820560171,0.1968819396514196,True,MI,8,,,-0.0736128438119979,0.2935632366189067
q284_852,Performance,Low,analitica,False,B,0.5696967820560171,0.1968819396514196,True,MI_balanced,8,,,-0.07105634187940651,0.3244982408281571
q284_852,Performance,Low,analitica,False,B,0.5696967820560171,0.1968819396514196,True,UC_audio,9,3.0,6.0,0.6397529510731425,0.8865030878319141
q284_852,Performance,Low,analitica,False,B,0.5696967820560171,0.1968819396514196,True,UC_text,1,1.0,,1.0,0.0
q285_1222340,Functional Context,Low,knowledge,False,B,0.6244622869691154,0.013796168912453785,True,MI,8,1.0,7.0,1.2028179554161076,0.41503859151656036
q285_1222340,Functional Context,Low,knowledge,False,B,0.6244622869691154,0.013796168912453785,True,MI_balanced,8,1.0,7.0,1.2028179554161076,0.41503859151656036
q285_1222340,Functional Context,Low,knowledge,False,B,0.6244622869691154,0.013796168912453785,True,UC_audio,5,,,0.3478760145218485,0.3001746871865875
q285_1222340,Functional Context,Low,knowledge,False,B,0.6244622869691154,0.013796168912453785,True,UC_text,1,1.0,,1.0,0.0
q286_1222340,Melody,Low,analitica,False,C,0.4954289342373423,0.18225811946739676,True,MI,14,1.0,,1.882092836584145,-0.028346035478024965
q286_1222340,Melody,Low,analitica,False,C,0.4954289342373423,0.18225811946739676,True,MI_balanced,14,1.0,,1.8471658465361807,-0.026337787069816414
q286_1222340,Melody,Low,analitica,False,C,0.4954289342373423,0.18225811946739676,True,UC_audio,5,1.0,,0.7885005818172157,-0.4532742160358739
q286_1222340,Melody,Low,analitica,False,C,0.4954289342373423,0.18225811946739676,True,UC_text,1,1.0,,1.0,0.0
q287_1222340,Melody,Low,analitica,True,A,0.7482957575687691,0.7482957575687691,True,MI,11,1.0,,1.3437363328581546,-0.07349990086326268
q287_1222340,Melody,Low,analitica,True,A,0.7482957575687691,0.7482957575687691,True,MI_balanced,11,1.0,,1.3446564409642205,-0.07401470872042423
q287_1222340,Melody,Low,analitica,True,A,0.7482957575687691,0.7482957575687691,True,UC_audio,5,1.0,,1.1692787928998885,-0.040730885829472666
q287_1222340,Melody,Low,analitica,True,A,0.7482957575687691,0.7482957575687691,True,UC_text,1,1.0,,1.0,0.0
q288_1222369,Genre and Style,Low,knowledge,True,A,0.7583863747379449,0.7583863747379449,True,MI,8,5.0,,0.22624076522955747,-0.08285777966672644
q288_1222369,Genre and Style,Low,knowledge,True,A,0.7583863747379449,0.7583863747379449,True,MI_balanced,8,4.0,,0.2700593178134335,-0.08984107817386083
q288_1222369,Genre and Style,Low,knowledge,True,A,0.7583863747379449,0.7583863747379449,True,UC_audio,8,4.0,,0.24387735208641906,-0.07574781093269771
q288_1222369,Genre and Style,Low,knowledge,True,A,0.7583863747379449,0.7583863747379449,True,UC_text,1,1.0,,1.0,0.0
q289_1222369,Mood and Expression,Low,knowledge,True,A,0.6729977882013571,0.6729977882013571,True,MI,11,7.0,,0.9123393566947225,-0.30131789486090566
q289_1222369,Mood and Expression,Low,knowledge,True,A,0.6729977882013571,0.6729977882013571,True,MI_balanced,11,6.0,,0.9844544721690821,-0.3182771897888471
q289_1222369,Mood and Expression,Low,knowledge,True,A,0.6729977882013571,0.6729977882013571,True,UC_audio,8,4.0,,0.9784262878791914,-0.3198156392339236
q289_1222369,Mood and Expression,Low,knowledge,True,A,0.6729977882013571,0.6729977882013571,True,UC_text,1,1.0,,1.0,0.0
q28_14013,Performance,Low,analitica,True,A,0.6068412658894369,0.6068412658894369,True,MI,12,1.0,,0.7100034680192423,0.15141916973644937
q28_14013,Performance,Low,analitica,True,A,0.6068412658894369,0.6068412658894369,True,MI_balanced,12,1.0,,0.7118941785748336,0.1692162866919251
q28_14013,Performance,Low,analitica,True,A,0.6068412658894369,0.6068412658894369,True,UC_audio,6,1.0,,0.6960946550498464,0.07269253072398477
q28_14013,Performance,Low,analitica,True,A,0.6068412658894369,0.6068412658894369,True,UC_text,1,1.0,,1.0,0.0
q290_1222369,Mood and Expression,Low,knowledge,False,B,0.9125214782499415,0.013855906765613504,True,MI,14,13.0,,0.24175454948162178,0.07950100862455016
q290_1222369,Mood and Expression,Low,knowledge,False,B,0.9125214782499415,0.013855906765613504,True,MI_balanced,14,12.0,,0.2632643883394496,0.09084128492826472
q290_1222369,Mood and Expression,Low,knowledge,False,B,0.9125214782499415,0.013855906765613504,True,UC_audio,13,,,0.09928641465773534,0.10270469675219747
q290_1222369,Mood and Expression,Low,knowledge,False,B,0.9125214782499415,0.013855906765613504,True,UC_text,1,1.0,,1.0,0.0
q291_1352257,Metre and Rhythm,Medium,percettiva,False,C,0.5696244537962597,0.36777718921084795,True,MI,11,1.0,,1.1142945582975294,0.04146425274325546
q291_1352257,Metre and Rhythm,Medium,percettiva,False,C,0.5696244537962597,0.36777718921084795,True,MI_balanced,11,1.0,,1.1221865603250274,0.04458231205503704
q291_1352257,Metre and Rhythm,Medium,percettiva,False,C,0.5696244537962597,0.36777718921084795,True,UC_audio,8,1.0,,1.260723129415288,0.09000628838104649
q291_1352257,Metre and Rhythm,Medium,percettiva,False,C,0.5696244537962597,0.36777718921084795,True,UC_text,1,1.0,,1.0,0.0
q292_1352257,Historical and Cultural Context,Low,knowledge,False,C,0.5902069818438463,0.3579786300647504,True,MI,7,3.0,,0.71902576478668,-0.10989792440795519
q292_1352257,Historical and Cultural Context,Low,knowledge,False,C,0.5902069818438463,0.3579786300647504,True,MI_balanced,7,2.0,,0.7402271588100018,-0.11010537576435134
q292_1352257,Historical and Cultural Context,Low,knowledge,False,C,0.5902069818438463,0.3579786300647504,True,UC_audio,4,1.0,,0.9913559536144377,-0.2579167145570514
q292_1352257,Historical and Cultural Context,Low,knowledge,False,C,0.5902069818438463,0.3579786300647504,True,UC_text,1,1.0,,1.0,0.0
q293_1352257,Harmony,High,analitica,False,D,0.4950129474481897,0.1607071747633839,True,MI,6,1.0,,0.9952637225261463,-0.008489375479855513
q293_1352257,Harmony,High,analitica,False,D,0.4950129474481897,0.1607071747633839,True,MI_balanced,6,1.0,,0.9952637225261463,-0.008489375479855513
q293_1352257,Harmony,High,analitica,False,D,0.4950129474481897,0.1607071747633839,True,UC_audio,11,1.0,,1.0145446747851488,-0.025778227799094073
q293_1352257,Harmony,High,analitica,False,D,0.4950129474481897,0.1607071747633839,True,UC_text,1,1.0,,1.0,0.0
q294_1936726,Sound Texture,Medium,percettiva,True,A,0.5170853951744436,0.5170853951744436,True,MI,13,9.0,,0.34065704323409635,-0.13995548438488903
q294_1936726,Sound Texture,Medium,percettiva,True,A,0.5170853951744436,0.5170853951744436,True,MI_balanced,13,8.0,,0.35599839785932935,-0.16166350874184102
q294_1936726,Sound Texture,Medium,percettiva,True,A,0.5170853951744436,0.5170853951744436,True,UC_audio,7,3.0,,0.841236333950195,0.13691228612019524
q294_1936726,Sound Texture,Medium,percettiva,True,A,0.5170853951744436,0.5170853951744436,True,UC_text,1,1.0,,1.0,0.0
q295_1936726,Sound Texture,Medium,percettiva,True,A,0.5016444786163035,0.5016444786163035,True,MI,12,12.0,,0.32044456400335597,0.019287523657670776
q295_1936726,Sound Texture,Medium,percettiva,True,A,0.5016444786163035,0.5016444786163035,True,MI_balanced,12,11.0,,0.35198688985262605,0.037818540387050285
q295_1936726,Sound Texture,Medium,percettiva,True,A,0.5016444786163035,0.5016444786163035,True,UC_audio,13,,,0.3004254762405593,-0.14239684772285663
q295_1936726,Sound Texture,Medium,percettiva,True,A,0.5016444786163035,0.5016444786163035,True,UC_text,1,1.0,,1.0,0.0
q296_1936726,Sound Texture,Medium,percettiva,False,B,0.3014571248775528,0.25784994314754495,True,MI,8,1.0,,1.826647283886101,-0.46181099953866844
q296_1936726,Sound Texture,Medium,percettiva,False,B,0.3014571248775528,0.25784994314754495,True,MI_balanced,8,1.0,,1.7948652569323598,-0.5068404138164676
q296_1936726,Sound Texture,Medium,percettiva,False,B,0.3014571248775528,0.25784994314754495,True,UC_audio,11,1.0,,2.5567953515303716,-0.8058972340100455
q296_1936726,Sound Texture,Medium,percettiva,False,B,0.3014571248775528,0.25784994314754495,True,UC_text,1,1.0,,1.0,0.0
q297_1320579,Sound Texture,High,percettiva,False,B,0.4346303633893708,0.1869321899532111,True,MI,12,1.0,,0.5085642114328194,-0.0755482333683646
q297_1320579,Sound Texture,High,percettiva,False,B,0.4346303633893708,0.1869321899532111,True,MI_balanced,12,1.0,,0.4845154902203183,-0.085349384870256
q297_1320579,Sound Texture,High,percettiva,False,B,0.4346303633893708,0.1869321899532111,True,UC_audio,8,1.0,,1.0514547767696636,-0.2710873799407463
q297_1320579,Sound Texture,High,percettiva,False,B,0.4346303633893708,0.1869321899532111,True,UC_text,1,1.0,,1.0,0.0
q298_1320579,Instrumentation,Low,percettiva,False,D,0.9580870350667383,0.012443378383086503,True,MI,9,1.0,7.0,0.8403198034134849,0.47616933558960833
q298_1320579,Instrumentation,Low,percettiva,False,D,0.9580870350667383,0.012443378383086503,True,MI_balanced,9,3.0,6.0,0.8774090556987469,0.5277533057691334
q298_1320579,Instrumentation,Low,percettiva,False,D,0.9580870350667383,0.012443378383086503,True,UC_audio,9,1.0,6.0,0.9934733993801333,0.02962687143499766
q298_1320579,Instrumentation,Low,percettiva,False,D,0.9580870350667383,0.012443378383086503,True,UC_text,1,1.0,,1.0,0.0
q299_1320579,Historical and Cultural Context,Low,knowledge,False,C,0.8585267838599406,0.051558540883935564,True,MI,11,,,-0.25603836835459864,0.038671065266423166
q299_1320579,Historical and Cultural Context,Low,knowledge,False,C,0.8585267838599406,0.051558540883935564,True,MI_balanced,11,,,-0.2562582831351541,0.04567673067452221
q299_1320579,Historical and Cultural Context,Low,knowledge,False,C,0.8585267838599406,0.051558540883935564,True,UC_audio,13,,,-0.10997263648321745,0.026028881953405848
q299_1320579,Historical and Cultural Context,Low,knowledge,False,C,0.8585267838599406,0.051558540883935564,True,UC_text,1,1.0,,1.0,0.0
q29_14013,Melody,Medium,analitica,False,B,0.3933139852141174,0.3063132396776896,True,MI,14,1.0,,1.8805963078460202,-0.9517490040810788
q29_14013,Melody,Medium,analitica,False,B,0.3933139852141174,0.3063132396776896,True,MI_balanced,14,1.0,,1.8805963078460202,-0.9517490040810788
q29_14013,Melody,Medium,analitica,False,B,0.3933139852141174,0.3063132396776896,True,UC_audio,8,1.0,,2.145053285534281,-0.6124420401498423
q29_14013,Melody,Medium,analitica,False,B,0.3933139852141174,0.3063132396776896,True,UC_text,1,1.0,,1.0,0.0
q2_1204663,Structure,High,analitica,True,A,0.38522212641081693,0.38522212641081693,True,MI,11,2.0,2.0,1.473957415223414,0.4822405866485163
q2_1204663,Structure,High,analitica,True,A,0.38522212641081693,0.38522212641081693,True,MI_balanced,11,2.0,2.0,1.473957415223414,0.4822405866485163
q2_1204663,Structure,High,analitica,True,A,0.38522212641081693,0.38522212641081693,True,UC_audio,11,,,0.1545443926747069,-0.22596329219183486
q2_1204663,Structure,High,analitica,True,A,0.38522212641081693,0.38522212641081693,True,UC_text,1,1.0,,1.0,0.0
q300_1079319,Instrumentation,Low,percettiva,True,A,0.5979101335696427,0.5979101335696427,True,MI,13,3.0,,0.504266184614546,0.21954345175681647
q300_1079319,Instrumentation,Low,percettiva,True,A,0.5979101335696427,0.5979101335696427,True,MI_balanced,13,2.0,,0.5632051575367015,0.23972869676836303
q300_1079319,Instrumentation,Low,percettiva,True,A,0.5979101335696427,0.5979101335696427,True,UC_audio,10,4.0,,0.5188884065090863,0.16228258445655191
q300_1079319,Instrumentation,Low,percettiva,True,A,0.5979101335696427,0.5979101335696427,True,UC_text,1,1.0,,1.0,0.0
q301_1079319,Lyrics,Low,knowledge,True,A,0.9889009216372084,0.9889009216372084,True,MI,13,1.0,,0.9410082698152228,0.007513825826999574
q301_1079319,Lyrics,Low,knowledge,True,A,0.9889009216372084,0.9889009216372084,True,MI_balanced,13,1.0,,0.951538131960181,0.00817145135443657
q301_1079319,Lyrics,Low,knowledge,True,A,0.9889009216372084,0.9889009216372084,True,UC_audio,11,1.0,,0.8493598568947033,-0.0010199041347944886
q301_1079319,Lyrics,Low,knowledge,True,A,0.9889009216372084,0.9889009216372084,True,UC_text,1,1.0,,1.0,0.0
q302_1079319,Genre and Style,High,knowledge,True,A,0.5168133311950669,0.5168133311950669,True,MI,13,1.0,,0.08824114749920174,-0.08257778152105327
q302_1079319,Genre and Style,High,knowledge,True,A,0.5168133311950669,0.5168133311950669,True,MI_balanced,13,1.0,,0.020738701174044062,-0.08804070103480452
q302_1079319,Genre and Style,High,knowledge,True,A,0.5168133311950669,0.5168133311950669,True,UC_audio,10,,5.0,-0.08576472262418773,0.30703674633102523
q302_1079319,Genre and Style,High,knowledge,True,A,0.5168133311950669,0.5168133311950669,True,UC_text,1,1.0,,1.0,0.0
q303_498814,Genre and Style,Low,knowledge,True,A,0.5956904557460244,0.5956904557460244,True,MI,11,3.0,,0.4588277053599338,0.05793066826534095
q303_498814,Genre and Style,Low,knowledge,True,A,0.5956904557460244,0.5956904557460244,True,MI_balanced,11,2.0,,0.48367264817569633,0.05208515286962469
q303_498814,Genre and Style,Low,knowledge,True,A,0.5956904557460244,0.5956904557460244,True,UC_audio,9,5.0,,1.042304721081915,0.13187203686569107
q303_498814,Genre and Style,Low,knowledge,True,A,0.5956904557460244,0.5956904557460244,True,UC_text,1,1.0,,1.0,0.0
q304_498814,Harmony,High,analitica,False,D,0.44942066835389055,0.35000916844248414,True,MI,9,1.0,,0.46185880395174234,-0.09715255816605702
q304_498814,Harmony,High,analitica,False,D,0.44942066835389055,0.35000916844248414,True,MI_balanced,9,1.0,,0.4344211399453292,-0.11854933057058997
q304_498814,Harmony,High,analitica,False,D,0.44942066835389055,0.35000916844248414,True,UC_audio,12,8.0,,0.3509354667779175,0.017504625403178934
q304_498814,Harmony,High,analitica,False,D,0.44942066835389055,0.35000916844248414,True,UC_text,1,1.0,,1.0,0.0
q305_498814,Melody,High,analitica,True,A,0.39074032406008086,0.39074032406008086,True,MI,12,1.0,,-0.1726528488175674,-0.09079759258665807
q305_498814,Melody,High,analitica,True,A,0.39074032406008086,0.39074032406008086,True,MI_balanced,12,,,-0.20291102441734804,-0.11717106424747924
q305_498814,Melody,High,analitica,True,A,0.39074032406008086,0.39074032406008086,True,UC_audio,9,,,-0.24902047041822986,-0.06147358431870485
q305_498814,Melody,High,analitica,True,A,0.39074032406008086,0.39074032406008086,True,UC_text,1,1.0,,1.0,0.0
q306_785413,Instrumentation,Medium,percettiva,False,B,0.44250560133288724,0.1392405652882614,True,MI,8,4.0,,0.6383733219501037,0.03756584103277346
q306_785413,Instrumentation,Medium,percettiva,False,B,0.44250560133288724,0.1392405652882614,True,MI_balanced,8,4.0,,0.6383733219501037,0.03756584103277346
q306_785413,Instrumentation,Medium,percettiva,False,B,0.44250560133288724,0.1392405652882614,True,UC_audio,9,4.0,,0.9505089681770131,0.13242149721381388
q306_785413,Instrumentation,Medium,percettiva,False,B,0.44250560133288724,0.1392405652882614,True,UC_text,1,1.0,,1.0,0.0
q307_785413,Instrumentation,Low,percettiva,True,A,0.9683322415608728,0.9683322415608728,True,MI,10,1.0,,0.8771153667929028,0.018031600761129096
q307_785413,Instrumentation,Low,percettiva,True,A,0.9683322415608728,0.9683322415608728,True,MI_balanced,10,3.0,,0.90608058058728,0.020092164040742697
q307_785413,Instrumentation,Low,percettiva,True,A,0.9683322415608728,0.9683322415608728,True,UC_audio,13,4.0,,0.8483648740184988,0.011269224456221468
q307_785413,Instrumentation,Low,percettiva,True,A,0.9683322415608728,0.9683322415608728,True,UC_text,1,1.0,,1.0,0.0
q308_785413,Instrumentation,Medium,percettiva,False,D,0.4020751277529054,0.3660935698722213,True,MI,1,,,-0.1294900415535312,-0.10369384813243851
q308_785413,Instrumentation,Medium,percettiva,False,D,0.4020751277529054,0.3660935698722213,True,MI_balanced,1,,,-0.1294900415535312,-0.10369384813243851
q308_785413,Instrumentation,Medium,percettiva,False,D,0.4020751277529054,0.3660935698722213,True,UC_audio,6,1.0,1.0,0.8782190629904612,1.4008733527334656
q308_785413,Instrumentation,Medium,percettiva,False,D,0.4020751277529054,0.3660935698722213,True,UC_text,1,1.0,,1.0,0.0
q309_964594,Instrumentation,Medium,percettiva,True,A,0.6374158150059318,0.6374158150059318,True,MI,2,2.0,,0.579840090467835,0.02803048067985048
q309_964594,Instrumentation,Medium,percettiva,True,A,0.6374158150059318,0.6374158150059318,True,MI_balanced,2,2.0,,0.579840090467835,0.02803048067985048
q309_964594,Instrumentation,Medium,percettiva,True,A,0.6374158150059318,0.6374158150059318,True,UC_audio,11,1.0,,0.7445090321147532,0.009740381294390456
q309_964594,Instrumentation,Medium,percettiva,True,A,0.6374158150059318,0.6374158150059318,True,UC_text,1,1.0,,1.0,0.0
q30_14013,Melody,Medium,analitica,False,D,0.5672963275323949,0.26797181061911496,True,MI,11,1.0,,0.7478805257076883,-0.0637269122301675
q30_14013,Melody,Medium,analitica,False,D,0.5672963275323949,0.26797181061911496,True,MI_balanced,11,2.0,,0.7624077603971339,-0.06900965910365081
q30_14013,Melody,Medium,analitica,False,D,0.5672963275323949,0.26797181061911496,True,UC_audio,2,2.0,,0.5747451873240078,-0.09236244959611047
q30_14013,Melody,Medium,analitica,False,D,0.5672963275323949,0.26797181061911496,True,UC_text,1,1.0,,1.0,0.0
q310_964594,Genre and Style,Medium,knowledge,True,A,0.3881179463785255,0.3881179463785255,True,MI,3,1.0,,0.41089814943623504,0.47850940271338155
q310_964594,Genre and Style,Medium,knowledge,True,A,0.3881179463785255,0.3881179463785255,True,MI_balanced,3,1.0,,0.41089814943623504,0.47850940271338155
q310_964594,Genre and Style,Medium,knowledge,True,A,0.3881179463785255,0.3881179463785255,True,UC_audio,6,1.0,5.0,0.8959567281041568,0.528094427598404
q310_964594,Genre and Style,Medium,knowledge,True,A,0.3881179463785255,0.3881179463785255,True,UC_text,1,1.0,,1.0,0.0
q311_964594,Instrumentation,Medium,percettiva,False,D,0.49630590821983017,0.13781917323775897,True,MI,12,1.0,7.0,-0.4671426817513115,0.47640742924677176
q311_964594,Instrumentation,Medium,percettiva,False,D,0.49630590821983017,0.13781917323775897,True,MI_balanced,12,,6.0,-0.4835462476749913,0.5224353268460982
q311_964594,Instrumentation,Medium,percettiva,False,D,0.49630590821983017,0.13781917323775897,True,UC_audio,11,5.0,5.0,0.3067308092969031,0.9630385417008732
q311_964594,Instrumentation,Medium,percettiva,False,D,0.49630590821983017,0.13781917323775897,True,UC_text,1,1.0,,1.0,0.0
q312_1051203,Musical Texture,Medium,percettiva,False,B,0.38353960950131244,0.2806035726312521,True,MI,14,1.0,8.0,0.7024748029639359,0.34592184972425494
q312_1051203,Musical Texture,Medium,percettiva,False,B,0.38353960950131244,0.2806035726312521,True,MI_balanced,14,1.0,7.0,0.6821867965049334,0.40936136101916715
q312_1051203,Musical Texture,Medium,percettiva,False,B,0.38353960950131244,0.2806035726312521,True,UC_audio,6,1.0,,-0.003822393435289373,0.028941425735449763
q312_1051203,Musical Texture,Medium,percettiva,False,B,0.38353960950131244,0.2806035726312521,True,UC_text,1,1.0,,1.0,0.0
q313_1051203,Mood and Expression,Low,knowledge,True,A,0.6717370853494385,0.6717370853494385,True,MI,11,,,-0.09096023539945244,0.035913279630207746
q313_1051203,Mood and Expression,Low,knowledge,True,A,0.6717370853494385,0.6717370853494385,True,MI_balanced,11,,,-0.051555178520002604,0.043051840518675354
q313_1051203,Mood and Expression,Low,knowledge,True,A,0.6717370853494385,0.6717370853494385,True,UC_audio,10,,,-0.29590309345184723,-0.05465039645299587
q313_1051203,Mood and Expression,Low,knowledge,True,A,0.6717370853494385,0.6717370853494385,True,UC_text,1,1.0,,1.0,0.0
q314_1051203,Performance,Medium,analitica,False,D,0.43430889972279685,0.12443158308965258,True,MI,12,1.0,,0.5443444887842165,-0.13376089486207537
q314_1051203,Performance,Medium,analitica,False,D,0.43430889972279685,0.12443158308965258,True,MI_balanced,12,7.0,,0.5718464822268997,-0.1458568992292997
q314_1051203,Performance,Medium,analitica,False,D,0.43430889972279685,0.12443158308965258,True,UC_audio,7,,,0.22822201993738112,0.197009780152297
q314_1051203,Performance,Medium,analitica,False,D,0.43430889972279685,0.12443158308965258,True,UC_text,1,1.0,,1.0,0.0
q315_1351134,Metre and Rhythm,Medium,percettiva,False,D,0.47266230930783004,0.17940237708100573,True,MI,13,6.0,,0.40976074244981747,-0.035520998684480325
q315_1351134,Metre and Rhythm,Medium,percettiva,False,D,0.47266230930783004,0.17940237708100573,True,MI_balanced,13,5.0,,0.4709559751328344,-0.03540113528441282
q315_1351134,Metre and Rhythm,Medium,percettiva,False,D,0.47266230930783004,0.17940237708100573,True,UC_audio,7,,,-0.012019618048004029,-0.2948897368448028
q315_1351134,Metre and Rhythm,Medium,percettiva,False,D,0.47266230930783004,0.17940237708100573,True,UC_text,1,1.0,,1.0,0.0
q316_1351134,Functional Context,Low,knowledge,True,A,0.86175059132703,0.86175059132703,True,MI,14,1.0,,0.3983745220545977,0.012321230344564145
q316_1351134,Functional Context,Low,knowledge,True,A,0.86175059132703,0.86175059132703,True,MI_balanced,14,6.0,,0.37517011286665164,0.010278879370676541
q316_1351134,Functional Context,Low,knowledge,True,A,0.86175059132703,0.86175059132703,True,UC_audio,10,5.0,,0.403344397477071,0.06584668953527072
q316_1351134,Functional Context,Low,knowledge,True,A,0.86175059132703,0.86175059132703,True,UC_text,1,1.0,,1.0,0.0
q317_1351134,Metre and Rhythm,Low,percettiva,True,A,0.3116337143960491,0.3116337143960491,True,MI,11,1.0,3.0,0.07114436207134946,0.28868568153231833
q317_1351134,Metre and Rhythm,Low,percettiva,True,A,0.3116337143960491,0.3116337143960491,True,MI_balanced,11,5.0,2.0,-0.013096327616005729,0.2619740177849233
q317_1351134,Metre and Rhythm,Low,percettiva,True,A,0.3116337143960491,0.3116337143960491,True,UC_audio,6,2.0,2.0,0.5287483169923631,1.4379897052395623
q317_1351134,Metre and Rhythm,Low,percettiva,True,A,0.3116337143960491,0.3116337143960491,True,UC_text,1,1.0,,1.0,0.0
q318_307395,Performance,Medium,analitica,True,A,0.48687425063375533,0.48687425063375533,True,MI,9,,,0.2882764820588283,0.31938563453989505
q318_307395,Performance,Medium,analitica,True,A,0.48687425063375533,0.48687425063375533,True,MI_balanced,9,,,0.2882764820588283,0.31938563453989505
q318_307395,Performance,Medium,analitica,True,A,0.48687425063375533,0.48687425063375533,True,UC_audio,8,,7.0,0.10901092130677496,0.42153181478018664
q318_307395,Performance,Medium,analitica,True,A,0.48687425063375533,0.48687425063375533,True,UC_text,1,1.0,,1.0,0.0
q319_307395,Metre and Rhythm,High,percettiva,False,D,0.3849573484304671,0.1818409756304214,True,MI,11,3.0,,0.5676656532727734,-0.07597386046330569
q319_307395,Metre and Rhythm,High,percettiva,False,D,0.3849573484304671,0.1818409756304214,True,MI_balanced,11,2.0,,0.5957813899275688,-0.08085776008257865
q319_307395,Metre and Rhythm,High,percettiva,False,D,0.3849573484304671,0.1818409756304214,True,UC_audio,7,1.0,,0.5788052918954177,-0.1727314406006855
q319_307395,Metre and Rhythm,High,percettiva,False,D,0.3849573484304671,0.1818409756304214,True,UC_text,1,1.0,,1.0,0.0
q31_644172,Melody,Medium,analitica,False,C,0.6081889739419742,0.06021886323929321,True,MI,13,12.0,,0.1819756441023996,0.06694519636641322
q31_644172,Melody,Medium,analitica,False,C,0.6081889739419742,0.06021886323929321,True,MI_balanced,13,11.0,,0.18378239914652847,0.07610164227959587
q31_644172,Melody,Medium,analitica,False,C,0.6081889739419742,0.06021886323929321,True,UC_audio,9,,,-0.17650149610333624,-0.01798287033473165
q31_644172,Melody,Medium,analitica,False,C,0.6081889739419742,0.06021886323929321,True,UC_text,1,1.0,,1.0,0.0
q320_307395,Genre and Style,High,knowledge,False,C,0.7152953276756953,0.23959392307185848,True,MI,13,,,0.13953531339408792,-0.0688766453890687
q320_307395,Genre and Style,High,knowledge,False,C,0.7152953276756953,0.23959392307185848,True,MI_balanced,13,,,0.1661870505799424,-0.08098165572981439
q320_307395,Genre and Style,High,knowledge,False,C,0.7152953276756953,0.23959392307185848,True,UC_audio,11,,,-0.014727440851351564,0.035090283988757756
q320_307395,Genre and Style,High,knowledge,False,C,0.7152953276756953,0.23959392307185848,True,UC_text,1,1.0,,1.0,0.0
q32_644172,Harmony,Low,analitica,True,A,0.9040665866559473,0.9040665866559473,True,MI,15,11.0,,0.33965960428858144,0.049773583327308385
q32_644172,Harmony,Low,analitica,True,A,0.9040665866559473,0.9040665866559473,True,MI_balanced,15,10.0,,0.3894196056346193,0.05526528358613516
q32_644172,Harmony,Low,analitica,True,A,0.9040665866559473,0.9040665866559473,True,UC_audio,13,4.0,,0.7056381016218455,0.11489817322109216
q32_644172,Harmony,Low,analitica,True,A,0.9040665866559473,0.9040665866559473,True,UC_text,1,1.0,,1.0,0.0
q33_644172,Metre and Rhythm,Medium,percettiva,True,A,0.8827862703870125,0.8827862703870125,True,MI,13,1.0,,0.6538175827909211,-0.004156971184469231
q33_644172,Metre and Rhythm,Medium,percettiva,True,A,0.8827862703870125,0.8827862703870125,True,MI_balanced,13,1.0,,0.668033305625576,-0.001654046601694207
q33_644172,Metre and Rhythm,Medium,percettiva,True,A,0.8827862703870125,0.8827862703870125,True,UC_audio,12,3.0,,0.6014432160722022,-0.003491514253461323
q33_644172,Metre and Rhythm,Medium,percettiva,True,A,0.8827862703870125,0.8827862703870125,True,UC_text,1,1.0,,1.0,0.0
q34_355486,Musical Texture,Medium,percettiva,False,C,0.8610216074667544,0.04422850982850989,True,MI,11,4.0,,0.766855825685671,0.14428383584806612
q34_355486,Musical Texture,Medium,percettiva,False,C,0.8610216074667544,0.04422850982850989,True,MI_balanced,11,4.0,,0.766855825685671,0.14428383584806612
q34_355486,Musical Texture,Medium,percettiva,False,C,0.8610216074667544,0.04422850982850989,True,UC_audio,9,2.0,,0.5482814925906965,0.13902184043697005
q34_355486,Musical Texture,Medium,percettiva,False,C,0.8610216074667544,0.04422850982850989,True,UC_text,1,1.0,,1.0,0.0
q35_355486,Melody,High,analitica,False,C,0.395116263666909,0.37117737941874784,True,MI,11,6.0,,1.142265364483531,-0.11391302072011401
q35_355486,Melody,High,analitica,False,C,0.395116263666909,0.37117737941874784,True,MI_balanced,11,5.0,,1.2478601257929398,-0.12194828261878166
q35_355486,Melody,High,analitica,False,C,0.395116263666909,0.37117737941874784,True,UC_audio,11,6.0,,1.3605110897997235,0.23235162310039273
q35_355486,Melody,High,analitica,False,C,0.395116263666909,0.37117737941874784,True,UC_text,1,1.0,,1.0,0.0
q36_355486,Harmony,High,analitica,True,A,0.5353654231877415,0.5353654231877415,True,MI,9,7.0,,0.39304776889001675,0.11963680741043149
q36_355486,Harmony,High,analitica,True,A,0.5353654231877415,0.5353654231877415,True,MI_balanced,9,7.0,,0.39304776889001675,0.11963680741043149
q36_355486,Harmony,High,analitica,True,A,0.5353654231877415,0.5353654231877415,True,UC_audio,13,1.0,13.0,0.5379860154714782,0.4604929617096735
q36_355486,Harmony,High,analitica,True,A,0.5353654231877415,0.5353654231877415,True,UC_text,1,1.0,,1.0,0.0
q37_337998,Instrumentation,Medium,percettiva,False,C,0.9269513432821931,0.02713029705203123,True,MI,9,,,0.12023191533535862,0.03904307396864935
q37_337998,Instrumentation,Medium,percettiva,False,C,0.9269513432821931,0.02713029705203123,True,MI_balanced,9,,,0.12942246770725224,0.0347386548876905
q37_337998,Instrumentation,Medium,percettiva,False,C,0.9269513432821931,0.02713029705203123,True,UC_audio,10,,,0.13816758700419093,0.04517114467392132
q37_337998,Instrumentation,Medium,percettiva,False,C,0.9269513432821931,0.02713029705203123,True,UC_text,1,1.0,,1.0,0.0
q38_337998,Performance,Low,analitica,False,B,0.5089979001709919,0.21218189267739948,True,MI,11,7.0,,0.5760971646773068,0.025918555383785766
q38_337998,Performance,Low,analitica,False,B,0.5089979001709919,0.21218189267739948,True,MI_balanced,11,6.0,,0.6051946611305732,0.03139133987584341
q38_337998,Performance,Low,analitica,False,B,0.5089979001709919,0.21218189267739948,True,UC_audio,9,1.0,,0.6709462353959137,0.0037165304309764715
q38_337998,Performance,Low,analitica,False,B,0.5089979001709919,0.21218189267739948,True,UC_text,1,1.0,,1.0,0.0
q39_337998,Instrumentation,Low,percettiva,True,A,0.7937304164953809,0.7937304164953809,True,MI,10,,,0.13678581487798674,0.11895296692243895
q39_337998,Instrumentation,Low,percettiva,True,A,0.7937304164953809,0.7937304164953809,True,MI_balanced,10,,,0.17014968678375778,0.12747434575369185
q39_337998,Instrumentation,Low,percettiva,True,A,0.7937304164953809,0.7937304164953809,True,UC_audio,10,,,0.018611312015955044,0.06343760536849237
q39_337998,Instrumentation,Low,percettiva,True,A,0.7937304164953809,0.7937304164953809,True,UC_text,1,1.0,,1.0,0.0
q3_1204663,Metre and Rhythm,Low,percettiva,True,A,0.8352207394952993,0.8352207394952993,True,MI,11,7.0,,0.5682611569822824,-0.05936282785209717
q3_1204663,Metre and Rhythm,Low,percettiva,True,A,0.8352207394952993,0.8352207394952993,True,MI_balanced,11,6.0,,0.62409362357108,-0.059482134205655755
q3_1204663,Metre and Rhythm,Low,percettiva,True,A,0.8352207394952993,0.8352207394952993,True,UC_audio,9,4.0,,0.710742444623424,-0.05155986258063314
q3_1204663,Metre and Rhythm,Low,percettiva,True,A,0.8352207394952993,0.8352207394952993,True,UC_text,1,1.0,,1.0,0.0
q40_457120,Genre and Style,Medium,knowledge,True,A,0.5286956947439414,0.5286956947439414,True,MI,14,1.0,3.0,-0.09305681792348137,0.45750011485445347
q40_457120,Genre and Style,Medium,knowledge,True,A,0.5286956947439414,0.5286956947439414,True,MI_balanced,14,1.0,2.0,-0.1296379807600175,0.45885900147982533
q40_457120,Genre and Style,Medium,knowledge,True,A,0.5286956947439414,0.5286956947439414,True,UC_audio,8,,,0.12835434368455792,0.342043818809229
q40_457120,Genre and Style,Medium,knowledge,True,A,0.5286956947439414,0.5286956947439414,True,UC_text,1,1.0,,1.0,0.0
q41_457120,Instrumentation,Medium,percettiva,False,B,0.5926949453940848,0.16458544217094156,True,MI,10,1.0,,1.5869926959924756,-0.11311851201699313
q41_457120,Instrumentation,Medium,percettiva,False,B,0.5926949453940848,0.16458544217094156,True,MI_balanced,10,1.0,,1.5869926959924756,-0.11311851201699313
q41_457120,Instrumentation,Medium,percettiva,False,B,0.5926949453940848,0.16458544217094156,True,UC_audio,8,1.0,,0.6674819184793714,-0.308031123355566
q41_457120,Instrumentation,Medium,percettiva,False,B,0.5926949453940848,0.16458544217094156,True,UC_text,1,1.0,,1.0,0.0
q42_457120,Mood and Expression,Low,knowledge,True,A,0.8132861980162682,0.8132861980162682,True,MI,10,1.0,,0.9970579494387327,0.01913542580578205
q42_457120,Mood and Expression,Low,knowledge,True,A,0.8132861980162682,0.8132861980162682,True,MI_balanced,10,1.0,,1.0007599363635242,0.017308753321084853
q42_457120,Mood and Expression,Low,knowledge,True,A,0.8132861980162682,0.8132861980162682,True,UC_audio,11,3.0,,0.5401266045973262,-0.03724839834858787
q42_457120,Mood and Expression,Low,knowledge,True,A,0.8132861980162682,0.8132861980162682,True,UC_text,1,1.0,,1.0,0.0
q43_1235672,Harmony,Medium,analitica,True,A,0.7992191877651187,0.7992191877651187,True,MI,14,1.0,,0.7290694076976484,-0.059870452612384974
q43_1235672,Harmony,Medium,analitica,True,A,0.7992191877651187,0.7992191877651187,True,MI_balanced,14,1.0,,0.7452056475239092,-0.06647785211319991
q43_1235672,Harmony,Medium,analitica,True,A,0.7992191877651187,0.7992191877651187,True,UC_audio,7,1.0,,0.7638625113733816,0.0083138823798414
q43_1235672,Harmony,Medium,analitica,True,A,0.7992191877651187,0.7992191877651187,True,UC_text,1,1.0,,1.0,0.0
q44_1235672,Structure,Medium,analitica,False,C,0.6418890637582533,0.04103459497804108,True,MI,7,1.0,,1.1424947164566643,0.20644968517132434
q44_1235672,Structure,Medium,analitica,False,C,0.6418890637582533,0.04103459497804108,True,MI_balanced,7,1.0,,1.1424947164566643,0.20644968517132434
q44_1235672,Structure,Medium,analitica,False,C,0.6418890637582533,0.04103459497804108,True,UC_audio,7,1.0,,1.107912081855223,0.26747903723253863
q44_1235672,Structure,Medium,analitica,False,C,0.6418890637582533,0.04103459497804108,True,UC_text,1,1.0,,1.0,0.0
q45_1235672,Historical and Cultural Context,Low,knowledge,True,A,0.6870627491020342,0.6870627491020342,True,MI,10,1.0,8.0,0.9687905115559191,0.49887958847887354
q45_1235672,Historical and Cultural Context,Low,knowledge,True,A,0.6870627491020342,0.6870627491020342,True,MI_balanced,10,1.0,7.0,0.9716709395245064,0.5447164798882775
q45_1235672,Historical and Cultural Context,Low,knowledge,True,A,0.6870627491020342,0.6870627491020342,True,UC_audio,10,2.0,7.0,0.6403568509157308,0.39286213359914923
q45_1235672,Historical and Cultural Context,Low,knowledge,True,A,0.6870627491020342,0.6870627491020342,True,UC_text,1,1.0,,1.0,0.0
q46_510027,Performance,Medium,analitica,False,B,0.4244380178669222,0.1662123159722345,True,MI,12,1.0,,1.1079195889403854,-0.1594497895385557
q46_510027,Performance,Medium,analitica,False,B,0.4244380178669222,0.1662123159722345,True,MI_balanced,12,1.0,,1.0908609326058496,-0.17053722055672696
q46_510027,Performance,Medium,analitica,False,B,0.4244380178669222,0.1662123159722345,True,UC_audio,5,1.0,,1.2513454365955012,-0.07788751925431205
q46_510027,Performance,Medium,analitica,False,B,0.4244380178669222,0.1662123159722345,True,UC_text,1,1.0,,1.0,0.0
q47_510027,Musical Texture,Low,percettiva,True,A,0.42614796064718186,0.42614796064718186,True,MI,7,1.0,,1.3856500252461446,-0.9143984568983119
q47_510027,Musical Texture,Low,percettiva,True,A,0.42614796064718186,0.42614796064718186,True,MI_balanced,7,1.0,,1.3856500252461446,-0.9143984568983119
q47_510027,Musical Texture,Low,percettiva,True,A,0.42614796064718186,0.42614796064718186,True,UC_audio,10,1.0,,1.4498805128522023,-0.6870470849902262
q47_510027,Musical Texture,Low,percettiva,True,A,0.42614796064718186,0.42614796064718186,True,UC_text,1,1.0,,1.0,0.0
q48_510027,Structure,Medium,analitica,False,C,0.3471458996679181,0.13594428758773625,True,MI,14,1.0,,0.8944415791585901,0.09589932888757027
q48_510027,Structure,Medium,analitica,False,C,0.3471458996679181,0.13594428758773625,True,MI_balanced,14,1.0,,0.8225119631354881,0.0573072806699863
q48_510027,Structure,Medium,analitica,False,C,0.3471458996679181,0.13594428758773625,True,UC_audio,5,1.0,,1.0045927153092322,0.2880145843259643
q48_510027,Structure,Medium,analitica,False,C,0.3471458996679181,0.13594428758773625,True,UC_text,1,1.0,,1.0,0.0
q49_1149194,Sound Texture,Low,percettiva,True,A,0.4283273771581902,0.4283273771581902,True,MI,9,1.0,1.0,1.6006233373973222,-0.5573344516529447
q49_1149194,Sound Texture,Low,percettiva,True,A,0.4283273771581902,0.4283273771581902,True,MI_balanced,9,1.0,1.0,1.492462151501856,-0.6491262038360825
q49_1149194,Sound Texture,Low,percettiva,True,A,0.4283273771581902,0.4283273771581902,True,UC_audio,9,7.0,,1.2584245576642061,-0.12308391205395025
q49_1149194,Sound Texture,Low,percettiva,True,A,0.4283273771581902,0.4283273771581902,True,UC_text,1,1.0,,1.0,0.0
q4_196219,Musical Texture,Medium,percettiva,True,A,0.6001618227564935,0.6001618227564935,True,MI,5,2.0,,0.6075458804392893,0.06771708458418749
q4_196219,Musical Texture,Medium,percettiva,True,A,0.6001618227564935,0.6001618227564935,True,MI_balanced,5,2.0,,0.6075458804392893,0.06771708458418749
q4_196219,Musical Texture,Medium,percettiva,True,A,0.6001618227564935,0.6001618227564935,True,UC_audio,11,2.0,,0.7528622257799477,0.1721129329196934
q4_196219,Musical Texture,Medium,percettiva,True,A,0.6001618227564935,0.6001618227564935,True,UC_text,1,1.0,,1.0,0.0
q50_1149194,Functional Context,Low,knowledge,False,B,0.6831260852574894,0.1150572059353451,True,MI,12,12.0,5.0,0.11689510500619135,0.11714942596379169
q50_1149194,Functional Context,Low,knowledge,False,B,0.6831260852574894,0.1150572059353451,True,MI_balanced,12,11.0,4.0,0.2357113842041797,0.12582766891481276
q50_1149194,Functional Context,Low,knowledge,False,B,0.6831260852574894,0.1150572059353451,True,UC_audio,12,,11.0,-0.5542786145623094,0.22700670840868142
q50_1149194,Functional Context,Low,knowledge,False,B,0.6831260852574894,0.1150572059353451,True,UC_text,1,1.0,,1.0,0.0
q51_1149194,Mood and Expression,Low,knowledge,False,B,0.43899596948876224,0.18300074647181028,True,MI,9,4.0,,0.800225303017145,-0.19363464842885275
q51_1149194,Mood and Expression,Low,knowledge,False,B,0.43899596948876224,0.18300074647181028,True,MI_balanced,9,3.0,,0.8394308380148454,-0.20239795684887055
q51_1149194,Mood and Expression,Low,knowledge,False,B,0.43899596948876224,0.18300074647181028,True,UC_audio,9,1.0,,1.581856165879001,-0.2599559032630382
q51_1149194,Mood and Expression,Low,knowledge,False,B,0.43899596948876224,0.18300074647181028,True,UC_text,1,1.0,,1.0,0.0
q52_1107251,Melody,Low,analitica,True,A,0.5183006272706183,0.5183006272706183,True,MI,7,1.0,,2.0016844654101678,-0.028511332765666846
q52_1107251,Melody,Low,analitica,True,A,0.5183006272706183,0.5183006272706183,True,MI_balanced,7,1.0,,2.0016844654101678,-0.028511332765666846
q52_1107251,Melody,Low,analitica,True,A,0.5183006272706183,0.5183006272706183,True,UC_audio,5,1.0,,1.794697579443139,0.03626009278311427
q52_1107251,Melody,Low,analitica,True,A,0.5183006272706183,0.5183006272706183,True,UC_text,1,1.0,,1.0,0.0
q53_1107251,Lyrics,Low,knowledge,True,A,0.4771882502258247,0.4771882502258247,True,MI,7,1.0,6.0,2.336831822120902,0.5391447344421381
q53_1107251,Lyrics,Low,knowledge,True,A,0.4771882502258247,0.4771882502258247,True,MI_balanced,7,1.0,6.0,2.336831822120902,0.5391447344421381
q53_1107251,Lyrics,Low,knowledge,True,A,0.4771882502258247,0.4771882502258247,True,UC_audio,6,2.0,3.0,0.4733350634054584,-0.9994485577740433
q53_1107251,Lyrics,Low,knowledge,True,A,0.4771882502258247,0.4771882502258247,True,UC_text,1,1.0,,1.0,0.0
q54_1107251,Mood and Expression,Low,knowledge,True,A,0.5638623141386142,0.5638623141386142,True,MI,9,,,-0.2606079711325122,-0.02906901056281932
q54_1107251,Mood and Expression,Low,knowledge,True,A,0.5638623141386142,0.5638623141386142,True,MI_balanced,9,,,-0.2522500418768497,-0.028006616065983706
q54_1107251,Mood and Expression,Low,knowledge,True,A,0.5638623141386142,0.5638623141386142,True,UC_audio,13,12.0,,0.2982587686409613,0.10720275571013582
q54_1107251,Mood and Expression,Low,knowledge,True,A,0.5638623141386142,0.5638623141386142,True,UC_text,1,1.0,,1.0,0.0
q55_189585,Harmony,High,analitica,False,C,0.33221991551588104,0.08141399164442487,True,MI,8,1.0,,1.9929240258497116,0.06897886600703136
q55_189585,Harmony,High,analitica,False,C,0.33221991551588104,0.08141399164442487,True,MI_balanced,8,1.0,,1.9929240258497116,0.06897886600703136
q55_189585,Harmony,High,analitica,False,C,0.33221991551588104,0.08141399164442487,True,UC_audio,8,2.0,,1.526425832039454,0.010551438968381212
q55_189585,Harmony,High,analitica,False,C,0.33221991551588104,0.08141399164442487,True,UC_text,1,1.0,,1.0,0.0
q56_189585,Harmony,High,analitica,False,C,0.37439783253878633,0.20676212035526895,True,MI,15,2.0,,1.151395938669707,-0.39926953816005717
q56_189585,Harmony,High,analitica,False,C,0.37439783253878633,0.20676212035526895,True,MI_balanced,15,2.0,,1.151395938669707,-0.39926953816005717
q56_189585,Harmony,High,analitica,False,C,0.37439783253878633,0.20676212035526895,True,UC_audio,5,3.0,,1.034514214448131,-0.30222065309554336
q56_189585,Harmony,High,analitica,False,C,0.37439783253878633,0.20676212035526895,True,UC_text,1,1.0,,1.0,0.0
q57_189585,Genre and Style,Low,knowledge,True,A,0.8830177034545366,0.8830177034545366,True,MI,15,8.0,8.0,0.10740914260376204,0.416253809334445
q57_189585,Genre and Style,Low,knowledge,True,A,0.8830177034545366,0.8830177034545366,True,MI_balanced,15,7.0,7.0,0.14980870796504034,0.47025145236100957
q57_189585,Genre and Style,Low,knowledge,True,A,0.8830177034545366,0.8830177034545366,True,UC_audio,11,1.0,8.0,0.5374409475329239,0.49584413054227916
q57_189585,Genre and Style,Low,knowledge,True,A,0.8830177034545366,0.8830177034545366,True,UC_text,1,1.0,,1.0,0.0
q58_170946,Historical and Cultural Context,Low,knowledge,False,D,0.683648233176251,0.17834029705172186,True,MI,9,1.0,,1.273967574641829,-0.12150871084357952
q58_170946,Historical and Cultural Context,Low,knowledge,False,D,0.683648233176251,0.17834029705172186,True,MI_balanced,9,1.0,,1.273967574641829,-0.12150871084357952
q58_170946,Historical and Cultural Context,Low,knowledge,False,D,0.683648233176251,0.17834029705172186,True,UC_audio,9,2.0,,1.1789038619517895,-0.07903485892979184
q58_170946,Historical and Cultural Context,Low,knowledge,False,D,0.683648233176251,0.17834029705172186,True,UC_text,1,1.0,,1.0,0.0
q59_170946,Sound Texture,Low,percettiva,False,B,0.8414863012005,0.07827041848393505,True,MI,15,1.0,,0.6790676120511294,0.06219911299282687
q59_170946,Sound Texture,Low,percettiva,False,B,0.8414863012005,0.07827041848393505,True,MI_balanced,15,1.0,,0.6779508290874037,0.07104498323749527
q59_170946,Sound Texture,Low,percettiva,False,B,0.8414863012005,0.07827041848393505,True,UC_audio,12,1.0,,0.7839282159858384,0.02966260846072154
q59_170946,Sound Texture,Low,percettiva,False,B,0.8414863012005,0.07827041848393505,True,UC_text,1,1.0,,1.0,0.0
q5_196219,Performance,Low,analitica,True,A,0.5590789174594843,0.5590789174594843,True,MI,11,1.0,1.0,0.6179291104673518,0.3852608867255945
q5_196219,Performance,Low,analitica,True,A,0.5590789174594843,0.5590789174594843,True,MI_balanced,11,1.0,1.0,0.6217653532050866,0.37699207807076196
q5_196219,Performance,Low,analitica,True,A,0.5590789174594843,0.5590789174594843,True,UC_audio,8,3.0,,0.7760934748098228,0.23894159528623624
q5_196219,Performance,Low,analitica,True,A,0.5590789174594843,0.5590789174594843,True,UC_text,1,1.0,,1.0,0.0
q60_170946,Instrumentation,Low,percettiva,False,C,0.3884227465760516,0.16191869062676628,True,MI,11,1.0,3.0,1.1745759981742876,0.6781142464765214
q60_170946,Instrumentation,Low,percettiva,False,C,0.3884227465760516,0.16191869062676628,True,MI_balanced,11,1.0,2.0,0.8430581858136356,0.6867360239961082
q60_170946,Instrumentation,Low,percettiva,False,C,0.3884227465760516,0.16191869062676628,True,UC_audio,9,1.0,2.0,1.6103241026510866,1.3710647504928004
q60_170946,Instrumentation,Low,percettiva,False,C,0.3884227465760516,0.16191869062676628,True,UC_text,1,1.0,,1.0,0.0
q61_1278743,Genre and Style,Medium,knowledge,False,C,0.5247105852814343,0.1412239381680511,True,MI,9,,5.0,0.3112942755884026,0.3623235227607973
q61_1278743,Genre and Style,Medium,knowledge,False,C,0.5247105852814343,0.1412239381680511,True,MI_balanced,9,,4.0,0.3044427234290945,0.36326735329430243
q61_1278743,Genre and Style,Medium,knowledge,False,C,0.5247105852814343,0.1412239381680511,True,UC_audio,9,7.0,,0.5726356312598493,0.12901671410461382
q61_1278743,Genre and Style,Medium,knowledge,False,C,0.5247105852814343,0.1412239381680511,True,UC_text,1,1.0,,1.0,0.0
q62_1278743,Genre and Style,Low,knowledge,False,C,0.3704708935740844,0.13209546512022427,True,MI,15,1.0,,1.4823157027769358,0.03428578792315692
q62_1278743,Genre and Style,Low,knowledge,False,C,0.3704708935740844,0.13209546512022427,True,MI_balanced,15,1.0,,1.4700306165416828,0.04547724772010058
q62_1278743,Genre and Style,Low,knowledge,False,C,0.3704708935740844,0.13209546512022427,True,UC_audio,10,1.0,,1.3012073201913439,-0.13076624416871968
q62_1278743,Genre and Style,Low,knowledge,False,C,0.3704708935740844,0.13209546512022427,True,UC_text,1,1.0,,1.0,0.0
q63_1278743,Sound Texture,Low,percettiva,False,B,0.5288674644758922,0.2659312616999034,True,MI,4,,,-0.7755446351153809,-0.4010644841181778
q63_1278743,Sound Texture,Low,percettiva,False,B,0.5288674644758922,0.2659312616999034,True,MI_balanced,4,,,-0.7755446351153809,-0.4010644841181778
q63_1278743,Sound Texture,Low,percettiva,False,B,0.5288674644758922,0.2659312616999034,True,UC_audio,7,,,-0.7068644542263379,-0.4709646357902452
q63_1278743,Sound Texture,Low,percettiva,False,B,0.5288674644758922,0.2659312616999034,True,UC_text,1,1.0,,1.0,0.0
q64_261271,Harmony,High,analitica,False,D,0.5932025806901455,0.0534788346019931,True,MI,8,1.0,,1.1463190891742099,-0.5489457819480444
q64_261271,Harmony,High,analitica,False,D,0.5932025806901455,0.0534788346019931,True,MI_balanced,8,1.0,,1.1242856873026839,-0.589383505835121
q64_261271,Harmony,High,analitica,False,D,0.5932025806901455,0.0534788346019931,True,UC_audio,7,1.0,,1.2423143114500566,-0.6025898832231047
q64_261271,Harmony,High,analitica,False,D,0.5932025806901455,0.0534788346019931,True,UC_text,1,1.0,,1.0,0.0
q65_261271,Genre and Style,Low,knowledge,False,D,0.7471941936855403,0.19491725128593534,True,MI,12,1.0,,0.884162932464843,0.10799199898205168
q65_261271,Genre and Style,Low,knowledge,False,D,0.7471941936855403,0.19491725128593534,True,MI_balanced,12,1.0,,0.869804084273165,0.10817302463933255
q65_261271,Genre and Style,Low,knowledge,False,D,0.7471941936855403,0.19491725128593534,True,UC_audio,7,2.0,,0.7666519487103977,0.0001599894795024759
q65_261271,Genre and Style,Low,knowledge,False,D,0.7471941936855403,0.19491725128593534,True,UC_text,1,1.0,,1.0,0.0
q66_261271,Functional Context,Low,knowledge,True,A,0.4430576786604764,0.4430576786604764,True,MI,15,12.0,7.0,0.34107215156956217,0.6038381644516188
q66_261271,Functional Context,Low,knowledge,True,A,0.4430576786604764,0.4430576786604764,True,MI_balanced,15,12.0,7.0,0.34107215156956217,0.6038381644516188
q66_261271,Functional Context,Low,knowledge,True,A,0.4430576786604764,0.4430576786604764,True,UC_audio,10,,,-0.3410716512550235,0.17687176083665165
q66_261271,Functional Context,Low,knowledge,True,A,0.4430576786604764,0.4430576786604764,True,UC_text,1,1.0,,1.0,0.0
q67_1051201,Mood and Expression,Low,knowledge,False,B,0.6211873939135113,0.104625028158612,True,MI,13,,5.0,-0.0002951234037373629,0.8782990762059207
q67_1051201,Mood and Expression,Low,knowledge,False,B,0.6211873939135113,0.104625028158612,True,MI_balanced,13,,5.0,-0.0002951234037373629,0.8782990762059207
q67_1051201,Mood and Expression,Low,knowledge,False,B,0.6211873939135113,0.104625028158612,True,UC_audio,12,,7.0,-0.21758698564626708,0.8599999370880627
q67_1051201,Mood and Expression,Low,knowledge,False,B,0.6211873939135113,0.104625028158612,True,UC_text,1,1.0,,1.0,0.0
q68_1051201,Mood and Expression,Low,knowledge,False,D,0.7963040807034291,0.15680157050324797,True,MI,10,,7.0,0.08985223675761095,0.6162605594976421
q68_1051201,Mood and Expression,Low,knowledge,False,D,0.7963040807034291,0.15680157050324797,True,MI_balanced,10,,6.0,0.1288231176606431,0.6787538381212069
q68_1051201,Mood and Expression,Low,knowledge,False,D,0.7963040807034291,0.15680157050324797,True,UC_audio,11,,,-0.24408805607583053,0.19953581782966318
q68_1051201,Mood and Expression,Low,knowledge,False,D,0.7963040807034291,0.15680157050324797,True,UC_text,1,1.0,,1.0,0.0
q69_1051201,Performance,Low,analitica,False,C,0.5244403673374398,0.13680844381376542,True,MI,10,1.0,,1.0087056373652872,0.2608307926120626
q69_1051201,Performance,Low,analitica,False,C,0.5244403673374398,0.13680844381376542,True,MI_balanced,10,1.0,,1.0335619209310813,0.276522511210575
q69_1051201,Performance,Low,analitica,False,C,0.5244403673374398,0.13680844381376542,True,UC_audio,10,2.0,,0.6411567542920644,-0.01256852690957482
q69_1051201,Performance,Low,analitica,False,C,0.5244403673374398,0.13680844381376542,True,UC_text,1,1.0,,1.0,0.0
q6_196219,Melody,Medium,analitica,False,B,0.40998586240071155,0.17633272215674006,True,MI,9,1.0,,1.363614017932304,-0.11767306947358813
q6_196219,Melody,Medium,analitica,False,B,0.40998586240071155,0.17633272215674006,True,MI_balanced,9,1.0,,1.3600766075457154,-0.13345599228396576
q6_196219,Melody,Medium,analitica,False,B,0.40998586240071155,0.17633272215674006,True,UC_audio,9,1.0,,1.8014116771408455,0.11174295342752906
q6_196219,Melody,Medium,analitica,False,B,0.40998586240071155,0.17633272215674006,True,UC_text,1,1.0,,1.0,0.0
q70_1247308,Metre and Rhythm,Low,percettiva,False,B,0.9803491197315304,0.0038831968812417083,True,MI,5,1.0,,0.9675844584439234,0.0014012975252976924
q70_1247308,Metre and Rhythm,Low,percettiva,False,B,0.9803491197315304,0.0038831968812417083,True,MI_balanced,5,1.0,,0.9731665106247188,0.0015239947237263862
q70_1247308,Metre and Rhythm,Low,percettiva,False,B,0.9803491197315304,0.0038831968812417083,True,UC_audio,12,1.0,,0.9578645234069365,0.0013509092436192944
q70_1247308,Metre and Rhythm,Low,percettiva,False,B,0.9803491197315304,0.0038831968812417083,True,UC_text,1,1.0,,1.0,0.0
q71_1247308,Harmony,Medium,analitica,False,D,0.351631615035333,0.20035365487952855,True,MI,12,1.0,,0.5336991587972959,-0.16872755598896508
q71_1247308,Harmony,Medium,analitica,False,D,0.351631615035333,0.20035365487952855,True,MI_balanced,12,1.0,,0.5336991587972959,-0.16872755598896508
q71_1247308,Harmony,Medium,analitica,False,D,0.351631615035333,0.20035365487952855,True,UC_audio,13,1.0,,0.09321502884588259,-0.5412500609864179
q71_1247308,Harmony,Medium,analitica,False,D,0.351631615035333,0.20035365487952855,True,UC_text,1,1.0,,1.0,0.0
q72_1247308,Structure,Medium,analitica,True,A,0.33311644789748573,0.33311644789748573,True,MI,9,1.0,,-0.4871883302852076,0.04418466640722823
q72_1247308,Structure,Medium,analitica,True,A,0.33311644789748573,0.33311644789748573,True,MI_balanced,9,1.0,,-0.4871883302852076,0.04418466640722823
q72_1247308,Structure,Medium,analitica,True,A,0.33311644789748573,0.33311644789748573,True,UC_audio,11,,9.0,-0.701168040725766,-0.13090777247122032
q72_1247308,Structure,Medium,analitica,True,A,0.33311644789748573,0.33311644789748573,True,UC_text,1,1.0,,1.0,0.0
q73_26738,Instrumentation,Low,percettiva,True,A,0.4955731128929474,0.4955731128929474,True,MI,13,1.0,,2.255330461954801,0.15731411631982584
q73_26738,Instrumentation,Low,percettiva,True,A,0.4955731128929474,0.4955731128929474,True,MI_balanced,13,1.0,,2.255330461954801,0.15731411631982584
q73_26738,Instrumentation,Low,percettiva,True,A,0.4955731128929474,0.4955731128929474,True,UC_audio,11,1.0,,2.3630775108358644,0.002972851846073467
q73_26738,Instrumentation,Low,percettiva,True,A,0.4955731128929474,0.4955731128929474,True,UC_text,1,1.0,,1.0,0.0
q74_26738,Instrumentation,Medium,percettiva,False,B,0.5998583798752857,0.1516679503077573,True,MI,9,9.0,,0.528533786229986,0.03186463821541987
q74_26738,Instrumentation,Medium,percettiva,False,B,0.5998583798752857,0.1516679503077573,True,MI_balanced,9,8.0,,0.5856587529929685,0.033239079678142915
q74_26738,Instrumentation,Medium,percettiva,False,B,0.5998583798752857,0.1516679503077573,True,UC_audio,10,,,0.1877842864837514,-0.056595178674883166
q74_26738,Instrumentation,Medium,percettiva,False,B,0.5998583798752857,0.1516679503077573,True,UC_text,1,1.0,,1.0,0.0
q75_26738,Genre and Style,Low,knowledge,True,A,0.7266059150134601,0.7266059150134601,True,MI,7,1.0,,0.7318014055167782,0.15353788024168402
q75_26738,Genre and Style,Low,knowledge,True,A,0.7266059150134601,0.7266059150134601,True,MI_balanced,7,1.0,,0.7058453205646363,0.15077798236872936
q75_26738,Genre and Style,Low,knowledge,True,A,0.7266059150134601,0.7266059150134601,True,UC_audio,7,6.0,,0.4932111056852739,0.06036600542710006
q75_26738,Genre and Style,Low,knowledge,True,A,0.7266059150134601,0.7266059150134601,True,UC_text,1,1.0,,1.0,0.0
q76_1087890,Performance,Low,analitica,True,A,0.5190122997212037,0.5190122997212037,True,MI,12,1.0,9.0,1.2520734448625066,-0.005886806558087507
q76_1087890,Performance,Low,analitica,True,A,0.5190122997212037,0.5190122997212037,True,MI_balanced,12,3.0,8.0,1.2936726288708529,-0.021060675152523144
q76_1087890,Performance,Low,analitica,True,A,0.5190122997212037,0.5190122997212037,True,UC_audio,4,3.0,,0.8574913958896542,-0.34585857686733945
q76_1087890,Performance,Low,analitica,True,A,0.5190122997212037,0.5190122997212037,True,UC_text,1,1.0,,1.0,0.0
q77_1087890,Instrumentation,Low,percettiva,True,A,0.9840778514155178,0.9840778514155178,True,MI,10,1.0,,0.8165448198663843,-0.003990019283973156
q77_1087890,Instrumentation,Low,percettiva,True,A,0.9840778514155178,0.9840778514155178,True,MI_balanced,10,3.0,,0.8374743670246814,-0.0045082076984565116
q77_1087890,Instrumentation,Low,percettiva,True,A,0.9840778514155178,0.9840778514155178,True,UC_audio,11,1.0,,0.9787808698802377,-0.0016044745173651104
q77_1087890,Instrumentation,Low,percettiva,True,A,0.9840778514155178,0.9840778514155178,True,UC_text,1,1.0,,1.0,0.0
q78_1087890,Metre and Rhythm,Medium,percettiva,True,A,0.9565691583193329,0.9565691583193329,True,MI,10,1.0,,0.9176377387789109,-0.005524917398750022
q78_1087890,Metre and Rhythm,Medium,percettiva,True,A,0.9565691583193329,0.9565691583193329,True,MI_balanced,10,1.0,,0.9196355695444718,-0.004736228740876267
q78_1087890,Metre and Rhythm,Medium,percettiva,True,A,0.9565691583193329,0.9565691583193329,True,UC_audio,13,1.0,,0.8576556378827436,0.009328685652622215
q78_1087890,Metre and Rhythm,Medium,percettiva,True,A,0.9565691583193329,0.9565691583193329,True,UC_text,1,1.0,,1.0,0.0
q79_467850,Instrumentation,Low,percettiva,False,D,0.9954869971449375,0.0006047029470062869,True,MI,12,11.0,,0.3155031987669586,0.003184722437539191
q79_467850,Instrumentation,Low,percettiva,False,D,0.9954869971449375,0.0006047029470062869,True,MI_balanced,12,10.0,,0.35090084283571416,0.003680599397284464
q79_467850,Instrumentation,Low,percettiva,False,D,0.9954869971449375,0.0006047029470062869,True,UC_audio,11,9.0,,0.08861677599527135,0.0012937015748369124
q79_467850,Instrumentation,Low,percettiva,False,D,0.9954869971449375,0.0006047029470062869,True,UC_text,1,1.0,,1.0,0.0
q7_171574,Metre and Rhythm,Medium,percettiva,True,A,0.4992921878450112,0.4992921878450112,True,MI,10,1.0,,1.339567605850715,0.11735164680360775
q7_171574,Metre and Rhythm,Medium,percettiva,True,A,0.4992921878450112,0.4992921878450112,True,MI_balanced,10,1.0,,1.2709354465241374,0.12231634701387893
q7_171574,Metre and Rhythm,Medium,percettiva,True,A,0.4992921878450112,0.4992921878450112,True,UC_audio,5,1.0,,1.7000360797955143,0.14744227972182464
q7_171574,Metre and Rhythm,Medium,percettiva,True,A,0.4992921878450112,0.4992921878450112,True,UC_text,1,1.0,,1.0,0.0
q80_467850,Genre and Style,Low,knowledge,True,A,0.8600087732309044,0.8600087732309044,True,MI,8,1.0,,0.9153665938502525,0.020077405374898345
q80_467850,Genre and Style,Low,knowledge,True,A,0.8600087732309044,0.8600087732309044,True,MI_balanced,8,1.0,,0.9153665938502525,0.020077405374898345
q80_467850,Genre and Style,Low,knowledge,True,A,0.8600087732309044,0.8600087732309044,True,UC_audio,12,1.0,,0.7986262538098656,0.04892481440509166
q80_467850,Genre and Style,Low,knowledge,True,A,0.8600087732309044,0.8600087732309044,True,UC_text,1,1.0,,1.0,0.0
q81_467850,Metre and Rhythm,Low,percettiva,False,B,0.9367521587449354,0.022729615964245994,True,MI,12,4.0,,0.7221130438388498,0.010534373655024357
q81_467850,Metre and Rhythm,Low,percettiva,False,B,0.9367521587449354,0.022729615964245994,True,MI_balanced,12,3.0,,0.7902228975146909,0.013465815252782102
q81_467850,Metre and Rhythm,Low,percettiva,False,B,0.9367521587449354,0.022729615964245994,True,UC_audio,12,3.0,,0.6924667324658679,0.03980291677032706
q81_467850,Metre and Rhythm,Low,percettiva,False,B,0.9367521587449354,0.022729615964245994,True,UC_text,1,1.0,,1.0,0.0
q82_875005,Metre and Rhythm,Medium,percettiva,False,D,0.34242413240042613,0.13835185607350417,True,MI,13,,,-0.39735335887598067,0.1444039215130092
q82_875005,Metre and Rhythm,Medium,percettiva,False,D,0.34242413240042613,0.13835185607350417,True,MI_balanced,13,,,-0.32905253923713057,0.17208702159727857
q82_875005,Metre and Rhythm,Medium,percettiva,False,D,0.34242413240042613,0.13835185607350417,True,UC_audio,9,,4.0,-0.13870668263934624,0.33193906477649093
q82_875005,Metre and Rhythm,Medium,percettiva,False,D,0.34242413240042613,0.13835185607350417,True,UC_text,1,1.0,,1.0180148052514137,-0.010808883150848301
q83_875005,Harmony,Medium,analitica,True,A,0.2843883537000011,0.2843883537000011,True,MI,7,5.0,7.0,1.2542136567861772,0.722204162540799
q83_875005,Harmony,Medium,analitica,True,A,0.2843883537000011,0.2843883537000011,True,MI_balanced,7,4.0,6.0,1.3675994453188849,0.7746206849890246
q83_875005,Harmony,Medium,analitica,True,A,0.2843883537000011,0.2843883537000011,True,UC_audio,6,1.0,,1.8074562104398106,0.23578321864716326
q83_875005,Harmony,Medium,analitica,True,A,0.2843883537000011,0.2843883537000011,True,UC_text,1,1.0,,1.0,0.0
q84_875005,Harmony,High,analitica,False,B,0.4992351356330748,0.293485195995806,True,MI,5,1.0,,0.5263057543238744,-0.22123306910045637
q84_875005,Harmony,High,analitica,False,B,0.4992351356330748,0.293485195995806,True,MI_balanced,5,1.0,,0.506654013026602,-0.22973446616852486
q84_875005,Harmony,High,analitica,False,B,0.4992351356330748,0.293485195995806,True,UC_audio,9,1.0,,0.793534617487523,-0.14408811537685082
q84_875005,Harmony,High,analitica,False,B,0.4992351356330748,0.293485195995806,True,UC_text,1,1.0,,1.0,0.0
q85_1215807,Musical Texture,Medium,percettiva,False,C,0.656795211786527,0.17677403311515477,True,MI,13,4.0,,0.8316951407079208,-0.06526514295678192
q85_1215807,Musical Texture,Medium,percettiva,False,C,0.656795211786527,0.17677403311515477,True,MI_balanced,13,3.0,,0.8868303525007717,-0.06243864793212505
q85_1215807,Musical Texture,Medium,percettiva,False,C,0.656795211786527,0.17677403311515477,True,UC_audio,12,1.0,,0.8334865107850209,0.025847430659254603
q85_1215807,Musical Texture,Medium,percettiva,False,C,0.656795211786527,0.17677403311515477,True,UC_text,1,1.0,,1.0,0.0
q86_1215807,Sound Texture,Low,percettiva,False,C,0.5004611790573374,0.285154184271458,True,MI,13,1.0,,2.0077065944272494,-0.3602453716673193
q86_1215807,Sound Texture,Low,percettiva,False,C,0.5004611790573374,0.285154184271458,True,MI_balanced,13,1.0,,2.092896686138998,-0.39795364227050467
q86_1215807,Sound Texture,Low,percettiva,False,C,0.5004611790573374,0.285154184271458,True,UC_audio,10,1.0,,1.6085397602380784,-0.27967150840626237
q86_1215807,Sound Texture,Low,percettiva,False,C,0.5004611790573374,0.285154184271458,True,UC_text,1,1.0,,1.0,0.0
q87_1215807,Instrumentation,Medium,percettiva,False,D,0.36951189338574236,0.19170024491635174,True,MI,5,,,-1.7504522348754439,0.09822517289139604
q87_1215807,Instrumentation,Medium,percettiva,False,D,0.36951189338574236,0.19170024491635174,True,MI_balanced,5,,,-1.7504522348754439,0.09822517289139604
q87_1215807,Instrumentation,Medium,percettiva,False,D,0.36951189338574236,0.19170024491635174,True,UC_audio,6,,1.0,-0.9965814524824219,1.2810938605149527
q87_1215807,Instrumentation,Medium,percettiva,False,D,0.36951189338574236,0.19170024491635174,True,UC_text,1,1.0,,1.0,0.0
q88_306166,Harmony,Low,analitica,False,C,0.8098157467063044,0.04031835194663957,True,MI,13,1.0,,0.7345675297735978,0.06507550114858401
q88_306166,Harmony,Low,analitica,False,C,0.8098157467063044,0.04031835194663957,True,MI_balanced,13,1.0,,0.7372266672844908,0.07541344673773025
q88_306166,Harmony,Low,analitica,False,C,0.8098157467063044,0.04031835194663957,True,UC_audio,12,3.0,,0.7379430783125123,0.09933802061986914
q88_306166,Harmony,Low,analitica,False,C,0.8098157467063044,0.04031835194663957,True,UC_text,1,1.0,,1.0,0.0
q89_306166,Melody,Medium,analitica,False,D,0.5937713892757935,0.08554087900882422,True,MI,13,1.0,,0.6986806861043521,0.11441146642201201
q89_306166,Melody,Medium,analitica,False,D,0.5937713892757935,0.08554087900882422,True,MI_balanced,13,1.0,,0.7040996425823967,0.12769530249294928
q89_306166,Melody,Medium,analitica,False,D,0.5937713892757935,0.08554087900882422,True,UC_audio,8,2.0,,0.7352173561505629,0.04324317607029829
q89_306166,Melody,Medium,analitica,False,D,0.5937713892757935,0.08554087900882422,True,UC_text,1,1.0,,1.0,0.0
q8_171574,Harmony,Medium,analitica,False,B,0.2909633459928526,0.24121708615127332,True,MI,11,1.0,5.0,1.5373624508722044,0.14725515158831495
q8_171574,Harmony,Medium,analitica,False,B,0.2909633459928526,0.24121708615127332,True,MI_balanced,11,1.0,4.0,1.5470183585693071,0.1343016836367509
q8_171574,Harmony,Medium,analitica,False,B,0.2909633459928526,0.24121708615127332,True,UC_audio,6,1.0,,0.9463724295410915,0.3834259393430503
q8_171574,Harmony,Medium,analitica,False,B,0.2909633459928526,0.24121708615127332,True,UC_text,1,1.0,,1.0,0.0
q90_306166,Performance,Medium,analitica,False,C,0.31342259873167966,0.14805035251401383,True,MI,13,,,-1.9651890569603894,-0.35740375568832466
q90_306166,Performance,Medium,analitica,False,C,0.31342259873167966,0.14805035251401383,True,MI_balanced,13,,,-2.029390956338418,-0.3020157587627064
q90_306166,Performance,Medium,analitica,False,C,0.31342259873167966,0.14805035251401383,True,UC_audio,12,,5.0,-1.4474016147822761,0.3654056737709575
q90_306166,Performance,Medium,analitica,False,C,0.31342259873167966,0.14805035251401383,True,UC_text,1,1.0,,1.052357722968144,-0.1256585351235461
q91_8559,Historical and Cultural Context,Low,knowledge,False,B,0.5759666194005146,0.4213861805049786,True,MI,10,1.0,,1.636393411928909,0.18692856910716935
q91_8559,Historical and Cultural Context,Low,knowledge,False,B,0.5759666194005146,0.4213861805049786,True,MI_balanced,10,1.0,,1.6766365119834168,0.21226605785253277
q91_8559,Historical and Cultural Context,Low,knowledge,False,B,0.5759666194005146,0.4213861805049786,True,UC_audio,11,1.0,,1.2773126643627224,-0.1256696743630391
q91_8559,Historical and Cultural Context,Low,knowledge,False,B,0.5759666194005146,0.4213861805049786,True,UC_text,1,1.0,,1.0,0.0
q92_8559,Performance,Low,analitica,True,A,0.9429637579995046,0.9429637579995046,True,MI,14,8.0,,0.6392618217945493,0.013392066445302962
q92_8559,Performance,Low,analitica,True,A,0.9429637579995046,0.9429637579995046,True,MI_balanced,14,7.0,,0.6783749075510977,0.013360653657274813
q92_8559,Performance,Low,analitica,True,A,0.9429637579995046,0.9429637579995046,True,UC_audio,10,2.0,,0.8869607047393141,0.018414686566821874
q92_8559,Performance,Low,analitica,True,A,0.9429637579995046,0.9429637579995046,True,UC_text,1,1.0,,1.0,0.0
q93_8559,Instrumentation,Medium,percettiva,False,C,0.5535696037827968,0.038866686530882946,True,MI,12,1.0,,0.7273231998929723,0.22540337433873214
q93_8559,Instrumentation,Medium,percettiva,False,C,0.5535696037827968,0.038866686530882946,True,MI_balanced,12,1.0,,0.7273231998929723,0.22540337433873214
q93_8559,Instrumentation,Medium,percettiva,False,C,0.5535696037827968,0.038866686530882946,True,UC_audio,10,1.0,9.0,1.4688939775642376,0.46070230772057846
q93_8559,Instrumentation,Medium,percettiva,False,C,0.5535696037827968,0.038866686530882946,True,UC_text,1,1.0,,1.0,0.0
q94_1420928,Instrumentation,Low,percettiva,True,A,0.8137648105843446,0.8137648105843446,True,MI,9,1.0,,0.6887627943761447,0.008314872757414084
q94_1420928,Instrumentation,Low,percettiva,True,A,0.8137648105843446,0.8137648105843446,True,MI_balanced,9,1.0,,0.6806176283165185,0.010822696404013569
q94_1420928,Instrumentation,Low,percettiva,True,A,0.8137648105843446,0.8137648105843446,True,UC_audio,11,4.0,10.0,0.7320692357578178,0.4013759397038825
q94_1420928,Instrumentation,Low,percettiva,True,A,0.8137648105843446,0.8137648105843446,True,UC_text,1,1.0,,1.0,0.0
q95_1420928,Mood and Expression,Low,knowledge,True,A,0.9742919017825944,0.9742919017825944,True,MI,9,3.0,,0.57919209652929,0.03243817718807969
q95_1420928,Mood and Expression,Low,knowledge,True,A,0.9742919017825944,0.9742919017825944,True,MI_balanced,9,2.0,,0.5885664445811515,0.03622424597614395
q95_1420928,Mood and Expression,Low,knowledge,True,A,0.9742919017825944,0.9742919017825944,True,UC_audio,12,2.0,,0.7642450523963229,0.12794928524672236
q95_1420928,Mood and Expression,Low,knowledge,True,A,0.9742919017825944,0.9742919017825944,True,UC_text,1,1.0,,1.0,0.0
q96_1420928,Harmony,Medium,analitica,False,D,0.3202204083029004,0.19422349550140702,True,MI,7,1.0,,1.5300790012787693,0.004254849997736387
q96_1420928,Harmony,Medium,analitica,False,D,0.3202204083029004,0.19422349550140702,True,MI_balanced,7,1.0,,1.5461852159689888,0.004254849997736387
q96_1420928,Harmony,Medium,analitica,False,D,0.3202204083029004,0.19422349550140702,True,UC_audio,5,1.0,,1.8190016958485102,-0.13181344607574397
q96_1420928,Harmony,Medium,analitica,False,D,0.3202204083029004,0.19422349550140702,True,UC_text,1,1.0,,1.0,0.0
q97_1319502,Genre and Style,Low,knowledge,False,B,0.6817955440908583,0.007341034877512375,True,MI,8,1.0,,0.7986058670840124,0.020226167953621546
q97_1319502,Genre and Style,Low,knowledge,False,B,0.6817955440908583,0.007341034877512375,True,MI_balanced,8,1.0,,0.7914023359348906,-0.009370900788648303
q97_1319502,Genre and Style,Low,knowledge,False,B,0.6817955440908583,0.007341034877512375,True,UC_audio,8,4.0,,0.34568208063548306,-0.1352707042833151
q97_1319502,Genre and Style,Low,knowledge,False,B,0.6817955440908583,0.007341034877512375,True,UC_text,1,1.0,,1.0,0.0
q98_1319502,Instrumentation,Medium,percettiva,False,C,0.5638836501145948,0.09497350292275013,True,MI,11,5.0,7.0,0.839635432748208,0.3592000100232975
q98_1319502,Instrumentation,Medium,percettiva,False,C,0.5638836501145948,0.09497350292275013,True,MI_balanced,11,4.0,6.0,0.9084936550650651,0.3795314226340654
q98_1319502,Instrumentation,Medium,percettiva,False,C,0.5638836501145948,0.09497350292275013,True,UC_audio,11,7.0,8.0,0.2621961086871403,0.44395195538498516
q98_1319502,Instrumentation,Medium,percettiva,False,C,0.5638836501145948,0.09497350292275013,True,UC_text,1,1.0,,1.0,0.0
q99_1319502,Historical and Cultural Context,Low,knowledge,True,A,0.8134525627914754,0.8134525627914754,True,MI,11,1.0,8.0,0.13651288688490046,0.3863714047075495
q99_1319502,Historical and Cultural Context,Low,knowledge,True,A,0.8134525627914754,0.8134525627914754,True,MI_balanced,11,,7.0,0.1256938820977322,0.42391294456739576
q99_1319502,Historical and Cultural Context,Low,knowledge,True,A,0.8134525627914754,0.8134525627914754,True,UC_audio,15,14.0,14.0,0.1370003840364348,0.28933968053073467
q99_1319502,Historical and Cultural Context,Low,knowledge,True,A,0.8134525627914754,0.8134525627914754,True,UC_text,1,1.0,,1.0,0.0
q9_171574,Sound Texture,Medium,percettiva,False,C,0.40427905858514585,0.2957768777167277,True,MI,15,,,-0.2955089335866482,0.3121602678289287
q9_171574,Sound Texture,Medium,percettiva,False,C,0.40427905858514585,0.2957768777167277,True,MI_balanced,15,,,-0.2673249622777543,0.3187146199780781
q9_171574,Sound Texture,Medium,percettiva,False,C,0.40427905858514585,0.2957768777167277,True,UC_audio,9,2.0,5.0,0.33814423933938875,0.7062031504930621
q9_171574,Sound Texture,Medium,percettiva,False,C,0.40427905858514585,0.2957768777167277,True,UC_text,1,1.0,,1.0,0.0
